line_no,cmd,sweep_mode,base_x,base_y,legacy_5param,offset_dac,step_dac,delay_ms,dac_base,n_powers,fit_ok,validate_code,span,trend,global_max_idx,global_max_y,t_star,peak_idx,dac_peak,fit_n,fit_points
2,RECAL 3 0 9999 9999 64 4 80,0,9999,9999,0,64,4,80,2543.000000,33,0,ParabolaNotDownward,58.000000,Flat,32,-239988.000000,,,,0,
3,RECAL 3 0 9999 9999 200 4 80,0,9999,9999,0,200,4,80,2407.000000,101,1,Ok,252549.000000,NonMono,51,-244534.000000,50.875174,51,2610.500697,7,[48]=-247845;[49]=-245930;[50]=-244839;[51]=-244534;[52]=-245032;[53]=-246342;[54]=-248459
4,RECAL 3 0 9999 2611 64 4 80,0,9999,2611,0,64,4,80,2547.000000,33,1,Ok,110531.000000,NonMono,16,-244469.000000,15.879321,16,2610.517284,7,[13]=-247766;[14]=-245890;[15]=-244784;[16]=-244469;[17]=-244981;[18]=-246303;[19]=-248431
5,RECAL 3 1 9999 2611 64 4 80,1,9999,2611,0,64,4,80,-2923.000000,33,1,Ok,259540.000000,NonMono,14,-236763.000000,13.767813,14,-2867.928747,5,[12]=-241592;[13]=-237608;[14]=-236763;[15]=-239060;[16]=-244473
6,RECAL 3 0 9999 9999 64 4 80,0,9999,9999,0,64,4,80,2478.000000,33,1,Ok,101818.000000,NonMono,16,-231398.000000,16.492918,16,2543.971674,7,[13]=-236068;[14]=-233731;[15]=-232185;[16]=-231398;[17]=-231405;[18]=-232203;[19]=-233808
7,RECAL 3 1 9999 2544 64 4 80,1,9999,2544,0,64,4,80,-2279.000000,33,1,Ok,256872.000000,NonMono,14,-227223.000000,13.929098,14,-2223.283609,5,[12]=-230759;[13]=-228035;[14]=-227223;[15]=-228307;[16]=-231312
8,RECAL 3 0 9999 9999 64 4 80,0,9999,9999,0,64,4,80,2539.000000,33,1,Ok,108084.000000,NonMono,16,-228226.000000,16.465316,16,2604.861262,7,[13]=-233181;[14]=-230671;[15]=-229037;[16]=-228226;[17]=-228255;[18]=-229109;[19]=-230877
9,RECAL 3 1 9999 2605 64 4 80,1,9999,2605,0,64,4,80,-1349.000000,33,1,Ok,106209.000000,NonMono,14,-226562.000000,13.819017,14,-1293.723930,7,[11]=-229184;[12]=-227654;[13]=-226770;[14]=-226562;[15]=-227015;[16]=-228142;[17]=-229935
10,RECAL 3 0 9999 9999 64 4 80,0,9999,9999,0,64,4,80,2436.000000,33,1,Ok,98106.000000,NonMono,16,-223847.000000,16.363246,16,2501.452984,7,[13]=-228043;[14]=-225871;[15]=-224511;[16]=-223847;[17]=-223947;[18]=-224799;[19]=-226417
11,RECAL 3 1 9999 2501 64 4 80,1,9999,2501,0,64,4,80,1249.000000,33,1,Ok,101003.000000,NonMono,15,-223690.000000,15.353578,15,1310.414313,7,[12]=-227417;[13]=-225505;[14]=-224268;[15]=-223690;[16]=-223784;[17]=-224572;[18]=-226040
12,RECAL 3 0 9999 9999 64 4 80,0,9999,9999,0,64,4,80,2501.000000,33,1,Ok,102607.000000,NonMono,16,-225718.000000,16.247638,16,2565.990553,7,[13]=-229744;[14]=-227619;[15]=-226295;[16]=-225718;[17]=-225906;[18]=-226880;[19]=-228674
13,RECAL 3 1 9999 2566 64 4 80,1,9999,2566,0,64,4,80,2168.000000,33,1,Ok,242027.000000,NonMono,16,-225672.000000,16.296353,16,2233.185411,5,[14]=-230646;[15]=-227210;[16]=-225672;[17]=-226073;[18]=-228407
14,RECAL 3 0 9999 9999 64 4 80,0,9999,9999,0,64,4,80,2488.000000,33,1,Ok,100259.000000,NonMono,17,-229066.000000,16.786715,17,2555.146862,7,[14]=-231864;[15]=-230197;[16]=-229254;[17]=-229066;[18]=-229576;[19]=-230799;[20]=-232775
15,RECAL 3 1 9999 2555 64 4 80,1,9999,2555,0,64,4,80,2803.000000,33,1,Ok,268420.000000,NonMono,17,-227417.000000,17.025634,17,2871.102534,5,[15]=-233709;[16]=-229045;[17]=-227417;[18]=-228904;[19]=-233535
16,RECAL 3 0 9999 9999 64 4 80,0,9999,9999,0,64,4,80,822.000000,33,1,Ok,12414.000000,NonMono,14,-233415.000000,13.829720,14,877.318881,21,[4]=-236466;[5]=-235909;[6]=-235373;[7]=-234914;[8]=-234510;[9]=-234163;[10]=-233897;[11]=-233712;[12]=-233530;[13]=-233447;[14]=-233415;[15]=-233488;[16]=-233596;[17]=-233779;[18]=-234022;[19]=-234336;[20]=-234747;[21]=-235218;[22]=-235765;[23]=-236408;[24]=-237143
17,RECAL 3 1 9999 877 64 4 80,1,9999,877,0,64,4,80,2778.000000,33,1,Ok,262726.000000,NonMono,16,-233435.000000,16.413675,16,2843.654701,5,[14]=-241805;[15]=-236135;[16]=-233435;[17]=-233681;[18]=-236931
18,RECAL 3 0 9999 9999 64 4 80,0,9999,9999,0,64,4,80,849.000000,33,1,Ok,18833.000000,NonMono,11,-233000.000000,11.644153,12,895.576610,19,[2]=-236550;[3]=-235873;[4]=-235252;[5]=-234691;[6]=-234227;[7]=-233835;[8]=-233533;[9]=-233272;[10]=-233097;[11]=-233000;[12]=-233000;[13]=-233066;[14]=-233221;[15]=-233464;[16]=-233789;[17]=-234160;[18]=-234658;[19]=-235257;[20]=-235955
19,RECAL 3 1 9999 896 64 4 80,1,9999,896,0,64,4,80,2133.000000,33,1,Ok,224222.000000,NonMono,16,-232956.000000,16.134660,16,2197.538641,5,[14]=-237112;[15]=-234137;[16]=-232956;[17]=-233646;[18]=-236143
20,RECAL 3 0 9999 9999 64 4 80,0,9999,9999,0,64,4,80,602.000000,33,1,Ok,7754.000000,NonMono,14,-229501.000000,14.106027,14,658.424108,25,[2]=-232364;[3]=-231913;[4]=-231527;[5]=-231157;[6]=-230809;[7]=-230514;[8]=-230266;[9]=-230030;[10]=-229867;[11]=-229695;[12]=-229604;[13]=-229528;[14]=-229501;[15]=-229514;[16]=-229566;[17]=-229692;[18]=-229836;[19]=-230032;[20]=-230275;[21]=-230558;[22]=-230901;[23]=-231295;[24]=-231749;[25]=-232242;[26]=-232779
21,RECAL 3 1 9999 658 64 4 80,1,9999,658,0,64,4,80,1196.000000,33,1,Ok,101287.000000,NonMono,15,-228890.000000,14.556062,15,1254.224248,7,[12]=-230735;[13]=-229550;[14]=-228934;[15]=-228890;[16]=-229468;[17]=-230685;[18]=-232529
22,RECAL 3 0 9999 9999 64 4 80,0,9999,9999,0,64,4,80,952.000000,33,1,Ok,22883.000000,NonMono,13,-229652.000000,13.001350,13,1004.005400,17,[5]=-233234;[6]=-232433;[7]=-231692;[8]=-231097;[9]=-230579;[10]=-230169;[11]=-229883;[12]=-229726;[13]=-229652;[14]=-229712;[15]=-229895;[16]=-230195;[17]=-230622;[18]=-231142;[19]=-231802;[20]=-232590;[21]=-233503
23,RECAL 3 1 9999 1004 64 4 80,1,9999,1004,0,64,4,80,-1407.000000,33,1,Ok,120824.000000,NonMono,13,-227353.000000,13.423301,13,-1353.306797,7,[10]=-231457;[11]=-229401;[12]=-227999;[13]=-227353;[14]=-227406;[15]=-228185;[16]=-229624
24,RECAL 3 0 9999 9999 64 4 80,0,9999,9999,0,64,4,80,778.000000,33,1,Ok,13632.000000,NonMono,14,-228168.000000,13.545463,14,832.181851,19,[5]=-230651;[6]=-230103;[7]=-229625;[8]=-229220;[9]=-228869;[10]=-228599;[11]=-228405;[12]=-228258;[13]=-228179;[14]=-228168;[15]=-228233;[16]=-228374;[17]=-228610;[18]=-228894;[19]=-229267;[20]=-229724;[21]=-230262;[22]=-230881;[23]=-231594
25,RECAL 3 1 9999 832 64 4 80,1,9999,832,0,64,4,80,-2316.000000,33,1,Ok,255652.000000,NonMono,14,-225819.000000,14.410052,14,-2258.359791,5,[12]=-231276;[13]=-227583;[14]=-225819;[15]=-225993;[16]=-228128
26,RECAL 3 0 9999 9999 64 4 80,0,9999,9999,0,64,4,80,977.000000,33,1,Ok,18343.000000,NonMono,15,-237251.000000,14.722689,15,1035.890756,15,[8]=-239704;[9]=-239032;[10]=-238471;[11]=-238011;[12]=-237668;[13]=-237425;[14]=-237274;[15]=-237251;[16]=-237337;[17]=-237562;[18]=-237871;[19]=-238323;[20]=-238852;[21]=-239549;[22]=-240381
27,RECAL 3 1 9999 1036 64 4 80,1,9999,1036,0,64,4,80,-2945.000000,33,1,Ok,268730.000000,NonMono,13,-227557.000000,13.459643,13,-2891.161428,17,[5]=-337938;[6]=-312993;[7]=-291492;[8]=-273107;[9]=-257917;[10]=-245782;[11]=-236698;[12]=-230609;[13]=-227557;[14]=-227600;[15]=-230796;[16]=-237155;[17]=-246640;[18]=-259504;[19]=-275596;[20]=-295041;[21]=-317512
28,RECAL 3 0 9999 9999 64 4 80,0,9999,9999,0,64,4,80,-2276.000000,33,1,Ok,85478.000000,NonMono,14,-250553.000000,14.267901,14,-2218.928395,9,[10]=-255426;[11]=-253392;[12]=-251907;[13]=-250946;[14]=-250553;[15]=-250662;[16]=-251336;[17]=-252529;[18]=-254303
29,RECAL 3 1 9999 -2219 64 4 80,1,9999,-2219,0,64,4,80,-2916.000000,33,1,Ok,253760.000000,NonMono,14,-242381.000000,13.676245,14,-2861.295019,5,[12]=-246380;[13]=-242893;[14]=-242381;[15]=-244872;[16]=-250488
30,RECAL 3 0 9999 9999 64 4 80,0,9999,9999,0,64,4,80,-2343.000000,33,1,Ok,92866.000000,NonMono,14,-244066.000000,13.962723,14,-2287.149109,9,[10]=-248638;[11]=-246610;[12]=-245179;[13]=-244329;[14]=-244066;[15]=-244369;[16]=-245264;[17]=-246728;[18]=-248783
31,RECAL 3 1 9999 -2287 64 4 80,1,9999,-2287,0,64,4,80,-2274.000000,33,1,Ok,249078.000000,NonMono,14,-239549.000000,13.773407,14,-2218.906372,5,[12]=-242438;[13]=-240066;[14]=-239549;[15]=-240902;[16]=-244082
32,RECAL 3 0 9999 9999 64 4 80,0,9999,9999,0,64,4,80,-2272.000000,33,1,Ok,84128.000000,NonMono,14,-240842.000000,14.129654,14,-2215.481382,9,[10]=-245394;[11]=-243423;[12]=-242039;[13]=-241161;[14]=-240842;[15]=-241017;[16]=-241743;[17]=-242996;[18]=-244764
33,RECAL 3 1 9999 -2215 64 4 80,1,9999,-2215,0,64,4,80,-1339.000000,33,1,Ok,112673.000000,NonMono,13,-238169.000000,13.077975,13,-1286.688099,9,[9]=-243348;[10]=-241134;[11]=-239513;[12]=-238511;[13]=-238169;[14]=-238425;[15]=-239321;[16]=-240871;[17]=-243035
34,RECAL 3 0 9999 9999 64 4 80,0,9999,9999,0,64,4,80,-2394.000000,33,1,Ok,93255.000000,NonMono,14,-239436.000000,13.943857,14,-2338.224574,9,[10]=-243942;[11]=-241966;[12]=-240559;[13]=-239695;[14]=-239436;[15]=-239741;[16]=-240694;[17]=-242167;[18]=-244195
35,RECAL 3 1 9999 -2338 64 4 80,1,9999,-2338,0,64,4,80,1257.000000,33,1,Ok,105612.000000,NonMono,15,-238949.000000,14.694578,15,1315.778311,7,[12]=-241270;[13]=-239855;[14]=-239082;[15]=-238949;[16]=-239472;[17]=-240663;[18]=-242485
36,RECAL 3 0 9999 9999 64 4 80,0,9999,9999,0,64,4,80,-2323.000000,33,1,Ok,84603.000000,NonMono,14,-238461.000000,13.883594,14,-2267.465626,9,[10]=-242471;[11]=-240672;[12]=-239382;[13]=-238675;[14]=-238461;[15]=-238781;[16]=-239635;[17]=-241030;[18]=-242932
37,RECAL 3 1 9999 -2267 64 4 80,1,9999,-2267,0,64,4,80,2172.000000,33,1,Ok,224470.000000,NonMono,16,-238480.000000,15.884762,16,2235.539049,5,[14]=-241666;[15]=-239173;[16]=-238480;[17]=-239608;[18]=-242616
38,RECAL 3 0 9999 9999 64 4 80,0,9999,9999,0,64,4,80,-2334.000000,33,1,Ok,87489.000000,NonMono,13,-241979.000000,13.194571,13,-2281.221716,9,[9]=-246474;[10]=-244574;[11]=-243197;[12]=-242349;[13]=-241979;[14]=-242146;[15]=-242806;[16]=-243945;[17]=-245623
39,RECAL 3 1 9999 -2281 64 4 80,1,9999,-2281,0,64,4,80,2808.000000,33,1,Ok,254724.000000,NonMono,17,-241838.000000,16.559761,17,2874.239043,5,[15]=-244960;[16]=-241986;[17]=-241838;[18]=-244580;[19]=-250402
40,RECAL 3 0 9999 9999 64 4 80,0,9999,9999,0,64,4,80,2374.000000,33,1,Ok,102294.000000,NonMono,17,-234317.000000,17.041957,17,2442.167828,7,[14]=-237832;[15]=-235918;[16]=-234720;[17]=-234317;[18]=-234670;[19]=-235812;[20]=-237749
41,RECAL 3 1 9999 2442 64 4 80,1,9999,2442,0,64,4,80,-2870.000000,33,1,Ok,267059.000000,NonMono,14,-229333.000000,14.254858,14,-2812.980570,5,[12]=-237582;[13]=-231807;[14]=-229333;[15]=-230130;[16]=-234314
42,RECAL 3 0 9999 9999 64 4 80,0,9999,9999,0,64,4,80,2362.000000,33,1,Ok,100707.000000,NonMono,17,-229641.000000,16.806849,17,2429.227395,7,[14]=-232642;[15]=-230877;[16]=-229883;[17]=-229641;[18]=-230169;[19]=-231523;[20]=-233643
43,RECAL 3 1 9999 2429 64 4 80,1,9999,2429,0,64,4,80,-2235.000000,33,1,Ok,253554.000000,NonMono,15,-228251.000000,14.822821,15,-2175.708714,5,[13]=-231578;[14]=-228898;[15]=-228251;[16]=-229624;[17]=-233060
44,RECAL 3 0 9999 9999 64 4 80,0,9999,9999,0,64,4,80,2350.000000,33,1,Ok,102574.000000,NonMono,17,-229461.000000,16.934941,17,2417.739765,7,[14]=-232753;[15]=-230907;[16]=-229787;[17]=-229461;[18]=-229903;[19]=-231135;[20]=-233173
45,RECAL 3 1 9999 2418 64 4 80,1,9999,2418,0,64,4,80,-1310.000000,33,1,Ok,95169.000000,NonMono,15,-228984.000000,14.789503,15,-1250.841988,7,[12]=-231613;[13]=-230047;[14]=-229176;[15]=-228984;[16]=-229459;[17]=-230603;[18]=-232424
46,RECAL 3 0 9999 9999 64 4 80,0,9999,9999,0,64,4,80,2338.000000,33,1,Ok,101141.000000,NonMono,16,-228929.000000,16.301409,16,2403.205637,7,[13]=-233016;[14]=-230918;[15]=-229536;[16]=-228929;[17]=-229090;[18]=-230010;[19]=-231715
47,RECAL 3 1 9999 2403 64 4 80,1,9999,2403,0,64,4,80,1251.000000,33,1,Ok,95255.000000,NonMono,16,-228914.000000,16.286521,16,1316.146083,7,[13]=-232886;[14]=-230822;[15]=-229482;[16]=-228914;[17]=-229064;[18]=-229974;[19]=-231662
48,RECAL 3 0 9999 9999 64 4 80,0,9999,9999,0,64,4,80,2245.000000,33,1,Ok,90413.000000,NonMono,17,-227446.000000,16.799527,17,2312.198109,7,[14]=-230096;[15]=-228536;[16]=-227629;[17]=-227446;[18]=-227927;[19]=-229141;[20]=-231111
49,RECAL 3 1 9999 2312 64 4 80,1,9999,2312,0,64,4,80,2144.000000,33,1,Ok,251051.000000,NonMono,16,-227443.000000,16.440429,16,2209.761715,5,[14]=-233562;[15]=-229423;[16]=-227443;[17]=-227561;[18]=-229746
50,RECAL 3 0 9999 9999 64 4 80,0,9999,9999,0,64,4,80,2313.000000,33,1,Ok,94900.000000,NonMono,16,-232224.000000,16.363631,16,2378.454525,7,[13]=-236117;[14]=-234129;[15]=-232834;[16]=-232224;[17]=-232310;[18]=-233140;[19]=-234665
51,RECAL 3 1 9999 2378 64 4 80,1,9999,2378,0,64,4,80,2765.000000,33,1,Ok,266690.000000,NonMono,17,-229338.000000,17.328389,17,2834.313554,5,[15]=-238450;[16]=-232171;[17]=-229338;[18]=-229919;[19]=-233916
52,RECAL 3 0 9999 9999 64 4 80,0,9999,9999,0,64,4,80,174.000000,33,0,ParabolaNotDownward,1967.000000,Flat,6,-237777.000000,,,,0,
53,RECAL 3 0 9999 9999 200 4 80,0,9999,9999,0,200,4,80,38.000000,101,1,Ok,16484.000000,NonMono,40,-237745.000000,38.821789,39,193.287157,33,[24]=-238011;[25]=-237990;[26]=-237933;[27]=-237924;[28]=-237910;[29]=-237884;[30]=-237859;[31]=-237849;[32]=-237837;[33]=-237800;[34]=-237799;[35]=-237789;[36]=-237771;[37]=-237786;[38]=-237773;[39]=-237769;[40]=-237745;[41]=-237765;[42]=-237766;[43]=-237768;[44]=-237800;[45]=-237831;[46]=-237853;[47]=-237899;[48]=-237937;[49]=-237982;[50]=-238024;[51]=-238079;[52]=-238138;[53]=-238211;[54]=-238279;[55]=-238345;[56]=-238433
54,RECAL 3 0 9999 193 64 4 80,0,9999,193,0,64,4,80,129.000000,33,0,ParabolaNotDownward,580.000000,Flat,14,-237737.000000,,,,0,
55,RECAL 3 1 9999 190 64 4 80,1,9999,190,0,64,4,80,2749.000000,33,1,Ok,261206.000000,NonMono,17,-234941.000000,17.337346,17,2818.349384,5,[15]=-244022;[16]=-237765;[17]=-234941;[18]=-235472;[19]=-239428
56,RECAL 3 0 9999 9999 64 4 80,0,9999,9999,0,64,4,80,-580.000000,33,1,Ok,4252.000000,NonMono,14,-230749.000000,13.085582,13,-527.657671,17,[6]=-231488;[7]=-231304;[8]=-231155;[9]=-230993;[10]=-230869;[11]=-230799;[12]=-230757;[13]=-230753;[14]=-230749;[15]=-230801;[16]=-230878;[17]=-230953;[18]=-231068;[19]=-231215;[20]=-231371;[21]=-231557;[22]=-231776
57,RECAL 3 1 9999 -528 64 4 80,1,9999,-528,0,64,4,80,2120.000000,33,1,Ok,251841.000000,NonMono,17,-229886.000000,16.907441,17,2187.629764,5,[15]=-233706;[16]=-230742;[17]=-229886;[18]=-231117;[19]=-234393
58,RECAL 3 0 9999 9999 64 4 80,0,9999,9999,0,64,4,80,392.000000,33,1,Ok,5068.000000,NonMono,12,-227767.000000,11.804795,12,439.219182,17,[4]=-228361;[5]=-228224;[6]=-228096;[7]=-227999;[8]=-227900;[9]=-227854;[10]=-227807;[11]=-227779;[12]=-227767;[13]=-227784;[14]=-227812;[15]=-227884;[16]=-227957;[17]=-228057;[18]=-228184;[19]=-228341;[20]=-228517
59,RECAL 3 1 9999 439 64 4 80,1,9999,439,0,64,4,80,1210.000000,33,1,Ok,92211.000000,NonMono,16,-227764.000000,16.033674,16,1274.134698,7,[13]=-231020;[14]=-229241;[15]=-228156;[16]=-227764;[17]=-228125;[18]=-229147;[19]=-230926
60,RECAL 3 0 9999 9999 64 4 80,0,9999,9999,0,64,4,80,459.000000,33,1,Ok,6102.000000,NonMono,13,-224112.000000,13.024213,13,511.096852,17,[5]=-224961;[6]=-224773;[7]=-224591;[8]=-224457;[9]=-224328;[10]=-224230;[11]=-224180;[12]=-224131;[13]=-224112;[14]=-224123;[15]=-224174;[16]=-224239;[17]=-224344;[18]=-224475;[19]=-224640;[20]=-224850;[21]=-225080
61,RECAL 3 1 9999 511 64 4 80,1,9999,511,0,64,4,80,-1357.000000,33,1,Ok,98555.000000,NonMono,15,-223813.000000,15.088718,15,-1296.645127,7,[12]=-227238;[13]=-225367;[14]=-224240;[15]=-223813;[16]=-224109;[17]=-225121;[18]=-226876
62,RECAL 3 0 9999 9999 64 4 80,0,9999,9999,0,64,4,80,526.000000,33,1,Ok,8332.000000,NonMono,12,-228835.000000,11.884589,12,573.538354,17,[4]=-229853;[5]=-229618;[6]=-229414;[7]=-229249;[8]=-229107;[9]=-228984;[10]=-228905;[11]=-228853;[12]=-228835;[13]=-228865;[14]=-228923;[15]=-229021;[16]=-229148;[17]=-229330;[18]=-229544;[19]=-229787;[20]=-230083
63,RECAL 3 1 9999 574 64 4 80,1,9999,574,0,64,4,80,-2260.000000,33,1,Ok,257822.000000,NonMono,15,-227182.000000,14.690495,15,-2201.238020,5,[13]=-229926;[14]=-227559;[15]=-227182;[16]=-228836;[17]=-232596
64,RECAL 3 0 9999 9999 64 4 80,0,9999,9999,0,64,4,80,590.000000,33,1,Ok,8701.000000,NonMono,12,-232441.000000,12.722585,13,640.890341,17,[4]=-233852;[5]=-233547;[6]=-233299;[7]=-233064;[8]=-232870;[9]=-232706;[10]=-232601;[11]=-232506;[12]=-232441;[13]=-232446;[14]=-232460;[15]=-232546;[16]=-232670;[17]=-232809;[18]=-233041;[19]=-233269;[20]=-233546
65,RECAL 3 1 9999 641 64 4 80,1,9999,641,0,64,4,80,-2885.000000,33,1,Ok,271465.000000,NonMono,14,-225465.000000,13.988521,14,-2829.045916,5,[12]=-231959;[13]=-227090;[14]=-225465;[15]=-227202;[16]=-232393
66,RECAL 3 0 9999 9999 64 4 80,0,9999,9999,0,64,4,80,-2349.000000,33,1,Ok,110393.000000,NonMono,14,-236855.000000,13.783401,14,-2293.866397,7,[11]=-239318;[12]=-237888;[13]=-237038;[14]=-236855;[15]=-237330;[16]=-238464;[17]=-240235
67,RECAL 3 1 9999 -2294 64 4 80,1,9999,-2294,0,64,4,80,-2877.000000,33,1,Ok,265482.000000,NonMono,14,-231243.000000,14.142857,14,-2820.428571,5,[12]=-238656;[13]=-233342;[14]=-231243;[15]=-232418;[16]=-236832
68,RECAL 3 0 9999 9999 64 4 80,0,9999,9999,0,64,4,80,-2355.000000,33,1,Ok,117048.000000,NonMono,13,-233168.000000,13.443293,13,-2301.226829,7,[10]=-236934;[11]=-235028;[12]=-233799;[13]=-233168;[14]=-233213;[15]=-233899;[16]=-235233
69,RECAL 3 1 9999 -2301 64 4 80,1,9999,-2301,0,64,4,80,-2250.000000,33,1,Ok,253593.000000,NonMono,15,-231636.000000,14.748690,15,-2191.005240,5,[13]=-234531;[14]=-232125;[15]=-231636;[16]=-233129;[17]=-236634
70,RECAL 3 0 9999 9999 64 4 80,0,9999,9999,0,64,4,80,-2367.000000,33,1,Ok,113476.000000,NonMono,14,-233035.000000,13.817916,14,-2311.728336,7,[11]=-235600;[12]=-234093;[13]=-233231;[14]=-233035;[15]=-233492;[16]=-234565;[17]=-236361
71,RECAL 3 1 9999 -2312 64 4 80,1,9999,-2312,0,64,4,80,-1339.000000,33,1,Ok,90324.000000,NonMono,15,-232852.000000,15.247922,15,-1278.008312,7,[12]=-236463;[13]=-234550;[14]=-233358;[15]=-232852;[16]=-233017;[17]=-233847;[18]=-235347
72,RECAL 3 0 9999 9999 64 4 80,0,9999,9999,0,64,4,80,-2377.000000,33,1,Ok,120074.000000,NonMono,13,-229323.000000,13.402512,13,-2323.389950,7,[10]=-233124;[11]=-231203;[12]=-229930;[13]=-229323;[14]=-229393;[15]=-230140;[16]=-231586
73,RECAL 3 1 9999 -2323 64 4 80,1,9999,-2323,0,64,4,80,1224.000000,33,1,Ok,88364.000000,NonMono,16,-229272.000000,16.242797,16,1288.971189,7,[13]=-232918;[14]=-231034;[15]=-229801;[16]=-229272;[17]=-229478;[18]=-230365;[19]=-231996
74,RECAL 3 0 9999 9999 64 4 80,0,9999,9999,0,64,4,80,-2470.000000,33,1,Ok,119668.000000,NonMono,14,-233106.000000,14.077591,14,-2413.689635,7,[11]=-236465;[12]=-234620;[13]=-233503;[14]=-233106;[15]=-233401;[16]=-234405;[17]=-236178
75,RECAL 3 1 9999 -2414 64 4 80,1,9999,-2414,0,64,4,80,2126.000000,33,1,Ok,243224.000000,NonMono,16,-233090.000000,16.458929,16,2191.835717,5,[14]=-238995;[15]=-235033;[16]=-233090;[17]=-233183;[18]=-235246
76,RECAL 3 0 9999 9999 64 4 80,0,9999,9999,0,64,4,80,-2407.000000,33,1,Ok,114060.000000,NonMono,14,-237437.000000,13.732272,14,-2352.070912,7,[11]=-239835;[12]=-238378;[13]=-237585;[14]=-237437;[15]=-237940;[16]=-239109;[17]=-240976
77,RECAL 3 1 9999 -2352 64 4 80,1,9999,-2352,0,64,4,80,2752.000000,33,1,Ok,262267.000000,NonMono,17,-234078.000000,17.484006,17,2821.936025,17,[9]=-352768;[10]=-326409;[11]=-303363;[12]=-283485;[13]=-267039;[14]=-253808;[15]=-243883;[16]=-237395;[17]=-234078;[18]=-234089;[19]=-237420;[20]=-244013;[21]=-253864;[22]=-266898;[23]=-282891;[24]=-301980;[25]=-323396
78,RECAL 3 0 9999 9999 64 4 80,0,9999,9999,0,64,4,80,2288.000000,33,1,Ok,133345.000000,NonMono,17,-233691.000000,16.855507,17,2355.422027,7,[14]=-237663;[15]=-235364;[16]=-234041;[17]=-233691;[18]=-234326;[19]=-235959;[20]=-238595
79,RECAL 3 1 9999 2355 64 4 80,1,9999,2355,0,64,4,80,-2865.000000,33,1,Ok,268360.000000,NonMono,14,-227624.000000,14.166527,14,-2808.333891,5,[12]=-235673;[13]=-229962;[14]=-227624;[15]=-228825;[16]=-233574
80,RECAL 3 0 9999 9999 64 4 80,0,9999,9999,0,64,4,80,2289.000000,33,1,Ok,138596.000000,NonMono,16,-227487.000000,16.483638,16,2354.934552,5,[14]=-230579;[15]=-228516;[16]=-227487;[17]=-227501;[18]=-228598
81,RECAL 3 1 9999 2355 64 4 80,1,9999,2355,0,64,4,80,-2284.000000,33,1,Ok,268848.000000,NonMono,14,-222658.000000,14.031282,14,-2227.874870,5,[12]=-227625;[13]=-223940;[14]=-222658;[15]=-223794;[16]=-227365
82,RECAL 3 0 9999 9999 64 4 80,0,9999,9999,0,64,4,80,2211.000000,33,1,Ok,145979.000000,NonMono,16,-222488.000000,15.751426,16,2274.005704,7,[13]=-226244;[14]=-223987;[15]=-222741;[16]=-222488;[17]=-223236;[18]=-225051;[19]=-227893
83,RECAL 3 1 9999 2274 64 4 80,1,9999,2274,0,64,4,80,-1490.000000,33,1,Ok,141360.000000,NonMono,15,-221768.000000,14.765676,15,-1430.937297,7,[12]=-225474;[13]=-223248;[14]=-222028;[15]=-221768;[16]=-222479;[17]=-224158;[18]=-226821
84,RECAL 3 0 9999 9999 64 4 80,0,9999,9999,0,64,4,80,2290.000000,33,1,Ok,150871.000000,NonMono,17,-221591.000000,17.061775,17,2358.247102,7,[14]=-226661;[15]=-223919;[16]=-222204;[17]=-221591;[18]=-222063;[19]=-223673;[20]=-226310
85,RECAL 3 1 9999 2358 64 4 80,1,9999,2358,0,64,4,80,949.000000,33,1,Ok,81773.000000,NonMono,14,-220968.000000,14.334366,14,1006.337464,9,[10]=-225250;[11]=-223513;[12]=-222189;[13]=-221347;[14]=-220968;[15]=-221038;[16]=-221596;[17]=-222625;[18]=-224172
86,RECAL 3 0 9999 9999 64 4 80,0,9999,9999,0,64,4,80,2211.000000,33,1,Ok,130834.000000,NonMono,16,-223736.000000,16.465526,16,2276.862105,7,[13]=-229580;[14]=-226649;[15]=-224699;[16]=-223736;[17]=-223768;[18]=-224814;[19]=-226864
87,RECAL 3 1 9999 2277 64 4 80,1,9999,2277,0,64,4,80,1915.000000,33,1,Ok,235328.000000,NonMono,16,-223614.000000,15.871509,16,1978.486035,5,[14]=-226897;[15]=-224335;[16]=-223614;[17]=-224829;[18]=-227930
88,RECAL 3 0 9999 9999 64 4 80,0,9999,9999,0,64,4,80,2282.000000,33,1,Ok,142673.000000,NonMono,17,-225221.000000,17.042257,17,2350.169029,7,[14]=-229822;[15]=-227291;[16]=-225748;[17]=-225221;[18]=-225673;[19]=-227144;[20]=-229664
89,RECAL 3 1 9999 2350 64 4 80,1,9999,2350,0,64,4,80,2544.000000,33,1,Ok,269971.000000,NonMono,16,-225240.000000,16.402148,16,2609.608591,17,[8]=-339530;[9]=-313728;[10]=-291427;[11]=-272410;[12]=-256671;[13]=-244022;[14]=-234541;[15]=-228267;[16]=-225240;[17]=-225517;[18]=-229155;[19]=-236190;[20]=-246559;[21]=-260594;[22]=-278224;[23]=-299498;[24]=-324187
90,RECAL 3 0 9999 9999 64 4 80,0,9999,9999,0,64,4,80,944.000000,33,1,Ok,26110.000000,NonMono,15,-228723.000000,14.907889,15,1003.631556,13,[9]=-231472;[10]=-230639;[11]=-229948;[12]=-229395;[13]=-229016;[14]=-228780;[15]=-228723;[16]=-228812;[17]=-229080;[18]=-229525;[19]=-230116;[20]=-230866;[21]=-231834
91,RECAL 3 1 9999 1004 64 4 80,1,9999,1004,0,64,4,80,2583.000000,33,1,Ok,267231.000000,NonMono,16,-228706.000000,16.369046,16,2648.476184,17,[8]=-344578;[9]=-318210;[10]=-295511;[11]=-276404;[12]=-260377;[13]=-247560;[14]=-237994;[15]=-231721;[16]=-228706;[17]=-229080;[18]=-232902;[19]=-240154;[20]=-250924;[21]=-265244;[22]=-283195;[23]=-304855;[24]=-329862
92,RECAL 3 0 9999 9999 64 4 80,0,9999,9999,0,64,4,80,743.000000,33,1,Ok,18976.000000,NonMono,14,-224551.000000,13.722864,14,797.891455,17,[6]=-227400;[7]=-226718;[8]=-226126;[9]=-225622;[10]=-225227;[11]=-224920;[12]=-224691;[13]=-224577;[14]=-224551;[15]=-224648;[16]=-224818;[17]=-225094;[18]=-225487;[19]=-226005;[20]=-226619;[21]=-227363;[22]=-228218
93,RECAL 3 1 9999 798 64 4 80,1,9999,798,0,64,4,80,1968.000000,33,1,Ok,245410.000000,NonMono,16,-224509.000000,16.134039,16,2032.536154,5,[14]=-228926;[15]=-225744;[16]=-224509;[17]=-225225;[18]=-227930
94,RECAL 3 0 9999 9999 64 4 80,0,9999,9999,0,64,4,80,941.000000,33,1,Ok,28320.000000,NonMono,15,-223298.000000,15.162537,15,1001.650147,13,[9]=-226650;[10]=-225665;[11]=-224852;[12]=-224209;[13]=-223733;[14]=-223430;[15]=-223298;[16]=-223365;[17]=-223616;[18]=-224067;[19]=-224682;[20]=-225487;[21]=-226510
95,RECAL 3 1 9999 1002 64 4 80,1,9999,1002,0,64,4,80,1053.000000,33,1,Ok,96427.000000,NonMono,15,-222826.000000,14.722436,15,1111.889744,7,[12]=-224982;[13]=-223678;[14]=-222974;[15]=-222826;[16]=-223296;[17]=-224362;[18]=-226029
96,RECAL 3 0 9999 9999 64 4 80,0,9999,9999,0,64,4,80,718.000000,33,1,Ok,16248.000000,NonMono,15,-224033.000000,15.007283,15,778.029131,17,[7]=-227151;[8]=-226424;[9]=-225782;[10]=-225246;[11]=-224839;[12]=-224493;[13]=-224238;[14]=-224079;[15]=-224033;[16]=-224074;[17]=-224252;[18]=-224496;[19]=-224862;[20]=-225324;[21]=-225904;[22]=-226611;[23]=-227445
97,RECAL 3 1 9999 778 64 4 80,1,9999,778,0,64,4,80,-1410.000000,33,1,Ok,136704.000000,NonMono,14,-222750.000000,14.264573,14,-1352.941709,7,[11]=-227400;[12]=-224963;[13]=-223415;[14]=-222750;[15]=-222942;[16]=-224029;[17]=-225954
98,RECAL 3 0 9999 9999 64 4 80,0,9999,9999,0,64,4,80,945.000000,33,1,Ok,25809.000000,NonMono,16,-227272.000000,15.867410,16,1008.469641,13,[10]=-230306;[11]=-229383;[12]=-228627;[13]=-228007;[14]=-227605;[15]=-227339;[16]=-227272;[17]=-227397;[18]=-227689;[19]=-228200;[20]=-228872;[21]=-229745;[22]=-230805
99,RECAL 3 1 9999 1008 64 4 80,1,9999,1008,0,64,4,80,-2233.000000,33,1,Ok,266799.000000,NonMono,14,-223511.000000,14.158531,14,-2176.365878,5,[12]=-228605;[13]=-224946;[14]=-223511;[15]=-224250;[16]=-227250
100,RECAL 3 0 9999 9999 64 4 80,0,9999,9999,0,64,4,80,965.000000,33,1,Ok,27497.000000,NonMono,15,-235573.000000,15.050520,15,1025.202081,13,[9]=-238642;[10]=-237728;[11]=-236964;[12]=-236374;[13]=-235928;[14]=-235672;[15]=-235573;[16]=-235646;[17]=-235914;[18]=-236356;[19]=-236962;[20]=-237784;[21]=-238793
101,RECAL 3 1 9999 1025 64 4 80,1,9999,1025,0,64,4,80,-2821.000000,33,1,Ok,269857.000000,NonMono,14,-226522.000000,13.747290,14,-2766.010842,5,[12]=-231810;[13]=-227394;[14]=-226522;[15]=-229212;[16]=-235528
102,RECAL 3 0 9999 9999 64 4 80,0,9999,9999,0,64,4,80,-1994.000000,33,1,Ok,94971.000000,NonMono,15,-240360.000000,14.502276,15,-1935.990898,7,[12]=-242217;[13]=-240991;[14]=-240370;[15]=-240360;[16]=-240978;[17]=-242218;[18]=-244048
103,RECAL 3 1 9999 -1936 64 4 80,1,9999,-1936,0,64,4,80,-2862.000000,33,1,Ok,263786.000000,NonMono,14,-232757.000000,13.923591,14,-2806.305636,5,[12]=-239017;[13]=-234187;[14]=-232757;[15]=-234736;[16]=-240254
104,RECAL 3 0 9999 9999 64 4 80,0,9999,9999,0,64,4,80,-1989.000000,33,1,Ok,91181.000000,NonMono,15,-233274.000000,14.877502,15,-1929.489994,7,[12]=-235871;[13]=-234367;[14]=-233509;[15]=-233274;[16]=-233659;[17]=-234657;[18]=-236276
105,RECAL 3 1 9999 -1929 64 4 80,1,9999,-1929,0,64,4,80,-2285.000000,33,1,Ok,262885.000000,NonMono,14,-229365.000000,14.165187,14,-2228.339253,5,[12]=-234751;[13]=-230907;[14]=-229365;[15]=-230147;[16]=-233293
106,RECAL 3 0 9999 9999 64 4 80,0,9999,9999,0,64,4,80,-2086.000000,33,1,Ok,105954.000000,NonMono,14,-230751.000000,14.519361,15,-2027.922555,7,[11]=-234892;[12]=-232839;[13]=-231458;[14]=-230751;[15]=-230751;[16]=-231420;[17]=-232765
107,RECAL 3 1 9999 -2028 64 4 80,1,9999,-2028,0,64,4,80,-1490.000000,33,1,Ok,156895.000000,NonMono,14,-228568.000000,13.876228,14,-1434.495088,7,[11]=-232471;[12]=-230220;[13]=-228907;[14]=-228568;[15]=-229150;[16]=-230686;[17]=-233186
108,RECAL 3 0 9999 9999 64 4 80,0,9999,9999,0,64,4,80,-1984.000000,33,1,Ok,90848.000000,NonMono,15,-229834.000000,14.783119,15,-1924.867523,7,[12]=-232199;[13]=-230784;[14]=-230004;[15]=-229834;[16]=-230264;[17]=-231317;[18]=-232983
109,RECAL 3 1 9999 -1925 64 4 80,1,9999,-1925,0,64,4,80,942.000000,33,1,Ok,79348.000000,NonMono,14,-229265.000000,14.371063,14,999.484251,9,[10]=-233419;[11]=-231739;[12]=-230466;[13]=-229657;[14]=-229265;[15]=-229320;[16]=-229828;[17]=-230810;[18]=-232259
110,RECAL 3 0 9999 9999 64 4 80,0,9999,9999,0,64,4,80,-2080.000000,33,1,Ok,101513.000000,NonMono,15,-229509.000000,14.572157,15,-2021.711370,7,[12]=-231668;[13]=-230273;[14]=-229566;[15]=-229509;[16]=-230128;[17]=-231416;[18]=-233359
111,RECAL 3 1 9999 -2022 64 4 80,1,9999,-2022,0,64,4,80,1910.000000,33,1,Ok,231694.000000,NonMono,16,-229485.000000,15.678754,16,1972.715016,5,[14]=-231941;[15]=-229804;[16]=-229485;[17]=-230991;[18]=-234372
112,RECAL 3 0 9999 9999 64 4 80,0,9999,9999,0,64,4,80,-1999.000000,33,1,Ok,90235.000000,NonMono,15,-230386.000000,14.578474,15,-1940.686106,7,[12]=-232358;[13]=-231106;[14]=-230428;[15]=-230386;[16]=-230951;[17]=-232099;[18]=-233844
113,RECAL 3 1 9999 -1941 64 4 80,1,9999,-1941,0,64,4,80,2538.000000,33,1,Ok,265952.000000,NonMono,17,-230264.000000,16.497227,16,2603.988906,17,[9]=-316153;[10]=-294888;[11]=-276652;[12]=-261454;[13]=-249245;[14]=-239933;[15]=-233616;[16]=-230361;[17]=-230264;[18]=-233424;[19]=-239895;[20]=-249802;[21]=-263161;[22]=-279769;[23]=-300117;[24]=-323682;[25]=-350398
114,RECAL 3 0 9999 9999 64 4 80,0,9999,9999,0,64,4,80,2055.000000,33,1,Ok,109096.000000,NonMono,16,-225170.000000,16.269771,16,2120.079085,7,[13]=-229431;[14]=-227197;[15]=-225790;[16]=-225170;[17]=-225345;[18]=-226354;[19]=-228202
115,RECAL 3 1 9999 2120 64 4 80,1,9999,2120,0,64,4,80,-2764.000000,33,1,Ok,273560.000000,NonMono,15,-222756.000000,14.856720,15,-2704.573121,5,[13]=-228962;[14]=-224037;[15]=-222756;[16]=-225083;[17]=-231080
116,RECAL 3 0 9999 9999 64 4 80,0,9999,9999,0,64,4,80,2062.000000,33,1,Ok,111237.000000,NonMono,17,-224897.000000,16.548042,17,2128.192167,7,[14]=-227530;[15]=-225797;[16]=-224929;[17]=-224897;[18]=-225694;[19]=-227379;[20]=-229949
117,RECAL 3 1 9999 2128 64 4 80,1,9999,2128,0,64,4,80,-2163.000000,33,1,Ok,256814.000000,NonMono,15,-223696.000000,15.028280,15,-2102.886878,5,[13]=-228427;[14]=-224912;[15]=-223696;[16]=-224786;[17]=-228203
118,RECAL 3 0 9999 9999 64 4 80,0,9999,9999,0,64,4,80,1988.000000,33,1,Ok,104407.000000,NonMono,17,-222964.000000,16.557898,17,2054.231593,7,[14]=-225521;[15]=-223878;[16]=-223009;[17]=-222964;[18]=-223741;[19]=-225373;[20]=-227838
119,RECAL 3 1 9999 2054 64 4 80,1,9999,2054,0,64,4,80,-1304.000000,33,1,Ok,102341.000000,NonMono,16,-222874.000000,15.594797,16,-1241.620811,7,[13]=-225557;[14]=-223838;[15]=-222950;[16]=-222874;[17]=-223619;[18]=-225128;[19]=-227486
120,RECAL 3 0 9999 9999 64 4 80,0,9999,9999,0,64,4,80,1989.000000,33,1,Ok,107924.000000,NonMono,16,-224025.000000,16.249621,16,2053.998486,7,[13]=-228263;[14]=-226052;[15]=-224634;[16]=-224025;[17]=-224232;[18]=-225264;[19]=-227146
121,RECAL 3 1 9999 2054 64 4 80,1,9999,2054,0,64,4,80,1155.000000,33,1,Ok,106482.000000,NonMono,16,-223995.000000,15.768486,16,1218.073942,7,[13]=-226983;[14]=-225204;[15]=-224210;[16]=-223995;[17]=-224584;[18]=-225954;[19]=-228152
122,RECAL 3 0 9999 9999 64 4 80,0,9999,9999,0,64,4,80,2059.000000,33,1,Ok,111472.000000,NonMono,16,-224785.000000,16.497674,16,2124.990698,7,[13]=-229789;[14]=-227295;[15]=-225612;[16]=-224785;[17]=-224785;[18]=-225630;[19]=-227356
123,RECAL 3 1 9999 2125 64 4 80,1,9999,2125,0,64,4,80,2021.000000,33,1,Ok,252430.000000,NonMono,16,-224688.000000,16.135016,16,2085.540066,5,[14]=-229816;[15]=-226121;[16]=-224688;[17]=-225515;[18]=-228661
124,RECAL 3 0 9999 9999 64 4 80,0,9999,9999,0,64,4,80,2074.000000,33,1,Ok,115706.000000,NonMono,17,-230999.000000,17.083163,17,2142.332652,7,[14]=-234939;[15]=-232826;[16]=-231511;[17]=-230999;[18]=-231379;[19]=-232581;[20]=-234645
125,RECAL 3 1 9999 2142 64 4 80,1,9999,2142,0,64,4,80,2623.000000,33,1,Ok,265069.000000,NonMono,16,-231016.000000,16.438302,16,2688.753208,17,[8]=-359011;[9]=-330489;[10]=-305512;[11]=-284077;[12]=-266352;[13]=-252124;[14]=-241511;[15]=-234417;[16]=-231016;[17]=-231185;[18]=-234987;[19]=-242484;[20]=-253599;[21]=-268387;[22]=-286715;[23]=-308542;[24]=-333467
126,RECAL 3 0 9999 9999 64 4 80,0,9999,9999,0,64,4,80,-373.000000,33,0,ParabolaNotDownward,2716.000000,Flat,21,-231620.000000,,,,0,
127,RECAL 3 0 9999 9999 200 4 80,0,9999,9999,0,200,4,80,-509.000000,101,1,Ok,29151.000000,NonMono,55,-231621.000000,54.383849,54,-291.464605,45,[33]=-234665;[34]=-234347;[35]=-234072;[36]=-233822;[37]=-233563;[38]=-233329;[39]=-233110;[40]=-232912;[41]=-232724;[42]=-232561;[43]=-232393;[44]=-232264;[45]=-232142;[46]=-232036;[47]=-231937;[48]=-231849;[49]=-231790;[50]=-231753;[51]=-231712;[52]=-231672;[53]=-231637;[54]=-231626;[55]=-231621;[56]=-231639;[57]=-231660;[58]=-231701;[59]=-231737;[60]=-231779;[61]=-231836;[62]=-231893;[63]=-232000;[64]=-232052;[65]=-232137;[66]=-232220;[67]=-232334;[68]=-232397;[69]=-232520;[70]=-232628;[71]=-232732;[72]=-232852;[73]=-232980;[74]=-233091;[75]=-233212;[76]=-233346;[77]=-233472
128,RECAL 3 0 9999 -291 64 4 80,0,9999,-291,0,64,4,80,-355.000000,33,0,ParabolaNotDownward,1576.000000,Flat,15,-231633.000000,,,,0,
129,RECAL 3 1 9999 -291 64 4 80,1,9999,-291,0,64,4,80,2597.000000,33,1,Ok,264414.000000,NonMono,16,-231622.000000,16.329906,16,2662.319623,5,[14]=-241305;[15]=-234596;[16]=-231622;[17]=-232196;[18]=-236354
130,RECAL 3 0 9999 9999 64 4 80,0,9999,9999,0,64,4,80,-461.000000,33,1,Ok,3161.000000,NonMono,16,-225839.000000,15.460792,15,-399.156833,17,[8]=-226513;[9]=-226324;[10]=-226202;[11]=-226067;[12]=-225972;[13]=-225907;[14]=-225872;[15]=-225842;[16]=-225839;[17]=-225857;[18]=-225909;[19]=-225983;[20]=-226040;[21]=-226154;[22]=-226270;[23]=-226397;[24]=-226549
131,RECAL 3 1 9999 -399 64 4 80,1,9999,-399,0,64,4,80,1988.000000,33,1,Ok,252142.000000,NonMono,16,-225845.000000,16.175457,16,2052.701827,5,[14]=-230907;[15]=-227307;[16]=-225845;[17]=-226555;[18]=-229469
132,RECAL 3 0 9999 9999 64 4 80,0,9999,9999,0,64,4,80,-746.000000,33,1,Ok,10069.000000,NonMono,15,-225183.000000,15.197390,15,-685.210439,19,[6]=-228768;[7]=-228020;[8]=-227346;[9]=-226775;[10]=-226307;[11]=-225906;[12]=-225604;[13]=-225368;[14]=-225241;[15]=-225183;[16]=-225215;[17]=-225318;[18]=-225482;[19]=-225743;[20]=-226056;[21]=-226483;[22]=-226915;[23]=-227450;[24]=-228053
133,RECAL 3 1 9999 -685 64 4 80,1,9999,-685,0,64,4,80,1102.000000,33,1,Ok,103293.000000,NonMono,15,-225095.000000,15.367590,15,1163.470359,7,[12]=-228955;[13]=-226994;[14]=-225710;[15]=-225095;[16]=-225193;[17]=-226005;[18]=-227534
134,RECAL 3 0 9999 9999 64 4 80,0,9999,9999,0,64,4,80,-751.000000,33,1,Ok,10863.000000,NonMono,14,-221739.000000,14.483061,14,-693.067758,17,[6]=-224811;[7]=-224108;[8]=-223513;[9]=-223024;[10]=-222585;[11]=-222222;[12]=-221979;[13]=-221816;[14]=-221739;[15]=-221750;[16]=-221831;[17]=-221993;[18]=-222220;[19]=-222526;[20]=-222934;[21]=-223362;[22]=-223884
135,RECAL 3 1 9999 -693 64 4 80,1,9999,-693,0,64,4,80,-1355.000000,33,1,Ok,110753.000000,NonMono,16,-221728.000000,15.596440,16,-1292.614241,7,[13]=-224627;[14]=-222770;[15]=-221818;[16]=-221728;[17]=-222499;[18]=-224125;[19]=-226562
136,RECAL 3 0 9999 9999 64 4 80,0,9999,9999,0,64,4,80,-449.000000,33,1,Ok,3574.000000,NonMono,18,-224475.000000,17.218388,17,-380.126449,17,[10]=-225014;[11]=-224882;[12]=-224770;[13]=-224658;[14]=-224588;[15]=-224530;[16]=-224498;[17]=-224482;[18]=-224475;[19]=-224519;[20]=-224563;[21]=-224618;[22]=-224696;[23]=-224777;[24]=-224881;[25]=-225000;[26]=-225145
137,RECAL 3 1 9999 -380 64 4 80,1,9999,-380,0,64,4,80,-2192.000000,33,1,Ok,264246.000000,NonMono,15,-222738.000000,14.765544,15,-2132.937823,5,[13]=-226354;[14]=-223355;[15]=-222738;[16]=-224472;[17]=-228611
138,RECAL 3 0 9999 9999 64 4 80,0,9999,9999,0,64,4,80,-508.000000,33,1,Ok,4007.000000,NonMono,12,-226013.000000,12.769456,13,-456.922175,17,[4]=-227106;[5]=-226861;[6]=-226635;[7]=-226460;[8]=-226318;[9]=-226210;[10]=-226121;[11]=-226058;[12]=-226013;[13]=-226029;[14]=-226030;[15]=-226082;[16]=-226135;[17]=-226235;[18]=-226347;[19]=-226491;[20]=-226671
139,RECAL 3 1 9999 -457 64 4 80,1,9999,-457,0,64,4,80,-2787.000000,33,1,Ok,272426.000000,NonMono,15,-224054.000000,14.991645,15,-2727.033418,5,[13]=-231598;[14]=-225910;[15]=-224054;[16]=-225970;[17]=-231697
140,RECAL 3 0 9999 9999 64 4 80,0,9999,9999,0,64,4,80,-2251.000000,33,1,Ok,115433.000000,NonMono,15,-229484.000000,14.962252,15,-2191.150993,7,[12]=-233052;[13]=-231040;[14]=-229875;[15]=-229484;[16]=-229920;[17]=-231163;[18]=-233196
141,RECAL 3 1 9999 -2191 64 4 80,1,9999,-2191,0,64,4,80,-2755.000000,33,1,Ok,268854.000000,NonMono,15,-227607.000000,14.979587,15,-2695.081651,5,[13]=-234571;[14]=-229324;[15]=-227607;[16]=-229459;[17]=-234786
142,RECAL 3 0 9999 9999 64 4 80,0,9999,9999,0,64,4,80,-2242.000000,33,1,Ok,113487.000000,NonMono,15,-226542.000000,15.345506,15,-2180.617975,7,[12]=-231136;[13]=-228791;[14]=-227245;[15]=-226542;[16]=-226686;[17]=-227632;[18]=-229405
143,RECAL 3 1 9999 -2181 64 4 80,1,9999,-2181,0,64,4,80,-2152.000000,33,1,Ok,259102.000000,NonMono,15,-225140.000000,14.877633,15,-2092.489469,5,[13]=-229052;[14]=-225991;[15]=-225140;[16]=-226548;[17]=-230214
144,RECAL 3 0 9999 9999 64 4 80,0,9999,9999,0,64,4,80,-2310.000000,33,1,Ok,133503.000000,NonMono,15,-227729.000000,14.678699,15,-2251.285202,7,[12]=-230993;[13]=-228984;[14]=-227892;[15]=-227729;[16]=-228475;[17]=-230111;[18]=-232620
145,RECAL 3 1 9999 -2251 64 4 80,1,9999,-2251,0,64,4,80,-1290.000000,33,1,Ok,100618.000000,NonMono,15,-227614.000000,15.411441,15,-1228.354236,7,[12]=-232167;[13]=-229856;[14]=-228350;[15]=-227614;[16]=-227689;[17]=-228556;[18]=-230188
146,RECAL 3 0 9999 9999 64 4 80,0,9999,9999,0,64,4,80,-2310.000000,33,1,Ok,128109.000000,NonMono,15,-225987.000000,15.005682,15,-2249.977272,7,[12]=-230153;[13]=-227848;[14]=-226470;[15]=-225987;[16]=-226447;[17]=-227797;[18]=-229996
147,RECAL 3 1 9999 -2250 64 4 80,1,9999,-2250,0,64,4,80,1168.000000,33,1,Ok,108835.000000,NonMono,16,-225967.000000,15.548574,16,1230.194297,7,[13]=-228445;[14]=-226836;[15]=-225999;[16]=-225967;[17]=-226726;[18]=-228295;[19]=-230680
148,RECAL 3 0 9999 9999 64 4 80,0,9999,9999,0,64,4,80,-2244.000000,33,1,Ok,112338.000000,NonMono,15,-230482.000000,15.351028,15,-2182.595890,7,[12]=-235022;[13]=-232718;[14]=-231188;[15]=-230482;[16]=-230623;[17]=-231563;[18]=-233284
149,RECAL 3 1 9999 -2183 64 4 80,1,9999,-2183,0,64,4,80,2026.000000,33,1,Ok,254396.000000,NonMono,16,-230441.000000,16.405603,16,2091.622411,5,[14]=-236717;[15]=-232456;[16]=-230441;[17]=-230640;[18]=-233120
150,RECAL 3 0 9999 9999 64 4 80,0,9999,9999,0,64,4,80,-2231.000000,33,1,Ok,102186.000000,NonMono,16,-233891.000000,15.749324,16,-2168.002705,7,[13]=-236803;[14]=-235047;[15]=-234091;[16]=-233891;[17]=-234472;[18]=-235817;[19]=-237934
151,RECAL 3 1 9999 -2168 64 4 80,1,9999,-2168,0,64,4,80,2624.000000,33,1,Ok,262302.000000,NonMono,17,-233354.000000,16.614550,17,2690.458202,17,[9]=-335385;[10]=-310341;[11]=-288944;[12]=-270895;[13]=-256420;[14]=-245403;[15]=-237860;[16]=-233859;[17]=-233354;[18]=-236378;[19]=-243061;[20]=-253229;[21]=-267036;[22]=-284217;[23]=-304919;[24]=-328662;[25]=-355579
152,RECAL 3 0 9999 9999 64 4 80,0,9999,9999,0,64,4,80,2308.000000,33,1,Ok,136550.000000,NonMono,17,-229134.000000,17.371846,17,2377.487382,7,[14]=-234558;[15]=-231823;[16]=-229979;[17]=-229134;[18]=-229254;[19]=-230405;[20]=-232508
153,RECAL 3 1 9999 2377 64 4 80,1,9999,2377,0,64,4,80,-2741.000000,33,1,Ok,272119.000000,NonMono,14,-224172.000000,14.312610,14,-2683.749562,5,[12]=-233485;[13]=-227026;[14]=-224172;[15]=-224807;[16]=-228984
154,RECAL 3 0 9999 9999 64 4 80,0,9999,9999,0,64,4,80,2239.000000,33,1,Ok,126095.000000,NonMono,17,-223447.000000,16.498254,16,2304.993018,7,[14]=-226329;[15]=-224417;[16]=-223449;[17]=-223447;[18]=-224444;[19]=-226424;[20]=-229432
155,RECAL 3 1 9999 2305 64 4 80,1,9999,2305,0,64,4,80,-2138.000000,33,1,Ok,261242.000000,NonMono,15,-221311.000000,14.554587,15,-2079.781654,5,[13]=-223734;[14]=-221414;[15]=-221311;[16]=-223324;[17]=-227472
156,RECAL 3 0 9999 9999 64 4 80,0,9999,9999,0,64,4,80,2239.000000,33,1,Ok,133062.000000,NonMono,16,-222927.000000,16.138096,16,2303.552382,7,[13]=-227720;[14]=-225142;[15]=-223547;[16]=-222927;[17]=-223270;[18]=-224622;[19]=-226960
157,RECAL 3 1 9999 2304 64 4 80,1,9999,2304,0,64,4,80,-1253.000000,33,1,Ok,97952.000000,NonMono,15,-222455.000000,14.851083,15,-1193.595669,7,[12]=-225423;[13]=-223700;[14]=-222717;[15]=-222455;[16]=-222927;[17]=-224109;[18]=-225990
158,RECAL 3 0 9999 9999 64 4 80,0,9999,9999,0,64,4,80,2239.000000,33,1,Ok,131319.000000,NonMono,17,-219176.000000,17.029475,17,2307.117899,7,[14]=-223634;[15]=-221177;[16]=-219694;[17]=-219176;[18]=-219641;[19]=-221078;[20]=-223523
159,RECAL 3 1 9999 2307 64 4 80,1,9999,2307,0,64,4,80,1203.000000,33,1,Ok,112727.000000,NonMono,16,-219157.000000,15.753550,16,1266.014201,7,[13]=-222134;[14]=-220377;[15]=-219365;[16]=-219157;[17]=-219772;[18]=-221185;[19]=-223408
160,RECAL 3 0 9999 9999 64 4 80,0,9999,9999,0,64,4,80,2323.000000,33,1,Ok,144569.000000,NonMono,17,-220711.000000,17.424269,17,2392.697077,7,[14]=-226483;[15]=-223564;[16]=-221640;[17]=-220711;[18]=-220793;[19]=-221874;[20]=-224015
161,RECAL 3 1 9999 2393 64 4 80,1,9999,2393,0,64,4,80,2050.000000,33,1,Ok,263683.000000,NonMono,16,-220607.000000,16.465944,16,2115.863775,5,[14]=-227181;[15]=-222758;[16]=-220607;[17]=-220660;[18]=-223023
162,RECAL 3 0 9999 9999 64 4 80,0,9999,9999,0,64,4,80,2328.000000,33,1,Ok,138964.000000,NonMono,17,-225050.000000,17.451155,17,2397.804621,7,[14]=-230528;[15]=-227756;[16]=-225925;[17]=-225050;[18]=-225071;[19]=-226075;[20]=-228067
163,RECAL 3 1 9999 2398 64 4 80,1,9999,2398,0,64,4,80,2645.000000,33,1,Ok,272289.000000,NonMono,17,-223137.000000,17.015526,17,2713.062104,5,[15]=-230227;[16]=-224948;[17]=-223137;[18]=-224866;[19]=-230232
164,RECAL 3 0 9999 9999 64 4 80,0,9999,9999,0,64,4,80,917.000000,33,1,Ok,20588.000000,NonMono,16,-223170.000000,16.467892,16,982.871569,13,[10]=-226246;[11]=-225380;[12]=-224657;[13]=-224062;[14]=-223627;[15]=-223315;[16]=-223170;[17]=-223176;[18]=-223336;[19]=-223661;[20]=-224151;[21]=-224812;[22]=-225623
165,RECAL 3 1 9999 983 64 4 80,1,9999,983,0,64,4,80,2006.000000,33,1,Ok,261046.000000,NonMono,17,-222921.000000,16.614460,17,2072.457841,5,[15]=-225535;[16]=-223168;[17]=-222921;[18]=-224842;[19]=-228958
166,RECAL 3 0 9999 9999 64 4 80,0,9999,9999,0,64,4,80,951.000000,33,1,Ok,21361.000000,NonMono,16,-224376.000000,15.938594,16,1014.754375,15,[9]=-227962;[10]=-227024;[11]=-226206;[12]=-225545;[13]=-225021;[14]=-224657;[15]=-224440;[16]=-224376;[17]=-224463;[18]=-224718;[19]=-225099;[20]=-225665;[21]=-226401;[22]=-227292;[23]=-228372
167,RECAL 3 1 9999 1015 64 4 80,1,9999,1015,0,64,4,80,2607.000000,33,1,Ok,273389.000000,NonMono,17,-222200.000000,17.108948,17,2675.435791,5,[15]=-229883;[16]=-224316;[17]=-222200;[18]=-223573;[19]=-228524
168,RECAL 3 0 9999 9999 64 4 80,0,9999,9999,0,64,4,80,663.000000,33,1,Ok,12091.000000,NonMono,16,-220999.000000,15.674191,16,725.696766,19,[7]=-223854;[8]=-223241;[9]=-222699;[10]=-222239;[11]=-221850;[12]=-221528;[13]=-221279;[14]=-221121;[15]=-221024;[16]=-220999;[17]=-221067;[18]=-221229;[19]=-221435;[20]=-221787;[21]=-222192;[22]=-222678;[23]=-223272;[24]=-223966;[25]=-224747
169,RECAL 3 1 9999 726 64 4 80,1,9999,726,0,64,4,80,1134.000000,33,1,Ok,108358.000000,NonMono,15,-220869.000000,15.363842,15,1195.455369,7,[12]=-224888;[13]=-222851;[14]=-221514;[15]=-220869;[16]=-220972;[17]=-221836;[18]=-223410
170,RECAL 3 0 9999 9999 64 4 80,0,9999,9999,0,64,4,80,646.000000,33,1,Ok,10655.000000,NonMono,16,-221052.000000,16.356619,16,711.426477,19,[7]=-224200;[8]=-223584;[9]=-223015;[10]=-222530;[11]=-222106;[12]=-221763;[13]=-221468;[14]=-221248;[15]=-221131;[16]=-221052;[17]=-221069;[18]=-221166;[19]=-221329;[20]=-221568;[21]=-221898;[22]=-222322;[23]=-222834;[24]=-223444;[25]=-224131
171,RECAL 3 1 9999 711 64 4 80,1,9999,711,0,64,4,80,-1329.000000,33,1,Ok,118231.000000,NonMono,15,-220408.000000,14.703405,15,-1270.186379,7,[12]=-223261;[13]=-221519;[14]=-220559;[15]=-220408;[16]=-221042;[17]=-222474;[18]=-224733
172,RECAL 3 0 9999 9999 64 4 80,0,9999,9999,0,64,4,80,667.000000,33,1,Ok,12422.000000,NonMono,15,-225570.000000,15.335209,15,728.340834,19,[6]=-228778;[7]=-228147;[8]=-227573;[9]=-227059;[10]=-226646;[11]=-226276;[12]=-225988;[13]=-225776;[14]=-225631;[15]=-225570;[16]=-225572;[17]=-225669;[18]=-225845;[19]=-226108;[20]=-226455;[21]=-226887;[22]=-227416;[23]=-228035;[24]=-228764
173,RECAL 3 1 9999 728 64 4 80,1,9999,728,0,64,4,80,-2177.000000,33,1,Ok,269389.000000,NonMono,14,-220783.000000,13.954768,14,-2121.180930,5,[12]=-225153;[13]=-221833;[14]=-220783;[15]=-222035;[16]=-225533
174,RECAL 3 0 9999 9999 64 4 80,0,9999,9999,0,64,4,80,895.000000,33,1,Ok,22223.000000,NonMono,15,-230882.000000,15.118435,15,955.473741,15,[8]=-234287;[9]=-233440;[10]=-232676;[11]=-232070;[12]=-231590;[13]=-231235;[14]=-230990;[15]=-230882;[16]=-230960;[17]=-231166;[18]=-231512;[19]=-231996;[20]=-232622;[21]=-233413;[22]=-234342
175,RECAL 3 1 9999 955 64 4 80,1,9999,955,0,64,4,80,-2773.000000,33,1,Ok,273402.000000,NonMono,14,-223067.000000,13.936975,14,-2717.252102,5,[12]=-229973;[13]=-224661;[14]=-223067;[15]=-225113;[16]=-230815
176,RECAL 3 0 9999 9999 64 4 80,0,9999,9999,0,64,4,80,-2084.000000,33,1,Ok,98094.000000,NonMono,15,-238336.000000,15.059218,15,-2023.763128,7,[12]=-241519;[13]=-239771;[14]=-238722;[15]=-238336;[16]=-238643;[17]=-239617;[18]=-241305
177,RECAL 3 1 9999 -2024 64 4 80,1,9999,-2024,0,64,4,80,-2769.000000,33,1,Ok,265096.000000,NonMono,14,-231671.000000,14.077294,14,-2712.690826,5,[12]=-239332;[13]=-233714;[14]=-231671;[15]=-233171;[16]=-238309
178,RECAL 3 0 9999 9999 64 4 80,0,9999,9999,0,64,4,80,-2165.000000,33,1,Ok,104342.000000,NonMono,15,-228931.000000,14.993769,15,-2105.024922,7,[12]=-232281;[13]=-230412;[14]=-229308;[15]=-228931;[16]=-229310;[17]=-230432;[18]=-232294
179,RECAL 3 1 9999 -2105 64 4 80,1,9999,-2105,0,64,4,80,-2177.000000,33,1,Ok,263059.000000,NonMono,14,-226142.000000,14.382436,14,-2119.470256,5,[12]=-232348;[13]=-228135;[14]=-226142;[15]=-226417;[16]=-228946
180,RECAL 3 0 9999 9999 64 4 80,0,9999,9999,0,64,4,80,-2163.000000,33,1,Ok,103927.000000,NonMono,15,-229622.000000,14.860313,15,-2103.558747,7,[12]=-232627;[13]=-230893;[14]=-229873;[15]=-229622;[16]=-230073;[17]=-231287;[18]=-233183
181,RECAL 3 1 9999 -2104 64 4 80,1,9999,-2104,0,64,4,80,-1323.000000,33,1,Ok,119196.000000,NonMono,15,-228860.000000,14.526712,15,-1264.893152,7,[12]=-231310;[13]=-229688;[14]=-228880;[15]=-228860;[16]=-229617;[17]=-231155;[18]=-233460
182,RECAL 3 0 9999 9999 64 4 80,0,9999,9999,0,64,4,80,-2159.000000,33,1,Ok,98032.000000,NonMono,15,-229275.000000,15.082075,15,-2098.671702,7,[12]=-232715;[13]=-230837;[14]=-229706;[15]=-229275;[16]=-229582;[17]=-230597;[18]=-232335
183,RECAL 3 1 9999 -2099 64 4 80,1,9999,-2099,0,64,4,80,1132.000000,33,1,Ok,105031.000000,NonMono,16,-229271.000000,15.513685,16,1194.054742,7,[13]=-231455;[14]=-230028;[15]=-229301;[16]=-229271;[17]=-230004;[18]=-231462;[19]=-233643
184,RECAL 3 0 9999 9999 64 4 80,0,9999,9999,0,64,4,80,-2057.000000,33,1,Ok,92207.000000,NonMono,15,-228256.000000,14.614569,15,-1998.541725,7,[12]=-230380;[13]=-229038;[14]=-228311;[15]=-228256;[16]=-228807;[17]=-229986;[18]=-231788
185,RECAL 3 1 9999 -1999 64 4 80,1,9999,-1999,0,64,4,80,2008.000000,33,1,Ok,254405.000000,NonMono,16,-228205.000000,16.486011,16,2073.944046,5,[14]=-234332;[15]=-230260;[16]=-228205;[17]=-228249;[18]=-230381
186,RECAL 3 0 9999 9999 64 4 80,0,9999,9999,0,64,4,80,-2052.000000,33,1,Ok,92204.000000,NonMono,14,-231855.000000,14.268626,14,-1994.925496,7,[11]=-235080;[12]=-233394;[13]=-232326;[14]=-231855;[15]=-231997;[16]=-232742;[17]=-234093
187,RECAL 3 1 9999 -1995 64 4 80,1,9999,-1995,0,64,4,80,2610.000000,33,1,Ok,264457.000000,NonMono,17,-231679.000000,16.498939,16,2675.995757,17,[9]=-326267;[10]=-302500;[11]=-282203;[12]=-265533;[13]=-252217;[14]=-242145;[15]=-235318;[16]=-231830;[17]=-231679;[18]=-234991;[19]=-241843;[20]=-252113;[21]=-266151;[22]=-283781;[23]=-305057;[24]=-329553;[25]=-356770
188,RECAL 3 0 9999 9999 64 4 80,0,9999,9999,0,64,4,80,2293.000000,33,1,Ok,136729.000000,NonMono,16,-242152.000000,15.543961,16,2355.175842,7,[13]=-245100;[14]=-243166;[15]=-242198;[16]=-242152;[17]=-243050;[18]=-244873;[19]=-247645
189,RECAL 3 1 9999 2355 64 4 80,1,9999,2355,0,64,4,80,-2704.000000,33,1,Ok,259059.000000,NonMono,14,-237506.000000,14.375549,14,-2646.497805,17,[6]=-361787;[7]=-334186;[8]=-309905;[9]=-289157;[10]=-271770;[11]=-257921;[12]=-247608;[13]=-240766;[14]=-237506;[15]=-237899;[16]=-242009;[17]=-249827;[18]=-261410;[19]=-276835;[20]=-296036;[21]=-318538;[22]=-344790
190,RECAL 3 0 9999 9999 64 4 80,0,9999,9999,0,64,4,80,2294.000000,33,1,Ok,145474.000000,NonMono,16,-231525.000000,15.565563,16,2356.262252,7,[13]=-234636;[14]=-232629;[15]=-231591;[16]=-231525;[17]=-232454;[18]=-234348;[19]=-237265
191,RECAL 3 1 9999 2356 64 4 80,1,9999,2356,0,64,4,80,-2106.000000,33,1,Ok,257554.000000,NonMono,15,-229904.000000,14.805863,15,-2046.776549,5,[13]=-233427;[14]=-230580;[15]=-229904;[16]=-231433;[17]=-235150
192,RECAL 3 0 9999 9999 64 4 80,0,9999,9999,0,64,4,80,2232.000000,33,1,Ok,141570.000000,NonMono,15,-226800.000000,15.481470,15,2293.925878,7,[12]=-232541;[13]=-229676;[14]=-227752;[15]=-226800;[16]=-226824;[17]=-227817;[18]=-229780
193,RECAL 3 1 9999 2294 64 4 80,1,9999,2294,0,64,4,80,-1238.000000,33,1,Ok,110521.000000,NonMono,14,-225846.000000,14.404960,14,-1180.380161,7,[11]=-230243;[12]=-227974;[13]=-226524;[14]=-225846;[15]=-225898;[16]=-226716;[17]=-228278
194,RECAL 3 0 9999 9999 64 4 80,0,9999,9999,0,64,4,80,2213.000000,33,1,Ok,141261.000000,NonMono,15,-232280.000000,15.368532,15,2274.474128,7,[12]=-237504;[13]=-234822;[14]=-233104;[15]=-232280;[16]=-232390;[17]=-233477;[18]=-235485
195,RECAL 3 1 9999 2274 64 4 80,1,9999,2274,0,64,4,80,1174.000000,33,1,Ok,128110.000000,NonMono,15,-231709.000000,14.919675,15,1233.678700,7,[12]=-235236;[13]=-233250;[14]=-232060;[15]=-231709;[16]=-232208;[17]=-233544;[18]=-235749
196,RECAL 3 0 9999 9999 64 4 80,0,9999,9999,0,64,4,80,2297.000000,33,1,Ok,141742.000000,NonMono,16,-235655.000000,15.545375,16,2359.181500,7,[13]=-238717;[14]=-236725;[15]=-235704;[16]=-235655;[17]=-236598;[18]=-238486;[19]=-241366
197,RECAL 3 1 9999 2359 64 4 80,1,9999,2359,0,64,4,80,2014.000000,33,1,Ok,251961.000000,NonMono,15,-235345.000000,15.382626,15,2075.530505,5,[13]=-241540;[14]=-237304;[15]=-235345;[16]=-235583;[17]=-238136
198,RECAL 3 0 9999 9999 64 4 80,0,9999,9999,0,64,4,80,2300.000000,33,1,Ok,130385.000000,NonMono,15,-237806.000000,15.490438,15,2361.961751,7,[12]=-243154;[13]=-240495;[14]=-238701;[15]=-237806;[16]=-237837;[17]=-238731;[18]=-240547
199,RECAL 3 1 9999 2362 64 4 80,1,9999,2362,0,64,4,80,2605.000000,33,1,Ok,258147.000000,NonMono,16,-237725.000000,16.134585,16,2669.538338,5,[14]=-245678;[15]=-239957;[16]=-237725;[17]=-239024;[18]=-243948
200,RECAL 3 0 9999 9999 64 4 80,0,9999,9999,0,64,4,80,919.000000,33,1,Ok,27681.000000,NonMono,13,-238342.000000,13.364377,13,972.457510,15,[6]=-242064;[7]=-241150;[8]=-240339;[9]=-239663;[10]=-239119;[11]=-238744;[12]=-238476;[13]=-238342;[14]=-238369;[15]=-238526;[16]=-238843;[17]=-239316;[18]=-239906;[19]=-240704;[20]=-241630
201,RECAL 3 1 9999 972 64 4 80,1,9999,972,0,64,4,80,2583.000000,33,1,Ok,258044.000000,NonMono,16,-238319.000000,16.270716,16,2648.082862,5,[14]=-247328;[15]=-241088;[16]=-238319;[17]=-239171;[18]=-243611
202,RECAL 3 0 9999 9999 64 4 80,0,9999,9999,0,64,4,80,900.000000,33,1,Ok,27719.000000,NonMono,14,-234835.000000,13.794274,14,955.177098,13,[8]=-237342;[9]=-236545;[10]=-235900;[11]=-235413;[12]=-235071;[13]=-234867;[14]=-234835;[15]=-234932;[16]=-235192;[17]=-235621;[18]=-236194;[19]=-236935;[20]=-237846
203,RECAL 3 1 9999 955 64 4 80,1,9999,955,0,64,4,80,1989.000000,33,1,Ok,248598.000000,NonMono,16,-234790.000000,15.511902,16,2051.047609,5,[14]=-236985;[15]=-234822;[16]=-234790;[17]=-236973;[18]=-241396
204,RECAL 3 0 9999 9999 64 4 80,0,9999,9999,0,64,4,80,659.000000,33,1,Ok,15920.000000,NonMono,13,-231584.000000,13.441567,13,712.766266,19,[4]=-234958;[5]=-234289;[6]=-233717;[7]=-233182;[8]=-232739;[9]=-232347;[10]=-232051;[11]=-231811;[12]=-231664;[13]=-231584;[14]=-231590;[15]=-231688;[16]=-231840;[17]=-232105;[18]=-232453;[19]=-232873;[20]=-233423;[21]=-234031;[22]=-234742
205,RECAL 3 1 9999 713 64 4 80,1,9999,713,0,64,4,80,1131.000000,33,1,Ok,122389.000000,NonMono,15,-231065.000000,14.854981,15,1190.419922,7,[12]=-234097;[13]=-232372;[14]=-231359;[15]=-231065;[16]=-231592;[17]=-232864;[18]=-234943
206,RECAL 3 0 9999 9999 64 4 80,0,9999,9999,0,64,4,80,716.000000,33,1,Ok,21487.000000,NonMono,12,-228783.000000,12.221033,12,764.884131,17,[4]=-232001;[5]=-231282;[6]=-230643;[7]=-230097;[8]=-229663;[9]=-229317;[10]=-229022;[11]=-228881;[12]=-228783;[13]=-228841;[14]=-228954;[15]=-229184;[16]=-229517;[17]=-229962;[18]=-230497;[19]=-231163;[20]=-231937
207,RECAL 3 1 9999 765 64 4 80,1,9999,765,0,64,4,80,-1280.000000,33,1,Ok,125093.000000,NonMono,14,-227356.000000,14.132424,14,-1223.470303,7,[11]=-231451;[12]=-229250;[13]=-227904;[14]=-227356;[15]=-227675;[16]=-228783;[17]=-230667
208,RECAL 3 0 9999 9999 64 4 80,0,9999,9999,0,64,4,80,897.000000,33,1,Ok,33231.000000,NonMono,12,-231684.000000,12.242578,12,945.970311,15,[5]=-235562;[6]=-234566;[7]=-233719;[8]=-233021;[9]=-232462;[10]=-232056;[11]=-231788;[12]=-231684;[13]=-231726;[14]=-231881;[15]=-232264;[16]=-232768;[17]=-233446;[18]=-234266;[19]=-235270
209,RECAL 3 1 9999 946 64 4 80,1,9999,946,0,64,4,80,-2130.000000,33,1,Ok,259356.000000,NonMono,15,-229886.000000,14.704622,15,-2071.181511,5,[13]=-233032;[14]=-230340;[15]=-229886;[16]=-231661;[17]=-235678
210,RECAL 3 0 9999 9999 64 4 80,0,9999,9999,0,64,4,80,901.000000,33,1,Ok,28128.000000,NonMono,13,-234539.000000,13.196029,13,953.784116,15,[6]=-238115;[7]=-237207;[8]=-236424;[9]=-235772;[10]=-235240;[11]=-234864;[12]=-234629;[13]=-234539;[14]=-234575;[15]=-234770;[16]=-235100;[17]=-235587;[18]=-236224;[19]=-237005;[20]=-237971
211,RECAL 3 1 9999 954 64 4 80,1,9999,954,0,64,4,80,-2722.000000,33,1,Ok,265427.000000,NonMono,15,-231451.000000,14.631753,15,-2663.472986,17,[7]=-334081;[8]=-309062;[9]=-287675;[10]=-269510;[11]=-254856;[12]=-243710;[13]=-236040;[14]=-231968;[15]=-231451;[16]=-234509;[17]=-241318;[18]=-251885;[19]=-266347;[20]=-284625;[21]=-306918;[22]=-332755;[23]=-362038
212,RECAL 3 0 9999 9999 64 4 80,0,9999,9999,0,64,4,80,-2031.000000,33,1,Ok,92622.000000,NonMono,15,-238552.000000,14.754801,15,-1971.980795,7,[12]=-241120;[13]=-239577;[14]=-238744;[15]=-238552;[16]=-239046;[17]=-240198;[18]=-241946
213,RECAL 3 1 9999 -1972 64 4 80,1,9999,-1972,0,64,4,80,-2729.000000,33,1,Ok,261556.000000,NonMono,15,-235160.000000,14.566881,15,-2670.732478,17,[7]=-335012;[8]=-310414;[9]=-289322;[10]=-271589;[11]=-257510;[12]=-246677;[13]=-239295;[14]=-235440;[15]=-235160;[16]=-238536;[17]=-245617;[18]=-256473;[19]=-271343;[20]=-290340;[21]=-313285;[22]=-340232;[23]=-370933
214,RECAL 3 0 9999 9999 64 4 80,0,9999,9999,0,64,4,80,-2028.000000,33,1,Ok,93960.000000,NonMono,15,-234530.000000,14.712185,15,-1969.151260,7,[12]=-237006;[13]=-235498;[14]=-234691;[15]=-234530;[16]=-235066;[17]=-236247;[18]=-238073
215,RECAL 3 1 9999 -1969 64 4 80,1,9999,-1969,0,64,4,80,-2141.000000,33,1,Ok,256619.000000,NonMono,15,-233241.000000,14.932637,15,-2081.269452,5,[13]=-237490;[14]=-234212;[15]=-233241;[16]=-234521;[17]=-238115
216,RECAL 3 0 9999 9999 64 4 80,0,9999,9999,0,64,4,80,-2097.000000,33,1,Ok,98233.000000,NonMono,15,-233247.000000,14.959161,15,-2037.163358,7,[12]=-236238;[13]=-234547;[14]=-233558;[15]=-233247;[16]=-233607;[17]=-234669;[18]=-236418
217,RECAL 3 1 9999 -2037 64 4 80,1,9999,-2037,0,64,4,80,-1299.000000,33,1,Ok,123177.000000,NonMono,15,-232595.000000,14.717406,15,-1240.130375,7,[12]=-235567;[13]=-233773;[14]=-232780;[15]=-232595;[16]=-233251;[17]=-234743;[18]=-237087
218,RECAL 3 0 9999 9999 64 4 80,0,9999,9999,0,64,4,80,-2115.000000,33,1,Ok,107662.000000,NonMono,14,-235852.000000,14.171617,14,-2058.313531,7,[11]=-239407;[12]=-237510;[13]=-236328;[14]=-235852;[15]=-236083;[16]=-237001;[17]=-238580
219,RECAL 3 1 9999 -2058 64 4 80,1,9999,-2058,0,64,4,80,1113.000000,33,1,Ok,119491.000000,NonMono,15,-235356.000000,14.810390,15,1172.241559,7,[12]=-238143;[13]=-236505;[14]=-235564;[15]=-235356;[16]=-235843;[17]=-237095;[18]=-239098
220,RECAL 3 0 9999 9999 64 4 80,0,9999,9999,0,64,4,80,-2023.000000,33,1,Ok,88254.000000,NonMono,15,-237084.000000,14.817292,15,-1963.730830,7,[12]=-239645;[13]=-238149;[14]=-237286;[15]=-237084;[16]=-237529;[17]=-238582;[18]=-240268
221,RECAL 3 1 9999 -1964 64 4 80,1,9999,-1964,0,64,4,80,1978.000000,33,1,Ok,247336.000000,NonMono,15,-236862.000000,15.390500,15,2039.562001,5,[13]=-242744;[14]=-238772;[15]=-236862;[16]=-237119;[17]=-239494
222,RECAL 3 0 9999 9999 64 4 80,0,9999,9999,0,64,4,80,-2023.000000,33,1,Ok,81881.000000,NonMono,15,-239561.000000,15.178361,15,-1962.286555,7,[12]=-242689;[13]=-241032;[14]=-239970;[15]=-239561;[16]=-239759;[17]=-240569;[18]=-241983
223,RECAL 3 1 9999 -1962 64 4 80,1,9999,-1962,0,64,4,80,2576.000000,33,1,Ok,256564.000000,NonMono,16,-239564.000000,15.906100,16,2639.624402,5,[14]=-245938;[15]=-241020;[16]=-239564;[17]=-241701;[18]=-247394
224,RECAL 3 0 9999 9999 64 4 80,0,9999,9999,0,64,4,80,2128.000000,33,1,Ok,115673.000000,NonMono,17,-235871.000000,16.777221,17,2195.108885,7,[14]=-239334;[15]=-237287;[16]=-236110;[17]=-235871;[18]=-236536;[19]=-238138;[20]=-240699
225,RECAL 3 1 9999 2195 64 4 80,1,9999,2195,0,64,4,80,-2760.000000,33,1,Ok,265663.000000,NonMono,14,-231063.000000,14.348954,14,-2702.604183,17,[6]=-355500;[7]=-328066;[8]=-303651;[9]=-282417;[10]=-264867;[11]=-251018;[12]=-240787;[13]=-234100;[14]=-231063;[15]=-231637;[16]=-235788;[17]=-243575;[18]=-254977;[19]=-269765;[20]=-288158;[21]=-309993;[22]=-334963
226,RECAL 3 0 9999 9999 64 4 80,0,9999,9999,0,64,4,80,2135.000000,33,1,Ok,122203.000000,NonMono,16,-235813.000000,16.371317,16,2200.485268,7,[13]=-241111;[14]=-238406;[15]=-236644;[16]=-235813;[17]=-235928;[18]=-237023;[19]=-239052
227,RECAL 3 1 9999 2200 64 4 80,1,9999,2200,0,64,4,80,-2161.000000,33,1,Ok,255456.000000,NonMono,15,-233637.000000,14.549300,15,-2102.802802,5,[13]=-236109;[14]=-233731;[15]=-233637;[16]=-235779;[17]=-240229
228,RECAL 3 0 9999 9999 64 4 80,0,9999,9999,0,64,4,80,2107.000000,33,1,Ok,119907.000000,NonMono,16,-231750.000000,16.433206,16,2172.732825,7,[13]=-237116;[14]=-234386;[15]=-232621;[16]=-231750;[17]=-231818;[18]=-232786;[19]=-234716
229,RECAL 3 1 9999 2173 64 4 80,1,9999,2173,0,64,4,80,-1297.000000,33,1,Ok,110888.000000,NonMono,15,-230956.000000,14.627458,15,-1238.490168,7,[12]=-233691;[13]=-231974;[14]=-231055;[15]=-230956;[16]=-231656;[17]=-233122;[18]=-235373
230,RECAL 3 0 9999 9999 64 4 80,0,9999,9999,0,64,4,80,2122.000000,33,1,Ok,119716.000000,NonMono,17,-225513.000000,16.542236,17,2188.168943,7,[14]=-228474;[15]=-226532;[16]=-225546;[17]=-225513;[18]=-226420;[19]=-228320;[20]=-231193
231,RECAL 3 1 9999 2188 64 4 80,1,9999,2188,0,64,4,80,1158.000000,33,1,Ok,102213.000000,NonMono,16,-225396.000000,15.917884,16,1221.671535,7,[13]=-228737;[14]=-226857;[15]=-225740;[16]=-225396;[17]=-225872;[18]=-227124;[19]=-229158
232,RECAL 3 0 9999 9999 64 4 80,0,9999,9999,0,64,4,80,2111.000000,33,1,Ok,116705.000000,NonMono,17,-226037.000000,16.585400,17,2177.341601,7,[14]=-229032;[15]=-227117;[16]=-226110;[17]=-226037;[18]=-226891;[19]=-228689;[20]=-231450
233,RECAL 3 1 9999 2177 64 4 80,1,9999,2177,0,64,4,80,2026.000000,33,1,Ok,249699.000000,NonMono,16,-225958.000000,15.979410,16,2089.917639,5,[14]=-230437;[15]=-227060;[16]=-225958;[17]=-227155;[18]=-230632
234,RECAL 3 0 9999 9999 64 4 80,0,9999,9999,0,64,4,80,2102.000000,33,1,Ok,115224.000000,NonMono,16,-228037.000000,16.440624,16,2167.762497,7,[13]=-233276;[14]=-230652;[15]=-228895;[16]=-228037;[17]=-228103;[18]=-229070;[19]=-230922
235,RECAL 3 1 9999 2168 64 4 80,1,9999,2168,0,64,4,80,2623.000000,33,1,Ok,268923.000000,NonMono,17,-227339.000000,16.670747,17,2689.682990,5,[15]=-232235;[16]=-227951;[17]=-227339;[18]=-230325;[19]=-236906
236,RECAL 3 0 9999 9999 64 4 80,0,9999,9999,0,64,4,80,187.000000,33,0,ParabolaNotDownward,2249.000000,Flat,10,-228916.000000,,,,0,
237,RECAL 3 0 9999 9999 200 4 80,0,9999,9999,0,200,4,80,51.000000,101,1,Ok,23208.000000,NonMono,44,-228937.000000,44.119925,44,227.479702,33,[28]=-229544;[29]=-229490;[30]=-229409;[31]=-229349;[32]=-229317;[33]=-229253;[34]=-229207;[35]=-229166;[36]=-229121;[37]=-229084;[38]=-229032;[39]=-229018;[40]=-228987;[41]=-228963;[42]=-228960;[43]=-228941;[44]=-228937;[45]=-228937;[46]=-228959;[47]=-228965;[48]=-229000;[49]=-229029;[50]=-229060;[51]=-229113;[52]=-229163;[53]=-229213;[54]=-229313;[55]=-229395;[56]=-229498;[57]=-229595;[58]=-229707;[59]=-229856;[60]=-230004
238,RECAL 3 0 9999 227 64 4 80,0,9999,227,0,64,4,80,163.000000,33,0,ParabolaNotDownward,1073.000000,Flat,16,-228919.000000,,,,0,
239,RECAL 3 1 9999 227 64 4 80,1,9999,227,0,64,4,80,2614.000000,33,1,Ok,268073.000000,NonMono,17,-228080.000000,16.722698,17,2680.890790,5,[15]=-233487;[16]=-228919;[17]=-228080;[18]=-230918;[19]=-237287
240,RECAL 3 0 9999 9999 64 4 80,0,9999,9999,0,64,4,80,241.000000,33,0,ParabolaNotDownward,2651.000000,Flat,13,-228086.000000,,,,0,
241,RECAL 3 0 9999 9999 200 4 80,0,9999,9999,0,200,4,80,105.000000,101,1,Ok,32360.000000,NonMono,47,-228077.000000,47.688743,48,295.754974,43,[26]=-230150;[27]=-229981;[28]=-229839;[29]=-229689;[30]=-229546;[31]=-229400;[32]=-229274;[33]=-229117;[34]=-229011;[35]=-228899;[36]=-228787;[37]=-228655;[38]=-228568;[39]=-228476;[40]=-228403;[41]=-228316;[42]=-228255;[43]=-228190;[44]=-228136;[45]=-228098;[46]=-228090;[47]=-228077;[48]=-228078;[49]=-228080;[50]=-228124;[51]=-228140;[52]=-228178;[53]=-228258;[54]=-228320;[55]=-228438;[56]=-228533;[57]=-228677;[58]=-228820;[59]=-228986;[60]=-229169;[61]=-229376;[62]=-229615;[63]=-229844;[64]=-230127;[65]=-230418;[66]=-230712;[67]=-231060;[68]=-231419
242,RECAL 3 0 9999 296 64 4 80,0,9999,296,0,64,4,80,232.000000,33,0,ParabolaNotDownward,2006.000000,Flat,16,-228049.000000,,,,0,
243,RECAL 3 1 9999 295 64 4 80,1,9999,295,0,64,4,80,2014.000000,33,1,Ok,250580.000000,NonMono,16,-228081.000000,16.188585,16,2078.754338,5,[14]=-233416;[15]=-229613;[16]=-228081;[17]=-228766;[18]=-231742
244,RECAL 3 0 9999 9999 64 4 80,0,9999,9999,0,64,4,80,323.000000,33,1,Ok,6058.000000,NonMono,11,-225538.000000,10.362186,10,364.448743,17,[3]=-226050;[4]=-225914;[5]=-225818;[6]=-225721;[7]=-225654;[8]=-225609;[9]=-225567;[10]=-225546;[11]=-225538;[12]=-225552;[13]=-225620;[14]=-225680;[15]=-225792;[16]=-225882;[17]=-226020;[18]=-226182;[19]=-226374
245,RECAL 3 1 9999 364 64 4 80,1,9999,364,0,64,4,80,1138.000000,33,1,Ok,100645.000000,NonMono,16,-225519.000000,15.806870,16,1201.227479,7,[13]=-228503;[14]=-226740;[15]=-225752;[16]=-225519;[17]=-226047;[18]=-227352;[19]=-229446
246,RECAL 3 0 9999 9999 64 4 80,0,9999,9999,0,64,4,80,214.000000,33,1,Ok,3021.000000,NonMono,11,-227005.000000,10.649914,11,256.599657,17,[3]=-227285;[4]=-227222;[5]=-227174;[6]=-227123;[7]=-227079;[8]=-227037;[9]=-227033;[10]=-227036;[11]=-227005;[12]=-227015;[13]=-227043;[14]=-227081;[15]=-227132;[16]=-227160;[17]=-227227;[18]=-227299;[19]=-227400
247,RECAL 3 1 9999 257 64 4 80,1,9999,257,0,64,4,80,-1325.000000,33,1,Ok,108203.000000,NonMono,16,-227021.000000,16.079239,16,-1260.683044,7,[13]=-230996;[14]=-228828;[15]=-227496;[16]=-227021;[17]=-227362;[18]=-228540;[19]=-230520
248,RECAL 3 0 9999 9999 64 4 80,0,9999,9999,0,64,4,80,413.000000,33,1,Ok,8226.000000,NonMono,11,-227686.000000,11.250962,11,458.003848,17,[3]=-228642;[4]=-228419;[5]=-228242;[6]=-228087;[7]=-227944;[8]=-227837;[9]=-227765;[10]=-227714;[11]=-227686;[12]=-227693;[13]=-227729;[14]=-227799;[15]=-227907;[16]=-228040;[17]=-228242;[18]=-228449;[19]=-228690
249,RECAL 3 1 9999 458 64 4 80,1,9999,458,0,64,4,80,-2175.000000,33,1,Ok,260734.000000,NonMono,15,-226377.000000,14.937981,15,-2115.248076,5,[13]=-230684;[14]=-227356;[15]=-226377;[16]=-227646;[17]=-231284
250,RECAL 3 0 9999 9999 64 4 80,0,9999,9999,0,64,4,80,368.000000,33,1,Ok,5751.000000,NonMono,11,-233005.000000,11.613550,12,414.454199,17,[3]=-233775;[4]=-233614;[5]=-233471;[6]=-233337;[7]=-233245;[8]=-233156;[9]=-233092;[10]=-233043;[11]=-233005;[12]=-233019;[13]=-233035;[14]=-233072;[15]=-233158;[16]=-233243;[17]=-233349;[18]=-233503;[19]=-233686
251,RECAL 3 1 9999 414 64 4 80,1,9999,414,0,64,4,80,-2771.000000,33,1,Ok,266412.000000,NonMono,15,-230017.000000,14.695397,15,-2712.218411,5,[13]=-235140;[14]=-230735;[15]=-230017;[16]=-232985;[17]=-239654
252,RECAL 3 0 9999 9999 64 4 80,0,9999,9999,0,64,4,80,-2179.000000,33,1,Ok,127186.000000,NonMono,14,-240549.000000,14.343935,14,-2121.624259,7,[11]=-245131;[12]=-242763;[13]=-241241;[14]=-240549;[15]=-240664;[16]=-241619;[17]=-243361
253,RECAL 3 1 9999 -2122 64 4 80,1,9999,-2122,0,64,4,80,-2742.000000,33,1,Ok,261951.000000,NonMono,14,-234744.000000,14.204932,14,-2685.180271,5,[12]=-243327;[13]=-237266;[14]=-234744;[15]=-235809;[16]=-240481
254,RECAL 3 0 9999 9999 64 4 80,0,9999,9999,0,64,4,80,-2171.000000,33,1,Ok,130560.000000,NonMono,14,-233670.000000,14.175718,14,-2114.297129,7,[11]=-237863;[12]=-235629;[13]=-234222;[14]=-233670;[15]=-233948;[16]=-235030;[17]=-237000
255,RECAL 3 1 9999 -2114 64 4 80,1,9999,-2114,0,64,4,80,-2141.000000,33,1,Ok,255869.000000,NonMono,15,-231883.000000,14.678545,15,-2082.285819,5,[13]=-234892;[14]=-232280;[15]=-231883;[16]=-233685;[17]=-237653
256,RECAL 3 0 9999 9999 64 4 80,0,9999,9999,0,64,4,80,-2197.000000,33,1,Ok,145931.000000,NonMono,14,-231602.000000,13.559323,14,-2142.762707,7,[11]=-234294;[12]=-232556;[13]=-231676;[14]=-231602;[15]=-232434;[16]=-234088;[17]=-236647
257,RECAL 3 1 9999 -2143 64 4 80,1,9999,-2143,0,64,4,80,-1263.000000,33,1,Ok,105519.000000,NonMono,14,-230668.000000,14.439891,14,-1205.240434,7,[11]=-234992;[12]=-232826;[13]=-231379;[14]=-230668;[15]=-230727;[16]=-231524;[17]=-233076
258,RECAL 3 0 9999 9999 64 4 80,0,9999,9999,0,64,4,80,-2185.000000,33,1,Ok,123244.000000,NonMono,15,-228840.000000,14.773813,15,-2125.904750,7,[12]=-232132;[13]=-230177;[14]=-229068;[15]=-228840;[16]=-229455;[17]=-230922;[18]=-233211
259,RECAL 3 1 9999 -2126 64 4 80,1,9999,-2126,0,64,4,80,1192.000000,33,1,Ok,109061.000000,NonMono,16,-228821.000000,15.580558,16,1254.322233,7,[13]=-231422;[14]=-229749;[15]=-228893;[16]=-228821;[17]=-229564;[18]=-231129;[19]=-233510
260,RECAL 3 0 9999 9999 64 4 80,0,9999,9999,0,64,4,80,-2192.000000,33,1,Ok,134718.000000,NonMono,14,-230220.000000,14.041996,14,-2135.832017,7,[11]=-234081;[12]=-231972;[13]=-230684;[14]=-230220;[15]=-230611;[16]=-231864;[17]=-233966
261,RECAL 3 1 9999 -2136 64 4 80,1,9999,-2136,0,64,4,80,2044.000000,33,1,Ok,251800.000000,NonMono,16,-230227.000000,16.148890,16,2108.595559,5,[14]=-235458;[15]=-231703;[16]=-230227;[17]=-231025;[18]=-234102
262,RECAL 3 0 9999 9999 64 4 80,0,9999,9999,0,64,4,80,-2202.000000,33,1,Ok,130952.000000,NonMono,14,-230457.000000,14.185004,14,-2145.259986,7,[11]=-234609;[12]=-232423;[13]=-231026;[14]=-230457;[15]=-230725;[16]=-231830;[17]=-233767
263,RECAL 3 1 9999 -2145 64 4 80,1,9999,-2145,0,64,4,80,2637.000000,33,1,Ok,265656.000000,NonMono,16,-230435.000000,16.504269,17,2703.017075,17,[8]=-363842;[9]=-334299;[10]=-308347;[11]=-285946;[12]=-267380;[13]=-252687;[14]=-241544;[15]=-234125;[16]=-230435;[17]=-230447;[18]=-234088;[19]=-241321;[20]=-252032;[21]=-266122;[22]=-283626;[23]=-304348;[24]=-327714
264,RECAL 3 0 9999 9999 64 4 80,0,9999,9999,0,64,4,80,2229.000000,33,1,Ok,92291.000000,NonMono,17,-230813.000000,17.274358,17,2298.097431,7,[14]=-234265;[15]=-232488;[16]=-231331;[17]=-230813;[18]=-230973;[19]=-231801;[20]=-233308
265,RECAL 3 1 9999 2298 64 4 80,1,9999,2298,0,64,4,80,-2923.000000,33,1,Ok,268423.000000,NonMono,15,-227680.000000,14.534583,15,-2864.861668,17,[7]=-314078;[8]=-293299;[9]=-275042;[10]=-259601;[11]=-247177;[12]=-237607;[13]=-231131;[14]=-227799;[15]=-227680;[16]=-230747;[17]=-236995;[18]=-246413;[19]=-259012;[20]=-274636;[21]=-293413;[22]=-315070;[23]=-339702
266,RECAL 3 0 9999 9999 64 4 80,0,9999,9999,0,64,4,80,2152.000000,33,1,Ok,83566.000000,NonMono,17,-227000.000000,16.738497,17,2218.953988,7,[14]=-229329;[15]=-227928;[16]=-227145;[17]=-227000;[18]=-227485;[19]=-228584;[20]=-230338
267,RECAL 3 1 9999 2219 64 4 80,1,9999,2219,0,64,4,80,-2291.000000,33,1,Ok,242706.000000,NonMono,15,-226787.000000,15.407730,15,-2229.369079,5,[13]=-232333;[14]=-228584;[15]=-226787;[16]=-226977;[17]=-229139
268,RECAL 3 0 9999 9999 64 4 80,0,9999,9999,0,64,4,80,2262.000000,33,1,Ok,93567.000000,NonMono,17,-225059.000000,16.702737,17,2328.810948,7,[14]=-227664;[15]=-226076;[16]=-225223;[17]=-225059;[18]=-225642;[19]=-226936;[20]=-228940
269,RECAL 3 1 9999 2329 64 4 80,1,9999,2329,0,64,4,80,-1377.000000,33,1,Ok,91576.000000,NonMono,16,-225055.000000,16.083021,16,-1312.667915,7,[13]=-228373;[14]=-226546;[15]=-225442;[16]=-225055;[17]=-225322;[18]=-226273;[19]=-227875
270,RECAL 3 0 9999 9999 64 4 80,0,9999,9999,0,64,4,80,2174.000000,33,1,Ok,86661.000000,NonMono,17,-226691.000000,16.841917,17,2241.367667,7,[14]=-229286;[15]=-227772;[16]=-226915;[17]=-226691;[18]=-227114;[19]=-228204;[20]=-229949
271,RECAL 3 1 9999 2241 64 4 80,1,9999,2241,0,64,4,80,1227.000000,33,1,Ok,98569.000000,NonMono,18,-225844.000000,17.634025,18,1297.536100,7,[15]=-228106;[16]=-226691;[17]=-225936;[18]=-225844;[19]=-226434;[20]=-227658;[21]=-229577
272,RECAL 3 0 9999 9999 64 4 80,0,9999,9999,0,64,4,80,2280.000000,33,1,Ok,99393.000000,NonMono,17,-230521.000000,17.210706,17,2348.842822,7,[14]=-234093;[15]=-232234;[16]=-230996;[17]=-230521;[18]=-230709;[19]=-231659;[20]=-233298
273,RECAL 3 1 9999 2349 64 4 80,1,9999,2349,0,64,4,80,2151.000000,33,1,Ok,260057.000000,NonMono,18,-226604.000000,17.980297,18,2222.921189,5,[16]=-230480;[17]=-227547;[18]=-226604;[19]=-227621;[20]=-230606
274,RECAL 3 0 9999 9999 64 4 80,0,9999,9999,0,64,4,80,2294.000000,33,1,Ok,95090.000000,NonMono,17,-236422.000000,17.070404,17,2362.281616,7,[14]=-239645;[15]=-237882;[16]=-236802;[17]=-236422;[18]=-236703;[19]=-237706;[20]=-239406
275,RECAL 3 1 9999 2362 64 4 80,1,9999,2362,0,64,4,80,2790.000000,33,1,Ok,267059.000000,NonMono,18,-229025.000000,18.147746,18,2862.590984,5,[16]=-236399;[17]=-231101;[18]=-229025;[19]=-230149;[20]=-234457
276,RECAL 3 0 9999 9999 64 4 80,0,9999,9999,0,64,4,80,-202.000000,33,0,ParabolaNotDownward,504.000000,Flat,1,-245759.000000,,,,0,
277,RECAL 3 0 9999 9999 200 4 80,0,9999,9999,0,200,4,80,-338.000000,101,1,Ok,3984.000000,NonMono,36,-245766.000000,38.729823,39,-183.080709,33,[20]=-246448;[21]=-246355;[22]=-246285;[23]=-246204;[24]=-246159;[25]=-246102;[26]=-246043;[27]=-245997;[28]=-245956;[29]=-245910;[30]=-245889;[31]=-245859;[32]=-245851;[33]=-245807;[34]=-245792;[35]=-245783;[36]=-245766;[37]=-245766;[38]=-245770;[39]=-245767;[40]=-245771;[41]=-245778;[42]=-245770;[43]=-245799;[44]=-245780;[45]=-245801;[46]=-245810;[47]=-245838;[48]=-245867;[49]=-245881;[50]=-245894;[51]=-245928;[52]=-245946
278,RECAL 3 0 9999 -183 64 4 80,0,9999,-183,0,64,4,80,-247.000000,33,0,ParabolaNotDownward,468.000000,Flat,16,-245781.000000,,,,0,
279,RECAL 3 1 9999 -183 64 4 80,1,9999,-183,0,64,4,80,2755.000000,33,1,Ok,257859.000000,NonMono,18,-238688.000000,18.167186,18,2827.668746,5,[16]=-245793;[17]=-240726;[18]=-238688;[19]=-239708;[20]=-243739
280,RECAL 3 0 9999 9999 64 4 80,0,9999,9999,0,64,4,80,-354.000000,33,0,ParabolaNotDownward,2335.000000,Flat,5,-235289.000000,,,,0,
281,RECAL 3 0 9999 9999 200 4 80,0,9999,9999,0,200,4,80,-490.000000,101,1,Ok,11923.000000,NonMono,40,-235318.000000,40.024060,40,-329.903761,45,[18]=-238326;[19]=-238011;[20]=-237742;[21]=-237469;[22]=-237228;[23]=-237011;[24]=-236806;[25]=-236631;[26]=-236448;[27]=-236278;[28]=-236126;[29]=-236001;[30]=-235860;[31]=-235772;[32]=-235666;[33]=-235587;[34]=-235510;[35]=-235442;[36]=-235437;[37]=-235380;[38]=-235361;[39]=-235334;[40]=-235318;[41]=-235328;[42]=-235341;[43]=-235359;[44]=-235384;[45]=-235437;[46]=-235477;[47]=-235548;[48]=-235595;[49]=-235668;[50]=-235751;[51]=-235842;[52]=-235925;[53]=-236050;[54]=-236125;[55]=-236248;[56]=-236361;[57]=-236461;[58]=-236575;[59]=-236704;[60]=-236840;[61]=-236963;[62]=-237104
282,RECAL 3 0 9999 -330 64 4 80,0,9999,-330,0,64,4,80,-394.000000,33,0,ParabolaNotDownward,1502.000000,Flat,16,-235303.000000,,,,0,
283,RECAL 3 1 9999 -330 64 4 80,1,9999,-330,0,64,4,80,2106.000000,33,1,Ok,253012.000000,NonMono,18,-232227.000000,17.860133,18,2177.440530,5,[16]=-235350;[17]=-232877;[18]=-232227;[19]=-233365;[20]=-236251
284,RECAL 3 0 9999 9999 64 4 80,0,9999,9999,0,64,4,80,-865.000000,33,1,Ok,10119.000000,NonMono,14,-232463.000000,14.355356,14,-807.578578,19,[5]=-235725;[6]=-235043;[7]=-234448;[8]=-233938;[9]=-233534;[10]=-233167;[11]=-232865;[12]=-232650;[13]=-232517;[14]=-232463;[15]=-232471;[16]=-232573;[17]=-232716;[18]=-232932;[19]=-233216;[20]=-233561;[21]=-233982;[22]=-234461;[23]=-235022
285,RECAL 3 1 9999 -808 64 4 80,1,9999,-808,0,64,4,80,1147.000000,33,1,Ok,84449.000000,NonMono,18,-231559.000000,17.822541,18,1218.290162,9,[14]=-235636;[15]=-233790;[16]=-232494;[17]=-231750;[18]=-231559;[19]=-231970;[20]=-232910;[21]=-234419;[22]=-236547
286,RECAL 3 0 9999 9999 64 4 80,0,9999,9999,0,64,4,80,-513.000000,33,1,Ok,3313.000000,NonMono,13,-229648.000000,12.520458,13,-462.918166,17,[5]=-230262;[6]=-230107;[7]=-229980;[8]=-229874;[9]=-229799;[10]=-229726;[11]=-229678;[12]=-229660;[13]=-229648;[14]=-229685;[15]=-229720;[16]=-229778;[17]=-229854;[18]=-229954;[19]=-230095;[20]=-230222;[21]=-230355
287,RECAL 3 1 9999 -463 64 4 80,1,9999,-463,0,64,4,80,-1456.000000,33,1,Ok,103006.000000,NonMono,17,-229638.000000,16.527824,17,-1389.888704,7,[14]=-231957;[15]=-230434;[16]=-229664;[17]=-229638;[18]=-230351;[19]=-231802;[20]=-233941
288,RECAL 3 0 9999 9999 64 4 80,0,9999,9999,0,64,4,80,-936.000000,33,1,Ok,11605.000000,NonMono,14,-232907.000000,14.376832,14,-878.492673,19,[5]=-236548;[6]=-235789;[7]=-235130;[8]=-234557;[9]=-234076;[10]=-233691;[11]=-233339;[12]=-233133;[13]=-232973;[14]=-232907;[15]=-232919;[16]=-232986;[17]=-233170;[18]=-233413;[19]=-233728;[20]=-234141;[21]=-234620;[22]=-235165;[23]=-235786
289,RECAL 3 1 9999 -878 64 4 80,1,9999,-878,0,64,4,80,-2332.000000,33,1,Ok,251461.000000,NonMono,15,-231339.000000,14.723242,15,-2273.107030,5,[13]=-234146;[14]=-231785;[15]=-231339;[16]=-232867;[17]=-236338
290,RECAL 3 0 9999 9999 64 4 80,0,9999,9999,0,64,4,80,-676.000000,33,1,Ok,6364.000000,NonMono,11,-235134.000000,10.975000,11,-632.100002,17,[3]=-236247;[4]=-235967;[5]=-235757;[6]=-235560;[7]=-235395;[8]=-235278;[9]=-235191;[10]=-235160;[11]=-235134;[12]=-235143;[13]=-235192;[14]=-235290;[15]=-235376;[16]=-235537;[17]=-235695;[18]=-235903;[19]=-236113
291,RECAL 3 1 9999 -632 64 4 80,1,9999,-632,0,64,4,80,-2958.000000,33,1,Ok,263887.000000,NonMono,15,-232273.000000,14.614515,15,-2899.541942,5,[13]=-236075;[14]=-232617;[15]=-232273;[16]=-235060;[17]=-241078
292,RECAL 3 0 9999 9999 64 4 80,0,9999,9999,0,64,4,80,-2497.000000,33,1,Ok,100553.000000,NonMono,14,-241936.000000,13.720681,14,-2442.117275,7,[11]=-244150;[12]=-242795;[13]=-242068;[14]=-241936;[15]=-242405;[16]=-243437;[17]=-245085
293,RECAL 3 1 9999 -2442 64 4 80,1,9999,-2442,0,64,4,80,-2925.000000,33,1,Ok,256820.000000,NonMono,15,-239465.000000,14.674128,15,-2866.303488,5,[13]=-243440;[14]=-239983;[15]=-239465;[16]=-241890;[17]=-247222
294,RECAL 3 0 9999 9999 64 4 80,0,9999,9999,0,64,4,80,-2568.000000,33,1,Ok,112411.000000,NonMono,14,-237572.000000,13.757807,14,-2512.968774,7,[11]=-240092;[12]=-238588;[13]=-237737;[14]=-237572;[15]=-238069;[16]=-239273;[17]=-241168
295,RECAL 3 1 9999 -2513 64 4 80,1,9999,-2513,0,64,4,80,-2290.000000,33,1,Ok,233149.000000,NonMono,15,-236466.000000,14.896338,15,-2230.414649,5,[13]=-239689;[14]=-237185;[15]=-236466;[16]=-237552;[17]=-240401
296,RECAL 3 0 9999 9999 64 4 80,0,9999,9999,0,64,4,80,-2466.000000,33,1,Ok,103909.000000,NonMono,14,-234360.000000,13.892965,14,-2410.428142,7,[11]=-236986;[12]=-235486;[13]=-234619;[14]=-234360;[15]=-234751;[16]=-235762;[17]=-237404
297,RECAL 3 1 9999 -2410 64 4 80,1,9999,-2410,0,64,4,80,-1379.000000,33,1,Ok,79695.000000,NonMono,16,-234358.000000,15.760144,16,-1315.959424,7,[13]=-236753;[14]=-235326;[15]=-234507;[16]=-234358;[17]=-234819;[18]=-235880;[19]=-237551
298,RECAL 3 0 9999 9999 64 4 80,0,9999,9999,0,64,4,80,-2541.000000,33,1,Ok,127046.000000,NonMono,13,-236377.000000,12.759027,13,-2489.963890,7,[10]=-238944;[11]=-237427;[12]=-236575;[13]=-236377;[14]=-236894;[15]=-238109;[16]=-239978
299,RECAL 3 1 9999 -2490 64 4 80,1,9999,-2490,0,64,4,80,1221.000000,33,1,Ok,91404.000000,NonMono,18,-235235.000000,17.952129,18,1292.808515,9,[14]=-239863;[15]=-237839;[16]=-236362;[17]=-235501;[18]=-235235;[19]=-235560;[20]=-236491;[21]=-238054;[22]=-240197
300,RECAL 3 0 9999 9999 64 4 80,0,9999,9999,0,64,4,80,-2443.000000,33,1,Ok,104205.000000,NonMono,14,-238412.000000,13.748900,14,-2388.004402,7,[11]=-240750;[12]=-239335;[13]=-238549;[14]=-238412;[15]=-238868;[16]=-239965;[17]=-241704
301,RECAL 3 1 9999 -2388 64 4 80,1,9999,-2388,0,64,4,80,2150.000000,33,1,Ok,246748.000000,NonMono,17,-236604.000000,17.456924,17,2219.827695,5,[15]=-242006;[16]=-238376;[17]=-236604;[18]=-236685;[19]=-238599
302,RECAL 3 0 9999 9999 64 4 80,0,9999,9999,0,64,4,80,-2427.000000,33,1,Ok,104234.000000,NonMono,13,-244801.000000,13.498365,13,-2373.006539,7,[10]=-248437;[11]=-246608;[12]=-245406;[13]=-244801;[14]=-244811;[15]=-245391;[16]=-246587
303,RECAL 3 1 9999 -2373 64 4 80,1,9999,-2373,0,64,4,80,2787.000000,33,1,Ok,258341.000000,NonMono,18,-237954.000000,18.102648,18,2859.410592,5,[16]=-244697;[17]=-239789;[18]=-237954;[19]=-239145;[20]=-243241
304,RECAL 3 0 9999 9999 64 4 80,0,9999,9999,0,64,4,80,2403.000000,33,1,Ok,101439.000000,NonMono,17,-233881.000000,16.971583,17,2470.886331,7,[14]=-237235;[15]=-235349;[16]=-234210;[17]=-233881;[18]=-234270;[19]=-235424;[20]=-237373
305,RECAL 3 1 9999 2471 64 4 80,1,9999,2471,0,64,4,80,-2915.000000,33,1,Ok,267376.000000,NonMono,14,-228869.000000,14.257536,14,-2857.969857,5,[12]=-236937;[13]=-231333;[14]=-228869;[15]=-229683;[16]=-233799
306,RECAL 3 0 9999 9999 64 4 80,0,9999,9999,0,64,4,80,2396.000000,33,1,Ok,106782.000000,NonMono,16,-228810.000000,15.933423,16,2459.733693,7,[13]=-232125;[14]=-230254;[15]=-229140;[16]=-228810;[17]=-229241;[18]=-230497;[19]=-232534
307,RECAL 3 1 9999 2460 64 4 80,1,9999,2460,0,64,4,80,-2272.000000,33,1,Ok,257615.000000,NonMono,14,-225953.000000,14.289325,14,-2214.842702,5,[12]=-231201;[13]=-227556;[14]=-225953;[15]=-226379;[16]=-228813
308,RECAL 3 0 9999 9999 64 4 80,0,9999,9999,0,64,4,80,2289.000000,33,1,Ok,90746.000000,NonMono,17,-224967.000000,16.568821,17,2355.275283,7,[14]=-227222;[15]=-225770;[16]=-225017;[17]=-224967;[18]=-225628;[19]=-227002;[20]=-229090
309,RECAL 3 1 9999 2355 64 4 80,1,9999,2355,0,64,4,80,-1341.000000,33,1,Ok,96952.000000,NonMono,15,-224328.000000,14.623222,15,-1282.507111,7,[12]=-226604;[13]=-225164;[14]=-224416;[15]=-224328;[16]=-224911;[17]=-226185;[18]=-228111
310,RECAL 3 0 9999 9999 64 4 80,0,9999,9999,0,64,4,80,2373.000000,33,1,Ok,101627.000000,NonMono,16,-223981.000000,16.236813,16,2437.947252,7,[13]=-227941;[14]=-225858;[15]=-224546;[16]=-223981;[17]=-224184;[18]=-225152;[19]=-226917
311,RECAL 3 1 9999 2438 64 4 80,1,9999,2438,0,64,4,80,1258.000000,33,1,Ok,93777.000000,NonMono,16,-223972.000000,16.223792,16,1322.895166,7,[13]=-227737;[14]=-225746;[15]=-224519;[16]=-223972;[17]=-224171;[18]=-225128;[19]=-226822
312,RECAL 3 0 9999 9999 64 4 80,0,9999,9999,0,64,4,80,2355.000000,33,1,Ok,99529.000000,NonMono,16,-226814.000000,16.278887,16,2420.115546,7,[13]=-230807;[14]=-228732;[15]=-227406;[16]=-226814;[17]=-226971;[18]=-227924;[19]=-229617
313,RECAL 3 1 9999 2420 64 4 80,1,9999,2420,0,64,4,80,2169.000000,33,1,Ok,251430.000000,NonMono,17,-226270.000000,16.755953,17,2236.023810,5,[15]=-229404;[16]=-226804;[17]=-226270;[18]=-227819;[19]=-231445
314,RECAL 3 0 9999 9999 64 4 80,0,9999,9999,0,64,4,80,2341.000000,33,1,Ok,94623.000000,NonMono,16,-229649.000000,16.469786,16,2406.879142,7,[13]=-233925;[14]=-231799;[15]=-230375;[16]=-229649;[17]=-229692;[18]=-230453;[19]=-231979
315,RECAL 3 1 9999 2407 64 4 80,1,9999,2407,0,64,4,80,2805.000000,33,1,Ok,269828.000000,NonMono,17,-226319.000000,17.460148,17,2874.840592,17,[9]=-347858;[10]=-320900;[11]=-297190;[12]=-276697;[13]=-259754;[14]=-246230;[15]=-236173;[16]=-229569;[17]=-226319;[18]=-226495;[19]=-229946;[20]=-236706;[21]=-246779;[22]=-260031;[23]=-276388;[24]=-295678;[25]=-317553
316,RECAL 3 0 9999 9999 64 4 80,0,9999,9999,0,64,4,80,-157.000000,33,0,ParabolaNotDownward,170.000000,Flat,9,-234517.000000,,,,0,
317,RECAL 3 0 9999 9999 200 4 80,0,9999,9999,0,200,4,80,-293.000000,101,1,Ok,3048.000000,NonMono,42,-234509.000000,41.532325,42,-126.870702,33,[26]=-234776;[27]=-234723;[28]=-234695;[29]=-234678;[30]=-234641;[31]=-234635;[32]=-234606;[33]=-234582;[34]=-234563;[35]=-234561;[36]=-234534;[37]=-234551;[38]=-234530;[39]=-234541;[40]=-234537;[41]=-234530;[42]=-234509;[43]=-234519;[44]=-234518;[45]=-234536;[46]=-234545;[47]=-234551;[48]=-234553;[49]=-234556;[50]=-234567;[51]=-234575;[52]=-234577;[53]=-234585;[54]=-234604;[55]=-234601;[56]=-234620;[57]=-234632;[58]=-234653
318,RECAL 3 0 9999 -127 64 4 80,0,9999,-127,0,64,4,80,-191.000000,33,0,ParabolaNotDownward,290.000000,Flat,16,-234501.000000,,,,0,
319,RECAL 3 1 9999 -134 64 4 80,1,9999,-134,0,64,4,80,2834.000000,33,1,Ok,265751.000000,NonMono,18,-230704.000000,17.544507,18,2904.178029,17,[10]=-329039;[11]=-304538;[12]=-283674;[13]=-266185;[14]=-252159;[15]=-241645;[16]=-234536;[17]=-230932;[18]=-230704;[19]=-233858;[20]=-240298;[21]=-249867;[22]=-262603;[23]=-278358;[24]=-296899;[25]=-317960;[26]=-341274
320,RECAL 3 0 9999 9999 64 4 80,0,9999,9999,0,64,4,80,217.000000,33,0,ParabolaNotDownward,2405.000000,Flat,8,-230822.000000,,,,0,
321,RECAL 3 0 9999 9999 200 4 80,0,9999,9999,0,200,4,80,81.000000,101,1,Ok,21369.000000,NonMono,41,-230852.000000,41.925090,42,248.700359,33,[25]=-231486;[26]=-231425;[27]=-231371;[28]=-231305;[29]=-231244;[30]=-231193;[31]=-231161;[32]=-231131;[33]=-231083;[34]=-231029;[35]=-230989;[36]=-230961;[37]=-230922;[38]=-230916;[39]=-230886;[40]=-230873;[41]=-230852;[42]=-230853;[43]=-230860;[44]=-230862;[45]=-230892;[46]=-230920;[47]=-230953;[48]=-230984;[49]=-231033;[50]=-231072;[51]=-231159;[52]=-231221;[53]=-231301;[54]=-231389;[55]=-231481;[56]=-231586;[57]=-231697
322,RECAL 3 0 9999 249 64 4 80,0,9999,249,0,64,4,80,185.000000,33,0,ParabolaNotDownward,949.000000,Flat,15,-230865.000000,,,,0,
323,RECAL 3 1 9999 248 64 4 80,1,9999,248,0,64,4,80,2207.000000,33,1,Ok,256306.000000,NonMono,17,-229917.000000,16.949552,17,2274.798206,5,[15]=-233978;[16]=-230857;[17]=-229917;[18]=-231060;[19]=-234318
324,RECAL 3 0 9999 9999 64 4 80,0,9999,9999,0,64,4,80,391.000000,33,0,ParabolaNotDownward,6892.000000,NonMono,7,-229734.000000,,,,17,[-1]=-1.29175e-231;[0]=-230193;[1]=-230097;[2]=-230007;[3]=-229918;[4]=-229854;[5]=-229796;[6]=-229758;[7]=-229734;[8]=-229754;[9]=-229792;[10]=-229824;[11]=-229880;[12]=-229969;[13]=-230065;[14]=-230180;[15]=-230331
325,RECAL 3 0 9999 9999 200 4 80,0,9999,9999,0,200,4,80,255.000000,101,1,Ok,53482.000000,NonMono,41,-229746.000000,41.272268,41,420.089071,37,[23]=-232173;[24]=-231936;[25]=-231713;[26]=-231502;[27]=-231293;[28]=-231095;[29]=-230908;[30]=-230751;[31]=-230596;[32]=-230444;[33]=-230297;[34]=-230178;[35]=-230072;[36]=-229999;[37]=-229913;[38]=-229858;[39]=-229785;[40]=-229774;[41]=-229746;[42]=-229769;[43]=-229789;[44]=-229828;[45]=-229881;[46]=-229962;[47]=-230068;[48]=-230188;[49]=-230311;[50]=-230472;[51]=-230666;[52]=-230882;[53]=-231104;[54]=-231377;[55]=-231676;[56]=-231974;[57]=-232318;[58]=-232670;[59]=-233048
326,RECAL 3 0 9999 420 64 4 80,0,9999,420,0,64,4,80,356.000000,33,0,ParabolaNotDownward,2651.000000,Flat,16,-229743.000000,,,,0,
327,RECAL 3 1 9999 420 64 4 80,1,9999,420,0,64,4,80,1320.000000,33,1,Ok,101226.000000,NonMono,16,-229764.000000,16.019016,16,1384.076063,7,[13]=-233341;[14]=-231362;[15]=-230165;[16]=-229764;[17]=-230141;[18]=-231314;[19]=-233304
328,RECAL 3 0 9999 9999 64 4 80,0,9999,9999,0,64,4,80,-582.000000,33,1,Ok,5717.000000,NonMono,10,-227430.000000,10.470430,10,-540.118279,17,[2]=-228541;[3]=-228280;[4]=-228077;[5]=-227878;[6]=-227710;[7]=-227595;[8]=-227504;[9]=-227443;[10]=-227430;[11]=-227431;[12]=-227453;[13]=-227503;[14]=-227594;[15]=-227697;[16]=-227859;[17]=-228020;[18]=-228212
329,RECAL 3 1 9999 -540 64 4 80,1,9999,-540,0,64,4,80,-1280.000000,33,1,Ok,80400.000000,NonMono,15,-227179.000000,15.138790,15,-1219.444840,7,[12]=-230180;[13]=-228571;[14]=-227579;[15]=-227179;[16]=-227408;[17]=-228223;[18]=-229629
330,RECAL 3 0 9999 9999 64 4 80,0,9999,9999,0,64,4,80,491.000000,33,1,Ok,5685.000000,NonMono,13,-230539.000000,13.740998,14,545.963993,17,[5]=-231579;[6]=-231372;[7]=-231194;[8]=-231008;[9]=-230872;[10]=-230747;[11]=-230651;[12]=-230577;[13]=-230539;[14]=-230559;[15]=-230577;[16]=-230625;[17]=-230703;[18]=-230834;[19]=-230986;[20]=-231173;[21]=-231393
331,RECAL 3 1 9999 546 64 4 80,1,9999,546,0,64,4,80,-2236.000000,33,1,Ok,245357.000000,NonMono,15,-229568.000000,14.993362,15,-2176.026554,5,[13]=-233305;[14]=-230489;[15]=-229568;[16]=-230520;[17]=-233402
332,RECAL 3 0 9999 9999 64 4 80,0,9999,9999,0,64,4,80,549.000000,33,1,Ok,7264.000000,NonMono,12,-235346.000000,12.424455,12,598.697820,17,[4]=-236408;[5]=-236161;[6]=-235972;[7]=-235787;[8]=-235646;[9]=-235539;[10]=-235427;[11]=-235363;[12]=-235346;[13]=-235348;[14]=-235371;[15]=-235437;[16]=-235553;[17]=-235694;[18]=-235885;[19]=-236100;[20]=-236333
333,RECAL 3 1 9999 599 64 4 80,1,9999,599,0,64,4,80,-2888.000000,33,1,Ok,264532.000000,NonMono,14,-232012.000000,14.494776,14,-2830.020895,17,[6]=-336484;[7]=-314306;[8]=-294402;[9]=-276945;[10]=-262199;[11]=-250268;[12]=-241185;[13]=-235069;[14]=-232012;[15]=-232044;[16]=-235282;[17]=-241800;[18]=-251554;[19]=-264519;[20]=-280921;[21]=-300849;[22]=-323990
334,RECAL 3 0 9999 9999 64 4 80,0,9999,9999,0,64,4,80,-2404.000000,33,1,Ok,99468.000000,NonMono,14,-237824.000000,13.885917,14,-2348.456331,9,[10]=-242375;[11]=-240348;[12]=-238914;[13]=-238065;[14]=-237824;[15]=-238198;[16]=-239189;[17]=-240796;[18]=-242972
335,RECAL 3 1 9999 -2348 64 4 80,1,9999,-2348,0,64,4,80,-2927.000000,33,1,Ok,262326.000000,NonMono,14,-234060.000000,14.401633,14,-2869.393468,5,[12]=-242618;[13]=-236818;[14]=-234060;[15]=-234353;[16]=-237816
336,RECAL 3 0 9999 9999 64 4 80,0,9999,9999,0,64,4,80,-2412.000000,33,1,Ok,102119.000000,NonMono,14,-233770.000000,13.946523,14,-2356.213906,9,[10]=-238520;[11]=-236419;[12]=-234924;[13]=-234057;[14]=-233770;[15]=-234092;[16]=-235096;[17]=-236677;[18]=-238926
337,RECAL 3 1 9999 -2356 64 4 80,1,9999,-2356,0,64,4,80,-2288.000000,33,1,Ok,250276.000000,NonMono,15,-232057.000000,14.599201,15,-2229.603197,5,[13]=-234334;[14]=-232265;[15]=-232057;[16]=-233812;[17]=-237492
338,RECAL 3 0 9999 9999 64 4 80,0,9999,9999,0,64,4,80,-2516.000000,33,1,Ok,119193.000000,NonMono,13,-232359.000000,13.505026,14,-2461.979894,7,[10]=-236422;[11]=-234387;[12]=-233059;[13]=-232359;[14]=-232361;[15]=-233040;[16]=-234382
339,RECAL 3 1 9999 -2462 64 4 80,1,9999,-2462,0,64,4,80,-1372.000000,33,1,Ok,90924.000000,NonMono,15,-231879.000000,14.889079,15,-1312.443684,7,[12]=-234632;[13]=-233060;[14]=-232139;[15]=-231879;[16]=-232287;[17]=-233342;[18]=-235046
340,RECAL 3 0 9999 9999 64 4 80,0,9999,9999,0,64,4,80,-2431.000000,33,1,Ok,107913.000000,NonMono,14,-233278.000000,13.799594,14,-2375.801626,7,[11]=-235717;[12]=-234262;[13]=-233473;[14]=-233278;[15]=-233715;[16]=-234794;[17]=-236526
341,RECAL 3 1 9999 -2376 64 4 80,1,9999,-2376,0,64,4,80,1231.000000,33,1,Ok,86603.000000,NonMono,16,-233243.000000,15.941162,16,1294.764648,7,[13]=-236047;[14]=-234457;[15]=-233534;[16]=-233243;[17]=-233607;[18]=-234628;[19]=-236320
342,RECAL 3 0 9999 9999 64 4 80,0,9999,9999,0,64,4,80,-2450.000000,33,1,Ok,111158.000000,NonMono,14,-233189.000000,13.706319,14,-2395.174723,7,[11]=-235475;[12]=-234089;[13]=-233322;[14]=-233189;[15]=-233705;[16]=-234874;[17]=-236711
343,RECAL 3 1 9999 -2395 64 4 80,1,9999,-2395,0,64,4,80,2153.000000,33,1,Ok,242199.000000,NonMono,17,-232748.000000,16.706025,17,2219.824100,5,[15]=-235504;[16]=-233160;[17]=-232748;[18]=-234310;[19]=-237816
344,RECAL 3 0 9999 9999 64 4 80,0,9999,9999,0,64,4,80,-2465.000000,33,1,Ok,112731.000000,NonMono,14,-234960.000000,13.607273,14,-2410.570907,7,[11]=-237062;[12]=-235736;[13]=-235017;[14]=-234960;[15]=-235536;[16]=-236748;[17]=-238630
345,RECAL 3 1 9999 -2411 64 4 80,1,9999,-2411,0,64,4,80,2791.000000,33,1,Ok,263013.000000,NonMono,17,-232733.000000,17.164767,17,2859.659070,5,[15]=-240288;[16]=-234864;[17]=-232733;[18]=-233788;[19]=-238035
346,RECAL 3 0 9999 9999 64 4 80,0,9999,9999,0,64,4,80,2457.000000,33,1,Ok,113244.000000,NonMono,16,-233808.000000,16.491129,16,2522.964515,7,[13]=-239003;[14]=-236408;[15]=-234655;[16]=-233808;[17]=-233829;[18]=-234676;[19]=-236466
347,RECAL 3 1 9999 2523 64 4 80,1,9999,2523,0,64,4,80,-2884.000000,33,1,Ok,269002.000000,NonMono,14,-227143.000000,14.036063,14,-2827.855749,5,[12]=-233830;[13]=-228901;[14]=-227143;[15]=-228698;[16]=-233631
348,RECAL 3 0 9999 9999 64 4 80,0,9999,9999,0,64,4,80,2367.000000,33,1,Ok,123341.000000,NonMono,15,-224835.000000,15.428790,15,2428.715161,7,[12]=-229417;[13]=-227088;[14]=-225579;[15]=-224835;[16]=-224902;[17]=-225735;[18]=-227435
349,RECAL 3 1 9999 2429 64 4 80,1,9999,2429,0,64,4,80,-2245.000000,33,1,Ok,254349.000000,NonMono,15,-223458.000000,14.865738,15,-2185.537047,5,[13]=-226819;[14]=-224178;[15]=-223458;[16]=-224732;[17]=-228054
350,RECAL 3 0 9999 9999 64 4 80,0,9999,9999,0,64,4,80,2358.000000,33,1,Ok,115248.000000,NonMono,16,-223192.000000,15.866280,16,2421.465121,7,[13]=-226431;[14]=-224576;[15]=-223482;[16]=-223192;[17]=-223706;[18]=-225013;[19]=-227132
351,RECAL 3 1 9999 2421 64 4 80,1,9999,2421,0,64,4,80,-1301.000000,33,1,Ok,88504.000000,NonMono,15,-222865.000000,14.993937,15,-1241.024251,9,[11]=-227938;[12]=-225707;[13]=-224140;[14]=-223179;[15]=-222865;[16]=-223186;[17]=-224152;[18]=-225716;[19]=-227937
352,RECAL 3 0 9999 9999 64 4 80,0,9999,9999,0,64,4,80,2441.000000,33,1,Ok,120175.000000,NonMono,16,-224207.000000,16.086149,16,2505.344597,7,[13]=-228291;[14]=-226085;[15]=-224727;[16]=-224207;[17]=-224574;[18]=-225851;[19]=-228044
353,RECAL 3 1 9999 2505 64 4 80,1,9999,2505,0,64,4,80,1286.000000,33,1,Ok,99313.000000,NonMono,17,-224025.000000,16.741208,17,1352.964830,7,[14]=-226766;[15]=-225104;[16]=-224209;[17]=-224025;[18]=-224593;[19]=-225912;[20]=-228024
354,RECAL 3 0 9999 9999 64 4 80,0,9999,9999,0,64,4,80,2431.000000,33,1,Ok,115763.000000,NonMono,16,-227521.000000,16.137078,16,2495.548311,7,[13]=-231599;[14]=-229404;[15]=-228044;[16]=-227521;[17]=-227808;[18]=-228988;[19]=-231041
355,RECAL 3 1 9999 2496 64 4 80,1,9999,2496,0,64,4,80,2180.000000,33,1,Ok,255243.000000,NonMono,17,-226542.000000,16.979903,17,2247.919611,5,[15]=-230555;[16]=-227519;[17]=-226542;[18]=-227603;[19]=-230732
356,RECAL 3 0 9999 9999 64 4 80,0,9999,9999,0,64,4,80,2427.000000,33,1,Ok,116195.000000,NonMono,16,-231900.000000,15.604185,16,2489.416740,7,[13]=-234482;[14]=-232853;[15]=-231970;[16]=-231900;[17]=-232623;[18]=-234118;[19]=-236465
357,RECAL 3 1 9999 2489 64 4 80,1,9999,2489,0,64,4,80,2808.000000,33,1,Ok,268674.000000,NonMono,18,-228050.000000,17.588206,18,2878.352825,5,[16]=-231845;[17]=-228341;[18]=-228050;[19]=-230994;[20]=-237148
358,RECAL 3 0 9999 9999 64 4 80,0,9999,9999,0,64,4,80,800.000000,33,1,Ok,15821.000000,NonMono,12,-238734.000000,12.314856,12,849.259423,21,[2]=-242309;[3]=-241677;[4]=-241097;[5]=-240577;[6]=-240107;[7]=-239714;[8]=-239394;[9]=-239121;[10]=-238926;[11]=-238790;[12]=-238734;[13]=-238746;[14]=-238827;[15]=-239001;[16]=-239247;[17]=-239566;[18]=-239933;[19]=-240417;[20]=-240953;[21]=-241607;[22]=-242330
359,RECAL 3 1 9999 849 64 4 80,1,9999,849,0,64,4,80,2804.000000,33,1,Ok,262234.000000,NonMono,18,-234260.000000,17.700512,18,2874.802049,5,[16]=-238712;[17]=-234895;[18]=-234260;[19]=-236802;[20]=-242534
360,RECAL 3 0 9999 9999 64 4 80,0,9999,9999,0,64,4,80,803.000000,33,1,Ok,18065.000000,NonMono,12,-231173.000000,12.426089,12,852.704355,19,[3]=-234581;[4]=-233943;[5]=-233334;[6]=-232796;[7]=-232342;[8]=-231940;[9]=-231639;[10]=-231409;[11]=-231252;[12]=-231173;[13]=-231174;[14]=-231255;[15]=-231451;[16]=-231712;[17]=-232061;[18]=-232509;[19]=-233031;[20]=-233651;[21]=-234378
361,RECAL 3 1 9999 853 64 4 80,1,9999,853,0,64,4,80,2177.000000,33,1,Ok,252695.000000,NonMono,17,-230173.000000,16.987470,17,2244.949879,5,[15]=-234089;[16]=-231149;[17]=-230173;[18]=-231206;[19]=-234245
362,RECAL 3 0 9999 9999 64 4 80,0,9999,9999,0,64,4,80,824.000000,33,1,Ok,19139.000000,NonMono,13,-228692.000000,13.104161,13,876.416645,17,[5]=-231634;[6]=-230951;[7]=-230366;[8]=-229867;[9]=-229437;[10]=-229124;[11]=-228885;[12]=-228747;[13]=-228692;[14]=-228736;[15]=-228849;[16]=-229076;[17]=-229410;[18]=-229832;[19]=-230372;[20]=-231005;[21]=-231776
363,RECAL 3 1 9999 876 64 4 80,1,9999,876,0,64,4,80,1278.000000,33,1,Ok,96982.000000,NonMono,17,-228445.000000,16.853650,17,1345.414599,7,[14]=-231375;[15]=-229669;[16]=-228695;[17]=-228445;[18]=-228903;[19]=-230119;[20]=-232071
364,RECAL 3 0 9999 9999 64 4 80,0,9999,9999,0,64,4,80,542.000000,33,1,Ok,11807.000000,NonMono,9,-226481.000000,9.025092,9,578.100366,17,[1]=-227587;[2]=-227328;[3]=-227122;[4]=-226920;[5]=-226765;[6]=-226646;[7]=-226561;[8]=-226505;[9]=-226481;[10]=-226492;[11]=-226544;[12]=-226638;[13]=-226791;[14]=-226976;[15]=-227198;[16]=-227473;[17]=-227774
365,RECAL 3 1 9999 578 64 4 80,1,9999,578,0,64,4,80,-1311.000000,33,1,Ok,88092.000000,NonMono,15,-226142.000000,14.988670,15,-1251.045321,9,[11]=-231270;[12]=-229023;[13]=-227397;[14]=-226455;[15]=-226142;[16]=-226463;[17]=-227422;[18]=-229014;[19]=-231223
366,RECAL 3 0 9999 9999 64 4 80,0,9999,9999,0,64,4,80,573.000000,33,1,Ok,12401.000000,NonMono,9,-228746.000000,9.353094,9,610.412377,17,[1]=-230066;[2]=-229760;[3]=-229507;[4]=-229288;[5]=-229102;[6]=-228968;[7]=-228848;[8]=-228804;[9]=-228746;[10]=-228747;[11]=-228804;[12]=-228872;[13]=-229009;[14]=-229192;[15]=-229409;[16]=-229656;[17]=-229978
367,RECAL 3 1 9999 610 64 4 80,1,9999,610,0,64,4,80,-2248.000000,33,1,Ok,256949.000000,NonMono,15,-226763.000000,14.519407,15,-2189.922374,5,[13]=-228772;[14]=-226809;[15]=-226763;[16]=-228716;[17]=-232680
368,RECAL 3 0 9999 9999 64 4 80,0,9999,9999,0,64,4,80,901.000000,33,1,Ok,22625.000000,NonMono,12,-230294.000000,12.675465,13,951.701861,17,[4]=-234079;[5]=-233289;[6]=-232576;[7]=-231963;[8]=-231437;[9]=-231002;[10]=-230685;[11]=-230443;[12]=-230294;[13]=-230298;[14]=-230399;[15]=-230590;[16]=-230913;[17]=-231346;[18]=-231881;[19]=-232549;[20]=-233335
369,RECAL 3 1 9999 952 64 4 80,1,9999,952,0,64,4,80,-2887.000000,33,1,Ok,270802.000000,NonMono,14,-225699.000000,14.322398,14,-2829.710406,5,[12]=-234114;[13]=-228362;[14]=-225699;[15]=-226304;[16]=-230239
370,RECAL 3 0 9999 9999 64 4 80,0,9999,9999,0,64,4,80,-2242.000000,33,1,Ok,122549.000000,NonMono,12,-235571.000000,12.332482,12,-2192.670072,7,[9]=-238889;[10]=-237194;[11]=-236063;[12]=-235571;[13]=-235669;[14]=-236392;[15]=-237740
371,RECAL 3 1 9999 -2193 64 4 80,1,9999,-2193,0,64,4,80,-2922.000000,33,1,Ok,266698.000000,NonMono,14,-230015.000000,14.161371,14,-2865.354515,5,[12]=-237395;[13]=-232148;[14]=-230015;[15]=-231133;[16]=-235511
372,RECAL 3 0 9999 9999 64 4 80,0,9999,9999,0,64,4,80,-2345.000000,33,1,Ok,119770.000000,NonMono,13,-230708.000000,13.063580,13,-2292.745679,9,[9]=-235941;[10]=-233701;[11]=-232077;[12]=-231069;[13]=-230708;[14]=-231000;[15]=-231933;[16]=-233518;[17]=-235780
373,RECAL 3 1 9999 -2293 64 4 80,1,9999,-2293,0,64,4,80,-2295.000000,33,1,Ok,255870.000000,NonMono,15,-229219.000000,14.745711,15,-2236.017157,5,[13]=-232097;[14]=-229709;[15]=-229219;[16]=-230720;[17]=-234210
374,RECAL 3 0 9999 9999 64 4 80,0,9999,9999,0,64,4,80,-2354.000000,33,1,Ok,125818.000000,NonMono,13,-230051.000000,12.521084,13,-2303.915664,7,[10]=-232032;[11]=-230731;[12]=-230078;[13]=-230051;[14]=-230690;[15]=-231981;[16]=-233905
375,RECAL 3 1 9999 -2304 64 4 80,1,9999,-2304,0,64,4,80,-1390.000000,33,1,Ok,97224.000000,NonMono,15,-229614.000000,14.995088,15,-1330.019648,7,[12]=-232729;[13]=-230996;[14]=-229957;[15]=-229614;[16]=-229965;[17]=-231025;[18]=-232799
376,RECAL 3 0 9999 9999 64 4 80,0,9999,9999,0,64,4,80,-2261.000000,33,1,Ok,109502.000000,NonMono,13,-231218.000000,12.872077,13,-2209.511692,9,[9]=-235357;[10]=-233506;[11]=-232183;[12]=-231400;[13]=-231218;[14]=-231566;[15]=-232493;[16]=-234031;[17]=-236158
377,RECAL 3 1 9999 -2210 64 4 80,1,9999,-2210,0,64,4,80,1198.000000,33,1,Ok,77736.000000,NonMono,17,-231196.000000,16.488851,16,1263.955404,7,[14]=-233050;[15]=-231819;[16]=-231197;[17]=-231196;[18]=-231843;[19]=-233118;[20]=-235026
378,RECAL 3 0 9999 9999 64 4 80,0,9999,9999,0,64,4,80,-2271.000000,33,1,Ok,107357.000000,NonMono,13,-234077.000000,12.917770,13,-2219.328922,9,[9]=-238307;[10]=-236412;[11]=-235058;[12]=-234290;[13]=-234077;[14]=-234392;[15]=-235260;[16]=-236740;[17]=-238813
379,RECAL 3 1 9999 -2219 64 4 80,1,9999,-2219,0,64,4,80,2129.000000,33,1,Ok,241253.000000,NonMono,17,-233463.000000,16.824577,17,2196.298307,5,[15]=-236569;[16]=-234073;[17]=-233463;[18]=-234744;[19]=-237945
380,RECAL 3 0 9999 9999 64 4 80,0,9999,9999,0,64,4,80,-2278.000000,33,1,Ok,106941.000000,NonMono,13,-239442.000000,12.544452,13,-2227.822193,7,[10]=-241164;[11]=-240045;[12]=-239465;[13]=-239442;[14]=-239970;[15]=-241034;[16]=-242649
381,RECAL 3 1 9999 -2228 64 4 80,1,9999,-2228,0,64,4,80,2767.000000,33,1,Ok,259989.000000,NonMono,17,-236298.000000,17.491677,17,2836.966708,17,[9]=-346375;[10]=-321886;[11]=-300577;[12]=-282138;[13]=-267013;[14]=-254728;[15]=-245546;[16]=-239392;[17]=-236298;[18]=-236307;[19]=-239418;[20]=-245577;[21]=-254684;[22]=-266692;[23]=-281524;[24]=-299185;[25]=-319353
382,RECAL 3 0 9999 9999 64 4 80,0,9999,9999,0,64,4,80,2357.000000,33,1,Ok,109047.000000,NonMono,16,-228764.000000,15.846894,16,2420.387577,7,[13]=-231844;[14]=-230039;[15]=-229018;[16]=-228764;[17]=-229236;[18]=-230539;[19]=-232591
383,RECAL 3 1 9999 2420 64 4 80,1,9999,2420,0,64,4,80,-2929.000000,33,1,Ok,270045.000000,NonMono,15,-225778.000000,14.609562,15,-2870.561752,5,[13]=-229724;[14]=-226142;[15]=-225778;[16]=-228664;[17]=-234763
384,RECAL 3 0 9999 9999 64 4 80,0,9999,9999,0,64,4,80,2338.000000,33,1,Ok,107933.000000,NonMono,16,-224276.000000,15.914180,16,2401.656720,7,[13]=-227565;[14]=-225677;[15]=-224590;[16]=-224276;[17]=-224722;[18]=-225952;[19]=-227985
385,RECAL 3 1 9999 2402 64 4 80,1,9999,2402,0,64,4,80,-2290.000000,33,1,Ok,249713.000000,NonMono,15,-223533.000000,15.116518,15,-2229.533930,5,[13]=-227873;[14]=-224727;[15]=-223533;[16]=-224274;[17]=-226969
386,RECAL 3 0 9999 9999 64 4 80,0,9999,9999,0,64,4,80,2254.000000,33,1,Ok,99595.000000,NonMono,16,-221634.000000,16.192720,16,2318.770882,7,[13]=-225189;[14]=-223325;[15]=-222128;[16]=-221634;[17]=-221859;[18]=-222820;[19]=-224527
387,RECAL 3 1 9999 2319 64 4 80,1,9999,2319,0,64,4,80,-1369.000000,33,1,Ok,91198.000000,NonMono,16,-221635.000000,16.095777,16,-1304.616891,7,[13]=-225001;[14]=-223167;[15]=-222051;[16]=-221635;[17]=-221909;[18]=-222877;[19]=-224503
388,RECAL 3 0 9999 9999 64 4 80,0,9999,9999,0,64,4,80,2240.000000,33,1,Ok,94152.000000,NonMono,16,-222359.000000,16.480042,16,2305.920166,7,[13]=-226487;[14]=-224424;[15]=-223055;[16]=-222359;[17]=-222379;[18]=-223104;[19]=-224574
389,RECAL 3 1 9999 2306 64 4 80,1,9999,2306,0,64,4,80,1243.000000,33,1,Ok,99598.000000,NonMono,17,-221847.000000,17.126510,17,1311.506040,7,[14]=-225279;[15]=-223439;[16]=-222296;[17]=-221847;[18]=-222113;[19]=-223087;[20]=-224742
390,RECAL 3 0 9999 9999 64 4 80,0,9999,9999,0,64,4,80,2258.000000,33,1,Ok,98295.000000,NonMono,16,-222534.000000,16.296668,16,2323.186674,7,[13]=-226371;[14]=-224388;[15]=-223116;[16]=-222534;[17]=-222678;[18]=-223566;[19]=-225151
391,RECAL 3 1 9999 2323 64 4 80,1,9999,2323,0,64,4,80,2164.000000,33,1,Ok,255252.000000,NonMono,17,-221805.000000,16.839772,17,2231.359089,5,[15]=-225187;[16]=-222493;[17]=-221805;[18]=-223110;[19]=-226323
392,RECAL 3 0 9999 9999 64 4 80,0,9999,9999,0,64,4,80,2303.000000,33,1,Ok,95406.000000,NonMono,17,-229391.000000,16.594413,17,2369.377652,7,[14]=-231838;[15]=-230291;[16]=-229456;[17]=-229391;[18]=-230085;[19]=-231528;[20]=-233756
393,RECAL 3 1 9999 2369 64 4 80,1,9999,2369,0,64,4,80,2800.000000,33,1,Ok,271333.000000,NonMono,18,-225536.000000,17.565382,18,2870.261528,17,[10]=-321771;[11]=-297710;[12]=-276933;[13]=-259927;[14]=-246340;[15]=-236145;[16]=-229301;[17]=-225768;[18]=-225536;[19]=-228569;[20]=-234653;[21]=-243935;[22]=-256261;[23]=-271669;[24]=-290048;[25]=-311081;[26]=-334673
394,RECAL 3 0 9999 9999 64 4 80,0,9999,9999,0,64,4,80,-70.000000,33,0,ParabolaNotDownward,299.000000,Flat,1,-233271.000000,,,,0,
395,RECAL 3 0 9999 9999 200 4 80,0,9999,9999,0,200,4,80,-206.000000,101,0,ParabolaNotDownward,2654.000000,Flat,11,-232936.000000,,,,0,
396,RECAL 3 0 9999 -406 200 4 80,0,9999,-406,0,200,4,80,-606.000000,101,0,ParabolaNotDownward,73715.000000,StrictInc,100,-233126.000000,,,,0,
397,RECAL 3 0 9999 394 200 4 80,0,9999,394,0,200,4,80,194.000000,101,0,ParabolaNotDownward,99711.000000,StrictDec,0,-235586.000000,,,,18,[0]=-235586;[1]=-235715;[2]=-235841;[3]=-235986;[4]=-236144;[5]=-236312;[6]=-236481;[7]=-236661;[8]=-236837;[9]=-237008;[10]=-237229;[11]=-237427;[12]=-237618;[13]=-237850;[14]=-238075;[15]=-238302;[16]=-238568;[17]=-238808
398,RECAL 3 1 9999 -385 64 4 80,1,9999,-385,0,64,4,80,2787.000000,33,1,Ok,258657.000000,NonMono,18,-237944.000000,17.740967,18,2857.963870,5,[16]=-242628;[17]=-238707;[18]=-237944;[19]=-240290;[20]=-245644
399,RECAL 3 0 9999 9999 64 4 80,0,9999,9999,0,64,4,80,-562.000000,33,1,Ok,5733.000000,NonMono,9,-228427.000000,9.347219,9,-524.611126,17,[1]=-229445;[2]=-229220;[3]=-229019;[4]=-228843;[5]=-228697;[6]=-228580;[7]=-228499;[8]=-228461;[9]=-228427;[10]=-228436;[11]=-228470;[12]=-228530;[13]=-228616;[14]=-228707;[15]=-228842;[16]=-229003;[17]=-229186
400,RECAL 3 1 9999 -525 64 4 80,1,9999,-525,0,64,4,80,2147.000000,33,1,Ok,255366.000000,NonMono,17,-227044.000000,17.215121,17,2215.860485,5,[15]=-231861;[16]=-228449;[17]=-227044;[18]=-227594;[19]=-230098
401,RECAL 3 0 9999 9999 64 4 80,0,9999,9999,0,64,4,80,-644.000000,33,1,Ok,6556.000000,NonMono,11,-226949.000000,11.941193,12,-596.235229,17,[3]=-228596;[4]=-228235;[5]=-227912;[6]=-227644;[7]=-227434;[8]=-227250;[9]=-227109;[10]=-227014;[11]=-226949;[12]=-226957;[13]=-226962;[14]=-227012;[15]=-227114;[16]=-227245;[17]=-227392;[18]=-227599;[19]=-227820
402,RECAL 3 1 9999 -596 64 4 80,1,9999,-596,0,64,4,80,1218.000000,33,1,Ok,87777.000000,NonMono,17,-226845.000000,16.642884,17,1284.571537,7,[14]=-229101;[15]=-227684;[16]=-226943;[17]=-226845;[18]=-227406;[19]=-228656;[20]=-230567
403,RECAL 3 0 9999 9999 64 4 80,0,9999,9999,0,64,4,80,-584.000000,33,1,Ok,6954.000000,NonMono,10,-228977.000000,8.909596,9,-548.361618,17,[2]=-229772;[3]=-229540;[4]=-229357;[5]=-229212;[6]=-229097;[7]=-229031;[8]=-228980;[9]=-228993;[10]=-228977;[11]=-229023;[12]=-229111;[13]=-229220;[14]=-229352;[15]=-229526;[16]=-229723;[17]=-229940;[18]=-230172
404,RECAL 3 1 9999 -548 64 4 80,1,9999,-548,0,64,4,80,-1397.000000,33,1,Ok,93533.000000,NonMono,16,-228937.000000,16.163053,16,-1332.347787,7,[13]=-232404;[14]=-230572;[15]=-229416;[16]=-228937;[17]=-229198;[18]=-230121;[19]=-231755
405,RECAL 3 0 9999 9999 64 4 80,0,9999,9999,0,64,4,80,362.000000,33,1,Ok,4550.000000,NonMono,10,-226886.000000,10.544726,11,404.178902,17,[2]=-227396;[3]=-227281;[4]=-227182;[5]=-227120;[6]=-227050;[7]=-226982;[8]=-226943;[9]=-226899;[10]=-226886;[11]=-226891;[12]=-226897;[13]=-226937;[14]=-226995;[15]=-227074;[16]=-227135;[17]=-227234;[18]=-227383
406,RECAL 3 1 9999 404 64 4 80,1,9999,404,0,64,4,80,-2307.000000,33,1,Ok,246260.000000,NonMono,15,-226425.000000,15.276532,15,-2245.893872,5,[13]=-231474;[14]=-227971;[15]=-226425;[16]=-226880;[17]=-229232
407,RECAL 3 0 9999 9999 64 4 80,0,9999,9999,0,64,4,80,479.000000,33,1,Ok,8244.000000,NonMono,8,-230765.000000,8.020143,8,511.080573,17,[0]=-231545;[1]=-231346;[2]=-231205;[3]=-231081;[4]=-230971;[5]=-230886;[6]=-230813;[7]=-230771;[8]=-230765;[9]=-230778;[10]=-230813;[11]=-230890;[12]=-230951;[13]=-231071;[14]=-231213;[15]=-231391;[16]=-231542
408,RECAL 3 1 9999 511 64 4 80,1,9999,511,0,64,4,80,-2941.000000,33,1,Ok,267583.000000,NonMono,15,-228221.000000,14.719229,15,-2882.123084,5,[13]=-232805;[14]=-228893;[15]=-228221;[16]=-230701;[17]=-236455
409,RECAL 3 0 9999 9999 64 4 80,0,9999,9999,0,64,4,80,-2388.000000,33,1,Ok,101352.000000,NonMono,14,-241151.000000,14.181699,14,-2331.273203,7,[11]=-244246;[12]=-242625;[13]=-241582;[14]=-241151;[15]=-241356;[16]=-242207;[17]=-243678
410,RECAL 3 1 9999 -2331 64 4 80,1,9999,-2331,0,64,4,80,-2917.000000,33,1,Ok,257739.000000,NonMono,15,-238596.000000,14.699966,15,-2858.200136,5,[13]=-242900;[14]=-239229;[15]=-238596;[16]=-241089;[17]=-246669
411,RECAL 3 0 9999 9999 64 4 80,0,9999,9999,0,64,4,80,-2404.000000,33,1,Ok,105830.000000,NonMono,14,-240321.000000,14.088649,14,-2347.645404,7,[11]=-243327;[12]=-241709;[13]=-240690;[14]=-240321;[15]=-240596;[16]=-241483;[17]=-243036
412,RECAL 3 1 9999 -2348 64 4 80,1,9999,-2348,0,64,4,80,-2279.000000,33,1,Ok,224495.000000,NonMono,16,-240354.000000,15.576725,16,-2216.693101,5,[14]=-242465;[15]=-240490;[16]=-240354;[17]=-242039;[18]=-245559
413,RECAL 3 0 9999 9999 64 4 80,0,9999,9999,0,64,4,80,-2488.000000,33,1,Ok,122755.000000,NonMono,13,-238991.000000,13.454064,13,-2434.183745,7,[10]=-243084;[11]=-241035;[12]=-239656;[13]=-238991;[14]=-239029;[15]=-239766;[16]=-241252
414,RECAL 3 1 9999 -2434 64 4 80,1,9999,-2434,0,64,4,80,-1346.000000,33,1,Ok,80390.000000,NonMono,16,-238917.000000,15.886630,16,-1282.453481,7,[13]=-241577;[14]=-240055;[15]=-239156;[16]=-238917;[17]=-239299;[18]=-240313;[19]=-241921
415,RECAL 3 0 9999 9999 64 4 80,0,9999,9999,0,64,4,80,-2498.000000,33,1,Ok,121091.000000,NonMono,14,-239521.000000,13.734118,14,-2443.063527,7,[11]=-242180;[12]=-240600;[13]=-239691;[14]=-239521;[15]=-240064;[16]=-241372;[17]=-243326
416,RECAL 3 1 9999 -2443 64 4 80,1,9999,-2443,0,64,4,80,1264.000000,33,1,Ok,96091.000000,NonMono,17,-239049.000000,17.136621,17,1332.546483,7,[14]=-242399;[15]=-240622;[16]=-239482;[17]=-239049;[18]=-239298;[19]=-240240;[20]=-241813
417,RECAL 3 0 9999 9999 64 4 80,0,9999,9999,0,64,4,80,-2482.000000,33,1,Ok,119254.000000,NonMono,14,-237184.000000,13.646178,14,-2427.415290,7,[11]=-239579;[12]=-238081;[13]=-237293;[14]=-237184;[15]=-237785;[16]=-239119;[17]=-241171
418,RECAL 3 1 9999 -2427 64 4 80,1,9999,-2427,0,64,4,80,2173.000000,33,1,Ok,252822.000000,NonMono,18,-234696.000000,17.638171,18,2243.552683,5,[16]=-237123;[17]=-234960;[18]=-234696;[19]=-236333;[20]=-239863
419,RECAL 3 0 9999 9999 64 4 80,0,9999,9999,0,64,4,80,-2432.000000,33,1,Ok,121689.000000,NonMono,13,-238349.000000,12.884152,13,-2380.463391,7,[10]=-241001;[11]=-239457;[12]=-238590;[13]=-238349;[14]=-238728;[15]=-239789;[16]=-241516
420,RECAL 3 1 9999 -2380 64 4 80,1,9999,-2380,0,64,4,80,2808.000000,33,1,Ok,261632.000000,NonMono,18,-234615.000000,17.575022,18,2878.300087,5,[16]=-238276;[17]=-234843;[18]=-234615;[19]=-237470;[20]=-243365
421,RECAL 3 0 9999 9999 64 4 80,0,9999,9999,0,64,4,80,2330.000000,33,1,Ok,104455.000000,NonMono,17,-236426.000000,16.979780,17,2397.919120,7,[14]=-239831;[15]=-237921;[16]=-236801;[17]=-236426;[18]=-236840;[19]=-237977;[20]=-239927
422,RECAL 3 1 9999 2398 64 4 80,1,9999,2398,0,64,4,80,-2875.000000,33,1,Ok,263035.000000,NonMono,14,-232636.000000,14.421810,14,-2817.312759,5,[12]=-241716;[13]=-235568;[14]=-232636;[15]=-232871;[16]=-236332
423,RECAL 3 0 9999 9999 64 4 80,0,9999,9999,0,64,4,80,2262.000000,33,1,Ok,105695.000000,NonMono,17,-231367.000000,17.485235,17,2331.940941,7,[14]=-235722;[15]=-233544;[16]=-232088;[17]=-231367;[18]=-231381;[19]=-232124;[20]=-233618
424,RECAL 3 1 9999 2332 64 4 80,1,9999,2332,0,64,4,80,-2237.000000,33,1,Ok,247985.000000,NonMono,15,-229925.000000,14.807801,15,-2177.768798,5,[13]=-233111;[14]=-230504;[15]=-229925;[16]=-231258;[17]=-234594
425,RECAL 3 0 9999 9999 64 4 80,0,9999,9999,0,64,4,80,2358.000000,33,1,Ok,110214.000000,NonMono,17,-229296.000000,17.015054,17,2426.060217,7,[14]=-232913;[15]=-230928;[16]=-229708;[17]=-229296;[18]=-229709;[19]=-230901;[20]=-232973
426,RECAL 3 1 9999 2426 64 4 80,1,9999,2426,0,64,4,80,-1310.000000,33,1,Ok,88610.000000,NonMono,16,-229308.000000,16.218737,16,-1245.125052,7,[13]=-232763;[14]=-230916;[15]=-229789;[16]=-229308;[17]=-229483;[18]=-230311;[19]=-231751
427,RECAL 3 0 9999 9999 64 4 80,0,9999,9999,0,64,4,80,2281.000000,33,1,Ok,104089.000000,NonMono,17,-231299.000000,17.165897,17,2349.663590,7,[14]=-235037;[15]=-233056;[16]=-231813;[17]=-231299;[18]=-231552;[19]=-232597;[20]=-234395
428,RECAL 3 1 9999 2350 64 4 80,1,9999,2350,0,64,4,80,1263.000000,33,1,Ok,106431.000000,NonMono,17,-230798.000000,17.122190,17,1331.488759,7,[14]=-234437;[15]=-232499;[16]=-231282;[17]=-230798;[18]=-231111;[19]=-232141;[20]=-233948
429,RECAL 3 0 9999 9999 64 4 80,0,9999,9999,0,64,4,80,2376.000000,33,1,Ok,108853.000000,NonMono,17,-232588.000000,16.919463,17,2443.677850,7,[14]=-235996;[15]=-234049;[16]=-232918;[17]=-232588;[18]=-233062;[19]=-234329;[20]=-236480
430,RECAL 3 1 9999 2444 64 4 80,1,9999,2444,0,64,4,80,2156.000000,33,1,Ok,254600.000000,NonMono,17,-231346.000000,17.103795,17,2224.415180,5,[15]=-235932;[16]=-232599;[17]=-231346;[18]=-232166;[19]=-235048
431,RECAL 3 0 9999 9999 64 4 80,0,9999,9999,0,64,4,80,2306.000000,33,1,Ok,101960.000000,NonMono,17,-240809.000000,17.036288,17,2374.145153,7,[14]=-244190;[15]=-242324;[16]=-241194;[17]=-240809;[18]=-241127;[19]=-242249;[20]=-244094
432,RECAL 3 1 9999 2374 64 4 80,1,9999,2374,0,64,4,80,2779.000000,33,1,Ok,260510.000000,NonMono,18,-235718.000000,17.749832,18,2849.999329,5,[16]=-240782;[17]=-236550;[18]=-235718;[19]=-238186;[20]=-243897
433,RECAL 3 0 9999 9999 64 4 80,0,9999,9999,0,64,4,80,279.000000,33,0,ParabolaNotDownward,3298.000000,NonMono,7,-237184.000000,,,,17,[-1]=-1.28861e-231;[0]=-237391;[1]=-237360;[2]=-237305;[3]=-237277;[4]=-237226;[5]=-237207;[6]=-237192;[7]=-237184;[8]=-237200;[9]=-237191;[10]=-237210;[11]=-237227;[12]=-237264;[13]=-237312;[14]=-237379;[15]=-237445
434,RECAL 3 0 9999 9999 200 4 80,0,9999,9999,0,200,4,80,143.000000,101,1,Ok,27635.000000,NonMono,42,-237192.000000,41.692687,42,309.770747,49,[18]=-238786;[19]=-238692;[20]=-238586;[21]=-238474;[22]=-238366;[23]=-238268;[24]=-238160;[25]=-238068;[26]=-238003;[27]=-237891;[28]=-237798;[29]=-237731;[30]=-237654;[31]=-237590;[32]=-237517;[33]=-237458;[34]=-237403;[35]=-237355;[36]=-237312;[37]=-237269;[38]=-237245;[39]=-237209;[40]=-237202;[41]=-237199;[42]=-237192;[43]=-237210;[44]=-237215;[45]=-237239;[46]=-237285;[47]=-237300;[48]=-237349;[49]=-237417;[50]=-237503;[51]=-237575;[52]=-237693;[53]=-237799;[54]=-237912;[55]=-238052;[56]=-238194;[57]=-238342;[58]=-238520;[59]=-238703;[60]=-238913;[61]=-239129;[62]=-239365;[63]=-239608;[64]=-239882;[65]=-240156;[66]=-240467
435,RECAL 3 0 9999 310 64 4 80,0,9999,310,0,64,4,80,246.000000,33,0,ParabolaNotDownward,1306.000000,Flat,16,-237172.000000,,,,0,
436,RECAL 3 1 9999 309 64 4 80,1,9999,309,0,64,4,80,2749.000000,33,1,Ok,262856.000000,NonMono,18,-233511.000000,17.532386,18,2819.129545,17,[10]=-329401;[11]=-305476;[12]=-284932;[13]=-267906;[14]=-254253;[15]=-244004;[16]=-237177;[17]=-233715;[18]=-233511;[19]=-236558;[20]=-242924;[21]=-252489;[22]=-265220;[23]=-280997;[24]=-299787;[25]=-321118;[26]=-344640
437,RECAL 3 0 9999 9999 64 4 80,0,9999,9999,0,64,4,80,626.000000,33,1,Ok,8946.000000,NonMono,14,-230504.000000,14.339221,14,683.356885,23,[3]=-233483;[4]=-232995;[5]=-232561;[6]=-232168;[7]=-231781;[8]=-231472;[9]=-231213;[10]=-230950;[11]=-230778;[12]=-230640;[13]=-230539;[14]=-230504;[15]=-230512;[16]=-230584;[17]=-230675;[18]=-230848;[19]=-231076;[20]=-231368;[21]=-231676;[22]=-232072;[23]=-232524;[24]=-233043;[25]=-233617
438,RECAL 3 1 9999 683 64 4 80,1,9999,683,0,64,4,80,2111.000000,33,1,Ok,253760.000000,NonMono,17,-229317.000000,17.109368,17,2179.437473,5,[15]=-233711;[16]=-230521;[17]=-229317;[18]=-230089;[19]=-232862
439,RECAL 3 0 9999 9999 64 4 80,0,9999,9999,0,64,4,80,-245.000000,33,0,ParabolaNotDownward,532.000000,Flat,12,-228418.000000,,,,0,
440,RECAL 3 0 9999 9999 200 4 80,0,9999,9999,0,200,4,80,-381.000000,101,1,Ok,8871.000000,NonMono,45,-228438.000000,45.880850,46,-197.476600,33,[29]=-229210;[30]=-229108;[31]=-229028;[32]=-228925;[33]=-228853;[34]=-228780;[35]=-228730;[36]=-228666;[37]=-228631;[38]=-228580;[39]=-228541;[40]=-228525;[41]=-228499;[42]=-228478;[43]=-228467;[44]=-228456;[45]=-228438;[46]=-228438;[47]=-228452;[48]=-228441;[49]=-228468;[50]=-228457;[51]=-228486;[52]=-228510;[53]=-228528;[54]=-228548;[55]=-228570;[56]=-228586;[57]=-228632;[58]=-228657;[59]=-228679;[60]=-228714;[61]=-228748
441,RECAL 3 0 9999 -197 64 4 80,0,9999,-197,0,64,4,80,-261.000000,33,0,ParabolaNotDownward,674.000000,Flat,16,-228428.000000,,,,0,
442,RECAL 3 1 9999 -197 64 4 80,1,9999,-197,0,64,4,80,1197.000000,33,1,Ok,84033.000000,NonMono,16,-228413.000000,16.335835,16,1262.343339,7,[13]=-232166;[14]=-230235;[15]=-228996;[16]=-228413;[17]=-228532;[18]=-229328;[19]=-230800
443,RECAL 3 0 9999 9999 64 4 80,0,9999,9999,0,64,4,80,539.000000,33,1,Ok,6937.000000,NonMono,14,-228905.000000,14.257888,14,596.031551,27,[1]=-231974;[2]=-231559;[3]=-231179;[4]=-230784;[5]=-230456;[6]=-230151;[7]=-229871;[8]=-229639;[9]=-229428;[10]=-229250;[11]=-229124;[12]=-229004;[13]=-228941;[14]=-228905;[15]=-228915;[16]=-228974;[17]=-229050;[18]=-229188;[19]=-229366;[20]=-229582;[21]=-229833;[22]=-230134;[23]=-230485;[24]=-230883;[25]=-231337;[26]=-231801;[27]=-232342
444,RECAL 3 1 9999 596 64 4 80,1,9999,596,0,64,4,80,-1385.000000,33,1,Ok,92417.000000,NonMono,16,-228919.000000,15.974497,16,-1321.102013,7,[13]=-232106;[14]=-230314;[15]=-229251;[16]=-228919;[17]=-229294;[18]=-230377;[19]=-232201
445,RECAL 3 0 9999 9999 64 4 80,0,9999,9999,0,64,4,80,-439.000000,33,0,ParabolaNotDownward,2126.000000,Flat,16,-230650.000000,,,,0,
446,RECAL 3 0 9999 9999 200 4 80,0,9999,9999,0,200,4,80,-575.000000,101,1,Ok,27469.000000,NonMono,50,-230624.000000,50.159702,50,-374.361192,39,[31]=-233693;[32]=-233353;[33]=-233041;[34]=-232744;[35]=-232486;[36]=-232237;[37]=-231993;[38]=-231800;[39]=-231607;[40]=-231441;[41]=-231284;[42]=-231138;[43]=-231009;[44]=-230918;[45]=-230832;[46]=-230743;[47]=-230697;[48]=-230644;[49]=-230629;[50]=-230624;[51]=-230645;[52]=-230659;[53]=-230698;[54]=-230744;[55]=-230797;[56]=-230856;[57]=-230928;[58]=-231021;[59]=-231122;[60]=-231238;[61]=-231350;[62]=-231484;[63]=-231629;[64]=-231749;[65]=-231910;[66]=-232075;[67]=-232226;[68]=-232409;[69]=-232586
447,RECAL 3 0 9999 -374 64 4 80,0,9999,-374,0,64,4,80,-438.000000,33,0,ParabolaNotDownward,2067.000000,Flat,16,-230621.000000,,,,0,
448,RECAL 3 1 9999 -374 64 4 80,1,9999,-374,0,64,4,80,-2282.000000,33,1,Ok,251987.000000,NonMono,15,-229519.000000,14.949089,15,-2222.203646,5,[13]=-233327;[14]=-230416;[15]=-229519;[16]=-230621;[17]=-233740
449,RECAL 3 0 9999 9999 64 4 80,0,9999,9999,0,64,4,80,422.000000,33,0,ParabolaNotDownward,2806.000000,Flat,17,-237221.000000,,,,0,
450,RECAL 3 0 9999 9999 200 4 80,0,9999,9999,0,200,4,80,286.000000,101,1,Ok,38962.000000,NonMono,51,-237167.000000,50.629751,51,488.519002,33,[35]=-239355;[36]=-239126;[37]=-238878;[38]=-238662;[39]=-238437;[40]=-238233;[41]=-238048;[42]=-237879;[43]=-237720;[44]=-237591;[45]=-237471;[46]=-237368;[47]=-237302;[48]=-237232;[49]=-237206;[50]=-237181;[51]=-237167;[52]=-237178;[53]=-237232;[54]=-237289;[55]=-237374;[56]=-237488;[57]=-237616;[58]=-237768;[59]=-237957;[60]=-238156;[61]=-238402;[62]=-238667;[63]=-238966;[64]=-239243;[65]=-239612;[66]=-239995;[67]=-240430
451,RECAL 3 0 9999 489 64 4 80,0,9999,489,0,64,4,80,425.000000,33,1,Ok,3144.000000,NonMono,16,-237130.000000,15.814781,16,488.259126,17,[8]=-237721;[9]=-237570;[10]=-237459;[11]=-237358;[12]=-237284;[13]=-237227;[14]=-237179;[15]=-237147;[16]=-237130;[17]=-237150;[18]=-237203;[19]=-237255;[20]=-237321;[21]=-237414;[22]=-237553;[23]=-237713;[24]=-237879
452,RECAL 3 1 9999 488 64 4 80,1,9999,488,0,64,4,80,-2910.000000,33,1,Ok,264414.000000,NonMono,14,-232438.000000,14.282255,14,-2852.870980,5,[12]=-240589;[13]=-234913;[14]=-232438;[15]=-233114;[16]=-237110
453,RECAL 3 0 9999 9999 64 4 80,0,9999,9999,0,64,4,80,-2379.000000,33,1,Ok,104816.000000,NonMono,14,-240577.000000,13.544331,14,-2324.822677,7,[11]=-242498;[12]=-241254;[13]=-240607;[14]=-240577;[15]=-241170;[16]=-242363;[17]=-244167
454,RECAL 3 1 9999 -2325 64 4 80,1,9999,-2325,0,64,4,80,-2900.000000,33,1,Ok,259643.000000,NonMono,14,-236711.000000,14.411092,14,-2842.355632,5,[12]=-245342;[13]=-239553;[14]=-236711;[15]=-237022;[16]=-240512
455,RECAL 3 0 9999 9999 64 4 80,0,9999,9999,0,64,4,80,-2450.000000,33,1,Ok,110178.000000,NonMono,14,-234548.000000,13.721548,14,-2395.113808,7,[11]=-236928;[12]=-235484;[13]=-234706;[14]=-234548;[15]=-235067;[16]=-236219;[17]=-238043
456,RECAL 3 1 9999 -2395 64 4 80,1,9999,-2395,0,64,4,80,-2270.000000,33,1,Ok,240298.000000,NonMono,15,-234153.000000,15.315418,15,-2208.738327,5,[13]=-239142;[14]=-235702;[15]=-234153;[16]=-234503;[17]=-236806
457,RECAL 3 0 9999 9999 64 4 80,0,9999,9999,0,64,4,80,-2358.000000,33,1,Ok,103314.000000,NonMono,14,-233720.000000,13.754912,14,-2302.980350,7,[11]=-235970;[12]=-234607;[13]=-233858;[14]=-233720;[15]=-234151;[16]=-235241;[17]=-236957
458,RECAL 3 1 9999 -2303 64 4 80,1,9999,-2303,0,64,4,80,-1365.000000,33,1,Ok,86074.000000,NonMono,16,-233702.000000,15.512567,16,-1302.949731,7,[13]=-235761;[14]=-234383;[15]=-233714;[16]=-233702;[17]=-234359;[18]=-235713;[19]=-237731
459,RECAL 3 0 9999 9999 64 4 80,0,9999,9999,0,64,4,80,-2430.000000,33,1,Ok,104386.000000,NonMono,14,-232334.000000,14.180586,14,-2373.277657,7,[11]=-235564;[12]=-233843;[13]=-232776;[14]=-232334;[15]=-232544;[16]=-233378;[17]=-234856
460,RECAL 3 1 9999 -2373 64 4 80,1,9999,-2373,0,64,4,80,1210.000000,33,1,Ok,85978.000000,NonMono,17,-232182.000000,16.717009,17,1276.868037,7,[14]=-234565;[15]=-233123;[16]=-232317;[17]=-232182;[18]=-232698;[19]=-233877;[20]=-235730
461,RECAL 3 0 9999 9999 64 4 80,0,9999,9999,0,64,4,80,-2336.000000,33,1,Ok,94714.000000,NonMono,14,-233368.000000,14.330346,14,-2278.678615,7,[11]=-236675;[12]=-234979;[13]=-233886;[14]=-233368;[15]=-233493;[16]=-234186;[17]=-235503
462,RECAL 3 1 9999 -2279 64 4 80,1,9999,-2279,0,64,4,80,2119.000000,33,1,Ok,253057.000000,NonMono,17,-231748.000000,17.304599,17,2188.218396,5,[15]=-236863;[16]=-233325;[17]=-231748;[18]=-232131;[19]=-234468
463,RECAL 3 0 9999 9999 64 4 80,0,9999,9999,0,64,4,80,-2402.000000,33,1,Ok,108845.000000,NonMono,14,-237207.000000,13.565323,14,-2347.738708,7,[11]=-239181;[12]=-237905;[13]=-237245;[14]=-237207;[15]=-237788;[16]=-239018;[17]=-240882
464,RECAL 3 1 9999 -2348 64 4 80,1,9999,-2348,0,64,4,80,2753.000000,33,1,Ok,262264.000000,NonMono,17,-233977.000000,17.449911,17,2822.799646,17,[9]=-351434;[10]=-324944;[11]=-301915;[12]=-282188;[13]=-265921;[14]=-252979;[15]=-243349;[16]=-237106;[17]=-233977;[18]=-234092;[19]=-237398;[20]=-243856;[21]=-253445;[22]=-266069;[23]=-281571;[24]=-299920;[25]=-320651
465,RECAL 3 0 9999 9999 64 4 80,0,9999,9999,0,64,4,80,2429.000000,33,1,Ok,126229.000000,NonMono,15,-241216.000000,15.303007,15,2490.212026,7,[12]=-245656;[13]=-243359;[14]=-241899;[15]=-241216;[16]=-241388;[17]=-242389;[18]=-244225
466,RECAL 3 1 9999 2490 64 4 80,1,9999,2490,0,64,4,80,-2938.000000,33,1,Ok,261023.000000,NonMono,14,-235356.000000,14.118046,14,-2881.527814,5,[12]=-242404;[13]=-237312;[14]=-235356;[15]=-236583;[16]=-241121
467,RECAL 3 0 9999 9999 64 4 80,0,9999,9999,0,64,4,80,2488.000000,33,1,Ok,126444.000000,NonMono,16,-233514.000000,15.810642,16,2551.242570,7,[13]=-236946;[14]=-234920;[15]=-233788;[16]=-233514;[17]=-234129;[18]=-235634;[19]=-238092
468,RECAL 3 1 9999 2551 64 4 80,1,9999,2551,0,64,4,80,-2309.000000,33,1,Ok,245444.000000,NonMono,15,-233092.000000,15.287055,15,-2247.851781,5,[13]=-238193;[14]=-234637;[15]=-233092;[16]=-233498;[17]=-235895
469,RECAL 3 0 9999 9999 64 4 80,0,9999,9999,0,64,4,80,2392.000000,33,1,Ok,125811.000000,NonMono,15,-230617.000000,15.448334,15,2453.793337,7,[12]=-235358;[13]=-232979;[14]=-231408;[15]=-230617;[16]=-230655;[17]=-231558;[18]=-233311
470,RECAL 3 1 9999 2454 64 4 80,1,9999,2454,0,64,4,80,-1403.000000,33,1,Ok,92539.000000,NonMono,15,-230484.000000,15.415409,15,-1341.338362,7,[12]=-234529;[13]=-232485;[14]=-231134;[15]=-230484;[16]=-230530;[17]=-231333;[18]=-232798
471,RECAL 3 0 9999 9999 64 4 80,0,9999,9999,0,64,4,80,2464.000000,33,1,Ok,131051.000000,NonMono,16,-229795.000000,15.539086,16,2526.156343,7,[13]=-232573;[14]=-230766;[15]=-229839;[16]=-229795;[17]=-230665;[18]=-232443;[19]=-235119
472,RECAL 3 1 9999 2526 64 4 80,1,9999,2526,0,64,4,80,1204.000000,33,1,Ok,83083.000000,NonMono,17,-229661.000000,16.562179,17,1270.248717,7,[14]=-231762;[15]=-230396;[16]=-229710;[17]=-229661;[18]=-230280;[19]=-231546;[20]=-233474
473,RECAL 3 0 9999 9999 64 4 80,0,9999,9999,0,64,4,80,2449.000000,33,1,Ok,140630.000000,NonMono,15,-236199.000000,14.782552,15,2508.130210,7,[12]=-239506;[13]=-237559;[14]=-236437;[15]=-236199;[16]=-236829;[17]=-238354;[18]=-240780
474,RECAL 3 1 9999 2508 64 4 80,1,9999,2508,0,64,4,80,2139.000000,33,1,Ok,250047.000000,NonMono,17,-234592.000000,17.291161,17,2208.164643,5,[15]=-239729;[16]=-236174;[17]=-234592;[18]=-235019;[19]=-237350
475,RECAL 3 0 9999 9999 64 4 80,0,9999,9999,0,64,4,80,2431.000000,33,1,Ok,118971.000000,NonMono,16,-236634.000000,15.741387,16,2493.965547,7,[13]=-239673;[14]=-237860;[15]=-236830;[16]=-236634;[17]=-237275;[18]=-238726;[19]=-241039
476,RECAL 3 1 9999 2494 64 4 80,1,9999,2494,0,64,4,80,2780.000000,33,1,Ok,263890.000000,NonMono,18,-232294.000000,17.681374,18,2850.725498,5,[16]=-236600;[17]=-232826;[18]=-232294;[19]=-234822;[20]=-240524
477,RECAL 3 0 9999 9999 64 4 80,0,9999,9999,0,64,4,80,843.000000,33,1,Ok,27031.000000,NonMono,8,-244675.000000,7.838001,8,874.352005,17,[0]=-246916;[1]=-246394;[2]=-245932;[3]=-245547;[4]=-245227;[5]=-244957;[6]=-244789;[7]=-244710;[8]=-244675;[9]=-244728;[10]=-244844;[11]=-245064;[12]=-245371;[13]=-245726;[14]=-246199;[15]=-246750;[16]=-247404
478,RECAL 3 1 9999 874 64 4 80,1,9999,874,0,64,4,80,2768.000000,33,1,Ok,258370.000000,NonMono,18,-238395.000000,17.979816,18,2839.919265,5,[16]=-244675;[17]=-239930;[18]=-238395;[19]=-240044;[20]=-244818
479,RECAL 3 0 9999 9999 64 4 80,0,9999,9999,0,64,4,80,856.000000,33,1,Ok,26889.000000,NonMono,9,-236106.000000,9.511225,10,894.044902,17,[1]=-239175;[2]=-238523;[3]=-237921;[4]=-237436;[5]=-236992;[6]=-236648;[7]=-236380;[8]=-236211;[9]=-236106;[10]=-236121;[11]=-236206;[12]=-236387;[13]=-236654;[14]=-237047;[15]=-237527;[16]=-238086;[17]=-238753
480,RECAL 3 1 9999 894 64 4 80,1,9999,894,0,64,4,80,2124.000000,33,1,Ok,250598.000000,NonMono,18,-233988.000000,17.551644,18,2194.206576,5,[16]=-236103;[17]=-234087;[18]=-233988;[19]=-235795;[20]=-239498
481,RECAL 3 0 9999 9999 64 4 80,0,9999,9999,0,64,4,80,899.000000,33,1,Ok,29411.000000,NonMono,10,-235342.000000,10.139339,10,939.557356,17,[2]=-238664;[3]=-237926;[4]=-237258;[5]=-236708;[6]=-236236;[7]=-235849;[8]=-235589;[9]=-235420;[10]=-235342;[11]=-235392;[12]=-235525;[13]=-235792;[14]=-236168;[15]=-236656;[16]=-237275;[17]=-238006;[18]=-238857
482,RECAL 3 1 9999 940 64 4 80,1,9999,940,0,64,4,80,1176.000000,33,1,Ok,85241.000000,NonMono,18,-234656.000000,17.613184,18,1246.452736,7,[15]=-236596;[16]=-235368;[17]=-234716;[18]=-234656;[19]=-235176;[20]=-236335;[21]=-238106
483,RECAL 3 0 9999 9999 64 4 80,0,9999,9999,0,64,4,80,674.000000,33,1,Ok,17948.000000,NonMono,8,-235439.000000,8.487737,8,707.950950,17,[0]=-237309;[1]=-236895;[2]=-236539;[3]=-236231;[4]=-235981;[5]=-235762;[6]=-235606;[7]=-235504;[8]=-235439;[9]=-235445;[10]=-235509;[11]=-235623;[12]=-235789;[13]=-236001;[14]=-236293;[15]=-236655;[16]=-237067
484,RECAL 3 1 9999 708 64 4 80,1,9999,708,0,64,4,80,-1427.000000,33,1,Ok,89609.000000,NonMono,15,-235419.000000,15.484494,15,-1365.062024,7,[12]=-239661;[13]=-237525;[14]=-236121;[15]=-235419;[16]=-235424;[17]=-236149;[18]=-237590
485,RECAL 3 0 9999 9999 64 4 80,0,9999,9999,0,64,4,80,971.000000,33,1,Ok,29747.000000,NonMono,11,-234467.000000,11.465493,11,1016.861971,15,[4]=-237719;[5]=-236908;[6]=-236228;[7]=-235646;[8]=-235166;[9]=-234817;[10]=-234574;[11]=-234467;[12]=-234472;[13]=-234609;[14]=-234850;[15]=-235237;[16]=-235739;[17]=-236381;[18]=-237188
486,RECAL 3 1 9999 1017 64 4 80,1,9999,1017,0,64,4,80,-2322.000000,33,1,Ok,244608.000000,NonMono,15,-233777.000000,15.165862,15,-2261.336552,5,[13]=-238323;[14]=-235061;[15]=-233777;[16]=-234414;[17]=-237047
487,RECAL 3 0 9999 9999 64 4 80,0,9999,9999,0,64,4,80,826.000000,33,1,Ok,21424.000000,NonMono,10,-242357.000000,9.899980,10,865.599919,19,[1]=-245145;[2]=-244584;[3]=-244043;[4]=-243611;[5]=-243201;[6]=-242909;[7]=-242663;[8]=-242477;[9]=-242364;[10]=-242357;[11]=-242390;[12]=-242531;[13]=-242714;[14]=-242995;[15]=-243341;[16]=-243790;[17]=-244317;[18]=-244932;[19]=-245630
488,RECAL 3 1 9999 866 64 4 80,1,9999,866,0,64,4,80,-2947.000000,33,1,Ok,261128.000000,NonMono,14,-235353.000000,13.915866,14,-2891.336537,5,[12]=-241070;[13]=-236642;[14]=-235353;[15]=-237192;[16]=-242277
489,RECAL 3 0 9999 9999 64 4 80,0,9999,9999,0,64,4,80,-2279.000000,33,1,Ok,116338.000000,NonMono,12,-243650.000000,11.852693,12,-2231.589228,9,[8]=-247671;[9]=-245868;[10]=-244597;[11]=-243840;[12]=-243650;[13]=-244012;[14]=-244936;[15]=-246398;[16]=-248440
490,RECAL 3 1 9999 -2232 64 4 80,1,9999,-2232,0,64,4,80,-2915.000000,33,1,Ok,258296.000000,NonMono,14,-238547.000000,14.148990,14,-2858.404042,5,[12]=-245172;[13]=-240438;[14]=-238547;[15]=-239590;[16]=-243629
491,RECAL 3 0 9999 9999 64 4 80,0,9999,9999,0,64,4,80,-2204.000000,33,1,Ok,117211.000000,NonMono,11,-239092.000000,11.171007,11,-2159.315973,9,[7]=-243549;[8]=-241695;[9]=-240328;[10]=-239444;[11]=-239092;[12]=-239258;[13]=-239988;[14]=-241253;[15]=-243025
492,RECAL 3 1 9999 -2159 64 4 80,1,9999,-2159,0,64,4,80,-2280.000000,33,1,Ok,238040.000000,NonMono,15,-237914.000000,14.835924,15,-2220.656302,5,[13]=-240911;[14]=-238497;[15]=-237914;[16]=-239077;[17]=-242035
493,RECAL 3 0 9999 9999 64 4 80,0,9999,9999,0,64,4,80,-2319.000000,33,1,Ok,118707.000000,NonMono,12,-237225.000000,12.186224,12,-2270.255106,9,[8]=-242272;[9]=-240173;[10]=-238583;[11]=-237621;[12]=-237225;[13]=-237420;[14]=-238174;[15]=-239530;[16]=-241498
494,RECAL 3 1 9999 -2270 64 4 80,1,9999,-2270,0,64,4,80,-1356.000000,33,1,Ok,76024.000000,NonMono,16,-237224.000000,15.792135,16,-1292.831462,7,[13]=-239590;[14]=-238175;[15]=-237395;[16]=-237224;[17]=-237640;[18]=-238683;[19]=-240331
495,RECAL 3 0 9999 9999 64 4 80,0,9999,9999,0,64,4,80,-2238.000000,33,1,Ok,111025.000000,NonMono,12,-235264.000000,12.099434,12,-2189.602266,9,[8]=-239863;[9]=-237890;[10]=-236481;[11]=-235601;[12]=-235264;[13]=-235490;[14]=-236257;[15]=-237586;[16]=-239449
496,RECAL 3 1 9999 -2190 64 4 80,1,9999,-2190,0,64,4,80,1253.000000,33,1,Ok,85732.000000,NonMono,17,-235082.000000,16.785156,17,1320.140623,7,[14]=-237514;[15]=-236068;[16]=-235265;[17]=-235082;[18]=-235530;[19]=-236609;[20]=-238312
497,RECAL 3 0 9999 9999 64 4 80,0,9999,9999,0,64,4,80,-2252.000000,33,1,Ok,119519.000000,NonMono,12,-238740.000000,11.508856,12,-2205.964577,7,[9]=-240415;[10]=-239315;[11]=-238753;[12]=-238740;[13]=-239303;[14]=-240432;[15]=-242121
498,RECAL 3 1 9999 -2206 64 4 80,1,9999,-2206,0,64,4,80,2166.000000,33,1,Ok,250229.000000,NonMono,18,-236167.000000,17.689698,18,2236.758792,5,[16]=-238674;[17]=-236507;[18]=-236167;[19]=-237626;[20]=-240887
499,RECAL 3 0 9999 9999 64 4 80,0,9999,9999,0,64,4,80,-2274.000000,33,1,Ok,110716.000000,NonMono,13,-243100.000000,12.495022,12,-2224.019912,7,[10]=-244729;[11]=-243629;[12]=-243112;[13]=-243100;[14]=-243658;[15]=-244752;[16]=-246421
500,RECAL 3 1 9999 -2224 64 4 80,1,9999,-2224,0,64,4,80,2800.000000,33,1,Ok,259959.000000,NonMono,18,-236817.000000,18.014221,18,2872.056884,5,[16]=-242992;[17]=-238387;[18]=-236817;[19]=-238274;[20]=-242597
501,RECAL 3 0 9999 9999 64 4 80,0,9999,9999,0,64,4,80,2260.000000,33,1,Ok,95829.000000,NonMono,16,-229128.000000,16.382061,16,2325.528246,7,[13]=-233196;[14]=-231129;[15]=-229765;[16]=-229128;[17]=-229209;[18]=-230042;[19]=-231627
502,RECAL 3 1 9999 2326 64 4 80,1,9999,2326,0,64,4,80,-2897.000000,33,1,Ok,269083.000000,NonMono,15,-226851.000000,14.822759,15,-2837.708963,5,[13]=-232239;[14]=-227917;[15]=-226851;[16]=-229065;[17]=-234496
503,RECAL 3 0 9999 9999 64 4 80,0,9999,9999,0,64,4,80,2152.000000,33,1,Ok,86313.000000,NonMono,17,-225949.000000,16.854451,17,2219.417804,7,[14]=-228600;[15]=-227070;[16]=-226179;[17]=-225949;[18]=-226381;[19]=-227480;[20]=-229275
504,RECAL 3 1 9999 2219 64 4 80,1,9999,2219,0,64,4,80,-2262.000000,33,1,Ok,244473.000000,NonMono,15,-225588.000000,15.317242,15,-2200.731032,5,[13]=-230847;[14]=-227222;[15]=-225588;[16]=-225958;[17]=-228276
505,RECAL 3 0 9999 9999 64 4 80,0,9999,9999,0,64,4,80,2230.000000,33,1,Ok,93697.000000,NonMono,17,-224455.000000,17.030138,17,2298.120550,7,[14]=-227671;[15]=-225885;[16]=-224829;[17]=-224455;[18]=-224789;[19]=-225842;[20]=-227682
506,RECAL 3 1 9999 2298 64 4 80,1,9999,2298,0,64,4,80,-1338.000000,33,1,Ok,86873.000000,NonMono,16,-224452.000000,15.584801,16,-1275.660796,7,[13]=-226634;[14]=-225211;[15]=-224503;[16]=-224452;[17]=-225048;[18]=-226310;[19]=-228248
507,RECAL 3 0 9999 9999 64 4 80,0,9999,9999,0,64,4,80,2214.000000,33,1,Ok,93326.000000,NonMono,17,-224067.000000,17.172434,17,2282.689735,7,[14]=-227533;[15]=-225693;[16]=-224522;[17]=-224067;[18]=-224296;[19]=-225239;[20]=-226955
508,RECAL 3 1 9999 2283 64 4 80,1,9999,2283,0,64,4,80,1248.000000,33,1,Ok,101787.000000,NonMono,17,-223675.000000,17.021560,17,1316.086238,7,[14]=-226959;[15]=-225158;[16]=-224047;[17]=-223675;[18]=-224030;[19]=-225103;[20]=-226926
509,RECAL 3 0 9999 9999 64 4 80,0,9999,9999,0,64,4,80,2190.000000,33,1,Ok,89692.000000,NonMono,17,-227443.000000,17.095001,17,2258.380006,7,[14]=-230654;[15]=-228945;[16]=-227859;[17]=-227443;[18]=-227743;[19]=-228710;[20]=-230373
510,RECAL 3 1 9999 2258 64 4 80,1,9999,2258,0,64,4,80,2156.000000,33,1,Ok,259864.000000,NonMono,17,-225660.000000,17.366368,17,2225.465472,5,[15]=-231319;[16]=-227427;[17]=-225660;[18]=-225910;[19]=-228229
511,RECAL 3 0 9999 9999 64 4 80,0,9999,9999,0,64,4,80,2173.000000,33,1,Ok,86433.000000,NonMono,17,-233321.000000,17.001229,17,2241.004915,9,[13]=-238466;[14]=-236203;[15]=-234591;[16]=-233625;[17]=-233321;[18]=-233625;[19]=-234622;[20]=-236320;[21]=-238740
512,RECAL 3 1 9999 2241 64 4 80,1,9999,2241,0,64,4,80,2787.000000,33,1,Ok,266634.000000,NonMono,18,-229563.000000,17.544905,18,2857.179620,17,[10]=-326482;[11]=-302184;[12]=-281359;[13]=-264155;[14]=-250461;[15]=-240214;[16]=-233302;[17]=-229770;[18]=-229563;[19]=-232665;[20]=-238971;[21]=-248445;[22]=-261066;[23]=-276795;[24]=-295232;[25]=-316573;[26]=-340470
513,RECAL 3 0 9999 9999 64 4 80,0,9999,9999,0,64,4,80,-922.000000,33,1,Ok,12687.000000,NonMono,13,-242082.000000,13.465849,13,-868.136603,19,[4]=-245687;[5]=-244946;[6]=-244276;[7]=-243723;[8]=-243251;[9]=-242870;[10]=-242551;[11]=-242320;[12]=-242172;[13]=-242082;[14]=-242085;[15]=-242161;[16]=-242312;[17]=-242552;[18]=-242874;[19]=-243230;[20]=-243725;[21]=-244259;[22]=-244864
514,RECAL 3 1 9999 -868 64 4 80,1,9999,-868,0,64,4,80,2811.000000,33,1,Ok,257466.000000,NonMono,17,-239166.000000,17.378206,17,2880.512825,5,[15]=-248398;[16]=-242088;[17]=-239166;[18]=-239562;[19]=-243230
515,RECAL 3 0 9999 9999 64 4 80,0,9999,9999,0,64,4,80,-860.000000,33,1,Ok,9268.000000,NonMono,16,-237470.000000,15.524804,16,-797.900785,19,[7]=-240212;[8]=-239598;[9]=-239048;[10]=-238605;[11]=-238222;[12]=-237923;[13]=-237710;[14]=-237550;[15]=-237483;[16]=-237470;[17]=-237536;[18]=-237684;[19]=-237908;[20]=-238172;[21]=-238514;[22]=-238926;[23]=-239399;[24]=-239941;[25]=-240540
516,RECAL 3 1 9999 -798 64 4 80,1,9999,-798,0,64,4,80,2186.000000,33,1,Ok,253089.000000,NonMono,17,-235914.000000,17.248875,17,2254.995501,5,[15]=-241185;[16]=-237486;[17]=-235914;[18]=-236435;[19]=-239012
517,RECAL 3 0 9999 9999 64 4 80,0,9999,9999,0,64,4,80,-769.000000,33,1,Ok,9961.000000,NonMono,13,-232709.000000,12.796743,13,-717.813029,23,[2]=-236326;[3]=-235684;[4]=-235091;[5]=-234568;[6]=-234120;[7]=-233753;[8]=-233441;[9]=-233161;[10]=-232943;[11]=-232814;[12]=-232735;[13]=-232709;[14]=-232771;[15]=-232868;[16]=-233030;[17]=-233235;[18]=-233522;[19]=-233845;[20]=-234218;[21]=-234634;[22]=-235127;[23]=-235670;[24]=-236290
518,RECAL 3 1 9999 -718 64 4 80,1,9999,-718,0,64,4,80,1297.000000,33,1,Ok,111583.000000,NonMono,17,-232289.000000,17.102412,17,1365.409646,7,[14]=-235969;[15]=-233959;[16]=-232741;[17]=-232289;[18]=-232575;[19]=-233646;[20]=-235475
519,RECAL 3 0 9999 9999 64 4 80,0,9999,9999,0,64,4,80,-709.000000,33,1,Ok,7022.000000,NonMono,14,-228444.000000,13.899117,14,-653.403531,23,[3]=-231510;[4]=-230932;[5]=-230445;[6]=-230001;[7]=-229633;[8]=-229306;[9]=-229049;[10]=-228839;[11]=-228655;[12]=-228528;[13]=-228467;[14]=-228444;[15]=-228467;[16]=-228545;[17]=-228674;[18]=-228846;[19]=-229045;[20]=-229287;[21]=-229623;[22]=-229938;[23]=-230318;[24]=-230733;[25]=-231206
520,RECAL 3 1 9999 -653 64 4 80,1,9999,-653,0,64,4,80,-1291.000000,33,1,Ok,89261.000000,NonMono,17,-228430.000000,16.535333,17,-1224.858667,7,[14]=-230362;[15]=-229084;[16]=-228445;[17]=-228430;[18]=-229015;[19]=-230180;[20]=-231957
521,RECAL 3 0 9999 9999 64 4 80,0,9999,9999,0,64,4,80,-964.000000,33,1,Ok,13196.000000,NonMono,15,-230413.000000,14.905771,15,-904.376917,17,[7]=-233519;[8]=-232767;[9]=-232136;[10]=-231590;[11]=-231154;[12]=-230816;[13]=-230570;[14]=-230444;[15]=-230413;[16]=-230468;[17]=-230609;[18]=-230850;[19]=-231206;[20]=-231626;[21]=-232142;[22]=-232758;[23]=-233443
522,RECAL 3 1 9999 -904 64 4 80,1,9999,-904,0,64,4,80,-2232.000000,33,1,Ok,236503.000000,NonMono,15,-229987.000000,15.282753,15,-2170.868989,5,[13]=-234805;[14]=-231449;[15]=-229987;[16]=-230386;[17]=-232677
523,RECAL 3 0 9999 9999 64 4 80,0,9999,9999,0,64,4,80,-595.000000,33,1,Ok,5281.000000,NonMono,11,-232637.000000,10.888285,11,-551.446858,17,[3]=-233544;[4]=-233321;[5]=-233128;[6]=-232963;[7]=-232841;[8]=-232743;[9]=-232676;[10]=-232643;[11]=-232637;[12]=-232643;[13]=-232672;[14]=-232749;[15]=-232851;[16]=-232979;[17]=-233141;[18]=-233299;[19]=-233492
524,RECAL 3 1 9999 -551 64 4 80,1,9999,-551,0,64,4,80,-2874.000000,33,1,Ok,265765.000000,NonMono,15,-230272.000000,14.772532,15,-2814.909870,5,[13]=-235141;[14]=-231142;[15]=-230272;[16]=-232591;[17]=-238090
525,RECAL 3 0 9999 9999 64 4 80,0,9999,9999,0,64,4,80,-2494.000000,33,1,Ok,115460.000000,NonMono,14,-236632.000000,14.137402,14,-2437.450394,7,[11]=-239981;[12]=-238203;[13]=-237079;[14]=-236632;[15]=-236902;[16]=-237833;[17]=-239466
526,RECAL 3 1 9999 -2437 64 4 80,1,9999,-2437,0,64,4,80,-2888.000000,33,1,Ok,261408.000000,NonMono,15,-234703.000000,14.895172,15,-2828.419312,5,[13]=-240357;[14]=-235948;[15]=-234703;[16]=-236612;[17]=-241692
527,RECAL 3 0 9999 9999 64 4 80,0,9999,9999,0,64,4,80,-2590.000000,33,1,Ok,139341.000000,NonMono,14,-234640.000000,13.530205,14,-2535.879181,7,[11]=-236956;[12]=-235430;[13]=-234666;[14]=-234640;[15]=-235383;[16]=-236899;[17]=-239216
528,RECAL 3 1 9999 -2536 64 4 80,1,9999,-2536,0,64,4,80,-2252.000000,33,1,Ok,226207.000000,NonMono,16,-234574.000000,15.509011,16,-2189.963954,5,[14]=-236495;[15]=-234578;[16]=-234574;[17]=-236404;[18]=-240088
529,RECAL 3 0 9999 9999 64 4 80,0,9999,9999,0,64,4,80,-2520.000000,33,1,Ok,120761.000000,NonMono,14,-234402.000000,14.266040,14,-2462.935838,7,[11]=-238249;[12]=-236250;[13]=-234948;[14]=-234402;[15]=-234574;[16]=-235472;[17]=-237121
530,RECAL 3 1 9999 -2463 64 4 80,1,9999,-2463,0,64,4,80,-1323.000000,33,1,Ok,89435.000000,NonMono,16,-234349.000000,16.429269,16,-1257.282926,7,[13]=-238073;[14]=-236168;[15]=-234930;[16]=-234349;[17]=-234386;[18]=-235042;[19]=-236285
531,RECAL 3 0 9999 9999 64 4 80,0,9999,9999,0,64,4,80,-2534.000000,33,1,Ok,130859.000000,NonMono,14,-233921.000000,13.788243,14,-2478.847030,7,[11]=-236718;[12]=-235044;[13]=-234091;[14]=-233921;[15]=-234421;[16]=-235706;[17]=-237797
532,RECAL 3 1 9999 -2479 64 4 80,1,9999,-2479,0,64,4,80,1266.000000,33,1,Ok,94330.000000,NonMono,16,-233867.000000,16.446517,16,1331.786070,7,[13]=-238037;[14]=-235911;[15]=-234528;[16]=-233867;[17]=-233895;[18]=-234627;[19]=-236105
533,RECAL 3 0 9999 9999 64 4 80,0,9999,9999,0,64,4,80,-2557.000000,33,1,Ok,124825.000000,NonMono,14,-237710.000000,14.442149,14,-2499.231406,7,[11]=-242078;[12]=-239888;[13]=-238432;[14]=-237710;[15]=-237763;[16]=-238578;[17]=-240191
534,RECAL 3 1 9999 -2499 64 4 80,1,9999,-2499,0,64,4,80,2163.000000,33,1,Ok,252807.000000,NonMono,18,-235479.000000,17.525170,18,2233.100682,5,[16]=-237626;[17]=-235530;[18]=-235479;[19]=-237399;[20]=-241232
535,RECAL 3 0 9999 9999 64 4 80,0,9999,9999,0,64,4,80,-2571.000000,33,1,Ok,130965.000000,NonMono,14,-239601.000000,13.908993,14,-2515.364030,7,[11]=-242716;[12]=-240950;[13]=-239907;[14]=-239601;[15]=-240045;[16]=-241267;[17]=-243261
536,RECAL 3 1 9999 -2515 64 4 80,1,9999,-2515,0,64,4,80,2792.000000,33,1,Ok,260852.000000,NonMono,18,-235544.000000,17.607388,18,2862.429553,5,[16]=-239581;[17]=-235900;[18]=-235544;[19]=-238409;[20]=-244386
537,RECAL 3 0 9999 9999 64 4 80,0,9999,9999,0,64,4,80,2248.000000,33,1,Ok,96450.000000,NonMono,16,-233930.000000,16.495530,16,2313.982119,7,[13]=-238258;[14]=-236112;[15]=-234652;[16]=-233930;[17]=-233944;[18]=-234677;[19]=-236213
538,RECAL 3 1 9999 2314 64 4 80,1,9999,2314,0,64,4,80,-2917.000000,33,1,Ok,265212.000000,NonMono,15,-231123.000000,14.720849,15,-2858.116603,5,[13]=-235972;[14]=-231861;[15]=-231123;[16]=-233770;[17]=-239870
539,RECAL 3 0 9999 9999 64 4 80,0,9999,9999,0,64,4,80,2207.000000,33,1,Ok,97184.000000,NonMono,16,-228915.000000,16.199831,16,2271.799325,7,[13]=-232507;[14]=-230611;[15]=-229417;[16]=-228915;[17]=-229143;[18]=-230065;[19]=-231759
540,RECAL 3 1 9999 2272 64 4 80,1,9999,2272,0,64,4,80,-2284.000000,33,1,Ok,248545.000000,NonMono,15,-228276.000000,15.202937,15,-2223.188251,5,[13]=-233299;[14]=-229754;[15]=-228276;[16]=-228909;[17]=-231662
541,RECAL 3 0 9999 9999 64 4 80,0,9999,9999,0,64,4,80,2281.000000,33,1,Ok,97954.000000,NonMono,17,-226436.000000,16.505527,17,2347.022109,7,[14]=-228707;[15]=-227207;[16]=-226441;[17]=-226436;[18]=-227200;[19]=-228741;[20]=-231057
542,RECAL 3 1 9999 2347 64 4 80,1,9999,2347,0,64,4,80,-1375.000000,33,1,Ok,96744.000000,NonMono,16,-226337.000000,15.980831,16,-1311.076677,7,[13]=-229662;[14]=-227796;[15]=-226675;[16]=-226337;[17]=-226711;[18]=-227794;[19]=-229590
543,RECAL 3 0 9999 9999 64 4 80,0,9999,9999,0,64,4,80,2306.000000,33,1,Ok,99567.000000,NonMono,17,-226262.000000,16.542708,17,2372.170831,7,[14]=-228622;[15]=-227088;[16]=-226282;[17]=-226262;[18]=-226990;[19]=-228533;[20]=-230851
544,RECAL 3 1 9999 2372 64 4 80,1,9999,2372,0,64,4,80,1222.000000,33,1,Ok,92577.000000,NonMono,17,-226097.000000,16.635028,17,1288.540110,7,[14]=-228439;[15]=-226973;[16]=-226188;[17]=-226097;[18]=-226702;[19]=-228042;[20]=-230107
545,RECAL 3 0 9999 9999 64 4 80,0,9999,9999,0,64,4,80,2298.000000,33,1,Ok,98227.000000,NonMono,17,-229492.000000,16.805117,17,2365.220469,7,[14]=-232399;[15]=-230680;[16]=-229718;[17]=-229492;[18]=-230013;[19]=-231310;[20]=-233405
546,RECAL 3 1 9999 2365 64 4 80,1,9999,2365,0,64,4,80,2144.000000,33,1,Ok,252353.000000,NonMono,17,-228335.000000,17.060410,17,2212.241640,5,[15]=-232671;[16]=-229478;[17]=-228335;[18]=-229233;[19]=-232198
547,RECAL 3 0 9999 9999 64 4 80,0,9999,9999,0,64,4,80,2297.000000,33,1,Ok,97736.000000,NonMono,16,-234647.000000,16.468383,16,2362.873534,7,[13]=-238904;[14]=-236777;[15]=-235333;[16]=-234647;[17]=-234661;[18]=-235425;[19]=-236958
548,RECAL 3 1 9999 2363 64 4 80,1,9999,2363,0,64,4,80,2781.000000,33,1,Ok,265639.000000,NonMono,18,-230539.000000,17.557181,18,2851.228725,17,[10]=-327066;[11]=-303202;[12]=-282626;[13]=-265569;[14]=-251865;[15]=-241552;[16]=-234541;[17]=-230882;[18]=-230539;[19]=-233557;[20]=-239893;[21]=-249519;[22]=-262327;[23]=-278340;[24]=-297292;[25]=-318578;[26]=-342260
549,RECAL 3 0 9999 9999 64 4 80,0,9999,9999,0,64,4,80,-74.000000,33,0,ParabolaNotDownward,811.000000,Flat,0,-237490.000000,,,,0,
550,RECAL 3 0 9999 9999 200 4 80,0,9999,9999,0,200,4,80,-210.000000,101,0,ParabolaNotDownward,6583.000000,NonMono,0,-235393.000000,,,,70,[0]=-235393;[1]=-235425;[2]=-235472;[3]=-235518;[4]=-235579;[5]=-235610;[6]=-235681;[7]=-235719;[8]=-235799;[9]=-235848;[10]=-235903;[11]=-235968;[12]=-236050;[13]=-236105;[14]=-236182;[15]=-236244;[16]=-236312;[17]=-236354;[18]=-236412;[19]=-236497;[20]=-236566;[21]=-236627;[22]=-236693;[23]=-236767;[24]=-236825;[25]=-236875;[26]=-236942;[27]=-237004;[28]=-237064;[29]=-237117;[30]=-237193;[31]=-237231;[32]=-237276;[33]=-237332;[34]=-237374;[35]=-237437;[36]=-237477;[37]=-237530;[38]=-237565;[39]=-237612;[40]=-237654;[41]=-237697;[42]=-237732;[43]=-237772;[44]=-237782;[45]=-237805;[46]=-237823;[47]=-237841;[48]=-237853;[49]=-237890;[50]=-237904;[51]=-237912;[52]=-237984;[53]=-238041;[54]=-238029;[55]=-238009;[56]=-238030;[57]=-238036;[58]=-238040;[59]=-238076;[60]=-238095;[61]=-238102;[62]=-238136;[63]=-238175;[64]=-238200;[65]=-238250;[66]=-238300;[67]=-238322;[68]=-238376;[69]=-238426
551,RECAL 3 0 9999 -410 200 4 80,0,9999,-410,0,200,4,80,-610.000000,101,0,ParabolaNotDownward,62568.000000,NonMono,90,-235078.000000,,,,33,[74]=-235903;[75]=-235796;[76]=-235701;[77]=-235609;[78]=-235517;[79]=-235453;[80]=-235373;[81]=-235320;[82]=-235260;[83]=-235207;[84]=-235177;[85]=-235115;[86]=-235113;[87]=-235096;[88]=-235086;[89]=-235080;[90]=-235078;[91]=-235093;[92]=-235096;[93]=-235107;[94]=-235137;[95]=-235152;[96]=-235181;[97]=-235216;[98]=-235246;[99]=-235292;[100]=-235326;[101]=6.85315e-310;[102]=1.91991e-305;[103]=3.40227e-57;[104]=6.01616e-67;[105]=9.00944e-91;[106]=3.01926e+131
552,RECAL 3 0 9999 390 200 4 80,0,9999,390,0,200,4,80,190.000000,101,0,ParabolaNotDownward,116401.000000,StrictDec,0,-241941.000000,,,,13,[0]=-241941;[1]=-242127;[2]=-242365;[3]=-242583;[4]=-242824;[5]=-243041;[6]=-243273;[7]=-243529;[8]=-243789;[9]=-244082;[10]=-244359;[11]=-244673;[12]=-244962
553,RECAL 3 1 9999 -390 64 4 80,1,9999,-390,0,64,4,80,2816.000000,33,1,Ok,260806.000000,NonMono,18,-235623.000000,17.699342,18,2886.797366,5,[16]=-240341;[17]=-236309;[18]=-235623;[19]=-238286;[20]=-244173
554,RECAL 3 0 9999 9999 64 4 80,0,9999,9999,0,64,4,80,-251.000000,33,0,ParabolaNotDownward,696.000000,Flat,11,-231314.000000,,,,0,
555,RECAL 3 0 9999 9999 200 4 80,0,9999,9999,0,200,4,80,-387.000000,101,1,Ok,7978.000000,NonMono,42,-231319.000000,43.099984,43,-214.600063,33,[26]=-232199;[27]=-232078;[28]=-231991;[29]=-231873;[30]=-231800;[31]=-231733;[32]=-231656;[33]=-231595;[34]=-231541;[35]=-231503;[36]=-231457;[37]=-231419;[38]=-231383;[39]=-231360;[40]=-231343;[41]=-231333;[42]=-231319;[43]=-231321;[44]=-231326;[45]=-231332;[46]=-231329;[47]=-231345;[48]=-231378;[49]=-231399;[50]=-231418;[51]=-231444;[52]=-231474;[53]=-231499;[54]=-231544;[55]=-231587;[56]=-231595;[57]=-231651;[58]=-231694
556,RECAL 3 0 9999 -215 64 4 80,0,9999,-215,0,64,4,80,-279.000000,33,0,ParabolaNotDownward,760.000000,Flat,19,-231347.000000,,,,0,
557,RECAL 3 1 9999 -212 64 4 80,1,9999,-212,0,64,4,80,2191.000000,33,1,Ok,257898.000000,NonMono,17,-229801.000000,17.209825,17,2259.839298,5,[15]=-235008;[16]=-231346;[17]=-229801;[18]=-230445;[19]=-233220
558,RECAL 3 0 9999 9999 64 4 80,0,9999,9999,0,64,4,80,31.000000,33,0,ParabolaNotDownward,497.000000,Flat,0,-227853.000000,,,,0,
559,RECAL 3 0 9999 9999 200 4 80,0,9999,9999,0,200,4,80,-105.000000,101,1,Ok,6021.000000,NonMono,40,-227852.000000,34.720683,35,33.882731,33,[24]=-227875;[25]=-227864;[26]=-227876;[27]=-227879;[28]=-227879;[29]=-227881;[30]=-227872;[31]=-227879;[32]=-227876;[33]=-227881;[34]=-227890;[35]=-227885;[36]=-227871;[37]=-227872;[38]=-227858;[39]=-227868;[40]=-227852;[41]=-227862;[42]=-227881;[43]=-227894;[44]=-227898;[45]=-227899;[46]=-227891;[47]=-227920;[48]=-227933;[49]=-227923;[50]=-227955;[51]=-227949;[52]=-227948;[53]=-227955;[54]=-227995;[55]=-227994;[56]=-228014
560,RECAL 3 0 9999 34 64 4 80,0,9999,34,0,64,4,80,-30.000000,33,0,ParabolaNotDownward,79.000000,Flat,0,-227889.000000,,,,0,
561,RECAL 3 0 9999 9999 64 4 80,0,9999,9999,0,64,4,80,-424.000000,33,0,ParabolaNotDownward,2252.000000,Flat,12,-227531.000000,,,,0,
562,RECAL 3 0 9999 9999 200 4 80,0,9999,9999,0,200,4,80,-560.000000,101,1,Ok,24298.000000,NonMono,47,-227553.000000,46.524779,47,-373.900883,41,[27]=-230905;[28]=-230550;[29]=-230199;[30]=-229893;[31]=-229605;[32]=-229320;[33]=-229072;[34]=-228835;[35]=-228628;[36]=-228444;[37]=-228277;[38]=-228126;[39]=-227991;[40]=-227871;[41]=-227774;[42]=-227693;[43]=-227623;[44]=-227608;[45]=-227554;[46]=-227558;[47]=-227553;[48]=-227568;[49]=-227595;[50]=-227619;[51]=-227681;[52]=-227751;[53]=-227825;[54]=-227911;[55]=-228037;[56]=-228134;[57]=-228260;[58]=-228405;[59]=-228549;[60]=-228698;[61]=-228852;[62]=-229025;[63]=-229205;[64]=-229398;[65]=-229608;[66]=-229790;[67]=-229995
563,RECAL 3 0 9999 -374 64 4 80,0,9999,-374,0,64,4,80,-438.000000,33,0,ParabolaNotDownward,2186.000000,Flat,16,-227557.000000,,,,0,
564,RECAL 3 1 9999 -375 64 4 80,1,9999,-375,0,64,4,80,-1295.000000,33,1,Ok,88389.000000,NonMono,16,-227554.000000,16.449923,16,-1229.200307,7,[13]=-231383;[14]=-229453;[15]=-228178;[16]=-227554;[17]=-227589;[18]=-228273;[19]=-229578
565,RECAL 3 0 9999 9999 64 4 80,0,9999,9999,0,64,4,80,-771.000000,33,1,Ok,11885.000000,NonMono,11,-228438.000000,10.886147,11,-727.455413,21,[1]=-231459;[2]=-230859;[3]=-230342;[4]=-229881;[5]=-229491;[6]=-229161;[7]=-228892;[8]=-228675;[9]=-228524;[10]=-228456;[11]=-228438;[12]=-228471;[13]=-228571;[14]=-228713;[15]=-228921;[16]=-229190;[17]=-229513;[18]=-229897;[19]=-230338;[20]=-230812;[21]=-231351
566,RECAL 3 1 9999 -727 64 4 80,1,9999,-727,0,64,4,80,-2237.000000,33,1,Ok,241458.000000,NonMono,15,-228151.000000,15.357255,15,-2175.570979,5,[13]=-233426;[14]=-229812;[15]=-228151;[16]=-228424;[17]=-230634
567,RECAL 3 0 9999 9999 64 4 80,0,9999,9999,0,64,4,80,-633.000000,33,1,Ok,4846.000000,NonMono,14,-230962.000000,13.535610,14,-578.857561,29,[0]=-234184;[1]=-233710;[2]=-233282;[3]=-232886;[4]=-232535;[5]=-232225;[6]=-231939;[7]=-231691;[8]=-231493;[9]=-231289;[10]=-231148;[11]=-231038;[12]=-230988;[13]=-230969;[14]=-230962;[15]=-230993;[16]=-231057;[17]=-231150;[18]=-231274;[19]=-231415;[20]=-231607;[21]=-231834;[22]=-232058;[23]=-232329;[24]=-232640;[25]=-232961;[26]=-233299;[27]=-233660;[28]=-234037
568,RECAL 3 1 9999 -579 64 4 80,1,9999,-579,0,64,4,80,-2879.000000,33,1,Ok,267384.000000,NonMono,15,-228463.000000,14.744475,15,-2820.022100,5,[13]=-233244;[14]=-229247;[15]=-228463;[16]=-230919;[17]=-236674
569,RECAL 3 0 9999 9999 64 4 80,0,9999,9999,0,64,4,80,-2491.000000,33,1,Ok,118662.000000,NonMono,14,-236130.000000,14.366725,14,-2433.533100,7,[11]=-240133;[12]=-238097;[13]=-236760;[14]=-236130;[15]=-236251;[16]=-237044;[17]=-238599
570,RECAL 3 1 9999 -2434 64 4 80,1,9999,-2434,0,64,4,80,-2918.000000,33,1,Ok,262120.000000,NonMono,15,-233628.000000,14.772138,15,-2858.911449,5,[13]=-238740;[14]=-234537;[15]=-233628;[16]=-236085;[17]=-241957
571,RECAL 3 0 9999 9999 64 4 80,0,9999,9999,0,64,4,80,-2530.000000,33,1,Ok,127794.000000,NonMono,14,-232350.000000,14.132864,14,-2473.468543,7,[11]=-236025;[12]=-234064;[13]=-232822;[14]=-232350;[15]=-232623;[16]=-233686;[17]=-235507
572,RECAL 3 1 9999 -2473 64 4 80,1,9999,-2473,0,64,4,80,-2286.000000,33,1,Ok,247107.000000,NonMono,15,-231789.000000,15.218356,15,-2225.126576,5,[13]=-236744;[14]=-233247;[15]=-231789;[16]=-232359;[17]=-234990
573,RECAL 3 0 9999 9999 64 4 80,0,9999,9999,0,64,4,80,-2458.000000,33,1,Ok,123644.000000,NonMono,14,-229292.000000,13.943366,14,-2402.226537,7,[11]=-232367;[12]=-230632;[13]=-229629;[14]=-229292;[15]=-229700;[16]=-230829;[17]=-232689
574,RECAL 3 1 9999 -2402 64 4 80,1,9999,-2402,0,64,4,80,-1379.000000,33,1,Ok,94275.000000,NonMono,16,-229314.000000,16.047455,16,-1314.810181,7,[13]=-232707;[14]=-230832;[15]=-229691;[16]=-229314;[17]=-229626;[18]=-230662;[19]=-232411
575,RECAL 3 0 9999 9999 64 4 80,0,9999,9999,0,64,4,80,-2434.000000,33,1,Ok,118936.000000,NonMono,14,-230404.000000,13.982734,14,-2378.069065,7,[11]=-233499;[12]=-231792;[13]=-230736;[14]=-230404;[15]=-230779;[16]=-231838;[17]=-233614
576,RECAL 3 1 9999 -2378 64 4 80,1,9999,-2378,0,64,4,80,1215.000000,33,1,Ok,92113.000000,NonMono,17,-230079.000000,16.971911,17,1282.887645,7,[14]=-233047;[15]=-231381;[16]=-230394;[17]=-230079;[18]=-230429;[19]=-231465;[20]=-233178
577,RECAL 3 0 9999 9999 64 4 80,0,9999,9999,0,64,4,80,-2438.000000,33,1,Ok,121669.000000,NonMono,14,-233521.000000,13.734406,14,-2383.062375,7,[11]=-236068;[12]=-234525;[13]=-233696;[14]=-233521;[15]=-234062;[16]=-235290;[17]=-237249
578,RECAL 3 1 9999 -2383 64 4 80,1,9999,-2383,0,64,4,80,2140.000000,33,1,Ok,250657.000000,NonMono,17,-232248.000000,17.119928,17,2208.479710,5,[15]=-236705;[16]=-233497;[17]=-232248;[18]=-233022;[19]=-235771
579,RECAL 3 0 9999 9999 64 4 80,0,9999,9999,0,64,4,80,-2442.000000,33,1,Ok,118486.000000,NonMono,14,-238268.000000,13.767430,14,-2386.930280,7,[11]=-240840;[12]=-239318;[13]=-238439;[14]=-238268;[15]=-238767;[16]=-239970;[17]=-241864
580,RECAL 3 1 9999 -2387 64 4 80,1,9999,-2387,0,64,4,80,2777.000000,33,1,Ok,261392.000000,NonMono,18,-234667.000000,17.501594,18,2847.006374,17,[10]=-328623;[11]=-305091;[12]=-284881;[13]=-268203;[14]=-254840;[15]=-244888;[16]=-238214;[17]=-234805;[18]=-234667;[19]=-237804;[20]=-244181;[21]=-253746;[22]=-266453;[23]=-282126;[24]=-300735;[25]=-321896;[26]=-345036
581,RECAL 3 0 9999 9999 64 4 80,0,9999,9999,0,64,4,80,2226.000000,33,1,Ok,88582.000000,NonMono,16,-234500.000000,16.303767,16,2291.215068,7,[13]=-238246;[14]=-236305;[15]=-235051;[16]=-234500;[17]=-234634;[18]=-235464;[19]=-237007
582,RECAL 3 1 9999 2291 64 4 80,1,9999,2291,0,64,4,80,-2895.000000,33,1,Ok,263268.000000,NonMono,15,-232642.000000,14.921380,15,-2835.314479,5,[13]=-238257;[14]=-233917;[15]=-232642;[16]=-234416;[17]=-239342
583,RECAL 3 0 9999 9999 64 4 80,0,9999,9999,0,64,4,80,2179.000000,33,1,Ok,87406.000000,NonMono,17,-230593.000000,16.593961,17,2245.375844,7,[14]=-232785;[15]=-231410;[16]=-230665;[17]=-230593;[18]=-231214;[19]=-232505;[20]=-234451
584,RECAL 3 1 9999 2245 64 4 80,1,9999,2245,0,64,4,80,-2253.000000,33,1,Ok,225016.000000,NonMono,16,-230548.000000,15.816057,16,-2189.735772,5,[14]=-233597;[15]=-231144;[16]=-230548;[17]=-231823;[18]=-234930
585,RECAL 3 0 9999 9999 64 4 80,0,9999,9999,0,64,4,80,2144.000000,33,1,Ok,86222.000000,NonMono,17,-229101.000000,16.558997,17,2210.235987,7,[14]=-231203;[15]=-229832;[16]=-229122;[17]=-229101;[18]=-229715;[19]=-231000;[20]=-232965
586,RECAL 3 1 9999 2210 64 4 80,1,9999,2210,0,64,4,80,-1315.000000,33,1,Ok,91774.000000,NonMono,17,-228779.000000,16.918788,17,-1247.324849,9,[13]=-233601;[14]=-231451;[15]=-229924;[16]=-229049;[17]=-228779;[18]=-229136;[19]=-230120;[20]=-231733;[21]=-233934
587,RECAL 3 0 9999 9999 64 4 80,0,9999,9999,0,64,4,80,2213.000000,33,1,Ok,91970.000000,NonMono,16,-230665.000000,16.368976,16,2278.475906,7,[13]=-234585;[14]=-232617;[15]=-231294;[16]=-230665;[17]=-230774;[18]=-231609;[19]=-233167
588,RECAL 3 1 9999 2278 64 4 80,1,9999,2278,0,64,4,80,1282.000000,33,1,Ok,114351.000000,NonMono,18,-229303.000000,17.876972,18,1353.507887,7,[15]=-232404;[16]=-230619;[17]=-229607;[18]=-229303;[19]=-229775;[20]=-231029;[21]=-233029
589,RECAL 3 0 9999 9999 64 4 80,0,9999,9999,0,64,4,80,2180.000000,33,1,Ok,88809.000000,NonMono,16,-232976.000000,16.288327,16,2245.153309,7,[13]=-236558;[14]=-234685;[15]=-233520;[16]=-232976;[17]=-233109;[18]=-233944;[19]=-235436
590,RECAL 3 1 9999 2245 64 4 80,1,9999,2245,0,64,4,80,2185.000000,33,1,Ok,253787.000000,NonMono,17,-231477.000000,17.222965,17,2253.891860,5,[15]=-236535;[16]=-232957;[17]=-231477;[18]=-232033;[19]=-234667
591,RECAL 3 0 9999 9999 64 4 80,0,9999,9999,0,64,4,80,2146.000000,33,1,Ok,83637.000000,NonMono,16,-241875.000000,16.464981,16,2211.859925,7,[13]=-245703;[14]=-243765;[15]=-242506;[16]=-241875;[17]=-241891;[18]=-242566;[19]=-243884
592,RECAL 3 1 9999 2212 64 4 80,1,9999,2212,0,64,4,80,2812.000000,33,1,Ok,264450.000000,NonMono,18,-232139.000000,18.445561,18,2885.782246,17,[10]=-353608;[11]=-326342;[12]=-302461;[13]=-281974;[14]=-265086;[15]=-251691;[16]=-241764;[17]=-235295;[18]=-232139;[19]=-232306;[20]=-235746;[21]=-242439;[22]=-252282;[23]=-265303;[24]=-281343;[25]=-300343;[26]=-321797
593,RECAL 3 0 9999 9999 64 4 80,0,9999,9999,0,64,4,80,-922.000000,33,1,Ok,15515.000000,NonMono,11,-248103.000000,11.194412,11,-877.222352,19,[2]=-251586;[3]=-250850;[4]=-250213;[5]=-249671;[6]=-249196;[7]=-248814;[8]=-248492;[9]=-248284;[10]=-248150;[11]=-248103;[12]=-248142;[13]=-248213;[14]=-248414;[15]=-248659;[16]=-248992;[17]=-249398;[18]=-249867;[19]=-250438;[20]=-251044
594,RECAL 3 1 9999 -877 64 4 80,1,9999,-877,0,64,4,80,2837.000000,33,1,Ok,253780.000000,NonMono,18,-242505.000000,17.836717,18,2908.346867,5,[16]=-248077;[17]=-243604;[18]=-242505;[19]=-244641;[20]=-249967
595,RECAL 3 0 9999 9999 64 4 80,0,9999,9999,0,64,4,80,-817.000000,33,1,Ok,10960.000000,NonMono,12,-241345.000000,12.456515,12,-767.173940,21,[2]=-244988;[3]=-244307;[4]=-243673;[5]=-243156;[6]=-242709;[7]=-242322;[8]=-241999;[9]=-241755;[10]=-241539;[11]=-241413;[12]=-241345;[13]=-241350;[14]=-241416;[15]=-241561;[16]=-241761;[17]=-241982;[18]=-242279;[19]=-242651;[20]=-243067;[21]=-243530;[22]=-244077
596,RECAL 3 1 9999 -767 64 4 80,1,9999,-767,0,64,4,80,2211.000000,33,1,Ok,254979.000000,NonMono,18,-237334.000000,17.981138,18,2282.924552,5,[16]=-241366;[17]=-238321;[18]=-237334;[19]=-238387;[20]=-241434
597,RECAL 3 0 9999 9999 64 4 80,0,9999,9999,0,64,4,80,-679.000000,33,1,Ok,6357.000000,NonMono,14,-235487.000000,13.541370,14,-624.834521,25,[2]=-238486;[3]=-237981;[4]=-237528;[5]=-237106;[6]=-236732;[7]=-236419;[8]=-236171;[9]=-235940;[10]=-235769;[11]=-235633;[12]=-235543;[13]=-235508;[14]=-235487;[15]=-235536;[16]=-235623;[17]=-235738;[18]=-235905;[19]=-236085;[20]=-236350;[21]=-236598;[22]=-236909;[23]=-237260;[24]=-237639;[25]=-238042;[26]=-238489
598,RECAL 3 1 9999 -625 64 4 80,1,9999,-625,0,64,4,80,1332.000000,33,1,Ok,117404.000000,NonMono,18,-234437.000000,17.685352,18,1402.741408,7,[15]=-237165;[16]=-235480;[17]=-234572;[18]=-234437;[19]=-235044;[20]=-236446;[21]=-238589
599,RECAL 3 0 9999 9999 64 4 80,0,9999,9999,0,64,4,80,-894.000000,33,1,Ok,16648.000000,NonMono,11,-233587.000000,11.164182,11,-849.343273,19,[2]=-237245;[3]=-236472;[4]=-235789;[5]=-235209;[6]=-234714;[7]=-234304;[8]=-234000;[9]=-233774;[10]=-233622;[11]=-233587;[12]=-233587;[13]=-233703;[14]=-233915;[15]=-234169;[16]=-234533;[17]=-234979;[18]=-235511;[19]=-236108;[20]=-236775
600,RECAL 3 1 9999 -849 64 4 80,1,9999,-849,0,64,4,80,-1265.000000,33,1,Ok,92165.000000,NonMono,18,-232586.000000,17.867047,18,-1193.531810,9,[14]=-236819;[15]=-234893;[16]=-233583;[17]=-232795;[18]=-232586;[19]=-232949;[20]=-233844;[21]=-235230;[22]=-237176
601,RECAL 3 0 9999 9999 64 4 80,0,9999,9999,0,64,4,80,-804.000000,33,1,Ok,10945.000000,NonMono,12,-236770.000000,11.925267,12,-756.298931,21,[2]=-239889;[3]=-239285;[4]=-238724;[5]=-238268;[6]=-237855;[7]=-237517;[8]=-237257;[9]=-237024;[10]=-236890;[11]=-236796;[12]=-236770;[13]=-236819;[14]=-236908;[15]=-237058;[16]=-237267;[17]=-237524;[18]=-237851;[19]=-238207;[20]=-238641;[21]=-239135;[22]=-239681
602,RECAL 3 1 9999 -756 64 4 80,1,9999,-756,0,64,4,80,-2222.000000,33,1,Ok,220017.000000,NonMono,16,-236771.000000,15.565236,16,-2159.739057,5,[14]=-238773;[15]=-236884;[16]=-236771;[17]=-238407;[18]=-241784
603,RECAL 3 0 9999 9999 64 4 80,0,9999,9999,0,64,4,80,-656.000000,33,1,Ok,5581.000000,NonMono,12,-237331.000000,12.197190,12,-607.211240,17,[4]=-238465;[5]=-238206;[6]=-237965;[7]=-237763;[8]=-237605;[9]=-237475;[10]=-237402;[11]=-237347;[12]=-237331;[13]=-237333;[14]=-237371;[15]=-237440;[16]=-237531;[17]=-237676;[18]=-237836;[19]=-238019;[20]=-238243
604,RECAL 3 1 9999 -607 64 4 80,1,9999,-607,0,64,4,80,-2873.000000,33,1,Ok,260301.000000,NonMono,15,-235585.000000,14.931114,15,-2813.275542,5,[13]=-241107;[14]=-236871;[15]=-235585;[16]=-237287;[17]=-241975
605,RECAL 3 0 9999 9999 64 4 80,0,9999,9999,0,64,4,80,-2481.000000,33,1,Ok,106656.000000,NonMono,14,-243784.000000,13.543857,14,-2426.824572,7,[11]=-245692;[12]=-244445;[13]=-243820;[14]=-243784;[15]=-244390;[16]=-245591;[17]=-247461
606,RECAL 3 1 9999 -2427 64 4 80,1,9999,-2427,0,64,4,80,-2920.000000,33,1,Ok,254286.000000,NonMono,15,-242118.000000,14.958429,15,-2860.166285,5,[13]=-247690;[14]=-243431;[15]=-242118;[16]=-243694;[17]=-248322
607,RECAL 3 0 9999 9999 64 4 80,0,9999,9999,0,64,4,80,-2517.000000,33,1,Ok,117479.000000,NonMono,13,-243417.000000,13.202409,13,-2464.190364,7,[10]=-246833;[11]=-245022;[12]=-243873;[13]=-243417;[14]=-243619;[15]=-244465;[16]=-246019
608,RECAL 3 1 9999 -2464 64 4 80,1,9999,-2464,0,64,4,80,-2285.000000,33,1,Ok,222858.000000,NonMono,15,-243264.000000,15.418422,15,-2223.326313,5,[13]=-248365;[14]=-244911;[15]=-243264;[16]=-243407;[17]=-245344
609,RECAL 3 0 9999 9999 64 4 80,0,9999,9999,0,64,4,80,-2551.000000,33,1,Ok,122468.000000,NonMono,13,-240612.000000,13.365040,13,-2497.539839,7,[10]=-244538;[11]=-242518;[12]=-241225;[13]=-240612;[14]=-240702;[15]=-241507;[16]=-243034
610,RECAL 3 1 9999 -2498 64 4 80,1,9999,-2498,0,64,4,80,-1369.000000,33,1,Ok,84296.000000,NonMono,16,-240553.000000,16.230333,16,-1304.078667,7,[13]=-243808;[14]=-242083;[15]=-241027;[16]=-240553;[17]=-240730;[18]=-241501;[19]=-242881
611,RECAL 3 0 9999 9999 64 4 80,0,9999,9999,0,64,4,80,-2484.000000,33,1,Ok,122210.000000,NonMono,13,-240699.000000,13.051588,13,-2431.793647,7,[10]=-243792;[11]=-242086;[12]=-241069;[13]=-240699;[14]=-240988;[15]=-241961;[16]=-243591
612,RECAL 3 1 9999 -2432 64 4 80,1,9999,-2432,0,64,4,80,1230.000000,33,1,Ok,92485.000000,NonMono,18,-239890.000000,17.626417,18,1300.505669,7,[15]=-242043;[16]=-240702;[17]=-239974;[18]=-239890;[19]=-240446;[20]=-241626;[21]=-243405
613,RECAL 3 0 9999 9999 64 4 80,0,9999,9999,0,64,4,80,-2521.000000,33,1,Ok,116389.000000,NonMono,14,-245358.000000,13.684834,14,-2466.260665,7,[11]=-247870;[12]=-246326;[13]=-245481;[14]=-245358;[15]=-245934;[16]=-247196;[17]=-249173
614,RECAL 3 1 9999 -2466 64 4 80,1,9999,-2466,0,64,4,80,2148.000000,33,1,Ok,249985.000000,NonMono,18,-240751.000000,18.204712,18,2220.818847,5,[16]=-245313;[17]=-242092;[18]=-240751;[19]=-241317;[20]=-243744
615,RECAL 3 0 9999 9999 64 4 80,0,9999,9999,0,64,4,80,-2554.000000,33,1,Ok,116863.000000,NonMono,14,-247112.000000,13.781326,14,-2498.874696,7,[11]=-249836;[12]=-248200;[13]=-247311;[14]=-247112;[15]=-247624;[16]=-248828;[17]=-250792
616,RECAL 3 1 9999 -2499 64 4 80,1,9999,-2499,0,64,4,80,2789.000000,33,1,Ok,255496.000000,NonMono,18,-241034.000000,17.951759,18,2860.807038,5,[16]=-247052;[17]=-242460;[18]=-241034;[19]=-242752;[20]=-247571
617,RECAL 3 0 9999 9999 64 4 80,0,9999,9999,0,64,4,80,2209.000000,33,1,Ok,95354.000000,NonMono,16,-229113.000000,16.265009,16,2274.060037,7,[13]=-232837;[14]=-230909;[15]=-229640;[16]=-229113;[17]=-229282;[18]=-230166;[19]=-231801
618,RECAL 3 1 9999 2274 64 4 80,1,9999,2274,0,64,4,80,-2907.000000,33,1,Ok,269433.000000,NonMono,15,-226438.000000,14.742504,15,-2848.029984,5,[13]=-231406;[14]=-227258;[15]=-226438;[16]=-229012;[17]=-235005
619,RECAL 3 0 9999 9999 64 4 80,0,9999,9999,0,64,4,80,2136.000000,33,1,Ok,100964.000000,NonMono,15,-225031.000000,15.344933,15,2197.379731,7,[12]=-228684;[13]=-226799;[14]=-225567;[15]=-225031;[16]=-225110;[17]=-225893;[18]=-227371
620,RECAL 3 1 9999 2197 64 4 80,1,9999,2197,0,64,4,80,-2280.000000,33,1,Ok,256342.000000,NonMono,15,-224157.000000,15.097205,15,-2219.611182,5,[13]=-228750;[14]=-225409;[15]=-224157;[16]=-225002;[17]=-227934
621,RECAL 3 0 9999 9999 64 4 80,0,9999,9999,0,64,4,80,2244.000000,33,1,Ok,102311.000000,NonMono,16,-221447.000000,16.022602,16,2308.090406,7,[13]=-224772;[14]=-222936;[15]=-221836;[16]=-221447;[17]=-221801;[18]=-222907;[19]=-224783
622,RECAL 3 1 9999 2308 64 4 80,1,9999,2308,0,64,4,80,-1391.000000,33,1,Ok,101123.000000,NonMono,15,-221203.000000,15.173295,15,-1330.306819,7,[12]=-225055;[13]=-223009;[14]=-221717;[15]=-221203;[16]=-221461;[17]=-222456;[18]=-224205
623,RECAL 3 0 9999 9999 64 4 80,0,9999,9999,0,64,4,80,2155.000000,33,1,Ok,94802.000000,NonMono,16,-220945.000000,15.958619,16,2218.834478,7,[13]=-223948;[14]=-222252;[15]=-221265;[16]=-220945;[17]=-221319;[18]=-222382;[19]=-224159
624,RECAL 3 1 9999 2219 64 4 80,1,9999,2219,0,64,4,80,1166.000000,33,1,Ok,83254.000000,NonMono,16,-220925.000000,16.123870,16,1230.495478,7,[13]=-224083;[14]=-222383;[15]=-221331;[16]=-220925;[17]=-221154;[18]=-222079;[19]=-223614
625,RECAL 3 0 9999 9999 64 4 80,0,9999,9999,0,64,4,80,2264.000000,33,1,Ok,106621.000000,NonMono,16,-222247.000000,15.826597,16,2327.306388,7,[13]=-225151;[14]=-223471;[15]=-222508;[16]=-222247;[17]=-222754;[18]=-224041;[19]=-226059
626,RECAL 3 1 9999 2327 64 4 80,1,9999,2327,0,64,4,80,2092.000000,33,1,Ok,249300.000000,NonMono,17,-222081.000000,16.585143,17,2158.340573,5,[15]=-224407;[16]=-222247;[17]=-222081;[18]=-223882;[19]=-227646
627,RECAL 3 0 9999 9999 64 4 80,0,9999,9999,0,64,4,80,2275.000000,33,1,Ok,104802.000000,NonMono,16,-226338.000000,15.895852,16,2338.583408,7,[13]=-229398;[14]=-227659;[15]=-226631;[16]=-226338;[17]=-226802;[18]=-228001;[19]=-230001
628,RECAL 3 1 9999 2339 64 4 80,1,9999,2339,0,64,4,80,2727.000000,33,1,Ok,272701.000000,NonMono,17,-223527.000000,17.360120,17,2796.440478,5,[15]=-232477;[16]=-226330;[17]=-223527;[18]=-223966;[19]=-227624
629,RECAL 3 0 9999 9999 64 4 80,0,9999,9999,0,64,4,80,-385.000000,33,0,ParabolaNotDownward,2342.000000,Flat,8,-233727.000000,,,,0,
630,RECAL 3 0 9999 9999 200 4 80,0,9999,9999,0,200,4,80,-521.000000,101,1,Ok,14873.000000,NonMono,42,-233695.000000,42.017269,42,-352.930923,43,[21]=-236764;[22]=-236444;[23]=-236158;[24]=-235879;[25]=-235628;[26]=-235375;[27]=-235172;[28]=-234948;[29]=-234750;[30]=-234584;[31]=-234449;[32]=-234313;[33]=-234182;[34]=-234094;[35]=-234005;[36]=-233927;[37]=-233861;[38]=-233780;[39]=-233754;[40]=-233729;[41]=-233712;[42]=-233695;[43]=-233705;[44]=-233741;[45]=-233734;[46]=-233783;[47]=-233832;[48]=-233892;[49]=-233960;[50]=-234022;[51]=-234088;[52]=-234182;[53]=-234268;[54]=-234377;[55]=-234470;[56]=-234605;[57]=-234721;[58]=-234838;[59]=-234964;[60]=-235098;[61]=-235244;[62]=-235416;[63]=-235576
631,RECAL 3 0 9999 -353 64 4 80,0,9999,-353,0,64,4,80,-417.000000,33,0,ParabolaNotDownward,1670.000000,Flat,17,-233707.000000,,,,0,
632,RECAL 3 1 9999 -353 64 4 80,1,9999,-353,0,64,4,80,2770.000000,33,1,Ok,267041.000000,NonMono,18,-229540.000000,17.626504,18,2840.506017,5,[16]=-233708;[17]=-229974;[18]=-229540;[19]=-232367;[20]=-238302
633,RECAL 3 0 9999 9999 64 4 80,0,9999,9999,0,64,4,80,-406.000000,33,1,Ok,5019.000000,NonMono,3,-226569.000000,1.631128,2,-399.475490,16,[-5]=-386515;[-4]=-409130;[-3]=-431700;[-1]=-1.28924e-231;[0]=-226611;[1]=-226574;[2]=-226574;[3]=-226569;[4]=-226571;[5]=-226611;[6]=-226660;[7]=-226730;[8]=-226785;[9]=-226900;[10]=-226988;[11]=-227093
634,RECAL 3 1 9999 -398 64 4 80,1,9999,-398,0,64,4,80,2146.000000,33,1,Ok,257593.000000,NonMono,17,-225776.000000,16.888606,17,2213.554424,5,[15]=-229404;[16]=-226572;[17]=-225776;[18]=-227011;[19]=-230219
635,RECAL 3 0 9999 9999 64 4 80,0,9999,9999,0,64,4,80,-875.000000,33,1,Ok,15493.000000,NonMono,12,-225107.000000,12.133471,12,-826.466117,19,[3]=-228733;[4]=-227973;[5]=-227307;[6]=-226714;[7]=-226235;[8]=-225847;[9]=-225519;[10]=-225309;[11]=-225164;[12]=-225107;[13]=-225126;[14]=-225243;[15]=-225444;[16]=-225734;[17]=-226108;[18]=-226551;[19]=-227058;[20]=-227655;[21]=-228366
636,RECAL 3 1 9999 -826 64 4 80,1,9999,-826,0,64,4,80,1260.000000,33,1,Ok,91785.000000,NonMono,16,-225103.000000,16.112976,16,1324.451904,7,[13]=-228653;[14]=-226742;[15]=-225547;[16]=-225103;[17]=-225381;[18]=-226406;[19]=-228140
637,RECAL 3 0 9999 9999 64 4 80,0,9999,9999,0,64,4,80,-533.000000,33,0,ParabolaNotDownward,8092.000000,NonMono,5,-226703.000000,,,,16,[-3]=3.09783e-313;[-1]=-1.28823e-231;[0]=-227176;[1]=-227008;[2]=-226894;[3]=-226801;[4]=-226744;[5]=-226703;[6]=-226704;[7]=-226732;[8]=-226791;[9]=-226871;[10]=-226963;[11]=-227098;[12]=-227274;[13]=-227433
638,RECAL 3 1 9999 -529 64 4 80,1,9999,-529,0,64,4,80,-1301.000000,33,1,Ok,82611.000000,NonMono,16,-227014.000000,15.797508,16,-1237.809969,7,[13]=-229538;[14]=-228033;[15]=-227196;[16]=-227014;[17]=-227452;[18]=-228517;[19]=-230208
639,RECAL 3 0 9999 9999 64 4 80,0,9999,9999,0,64,4,80,-932.000000,33,1,Ok,20028.000000,NonMono,11,-226602.000000,10.862635,11,-888.549460,17,[3]=-229745;[4]=-228994;[5]=-228324;[6]=-227781;[7]=-227336;[8]=-227013;[9]=-226768;[10]=-226636;[11]=-226602;[12]=-226656;[13]=-226817;[14]=-227066;[15]=-227429;[16]=-227870;[17]=-228411;[18]=-229039;[19]=-229757
640,RECAL 3 1 9999 -889 64 4 80,1,9999,-889,0,64,4,80,-2224.000000,33,1,Ok,253778.000000,NonMono,15,-224916.000000,14.645617,15,-2165.417530,5,[13]=-227444;[14]=-225199;[15]=-224916;[16]=-226589;[17]=-230228
641,RECAL 3 0 9999 9999 64 4 80,0,9999,9999,0,64,4,80,-717.000000,33,1,Ok,10495.000000,NonMono,10,-229964.000000,9.518338,10,-678.926648,17,[2]=-231385;[3]=-231018;[4]=-230718;[5]=-230472;[6]=-230267;[7]=-230116;[8]=-230020;[9]=-229969;[10]=-229964;[11]=-229998;[12]=-230108;[13]=-230233;[14]=-230442;[15]=-230672;[16]=-230933;[17]=-231253;[18]=-231599
642,RECAL 3 1 9999 -679 64 4 80,1,9999,-679,0,64,4,80,-2862.000000,33,1,Ok,268899.000000,NonMono,15,-227021.000000,14.613908,15,-2803.544369,5,[13]=-231043;[14]=-227411;[15]=-227021;[16]=-229948;[17]=-236145
643,RECAL 3 0 9999 9999 64 4 80,0,9999,9999,0,64,4,80,-2494.000000,33,1,Ok,137665.000000,NonMono,13,-240369.000000,13.011647,13,-2441.953411,7,[10]=-243676;[11]=-241850;[12]=-240755;[13]=-240369;[14]=-240736;[15]=-241823;[16]=-243641
644,RECAL 3 1 9999 -2442 64 4 80,1,9999,-2442,0,64,4,80,-2868.000000,33,1,Ok,259011.000000,NonMono,15,-237349.000000,14.548151,15,-2809.807398,5,[13]=-240766;[14]=-237514;[15]=-237349;[16]=-240346;[17]=-246471
645,RECAL 3 0 9999 9999 64 4 80,0,9999,9999,0,64,4,80,-2562.000000,33,1,Ok,148090.000000,NonMono,13,-237381.000000,13.137639,13,-2509.449442,7,[10]=-241178;[11]=-239138;[12]=-237878;[13]=-237381;[14]=-237653;[15]=-238744;[16]=-240620
646,RECAL 3 1 9999 -2509 64 4 80,1,9999,-2509,0,64,4,80,-2233.000000,33,1,Ok,243212.000000,NonMono,15,-235924.000000,14.723236,15,-2174.107055,5,[13]=-238621;[14]=-236343;[15]=-235924;[16]=-237376;[17]=-240691
647,RECAL 3 0 9999 9999 64 4 80,0,9999,9999,0,64,4,80,-2465.000000,33,1,Ok,129595.000000,NonMono,13,-236998.000000,13.476694,13,-2411.093226,7,[10]=-241278;[11]=-239139;[12]=-237709;[13]=-236998;[14]=-237009;[15]=-237775;[16]=-239256
648,RECAL 3 1 9999 -2411 64 4 80,1,9999,-2411,0,64,4,80,-1314.000000,33,1,Ok,78755.000000,NonMono,15,-236752.000000,15.200429,15,-1253.198285,7,[12]=-239980;[13]=-238267;[14]=-237184;[15]=-236752;[16]=-236926;[17]=-237740;[18]=-239123
649,RECAL 3 0 9999 9999 64 4 80,0,9999,9999,0,64,4,80,-2548.000000,33,1,Ok,137089.000000,NonMono,14,-235767.000000,13.614911,14,-2493.540357,7,[11]=-238301;[12]=-236705;[13]=-235850;[14]=-235767;[15]=-236456;[16]=-237929;[17]=-240215
650,RECAL 3 1 9999 -2494 64 4 80,1,9999,-2494,0,64,4,80,1240.000000,33,1,Ok,88951.000000,NonMono,17,-235567.000000,16.762651,17,1307.050604,7,[14]=-238121;[15]=-236593;[16]=-235740;[17]=-235567;[18]=-236056;[19]=-237214;[20]=-239026
651,RECAL 3 0 9999 9999 64 4 80,0,9999,9999,0,64,4,80,-2443.000000,33,1,Ok,127840.000000,NonMono,13,-239188.000000,13.165894,13,-2390.336424,7,[10]=-242615;[11]=-240802;[12]=-239654;[13]=-239188;[14]=-239418;[15]=-240371;[16]=-241998
652,RECAL 3 1 9999 -2390 64 4 80,1,9999,-2390,0,64,4,80,2136.000000,33,1,Ok,244514.000000,NonMono,17,-238355.000000,16.937800,17,2203.751199,5,[15]=-241968;[16]=-239185;[17]=-238355;[18]=-239408;[19]=-242333
653,RECAL 3 0 9999 9999 64 4 80,0,9999,9999,0,64,4,80,-2433.000000,33,1,Ok,123183.000000,NonMono,13,-240477.000000,13.092337,13,-2380.630653,7,[10]=-243598;[11]=-241912;[12]=-240857;[13]=-240477;[14]=-240751;[15]=-241666;[16]=-243264
654,RECAL 3 1 9999 -2381 64 4 80,1,9999,-2381,0,64,4,80,2762.000000,33,1,Ok,258443.000000,NonMono,17,-237955.000000,17.291413,17,2831.165653,5,[15]=-246025;[16]=-240427;[17]=-237955;[18]=-238608;[19]=-242324
655,RECAL 3 0 9999 9999 64 4 80,0,9999,9999,0,64,4,80,2253.000000,33,1,Ok,95871.000000,NonMono,16,-238320.000000,16.332055,16,2318.328218,7,[13]=-242277;[14]=-240268;[15]=-238923;[16]=-238320;[17]=-238446;[18]=-239330;[19]=-240965
656,RECAL 3 1 9999 2318 64 4 80,1,9999,2318,0,64,4,80,-2952.000000,33,1,Ok,264420.000000,NonMono,14,-232282.000000,14.096771,14,-2895.612915,5,[12]=-239456;[13]=-234223;[14]=-232282;[15]=-233594;[16]=-238244
657,RECAL 3 0 9999 9999 64 4 80,0,9999,9999,0,64,4,80,2260.000000,33,1,Ok,94839.000000,NonMono,16,-233742.000000,16.372041,16,2325.488166,7,[13]=-237842;[14]=-235744;[15]=-234363;[16]=-233742;[17]=-233831;[18]=-234651;[19]=-236254
658,RECAL 3 1 9999 2325 64 4 80,1,9999,2325,0,64,4,80,-2314.000000,33,1,Ok,253030.000000,NonMono,15,-231899.000000,14.622428,15,-2255.510287,5,[13]=-234396;[14]=-232153;[15]=-231899;[16]=-233694;[17]=-237541
659,RECAL 3 0 9999 9999 64 4 80,0,9999,9999,0,64,4,80,2244.000000,33,1,Ok,93751.000000,NonMono,16,-229883.000000,16.347315,16,2309.389260,7,[13]=-233801;[14]=-231799;[15]=-230484;[16]=-229883;[17]=-229994;[18]=-230832;[19]=-232439
660,RECAL 3 1 9999 2309 64 4 80,1,9999,2309,0,64,4,80,-1398.000000,33,1,Ok,91247.000000,NonMono,16,-229832.000000,15.803246,16,-1334.787017,7,[13]=-232647;[14]=-230985;[15]=-230061;[16]=-229832;[17]=-230328;[18]=-231570;[19]=-233508
661,RECAL 3 0 9999 9999 64 4 80,0,9999,9999,0,64,4,80,2335.000000,33,1,Ok,98199.000000,NonMono,17,-228848.000000,16.746291,17,2401.985165,7,[14]=-231679;[15]=-229980;[16]=-229038;[17]=-228848;[18]=-229430;[19]=-230814;[20]=-233002
662,RECAL 3 1 9999 2402 64 4 80,1,9999,2402,0,64,4,80,1218.000000,33,1,Ok,87025.000000,NonMono,16,-228821.000000,16.183073,16,1282.732292,7,[13]=-232129;[14]=-230379;[15]=-229274;[16]=-228821;[17]=-229042;[18]=-229899;[19]=-231433
663,RECAL 3 0 9999 9999 64 4 80,0,9999,9999,0,64,4,80,2326.000000,33,1,Ok,102847.000000,NonMono,16,-229572.000000,16.195289,16,2390.781154,7,[13]=-233242;[14]=-231305;[15]=-230070;[16]=-229572;[17]=-229788;[18]=-230775;[19]=-232543
664,RECAL 3 1 9999 2391 64 4 80,1,9999,2391,0,64,4,80,2154.000000,33,1,Ok,244950.000000,NonMono,17,-228938.000000,16.803024,17,2221.212098,5,[15]=-232133;[16]=-229541;[17]=-228938;[18]=-230335;[19]=-233754
665,RECAL 3 0 9999 9999 64 4 80,0,9999,9999,0,64,4,80,2321.000000,33,1,Ok,102452.000000,NonMono,16,-233416.000000,15.889992,16,2384.559967,7,[13]=-236340;[14]=-234661;[15]=-233694;[16]=-233416;[17]=-233854;[18]=-235001;[19]=-236901
666,RECAL 3 1 9999 2385 64 4 80,1,9999,2385,0,64,4,80,2797.000000,33,1,Ok,265005.000000,NonMono,17,-230929.000000,17.253780,17,2866.015119,5,[15]=-239137;[16]=-233411;[17]=-230929;[18]=-231752;[19]=-235744
667,RECAL 3 0 9999 9999 64 4 80,0,9999,9999,0,64,4,80,141.000000,33,0,ParabolaNotDownward,2059.000000,Flat,0,-238229.000000,,,,0,
668,RECAL 3 0 9999 9999 200 4 80,0,9999,9999,0,200,4,80,5.000000,101,1,Ok,14297.000000,NonMono,30,-238178.000000,29.855374,30,124.421495,33,[14]=-238276;[15]=-238283;[16]=-238271;[17]=-238268;[18]=-238254;[19]=-238246;[20]=-238240;[21]=-238235;[22]=-238224;[23]=-238229;[24]=-238221;[25]=-238215;[26]=-238222;[27]=-238202;[28]=-238199;[29]=-238208;[30]=-238178;[31]=-238185;[32]=-238195;[33]=-238207;[34]=-238203;[35]=-238232;[36]=-238222;[37]=-238234;[38]=-238258;[39]=-238286;[40]=-238296;[41]=-238314;[42]=-238328;[43]=-238378;[44]=-238396;[45]=-238414;[46]=-238471
669,RECAL 3 0 9999 124 64 4 80,0,9999,124,0,64,4,80,60.000000,33,0,ParabolaNotDownward,287.000000,Flat,16,-238173.000000,,,,0,
670,RECAL 3 1 9999 119 64 4 80,1,9999,119,0,64,4,80,2827.000000,33,1,Ok,260711.000000,NonMono,17,-235534.000000,17.319833,17,2896.279333,5,[15]=-244110;[16]=-238206;[17]=-235534;[18]=-236128;[19]=-239973
671,RECAL 3 0 9999 9999 64 4 80,0,9999,9999,0,64,4,80,180.000000,33,0,ParabolaNotDownward,2550.000000,Flat,1,-233181.000000,,,,0,
672,RECAL 3 0 9999 9999 200 4 80,0,9999,9999,0,200,4,80,44.000000,101,1,Ok,19324.000000,NonMono,34,-233188.000000,35.754100,36,187.016401,33,[18]=-233500;[19]=-233473;[20]=-233443;[21]=-233431;[22]=-233393;[23]=-233380;[24]=-233358;[25]=-233340;[26]=-233325;[27]=-233287;[28]=-233267;[29]=-233240;[30]=-233235;[31]=-233220;[32]=-233198;[33]=-233191;[34]=-233188;[35]=-233188;[36]=-233195;[37]=-233190;[38]=-233205;[39]=-233203;[40]=-233220;[41]=-233226;[42]=-233259;[43]=-233302;[44]=-233327;[45]=-233346;[46]=-233402;[47]=-233455;[48]=-233508;[49]=-233560;[50]=-233636
673,RECAL 3 0 9999 187 64 4 80,0,9999,187,0,64,4,80,123.000000,33,0,ParabolaNotDownward,579.000000,Flat,16,-233192.000000,,,,0,
674,RECAL 3 1 9999 186 64 4 80,1,9999,186,0,64,4,80,2194.000000,33,1,Ok,246742.000000,NonMono,17,-232688.000000,16.753341,17,2261.013364,5,[15]=-235700;[16]=-233193;[17]=-232688;[18]=-234203;[19]=-237787
675,RECAL 3 0 9999 9999 64 4 80,0,9999,9999,0,64,4,80,284.000000,33,1,Ok,3756.000000,NonMono,8,-229979.000000,8.068822,8,316.275286,17,[0]=-230277;[1]=-230208;[2]=-230156;[3]=-230099;[4]=-230047;[5]=-230029;[6]=-230008;[7]=-229991;[8]=-229979;[9]=-229991;[10]=-230009;[11]=-230017;[12]=-230051;[13]=-230110;[14]=-230158;[15]=-230225;[16]=-230307
676,RECAL 3 1 9999 316 64 4 80,1,9999,316,0,64,4,80,1290.000000,33,1,Ok,101010.000000,NonMono,16,-229955.000000,15.585929,16,1352.343716,7,[13]=-232345;[14]=-230833;[15]=-230032;[16]=-229955;[17]=-230638;[18]=-232099;[19]=-234276
677,RECAL 3 0 9999 9999 64 4 80,0,9999,9999,0,64,4,80,-668.000000,33,1,Ok,8987.000000,NonMono,10,-229386.000000,10.046258,10,-627.814968,17,[2]=-230794;[3]=-230473;[4]=-230166;[5]=-229929;[6]=-229727;[7]=-229556;[8]=-229471;[9]=-229421;[10]=-229386;[11]=-229410;[12]=-229453;[13]=-229553;[14]=-229693;[15]=-229874;[16]=-230114;[17]=-230360;[18]=-230656
678,RECAL 3 1 9999 -628 64 4 80,1,9999,-628,0,64,4,80,-1327.000000,33,1,Ok,87365.000000,NonMono,15,-229176.000000,15.185134,15,-1266.259465,7,[12]=-232364;[13]=-230655;[14]=-229615;[15]=-229176;[16]=-229373;[17]=-230191;[18]=-231644
679,RECAL 3 0 9999 9999 64 4 80,0,9999,9999,0,64,4,80,-598.000000,33,1,Ok,7348.000000,NonMono,9,-232725.000000,8.813007,9,-562.747971,17,[1]=-233783;[2]=-233528;[3]=-233304;[4]=-233130;[5]=-232971;[6]=-232863;[7]=-232800;[8]=-232765;[9]=-232725;[10]=-232757;[11]=-232817;[12]=-232913;[13]=-233008;[14]=-233161;[15]=-233327;[16]=-233536;[17]=-233775
680,RECAL 3 1 9999 -563 64 4 80,1,9999,-563,0,64,4,80,-2271.000000,33,1,Ok,253233.000000,NonMono,14,-230229.000000,14.364222,14,-2213.543111,5,[12]=-235469;[13]=-231904;[14]=-230229;[15]=-230503;[16]=-232721
681,RECAL 3 0 9999 9999 64 4 80,0,9999,9999,0,64,4,80,-642.000000,33,1,Ok,5601.000000,NonMono,13,-236148.000000,12.364570,12,-592.541720,17,[5]=-237109;[6]=-236861;[7]=-236666;[8]=-236484;[9]=-236357;[10]=-236252;[11]=-236185;[12]=-236154;[13]=-236148;[14]=-236188;[15]=-236281;[16]=-236377;[17]=-236501;[18]=-236675;[19]=-236879;[20]=-237092;[21]=-237342
682,RECAL 3 1 9999 -593 64 4 80,1,9999,-593,0,64,4,80,-2919.000000,33,1,Ok,266402.000000,NonMono,14,-230439.000000,14.135853,14,-2862.456588,5,[12]=-237707;[13]=-232503;[14]=-230439;[15]=-231645;[16]=-236120
683,RECAL 3 0 9999 9999 64 4 80,0,9999,9999,0,64,4,80,-2501.000000,33,1,Ok,135735.000000,NonMono,13,-241525.000000,13.285223,13,-2447.859109,7,[10]=-245292;[11]=-243323;[12]=-242078;[13]=-241525;[14]=-241669;[15]=-242538;[16]=-244151
684,RECAL 3 1 9999 -2448 64 4 80,1,9999,-2448,0,64,4,80,-2925.000000,33,1,Ok,260649.000000,NonMono,14,-236246.000000,14.206849,14,-2868.172604,5,[12]=-243841;[13]=-238508;[14]=-236246;[15]=-237214;[16]=-241425
685,RECAL 3 0 9999 9999 64 4 80,0,9999,9999,0,64,4,80,-2497.000000,33,1,Ok,132609.000000,NonMono,13,-236782.000000,13.411638,13,-2443.353446,7,[10]=-240906;[11]=-238826;[12]=-237442;[13]=-236782;[14]=-236850;[15]=-237645;[16]=-239151
686,RECAL 3 1 9999 -2443 64 4 80,1,9999,-2443,0,64,4,80,-2280.000000,33,1,Ok,248934.000000,NonMono,15,-234942.000000,14.577997,15,-2221.688014,5,[13]=-237120;[14]=-235084;[15]=-234942;[16]=-236727;[17]=-240508
687,RECAL 3 0 9999 9999 64 4 80,0,9999,9999,0,64,4,80,-2514.000000,33,1,Ok,131907.000000,NonMono,13,-236232.000000,13.392481,13,-2460.430074,7,[10]=-240425;[11]=-238300;[12]=-236898;[13]=-236232;[14]=-236326;[15]=-237135;[16]=-238674
688,RECAL 3 1 9999 -2460 64 4 80,1,9999,-2460,0,64,4,80,-1341.000000,33,1,Ok,90407.000000,NonMono,15,-235694.000000,14.722499,15,-1282.110002,7,[12]=-237962;[13]=-236593;[14]=-235833;[15]=-235694;[16]=-236169;[17]=-237298;[18]=-239019
689,RECAL 3 0 9999 9999 64 4 80,0,9999,9999,0,64,4,80,-2425.000000,33,1,Ok,117534.000000,NonMono,14,-236075.000000,13.558365,14,-2370.766540,7,[11]=-238186;[12]=-236835;[13]=-236107;[14]=-236075;[15]=-236716;[16]=-238038;[17]=-240045
690,RECAL 3 1 9999 -2371 64 4 80,1,9999,-2371,0,64,4,80,1270.000000,33,1,Ok,85626.000000,NonMono,17,-235950.000000,16.593247,17,1336.372986,7,[14]=-238211;[15]=-236771;[16]=-236034;[17]=-235950;[18]=-236596;[19]=-237923;[20]=-239968
691,RECAL 3 0 9999 9999 64 4 80,0,9999,9999,0,64,4,80,-2432.000000,33,1,Ok,117264.000000,NonMono,13,-237857.000000,13.399116,13,-2378.403535,7,[10]=-241586;[11]=-239681;[12]=-238443;[13]=-237857;[14]=-237910;[15]=-238647;[16]=-240053
692,RECAL 3 1 9999 -2378 64 4 80,1,9999,-2378,0,64,4,80,2184.000000,33,1,Ok,241620.000000,NonMono,17,-237116.000000,16.835354,17,2251.341415,5,[15]=-240381;[16]=-237768;[17]=-237116;[18]=-238407;[19]=-241642
693,RECAL 3 0 9999 9999 64 4 80,0,9999,9999,0,64,4,80,-2438.000000,33,1,Ok,116341.000000,NonMono,13,-245454.000000,13.168632,13,-2385.325474,7,[10]=-248616;[11]=-246937;[12]=-245878;[13]=-245454;[14]=-245675;[15]=-246512;[16]=-248014
694,RECAL 3 1 9999 -2385 64 4 80,1,9999,-2385,0,64,4,80,2819.000000,33,1,Ok,253131.000000,NonMono,17,-242947.000000,17.296734,17,2888.186935,5,[15]=-250976;[16]=-245418;[17]=-242947;[18]=-243580;[19]=-247335
695,RECAL 3 0 9999 9999 64 4 80,0,9999,9999,0,64,4,80,2345.000000,33,1,Ok,98775.000000,NonMono,17,-227039.000000,16.671896,17,2411.687586,7,[14]=-229671;[15]=-228049;[16]=-227169;[17]=-227039;[18]=-227664;[19]=-229095;[20]=-231292
696,RECAL 3 1 9999 2412 64 4 80,1,9999,2412,0,64,4,80,-2965.000000,33,1,Ok,272017.000000,NonMono,15,-224379.000000,14.724369,15,-2906.102523,5,[13]=-229270;[14]=-225112;[15]=-224379;[16]=-226983;[17]=-233025
697,RECAL 3 0 9999 9999 64 4 80,0,9999,9999,0,64,4,80,2300.000000,33,1,Ok,109026.000000,NonMono,16,-223331.000000,15.731236,16,2362.924945,7,[13]=-226095;[14]=-224429;[15]=-223498;[16]=-223331;[17]=-223909;[18]=-225303;[19]=-227478
698,RECAL 3 1 9999 2363 64 4 80,1,9999,2363,0,64,4,80,-2346.000000,33,1,Ok,256432.000000,NonMono,15,-222685.000000,15.208075,15,-2285.167701,5,[13]=-227979;[14]=-224238;[15]=-222685;[16]=-223327;[17]=-226187
699,RECAL 3 0 9999 9999 64 4 80,0,9999,9999,0,64,4,80,2368.000000,33,1,Ok,106767.000000,NonMono,16,-224024.000000,16.433456,16,2433.733824,7,[13]=-228609;[14]=-226309;[15]=-224763;[16]=-224024;[17]=-224074;[18]=-224947;[19]=-226622
700,RECAL 3 1 9999 2434 64 4 80,1,9999,2434,0,64,4,80,-1475.000000,33,1,Ok,115803.000000,NonMono,16,-223964.000000,16.383003,16,-1409.467988,7,[13]=-228858;[14]=-226332;[15]=-224736;[16]=-223964;[17]=-224055;[18]=-225010;[19]=-226787
701,RECAL 3 0 9999 9999 64 4 80,0,9999,9999,0,64,4,80,2346.000000,33,1,Ok,104662.000000,NonMono,16,-222568.000000,16.415975,16,2411.663899,7,[13]=-227066;[14]=-224781;[15]=-223273;[16]=-222568;[17]=-222616;[18]=-223484;[19]=-225150
702,RECAL 3 1 9999 2412 64 4 80,1,9999,2412,0,64,4,80,1106.000000,33,1,Ok,81619.000000,NonMono,17,-222134.000000,17.084397,17,1174.337589,9,[13]=-227036;[14]=-224935;[15]=-223429;[16]=-222481;[17]=-222134;[18]=-222378;[19]=-223228;[20]=-224646;[21]=-226642
703,RECAL 3 0 9999 9999 64 4 80,0,9999,9999,0,64,4,80,2316.000000,33,1,Ok,99573.000000,NonMono,17,-226329.000000,16.565394,17,2382.261578,7,[14]=-228807;[15]=-227198;[16]=-226358;[17]=-226329;[18]=-227049;[19]=-228608;[20]=-230978
704,RECAL 3 1 9999 2382 64 4 80,1,9999,2382,0,64,4,80,2079.000000,33,1,Ok,249078.000000,NonMono,17,-225123.000000,17.068381,17,2147.273523,5,[15]=-229253;[16]=-226233;[17]=-225123;[18]=-225975;[19]=-228787
705,RECAL 3 0 9999 9999 64 4 80,0,9999,9999,0,64,4,80,2288.000000,33,1,Ok,99654.000000,NonMono,16,-229739.000000,16.448008,16,2353.792031,7,[13]=-234095;[14]=-231918;[15]=-230451;[16]=-229739;[17]=-229777;[18]=-230595;[19]=-232191
706,RECAL 3 1 9999 2354 64 4 80,1,9999,2354,0,64,4,80,2731.000000,33,1,Ok,268667.000000,NonMono,17,-227112.000000,17.262224,17,2800.048897,5,[15]=-235485;[16]=-229624;[17]=-227112;[18]=-227883;[19]=-231972
707,RECAL 3 0 9999 9999 64 4 80,0,9999,9999,0,64,4,80,-294.000000,33,0,ParabolaNotDownward,2505.000000,Flat,0,-230710.000000,,,,0,
708,RECAL 3 0 9999 9999 200 4 80,0,9999,9999,0,200,4,80,-430.000000,101,1,Ok,6524.000000,NonMono,35,-230678.000000,33.581684,34,-295.673264,53,[9]=-233846;[10]=-233538;[11]=-233281;[12]=-233030;[13]=-232782;[14]=-232571;[15]=-232362;[16]=-232175;[17]=-232010;[18]=-231834;[19]=-231675;[20]=-231548;[21]=-231409;[22]=-231288;[23]=-231189;[24]=-231110;[25]=-231000;[26]=-230929;[27]=-230866;[28]=-230824;[29]=-230798;[30]=-230754;[31]=-230722;[32]=-230698;[33]=-230702;[34]=-230684;[35]=-230678;[36]=-230709;[37]=-230742;[38]=-230750;[39]=-230786;[40]=-230831;[41]=-230864;[42]=-230954;[43]=-231002;[44]=-231058;[45]=-231139;[46]=-231201;[47]=-231275;[48]=-231356;[49]=-231436;[50]=-231543;[51]=-231616;[52]=-231698;[53]=-231828;[54]=-231891;[55]=-231996;[56]=-232089;[57]=-232207;[58]=-232311;[59]=-232404;[60]=-232532;[61]=-232623
709,RECAL 3 0 9999 -296 64 4 80,0,9999,-296,0,64,4,80,-360.000000,33,0,ParabolaNotDownward,1244.000000,Flat,16,-230662.000000,,,,0,
710,RECAL 3 1 9999 -296 64 4 80,1,9999,-296,0,64,4,80,2756.000000,33,1,Ok,267513.000000,NonMono,17,-228372.000000,17.189720,17,2824.758881,5,[15]=-236365;[16]=-230683;[17]=-228372;[18]=-229406;[19]=-233758
711,RECAL 3 0 9999 9999 64 4 80,0,9999,9999,0,64,4,80,212.000000,33,0,ParabolaNotDownward,2066.000000,Flat,10,-225046.000000,,,,0,
712,RECAL 3 0 9999 9999 200 4 80,0,9999,9999,0,200,4,80,76.000000,101,1,Ok,21256.000000,NonMono,46,-225046.000000,44.560335,45,254.241339,33,[30]=-225584;[31]=-225500;[32]=-225444;[33]=-225383;[34]=-225339;[35]=-225273;[36]=-225221;[37]=-225190;[38]=-225161;[39]=-225108;[40]=-225090;[41]=-225076;[42]=-225060;[43]=-225048;[44]=-225047;[45]=-225052;[46]=-225046;[47]=-225052;[48]=-225078;[49]=-225111;[50]=-225142;[51]=-225183;[52]=-225238;[53]=-225292;[54]=-225366;[55]=-225433;[56]=-225528;[57]=-225622;[58]=-225751;[59]=-225861;[60]=-226010;[61]=-226153;[62]=-226318
713,RECAL 3 0 9999 254 64 4 80,0,9999,254,0,64,4,80,190.000000,33,0,ParabolaNotDownward,1054.000000,Flat,14,-225046.000000,,,,0,
714,RECAL 3 1 9999 253 64 4 80,1,9999,253,0,64,4,80,2113.000000,33,1,Ok,253834.000000,NonMono,17,-224133.000000,16.968088,17,2180.872350,5,[15]=-227965;[16]=-225056;[17]=-224133;[18]=-225193;[19]=-228295
715,RECAL 3 0 9999 9999 64 4 80,0,9999,9999,0,64,4,80,415.000000,33,1,Ok,4298.000000,NonMono,15,-225039.000000,14.614132,15,473.456530,17,[7]=-225695;[8]=-225524;[9]=-225395;[10]=-225269;[11]=-225176;[12]=-225102;[13]=-225057;[14]=-225044;[15]=-225039;[16]=-225048;[17]=-225100;[18]=-225167;[19]=-225263;[20]=-225382;[21]=-225544;[22]=-225725;[23]=-225934
716,RECAL 3 1 9999 473 64 4 80,1,9999,473,0,64,4,80,1171.000000,33,1,Ok,86482.000000,NonMono,17,-224790.000000,16.871922,17,1238.487687,7,[14]=-227382;[15]=-225879;[16]=-225030;[17]=-224790;[18]=-225188;[19]=-226249;[20]=-227983
717,RECAL 3 0 9999 9999 64 4 80,0,9999,9999,0,64,4,80,530.000000,33,1,Ok,7050.000000,NonMono,14,-225444.000000,14.217738,14,586.870951,27,[1]=-228477;[2]=-228071;[3]=-227663;[4]=-227301;[5]=-226967;[6]=-226664;[7]=-226409;[8]=-226168;[9]=-225942;[10]=-225769;[11]=-225648;[12]=-225537;[13]=-225478;[14]=-225444;[15]=-225459;[16]=-225497;[17]=-225593;[18]=-225729;[19]=-225906;[20]=-226131;[21]=-226389;[22]=-226698;[23]=-227062;[24]=-227467;[25]=-227915;[26]=-228420;[27]=-228974
718,RECAL 3 1 9999 587 64 4 80,1,9999,587,0,64,4,80,-1423.000000,33,1,Ok,105221.000000,NonMono,16,-225428.000000,16.359686,16,-1357.561258,7,[13]=-229650;[14]=-227491;[15]=-226094;[16]=-225428;[17]=-225541;[18]=-226414;[19]=-228033
719,RECAL 3 0 9999 9999 64 4 80,0,9999,9999,0,64,4,80,-1.000000,33,0,ParabolaNotDownward,1139.000000,Flat,0,-224863.000000,,,,0,
720,RECAL 3 0 9999 9999 200 4 80,0,9999,9999,0,200,4,80,-137.000000,101,0,ParabolaNotDownward,8526.000000,NonMono,0,-223995.000000,,,,77,[0]=-223995;[1]=-224033;[2]=-224067;[3]=-224107;[4]=-224142;[5]=-224176;[6]=-224199;[7]=-224218;[8]=-224250;[9]=-224293;[10]=-224330;[11]=-224361;[12]=-224399;[13]=-224439;[14]=-224469;[15]=-224498;[16]=-224528;[17]=-224554;[18]=-224564;[19]=-224584;[20]=-224610;[21]=-224654;[22]=-224684;[23]=-224691;[24]=-224710;[25]=-224741;[26]=-224745;[27]=-224765;[28]=-224780;[29]=-224788;[30]=-224813;[31]=-224800;[32]=-224805;[33]=-224833;[34]=-224842;[35]=-224861;[36]=-224864;[37]=-224862;[38]=-224879;[39]=-224888;[40]=-224902;[41]=-224899;[42]=-224908;[43]=-224930;[44]=-224955;[45]=-224961;[46]=-224985;[47]=-225015;[48]=-225045;[49]=-225073;[50]=-225085;[51]=-225131;[52]=-225181;[53]=-225222;[54]=-225253;[55]=-225303;[56]=-225346;[57]=-225391;[58]=-225437;[59]=-225493;[60]=-225584;[61]=-225646;[62]=-225706;[63]=-225787;[64]=-225847;[65]=-225935;[66]=-226000;[67]=-226074;[68]=-226162;[69]=-226251;[70]=-226357;[71]=-226466;[72]=-226578;[73]=-226684;[74]=-226806;[75]=-226927;[76]=-227068
721,RECAL 3 0 9999 -337 200 4 80,0,9999,-337,0,200,4,80,-537.000000,101,0,ParabolaNotDownward,45090.000000,NonMono,87,-223728.000000,,,,33,[71]=-224226;[72]=-224146;[73]=-224090;[74]=-224036;[75]=-223968;[76]=-223933;[77]=-223883;[78]=-223851;[79]=-223812;[80]=-223785;[81]=-223768;[82]=-223739;[83]=-223749;[84]=-223731;[85]=-223751;[86]=-223759;[87]=-223728;[88]=-223729;[89]=-223735;[90]=-223759;[91]=-223769;[92]=-223777;[93]=-223809;[94]=-223800;[95]=-223821;[96]=-223845;[97]=-223869;[98]=-223921;[99]=-223929;[100]=-223984;[101]=6.85315e-310;[102]=1.91991e-305;[103]=3.40227e-57
722,RECAL 3 0 9999 463 200 4 80,0,9999,463,0,200,4,80,263.000000,101,0,ParabolaNotDownward,183059.000000,StrictDec,0,-232541.000000,,,,9,[0]=-232541;[1]=-232888;[2]=-233257;[3]=-233617;[4]=-233996;[5]=-234396;[6]=-234796;[7]=-235246;[8]=-235686
723,RECAL 3 1 9999 -317 64 4 80,1,9999,-317,0,64,4,80,-2315.000000,33,1,Ok,249125.000000,NonMono,15,-226270.000000,15.337644,15,-2253.649425,5,[13]=-231708;[14]=-227972;[15]=-226270;[16]=-226599;[17]=-228966
724,RECAL 3 0 9999 9999 64 4 80,0,9999,9999,0,64,4,80,429.000000,33,1,Ok,4034.000000,NonMono,14,-231462.000000,13.921914,14,484.687656,17,[6]=-232103;[7]=-231956;[8]=-231826;[9]=-231727;[10]=-231635;[11]=-231573;[12]=-231525;[13]=-231477;[14]=-231462;[15]=-231485;[16]=-231523;[17]=-231589;[18]=-231663;[19]=-231756;[20]=-231876;[21]=-232026;[22]=-232199
725,RECAL 3 1 9999 485 64 4 80,1,9999,485,0,64,4,80,-2941.000000,33,1,Ok,266034.000000,NonMono,15,-229882.000000,15.021820,15,-2880.912719,5,[13]=-236487;[14]=-231581;[15]=-229882;[16]=-231459;[17]=-236368
726,RECAL 3 0 9999 9999 64 4 80,0,9999,9999,0,64,4,80,-2379.000000,33,1,Ok,105690.000000,NonMono,14,-237934.000000,14.061422,14,-2322.754311,7,[11]=-240962;[12]=-239311;[13]=-238307;[14]=-237934;[15]=-238241;[16]=-239149;[17]=-240750
727,RECAL 3 1 9999 -2323 64 4 80,1,9999,-2323,0,64,4,80,-2984.000000,33,1,Ok,260259.000000,NonMono,15,-235532.000000,14.793213,15,-2924.827149,5,[13]=-240743;[14]=-236512;[15]=-235532;[16]=-237894;[17]=-243588
728,RECAL 3 0 9999 9999 64 4 80,0,9999,9999,0,64,4,80,-2423.000000,33,1,Ok,118625.000000,NonMono,14,-229706.000000,13.632142,14,-2368.471430,7,[11]=-231973;[12]=-230550;[13]=-229800;[14]=-229706;[15]=-230292;[16]=-231537;[17]=-233461
729,RECAL 3 1 9999 -2368 64 4 80,1,9999,-2368,0,64,4,80,-2369.000000,33,1,Ok,253076.000000,NonMono,15,-229175.000000,15.275526,15,-2307.897897,5,[13]=-234613;[14]=-230837;[15]=-229175;[16]=-229664;[17]=-232244
730,RECAL 3 0 9999 9999 64 4 80,0,9999,9999,0,64,4,80,-2354.000000,33,1,Ok,103771.000000,NonMono,14,-230314.000000,14.392035,14,-2296.431861,7,[11]=-233947;[12]=-232104;[13]=-230904;[14]=-230314;[15]=-230393;[16]=-231121;[17]=-232529
731,RECAL 3 1 9999 -2296 64 4 80,1,9999,-2296,0,64,4,80,-1511.000000,33,1,Ok,110913.000000,NonMono,15,-230054.000000,15.243352,15,-1450.026592,7,[12]=-234420;[13]=-232136;[14]=-230669;[15]=-230054;[16]=-230265;[17]=-231320;[18]=-233197
732,RECAL 3 0 9999 9999 64 4 80,0,9999,9999,0,64,4,80,-2379.000000,33,1,Ok,107764.000000,NonMono,14,-229123.000000,14.439603,14,-2321.241590,7,[11]=-233030;[12]=-231057;[13]=-229748;[14]=-229123;[15]=-229154;[16]=-229881;[17]=-231305
733,RECAL 3 1 9999 -2321 64 4 80,1,9999,-2321,0,64,4,80,1058.000000,33,1,Ok,66485.000000,NonMono,17,-228917.000000,16.795511,17,1125.182042,9,[13]=-232517;[14]=-230868;[15]=-229719;[16]=-229067;[17]=-228917;[18]=-229269;[19]=-230152;[20]=-231563;[21]=-233490
734,RECAL 3 0 9999 9999 64 4 80,0,9999,9999,0,64,4,80,-2409.000000,33,1,Ok,111201.000000,NonMono,14,-232015.000000,14.456005,14,-2351.175980,7,[11]=-235944;[12]=-233962;[13]=-232661;[14]=-232015;[15]=-232044;[16]=-232749;[17]=-234146
735,RECAL 3 1 9999 -2351 64 4 80,1,9999,-2351,0,64,4,80,2051.000000,33,1,Ok,239710.000000,NonMono,17,-231398.000000,16.795097,17,2118.180389,5,[15]=-234216;[16]=-231928;[17]=-231398;[18]=-232658;[19]=-235691
736,RECAL 3 0 9999 9999 64 4 80,0,9999,9999,0,64,4,80,-2435.000000,33,1,Ok,111750.000000,NonMono,14,-235278.000000,14.478382,14,-2377.086470,7,[11]=-239373;[12]=-237322;[13]=-235944;[14]=-235278;[15]=-235294;[16]=-235992;[17]=-237393
737,RECAL 3 1 9999 -2377 64 4 80,1,9999,-2377,0,64,4,80,2707.000000,33,1,Ok,263136.000000,NonMono,17,-232817.000000,17.261009,17,2776.044037,5,[15]=-240761;[16]=-235194;[17]=-232817;[18]=-233549;[19]=-237343
738,RECAL 3 0 9999 9999 64 4 80,0,9999,9999,0,64,4,80,2449.000000,33,1,Ok,107443.000000,NonMono,17,-239434.000000,16.730504,17,2515.922016,7,[14]=-242510;[15]=-240666;[16]=-239616;[17]=-239434;[18]=-240066;[19]=-241587;[20]=-243908
739,RECAL 3 1 9999 2516 64 4 80,1,9999,2516,0,64,4,80,-2927.000000,33,1,Ok,262892.000000,NonMono,14,-233665.000000,14.117088,14,-2870.531650,5,[12]=-240777;[13]=-235625;[14]=-233665;[15]=-234889;[16]=-239420
740,RECAL 3 0 9999 9999 64 4 80,0,9999,9999,0,64,4,80,2379.000000,33,1,Ok,105214.000000,NonMono,16,-233737.000000,16.458099,16,2444.832394,7,[13]=-238350;[14]=-236044;[15]=-234484;[16]=-233737;[17]=-233777;[18]=-234598;[19]=-236247
741,RECAL 3 1 9999 2445 64 4 80,1,9999,2445,0,64,4,80,-2290.000000,33,1,Ok,253106.000000,NonMono,15,-231890.000000,14.601307,15,-2231.594770,5,[13]=-234266;[14]=-232081;[15]=-231890;[16]=-233672;[17]=-237474
742,RECAL 3 0 9999 9999 64 4 80,0,9999,9999,0,64,4,80,2387.000000,33,1,Ok,109232.000000,NonMono,16,-231612.000000,16.282855,16,2452.131421,7,[13]=-235852;[14]=-233665;[15]=-232237;[16]=-231612;[17]=-231793;[18]=-232784;[19]=-234610
743,RECAL 3 1 9999 2452 64 4 80,1,9999,2452,0,64,4,80,-1372.000000,33,1,Ok,97699.000000,NonMono,15,-231283.000000,15.068719,15,-1311.725122,7,[12]=-234563;[13]=-232781;[14]=-231697;[15]=-231283;[16]=-231594;[17]=-232604;[18]=-234302
744,RECAL 3 0 9999 9999 64 4 80,0,9999,9999,0,64,4,80,2401.000000,33,1,Ok,110758.000000,NonMono,16,-233271.000000,16.263949,16,2466.055796,7,[13]=-237613;[14]=-235340;[15]=-233933;[16]=-233271;[17]=-233489;[18]=-234510;[19]=-236431
745,RECAL 3 1 9999 2466 64 4 80,1,9999,2466,0,64,4,80,1230.000000,33,1,Ok,88025.000000,NonMono,16,-233273.000000,16.277321,16,1295.109286,7,[13]=-236959;[14]=-235026;[15]=-233819;[16]=-233273;[17]=-233411;[18]=-234285;[19]=-235837
746,RECAL 3 0 9999 9999 64 4 80,0,9999,9999,0,64,4,80,2499.000000,33,1,Ok,112062.000000,NonMono,17,-234951.000000,16.615680,17,2565.462721,7,[14]=-237825;[15]=-236017;[16]=-235065;[17]=-234951;[18]=-235733;[19]=-237408;[20]=-239977
747,RECAL 3 1 9999 2565 64 4 80,1,9999,2565,0,64,4,80,2149.000000,33,1,Ok,240832.000000,NonMono,17,-234723.000000,16.591463,17,2215.365852,5,[15]=-237027;[16]=-234897;[17]=-234723;[18]=-236525;[19]=-240355
748,RECAL 3 0 9999 9999 64 4 80,0,9999,9999,0,64,4,80,2509.000000,33,1,Ok,107510.000000,NonMono,17,-243784.000000,16.666827,17,2575.667309,7,[14]=-246668;[15]=-244881;[16]=-243936;[17]=-243784;[18]=-244493;[19]=-246026;[20]=-248440
749,RECAL 3 1 9999 2576 64 4 80,1,9999,2576,0,64,4,80,2785.000000,33,1,Ok,257436.000000,NonMono,18,-238517.000000,17.810282,18,2856.241128,5,[16]=-243707;[17]=-239519;[18]=-238517;[19]=-240711;[20]=-246019
750,RECAL 3 0 9999 9999 64 4 80,0,9999,9999,0,64,4,80,1001.000000,33,1,Ok,21658.000000,NonMono,14,-238755.000000,14.525172,15,1059.100690,15,[7]=-242157;[8]=-241332;[9]=-240598;[10]=-239998;[11]=-239500;[12]=-239139;[13]=-238880;[14]=-238755;[15]=-238756;[16]=-238888;[17]=-239131;[18]=-239515;[19]=-240046;[20]=-240735;[21]=-241555
751,RECAL 3 1 9999 1059 64 4 80,1,9999,1059,0,64,4,80,2793.000000,33,1,Ok,260607.000000,NonMono,18,-235221.000000,17.526458,18,2863.105831,17,[10]=-327234;[11]=-304271;[12]=-284507;[13]=-268101;[14]=-254997;[15]=-245238;[16]=-238725;[17]=-235368;[18]=-235221;[19]=-238224;[20]=-244339;[21]=-253537;[22]=-265608;[23]=-280679;[24]=-298551;[25]=-318954;[26]=-341611
752,RECAL 3 0 9999 9999 64 4 80,0,9999,9999,0,64,4,80,967.000000,33,1,Ok,25785.000000,NonMono,13,-234650.000000,12.922475,13,1018.689899,15,[6]=-237535;[7]=-236773;[8]=-236117;[9]=-235578;[10]=-235161;[11]=-234875;[12]=-234700;[13]=-234650;[14]=-234719;[15]=-234917;[16]=-235238;[17]=-235710;[18]=-236314;[19]=-237067;[20]=-237941
753,RECAL 3 1 9999 1019 64 4 80,1,9999,1019,0,64,4,80,2156.000000,33,1,Ok,245335.000000,NonMono,17,-233748.000000,16.963154,17,2223.852618,5,[15]=-237517;[16]=-234636;[17]=-233748;[18]=-234780;[19]=-237802
754,RECAL 3 0 9999 9999 64 4 80,0,9999,9999,0,64,4,80,660.000000,33,1,Ok,10756.000000,NonMono,14,-229820.000000,13.925731,14,715.702922,21,[4]=-232493;[5]=-231997;[6]=-231546;[7]=-231150;[8]=-230765;[9]=-230486;[10]=-230244;[11]=-230042;[12]=-229907;[13]=-229824;[14]=-229820;[15]=-229844;[16]=-229928;[17]=-230078;[18]=-230299;[19]=-230579;[20]=-230911;[21]=-231352;[22]=-231811;[23]=-232363;[24]=-232984
755,RECAL 3 1 9999 716 64 4 80,1,9999,716,0,64,4,80,1246.000000,33,1,Ok,91671.000000,NonMono,16,-229808.000000,15.819283,16,1309.277133,7,[13]=-232590;[14]=-230964;[15]=-230039;[16]=-229808;[17]=-230280;[18]=-231468;[19]=-233314
756,RECAL 3 0 9999 9999 64 4 80,0,9999,9999,0,64,4,80,622.000000,33,1,Ok,13917.000000,NonMono,10,-227941.000000,10.136270,10,662.545081,17,[2]=-229471;[3]=-229132;[4]=-228832;[5]=-228569;[6]=-228348;[7]=-228183;[8]=-228055;[9]=-227972;[10]=-227941;[11]=-227950;[12]=-228020;[13]=-228145;[14]=-228325;[15]=-228562;[16]=-228820;[17]=-229152;[18]=-229544
757,RECAL 3 1 9999 663 64 4 80,1,9999,663,0,64,4,80,-1361.000000,33,1,Ok,93273.000000,NonMono,15,-227676.000000,15.066071,15,-1300.735717,7,[12]=-230903;[13]=-229137;[14]=-228059;[15]=-227676;[16]=-227973;[17]=-228940;[18]=-230593
758,RECAL 3 0 9999 9999 64 4 80,0,9999,9999,0,64,4,80,587.000000,33,1,Ok,9871.000000,NonMono,12,-229966.000000,12.072421,12,635.289682,17,[4]=-231262;[5]=-230968;[6]=-230704;[7]=-230501;[8]=-230323;[9]=-230158;[10]=-230047;[11]=-230012;[12]=-229966;[13]=-229998;[14]=-230069;[15]=-230163;[16]=-230302;[17]=-230503;[18]=-230747;[19]=-231034;[20]=-231396
759,RECAL 3 1 9999 635 64 4 80,1,9999,635,0,64,4,80,-2283.000000,33,1,Ok,254950.000000,NonMono,15,-228332.000000,14.663393,15,-2224.346429,5,[13]=-230923;[14]=-228656;[15]=-228332;[16]=-229977;[17]=-233583
760,RECAL 3 0 9999 9999 64 4 80,0,9999,9999,0,64,4,80,849.000000,33,1,Ok,17193.000000,NonMono,13,-231852.000000,13.475987,13,902.903949,19,[4]=-235527;[5]=-234821;[6]=-234178;[7]=-233614;[8]=-233118;[9]=-232699;[10]=-232361;[11]=-232121;[12]=-231946;[13]=-231852;[14]=-231869;[15]=-231949;[16]=-232137;[17]=-232409;[18]=-232792;[19]=-233238;[20]=-233790;[21]=-234458;[22]=-235227
761,RECAL 3 1 9999 903 64 4 80,1,9999,903,0,64,4,80,-2921.000000,33,1,Ok,269412.000000,NonMono,14,-227304.000000,14.308802,14,-2863.764793,5,[12]=-235510;[13]=-229864;[14]=-227304;[15]=-227922;[16]=-231830
762,RECAL 3 0 9999 9999 64 4 80,0,9999,9999,0,64,4,80,-2276.000000,33,1,Ok,103712.000000,NonMono,13,-238179.000000,13.339033,13,-2222.643870,7,[10]=-241365;[11]=-239715;[12]=-238635;[13]=-238179;[14]=-238249;[15]=-238921;[16]=-240182
763,RECAL 3 1 9999 -2223 64 4 80,1,9999,-2223,0,64,4,80,-2922.000000,33,1,Ok,265824.000000,NonMono,14,-231036.000000,13.903123,14,-2866.387510,5,[12]=-236610;[13]=-232298;[14]=-231036;[15]=-232942;[16]=-238097
764,RECAL 3 0 9999 9999 64 4 80,0,9999,9999,0,64,4,80,-2350.000000,33,1,Ok,115700.000000,NonMono,13,-232800.000000,12.912440,13,-2298.350240,7,[10]=-235389;[11]=-233911;[12]=-233061;[13]=-232800;[14]=-233171;[15]=-234164;[16]=-235825
765,RECAL 3 1 9999 -2298 64 4 80,1,9999,-2298,0,64,4,80,-2285.000000,33,1,Ok,258031.000000,NonMono,14,-229638.000000,14.174372,14,-2228.302514,5,[12]=-234090;[13]=-230918;[14]=-229638;[15]=-230260;[16]=-232838
766,RECAL 3 0 9999 9999 64 4 80,0,9999,9999,0,64,4,80,-2346.000000,33,1,Ok,108271.000000,NonMono,13,-231185.000000,13.339603,13,-2292.641590,7,[10]=-234517;[11]=-232838;[12]=-231699;[13]=-231185;[14]=-231299;[15]=-232023;[16]=-233366
767,RECAL 3 1 9999 -2293 64 4 80,1,9999,-2293,0,64,4,80,-1368.000000,33,1,Ok,93164.000000,NonMono,15,-230726.000000,14.832410,15,-1308.670360,7,[12]=-233423;[13]=-231853;[14]=-230958;[15]=-230726;[16]=-231183;[17]=-232278;[18]=-234032
768,RECAL 3 0 9999 9999 64 4 80,0,9999,9999,0,64,4,80,-2331.000000,33,1,Ok,106718.000000,NonMono,13,-231597.000000,13.206953,13,-2278.172189,7,[10]=-234633;[11]=-233043;[12]=-232031;[13]=-231597;[14]=-231778;[15]=-232579;[16]=-233981
769,RECAL 3 1 9999 -2278 64 4 80,1,9999,-2278,0,64,4,80,1233.000000,33,1,Ok,81727.000000,NonMono,16,-231622.000000,16.459985,16,1298.839942,7,[13]=-235443;[14]=-233533;[15]=-232236;[16]=-231622;[17]=-231642;[18]=-232335;[19]=-233700
770,RECAL 3 0 9999 9999 64 4 80,0,9999,9999,0,64,4,80,-2220.000000,33,1,Ok,93984.000000,NonMono,13,-232024.000000,13.316803,13,-2166.732789,9,[9]=-236980;[10]=-234930;[11]=-233439;[12]=-232472;[13]=-232024;[14]=-232111;[15]=-232766;[16]=-233944;[17]=-235665
771,RECAL 3 1 9999 -2167 64 4 80,1,9999,-2167,0,64,4,80,2150.000000,33,1,Ok,245192.000000,NonMono,17,-230853.000000,17.097630,17,2218.390520,5,[15]=-234987;[16]=-231994;[17]=-230853;[18]=-231627;[19]=-234252
772,RECAL 3 0 9999 9999 64 4 80,0,9999,9999,0,64,4,80,-2209.000000,33,1,Ok,92664.000000,NonMono,13,-238538.000000,13.176393,13,-2156.294429,9,[9]=-243138;[10]=-241201;[11]=-239780;[12]=-238905;[13]=-238538;[14]=-238697;[15]=-239414;[16]=-240643;[17]=-242376
773,RECAL 3 1 9999 -2156 64 4 80,1,9999,-2156,0,64,4,80,2789.000000,33,1,Ok,261201.000000,NonMono,18,-234894.000000,17.568755,18,2859.275022,5,[16]=-238479;[17]=-235107;[18]=-234894;[19]=-237750;[20]=-243614
774,RECAL 3 0 9999 9999 64 4 80,0,9999,9999,0,64,4,80,2395.000000,33,1,Ok,106892.000000,NonMono,18,-237607.000000,17.606650,18,2465.426602,7,[15]=-240113;[16]=-238516;[17]=-237674;[18]=-237607;[19]=-238274;[20]=-239745;[21]=-241987
775,RECAL 3 1 9999 2465 64 4 80,1,9999,2465,0,64,4,80,-2904.000000,33,1,Ok,262668.000000,NonMono,14,-233653.000000,14.400930,14,-2846.396281,5,[12]=-242888;[13]=-236607;[14]=-233653;[15]=-233968;[16]=-237548
776,RECAL 3 0 9999 9999 64 4 80,0,9999,9999,0,64,4,80,2320.000000,33,1,Ok,97595.000000,NonMono,17,-231079.000000,17.109407,17,2388.437627,7,[14]=-234505;[15]=-232675;[16]=-231522;[17]=-231079;[18]=-231373;[19]=-232393;[20]=-234159
777,RECAL 3 1 9999 2388 64 4 80,1,9999,2388,0,64,4,80,-2266.000000,33,1,Ok,246813.000000,NonMono,15,-230320.000000,15.144968,15,-2205.420129,5,[13]=-234969;[14]=-231642;[15]=-230320;[16]=-231056;[17]=-233823
778,RECAL 3 0 9999 9999 64 4 80,0,9999,9999,0,64,4,80,2415.000000,33,1,Ok,113172.000000,NonMono,18,-229122.000000,17.673005,18,2485.692021,7,[15]=-231907;[16]=-230206;[17]=-229256;[18]=-229122;[19]=-229794;[20]=-231263;[21]=-233549
779,RECAL 3 1 9999 2486 64 4 80,1,9999,2486,0,64,4,80,-1348.000000,33,1,Ok,91925.000000,NonMono,16,-229092.000000,15.905708,16,-1284.377170,7,[13]=-232113;[14]=-230369;[15]=-229375;[16]=-229092;[17]=-229502;[18]=-230598;[19]=-232386
780,RECAL 3 0 9999 9999 64 4 80,0,9999,9999,0,64,4,80,2324.000000,33,1,Ok,100809.000000,NonMono,17,-228810.000000,17.433197,17,2393.732790,7,[14]=-232993;[15]=-230877;[16]=-229489;[17]=-228810;[18]=-228858;[19]=-229641;[20]=-231216
781,RECAL 3 1 9999 2394 64 4 80,1,9999,2394,0,64,4,80,1235.000000,33,1,Ok,92506.000000,NonMono,16,-228757.000000,16.244918,16,1299.979670,7,[13]=-232490;[14]=-230529;[15]=-229293;[16]=-228757;[17]=-228938;[18]=-229850;[19]=-231513
782,RECAL 3 0 9999 9999 64 4 80,0,9999,9999,0,64,4,80,2336.000000,33,1,Ok,107659.000000,NonMono,18,-230662.000000,18.047356,18,2408.189424,7,[15]=-233991;[16]=-232172;[17]=-231058;[18]=-230662;[19]=-230990;[20]=-232085;[21]=-233946
783,RECAL 3 1 9999 2408 64 4 80,1,9999,2408,0,64,4,80,2150.000000,33,1,Ok,250214.000000,NonMono,17,-229568.000000,17.014831,17,2218.059323,5,[15]=-233779;[16]=-230626;[17]=-229568;[18]=-230565;[19]=-233661
784,RECAL 3 0 9999 9999 64 4 80,0,9999,9999,0,64,4,80,2340.000000,33,1,Ok,103359.000000,NonMono,18,-235182.000000,17.948554,18,2411.794215,7,[15]=-238258;[16]=-236535;[17]=-235517;[18]=-235182;[19]=-235595;[20]=-236713;[21]=-238583
785,RECAL 3 1 9999 2412 64 4 80,1,9999,2412,0,64,4,80,2787.000000,33,1,Ok,263450.000000,NonMono,17,-232428.000000,17.324182,17,2856.296728,5,[15]=-241295;[16]=-235171;[17]=-232428;[18]=-233002;[19]=-236882
786,RECAL 3 0 9999 9999 64 4 80,0,9999,9999,0,64,4,80,245.000000,33,0,ParabolaNotDownward,1049.000000,Flat,17,-237380.000000,,,,0,
787,RECAL 3 0 9999 9999 200 4 80,0,9999,9999,0,200,4,80,109.000000,101,1,Ok,17217.000000,NonMono,53,-237356.000000,51.817970,52,316.271881,45,[31]=-238713;[32]=-238596;[33]=-238489;[34]=-238390;[35]=-238268;[36]=-238191;[37]=-238109;[38]=-238011;[39]=-237932;[40]=-237857;[41]=-237781;[42]=-237695;[43]=-237643;[44]=-237586;[45]=-237529;[46]=-237494;[47]=-237443;[48]=-237412;[49]=-237389;[50]=-237367;[51]=-237369;[52]=-237363;[53]=-237356;[54]=-237370;[55]=-237395;[56]=-237414;[57]=-237481;[58]=-237526;[59]=-237591;[60]=-237660;[61]=-237766;[62]=-237858;[63]=-237964;[64]=-238107;[65]=-238230;[66]=-238374;[67]=-238546;[68]=-238720;[69]=-238912;[70]=-239111;[71]=-239341;[72]=-239568;[73]=-239832;[74]=-240088;[75]=-240417
788,RECAL 3 0 9999 316 64 4 80,0,9999,316,0,64,4,80,252.000000,33,0,ParabolaNotDownward,1304.000000,Flat,17,-237351.000000,,,,0,
789,RECAL 3 1 9999 316 64 4 80,1,9999,316,0,64,4,80,2818.000000,33,1,Ok,262560.000000,NonMono,18,-233593.000000,17.530243,18,2888.120973,17,[10]=-330656;[11]=-306358;[12]=-285541;[13]=-268329;[14]=-254518;[15]=-244195;[16]=-237346;[17]=-233791;[18]=-233593;[19]=-236678;[20]=-243095;[21]=-252716;[22]=-265543;[23]=-281385;[24]=-300177;[25]=-321463;[26]=-345158
790,RECAL 3 0 9999 9999 64 4 80,0,9999,9999,0,64,4,80,178.000000,33,0,ParabolaNotDownward,787.000000,Flat,19,-234113.000000,,,,0,
791,RECAL 3 0 9999 9999 200 4 80,0,9999,9999,0,200,4,80,42.000000,101,1,Ok,12923.000000,NonMono,53,-234112.000000,53.085493,53,254.341971,33,[37]=-234733;[38]=-234681;[39]=-234595;[40]=-234534;[41]=-234490;[42]=-234427;[43]=-234393;[44]=-234347;[45]=-234297;[46]=-234282;[47]=-234224;[48]=-234201;[49]=-234160;[50]=-234163;[51]=-234136;[52]=-234133;[53]=-234112;[54]=-234123;[55]=-234116;[56]=-234148;[57]=-234182;[58]=-234201;[59]=-234232;[60]=-234287;[61]=-234359;[62]=-234406;[63]=-234459;[64]=-234551;[65]=-234654;[66]=-234733;[67]=-234849;[68]=-234961;[69]=-235103
792,RECAL 3 0 9999 254 64 4 80,0,9999,254,0,64,4,80,190.000000,33,0,ParabolaNotDownward,980.000000,Flat,17,-234089.000000,,,,0,
793,RECAL 3 1 9999 254 64 4 80,1,9999,254,0,64,4,80,2191.000000,33,1,Ok,254292.000000,NonMono,17,-232384.000000,17.306018,17,2260.224072,5,[15]=-238006;[16]=-234100;[17]=-232384;[18]=-232783;[19]=-235305
794,RECAL 3 0 9999 9999 64 4 80,0,9999,9999,0,64,4,80,26.000000,33,0,ParabolaNotDownward,294.000000,Flat,9,-230444.000000,,,,0,
795,RECAL 3 0 9999 9999 200 4 80,0,9999,9999,0,200,4,80,-110.000000,101,1,Ok,5051.000000,NonMono,42,-230428.000000,44.801135,45,69.204539,33,[26]=-230459;[27]=-230474;[28]=-230455;[29]=-230471;[30]=-230474;[31]=-230443;[32]=-230450;[33]=-230455;[34]=-230464;[35]=-230462;[36]=-230466;[37]=-230449;[38]=-230445;[39]=-230467;[40]=-230457;[41]=-230434;[42]=-230428;[43]=-230433;[44]=-230430;[45]=-230429;[46]=-230444;[47]=-230433;[48]=-230452;[49]=-230444;[50]=-230450;[51]=-230464;[52]=-230449;[53]=-230468;[54]=-230486;[55]=-230484;[56]=-230510;[57]=-230517;[58]=-230538
796,RECAL 3 0 9999 69 64 4 80,0,9999,69,0,64,4,80,5.000000,33,0,ParabolaNotDownward,171.000000,Flat,16,-230419.000000,,,,0,
797,RECAL 3 1 9999 79 64 4 80,1,9999,79,0,64,4,80,1303.000000,33,1,Ok,110724.000000,NonMono,17,-229988.000000,17.058771,17,1371.235086,7,[14]=-233759;[15]=-231707;[16]=-230451;[17]=-229988;[18]=-230352;[19]=-231520;[20]=-233470
798,RECAL 3 0 9999 9999 64 4 80,0,9999,9999,0,64,4,80,627.000000,33,1,Ok,8659.000000,NonMono,15,-229853.000000,15.282017,15,688.128068,23,[4]=-233090;[5]=-232574;[6]=-232080;[7]=-231643;[8]=-231245;[9]=-230881;[10]=-230585;[11]=-230332;[12]=-230138;[13]=-229990;[14]=-229898;[15]=-229853;[16]=-229863;[17]=-229914;[18]=-230048;[19]=-230244;[20]=-230474;[21]=-230784;[22]=-231156;[23]=-231567;[24]=-232090;[25]=-232636;[26]=-233242
799,RECAL 3 1 9999 688 64 4 80,1,9999,688,0,64,4,80,-1273.000000,33,1,Ok,79820.000000,NonMono,16,-229869.000000,15.512214,16,-1210.951144,7,[13]=-231772;[14]=-230518;[15]=-229880;[16]=-229869;[17]=-230490;[18]=-231736;[19]=-233596
800,RECAL 3 0 9999 9999 64 4 80,0,9999,9999,0,64,4,80,-208.000000,33,0,ParabolaNotDownward,567.000000,Flat,20,-232667.000000,,,,0,
801,RECAL 3 0 9999 9999 200 4 80,0,9999,9999,0,200,4,80,-344.000000,101,1,Ok,7468.000000,NonMono,56,-232653.000000,53.889357,54,-128.442573,33,[40]=-232906;[41]=-232856;[42]=-232834;[43]=-232800;[44]=-232765;[45]=-232748;[46]=-232727;[47]=-232708;[48]=-232698;[49]=-232696;[50]=-232697;[51]=-232675;[52]=-232669;[53]=-232661;[54]=-232670;[55]=-232655;[56]=-232653;[57]=-232661;[58]=-232681;[59]=-232671;[60]=-232696;[61]=-232702;[62]=-232719;[63]=-232718;[64]=-232721;[65]=-232745;[66]=-232757;[67]=-232766;[68]=-232771;[69]=-232802;[70]=-232800;[71]=-232797;[72]=-232817
802,RECAL 3 0 9999 -128 64 4 80,0,9999,-128,0,64,4,80,-192.000000,33,0,ParabolaNotDownward,340.000000,Flat,17,-232655.000000,,,,0,
803,RECAL 3 1 9999 -127 64 4 80,1,9999,-127,0,64,4,80,-2221.000000,33,1,Ok,248227.000000,NonMono,15,-231173.000000,14.737147,15,-2162.051412,5,[13]=-233997;[14]=-231641;[15]=-231173;[16]=-232665;[17]=-236099
804,RECAL 3 0 9999 9999 64 4 80,0,9999,9999,0,64,4,80,567.000000,33,1,Ok,5023.000000,NonMono,17,-235031.000000,16.892176,17,634.568706,25,[5]=-237594;[6]=-237209;[7]=-236842;[8]=-236505;[9]=-236218;[10]=-235925;[11]=-235707;[12]=-235496;[13]=-235346;[14]=-235211;[15]=-235102;[16]=-235058;[17]=-235031;[18]=-235042;[19]=-235134;[20]=-235241;[21]=-235384;[22]=-235579;[23]=-235819;[24]=-236111;[25]=-236433;[26]=-236794;[27]=-237228;[28]=-237692;[29]=-238212
805,RECAL 3 1 9999 635 64 4 80,1,9999,635,0,64,4,80,-2872.000000,33,1,Ok,263897.000000,NonMono,15,-232118.000000,14.594444,15,-2813.622225,5,[13]=-235836;[14]=-232415;[15]=-232118;[16]=-235030;[17]=-241229
806,RECAL 3 0 9999 9999 64 4 80,0,9999,9999,0,64,4,80,-2375.000000,33,1,Ok,96316.000000,NonMono,15,-241154.000000,14.652618,15,-2316.389528,7,[12]=-243405;[13]=-242031;[14]=-241280;[15]=-241154;[16]=-241721;[17]=-242900;[18]=-244673
807,RECAL 3 1 9999 -2316 64 4 80,1,9999,-2316,0,64,4,80,-2896.000000,33,1,Ok,258040.000000,NonMono,15,-238101.000000,14.578688,15,-2837.685247,17,[7]=-327470;[8]=-306203;[9]=-287422;[10]=-271443;[11]=-258455;[12]=-248528;[13]=-241873;[14]=-238362;[15]=-238101;[16]=-241134;[17]=-247486;[18]=-257210;[19]=-270386;[20]=-287002;[21]=-306874;[22]=-330277;[23]=-356950
808,RECAL 3 0 9999 9999 64 4 80,0,9999,9999,0,64,4,80,-2447.000000,33,1,Ok,106781.000000,NonMono,15,-237589.000000,14.539516,15,-2388.841938,7,[12]=-239751;[13]=-238353;[14]=-237611;[15]=-237589;[16]=-238267;[17]=-239667;[18]=-241772
809,RECAL 3 1 9999 -2389 64 4 80,1,9999,-2389,0,64,4,80,-2256.000000,33,1,Ok,246399.000000,NonMono,15,-236358.000000,14.921805,15,-2196.312781,5,[13]=-240019;[14]=-237222;[15]=-236358;[16]=-237540;[17]=-240694
810,RECAL 3 0 9999 9999 64 4 80,0,9999,9999,0,64,4,80,-2353.000000,33,1,Ok,94129.000000,NonMono,15,-233133.000000,14.873667,15,-2293.505331,7,[12]=-235690;[13]=-234219;[14]=-233353;[15]=-233133;[16]=-233536;[17]=-234536;[18]=-236229
811,RECAL 3 1 9999 -2294 64 4 80,1,9999,-2294,0,64,4,80,-1335.000000,33,1,Ok,87904.000000,NonMono,16,-233133.000000,15.913870,16,-1271.344521,7,[13]=-236015;[14]=-234366;[15]=-233416;[16]=-233133;[17]=-233541;[18]=-234579;[19]=-236328
812,RECAL 3 0 9999 9999 64 4 80,0,9999,9999,0,64,4,80,-2440.000000,33,1,Ok,112241.000000,NonMono,14,-233781.000000,13.971928,14,-2384.112288,7,[11]=-236812;[12]=-235106;[13]=-234084;[14]=-233781;[15]=-234130;[16]=-235192;[17]=-236972
813,RECAL 3 1 9999 -2384 64 4 80,1,9999,-2384,0,64,4,80,1249.000000,33,1,Ok,90882.000000,NonMono,16,-233795.000000,16.338657,16,1314.354630,7,[13]=-237777;[14]=-235711;[15]=-234407;[16]=-233795;[17]=-233915;[18]=-234740;[19]=-236333
814,RECAL 3 0 9999 9999 64 4 80,0,9999,9999,0,64,4,80,-2431.000000,33,1,Ok,105038.000000,NonMono,14,-239987.000000,14.307256,14,-2373.770976,7,[11]=-243576;[12]=-241740;[13]=-240534;[14]=-239987;[15]=-240137;[16]=-240934;[17]=-242434
815,RECAL 3 1 9999 -2374 64 4 80,1,9999,-2374,0,64,4,80,2157.000000,33,1,Ok,245418.000000,NonMono,17,-239125.000000,16.893171,17,2224.572685,5,[15]=-242855;[16]=-239951;[17]=-239125;[18]=-240366;[19]=-243559
816,RECAL 3 0 9999 9999 64 4 80,0,9999,9999,0,64,4,80,-2429.000000,33,1,Ok,95703.000000,NonMono,15,-242663.000000,14.744412,15,-2370.022351,7,[12]=-245042;[13]=-243604;[14]=-242815;[15]=-242663;[16]=-243139;[17]=-244286;[18]=-246085
817,RECAL 3 1 9999 -2370 64 4 80,1,9999,-2370,0,64,4,80,2790.000000,33,1,Ok,256839.000000,NonMono,17,-239398.000000,17.468720,17,2859.874879,17,[9]=-359304;[10]=-332578;[11]=-309132;[12]=-289081;[13]=-272325;[14]=-259106;[15]=-249186;[16]=-242603;[17]=-239398;[18]=-239547;[19]=-242952;[20]=-249542;[21]=-259274;[22]=-272053;[23]=-287540;[24]=-306074;[25]=-327177
818,RECAL 3 0 9999 9999 64 4 80,0,9999,9999,0,64,4,80,2247.000000,33,1,Ok,94808.000000,NonMono,16,-236424.000000,16.316908,16,2312.267631,7,[13]=-240176;[14]=-238242;[15]=-236998;[16]=-236424;[17]=-236547;[18]=-237395;[19]=-238943
819,RECAL 3 1 9999 2312 64 4 80,1,9999,2312,0,64,4,80,-2906.000000,33,1,Ok,264286.000000,NonMono,14,-232127.000000,14.373903,14,-2848.504388,5,[12]=-241320;[13]=-235045;[14]=-232127;[15]=-232534;[16]=-236391
820,RECAL 3 0 9999 9999 64 4 80,0,9999,9999,0,64,4,80,2260.000000,33,1,Ok,95781.000000,NonMono,16,-228709.000000,16.485528,16,2325.942113,7,[13]=-232930;[14]=-230827;[15]=-229408;[16]=-228709;[17]=-228721;[18]=-229453;[19]=-230937
821,RECAL 3 1 9999 2326 64 4 80,1,9999,2326,0,64,4,80,-2283.000000,33,1,Ok,248583.000000,NonMono,16,-228609.000000,15.492901,15,-2221.028397,5,[14]=-230653;[15]=-228610;[16]=-228609;[17]=-230717;[18]=-234888
822,RECAL 3 0 9999 9999 64 4 80,0,9999,9999,0,64,4,80,2178.000000,33,1,Ok,87602.000000,NonMono,16,-226789.000000,16.486549,16,2243.946197,7,[13]=-230819;[14]=-228805;[15]=-227448;[16]=-226789;[17]=-226800;[18]=-227481;[19]=-228883
823,RECAL 3 1 9999 2244 64 4 80,1,9999,2244,0,64,4,80,-1389.000000,33,1,Ok,100029.000000,NonMono,16,-226687.000000,16.123540,16,-1324.505839,7,[13]=-230342;[14]=-228385;[15]=-227156;[16]=-226687;[17]=-226968;[18]=-228017;[19]=-229788
824,RECAL 3 0 9999 9999 64 4 80,0,9999,9999,0,64,4,80,2284.000000,33,1,Ok,98830.000000,NonMono,16,-226984.000000,16.444267,16,2349.777070,7,[13]=-231370;[14]=-229176;[15]=-227690;[16]=-226984;[17]=-227029;[18]=-227840;[19]=-229456
825,RECAL 3 1 9999 2350 64 4 80,1,9999,2350,0,64,4,80,1178.000000,33,1,Ok,90082.000000,NonMono,17,-226677.000000,16.854410,17,1245.417639,7,[14]=-229401;[15]=-227813;[16]=-226911;[17]=-226677;[18]=-227103;[19]=-228227;[20]=-230039
826,RECAL 3 0 9999 9999 64 4 80,0,9999,9999,0,64,4,80,2290.000000,33,1,Ok,100049.000000,NonMono,16,-230106.000000,16.355854,16,2355.423416,7,[13]=-234226;[14]=-232144;[15]=-230740;[16]=-230106;[17]=-230221;[18]=-231101;[19]=-232765
827,RECAL 3 1 9999 2355 64 4 80,1,9999,2355,0,64,4,80,2105.000000,33,1,Ok,258339.000000,NonMono,18,-227618.000000,17.600272,18,2175.401086,5,[16]=-230049;[17]=-227807;[18]=-227618;[19]=-229424;[20]=-233269
828,RECAL 3 0 9999 9999 64 4 80,0,9999,9999,0,64,4,80,2297.000000,33,1,Ok,94057.000000,NonMono,17,-236081.000000,16.751968,17,2364.007871,7,[14]=-238829;[15]=-237191;[16]=-236264;[17]=-236081;[18]=-236626;[19]=-237975;[20]=-240051
829,RECAL 3 1 9999 2364 64 4 80,1,9999,2364,0,64,4,80,2741.000000,33,1,Ok,264588.000000,NonMono,18,-231623.000000,17.666886,18,2811.667543,5,[16]=-236056;[17]=-232146;[18]=-231623;[19]=-234362;[20]=-240472
830,RECAL 3 0 9999 9999 64 4 80,0,9999,9999,0,64,4,80,-11.000000,33,0,ParabolaNotDownward,465.000000,Flat,0,-242461.000000,,,,0,
831,RECAL 3 0 9999 9999 200 4 80,0,9999,9999,0,200,4,80,-147.000000,101,0,ParabolaNotDownward,4601.000000,NonMono,2,-242138.000000,,,,30,[-12]=0;[-11]=0;[-10]=0;[-9]=0;[-8]=0;[-7]=0;[-6]=0;[-5]=0;[-4]=0;[-3]=0;[-1]=3.90061e-270;[0]=-242162;[1]=-242148;[2]=-242138;[3]=-242149;[4]=-242151;[5]=-242172;[6]=-242167;[7]=-242180;[8]=-242166;[9]=-242173;[10]=-242184;[11]=-242179;[12]=-242195;[13]=-242205;[14]=-242214;[15]=-242223;[16]=-242235;[17]=-242249;[18]=-242261
832,RECAL 3 0 9999 -146 64 4 80,0,9999,-146,0,64,4,80,-210.000000,33,0,ParabolaNotDownward,431.000000,Flat,14,-242073.000000,,,,0,
833,RECAL 3 1 9999 -137 64 4 80,1,9999,-137,0,64,4,80,2780.000000,33,1,Ok,258865.000000,NonMono,18,-237320.000000,17.691053,18,2850.764211,5,[16]=-242082;[17]=-237971;[18]=-237320;[19]=-240043;[20]=-246080
834,RECAL 3 0 9999 9999 64 4 80,0,9999,9999,0,64,4,80,-276.000000,33,0,ParabolaNotDownward,1113.000000,Flat,8,-235694.000000,,,,0,
835,RECAL 3 0 9999 9999 200 4 80,0,9999,9999,0,200,4,80,-412.000000,101,1,Ok,8534.000000,NonMono,42,-235704.000000,41.512727,42,-245.949094,33,[26]=-236554;[27]=-236453;[28]=-236347;[29]=-236253;[30]=-236182;[31]=-236088;[32]=-236024;[33]=-235963;[34]=-235894;[35]=-235850;[36]=-235807;[37]=-235782;[38]=-235748;[39]=-235747;[40]=-235738;[41]=-235715;[42]=-235704;[43]=-235725;[44]=-235733;[45]=-235740;[46]=-235757;[47]=-235805;[48]=-235831;[49]=-235872;[50]=-235904;[51]=-235958;[52]=-235995;[53]=-236022;[54]=-236059;[55]=-236124;[56]=-236192;[57]=-236236;[58]=-236284
836,RECAL 3 0 9999 -246 64 4 80,0,9999,-246,0,64,4,80,-310.000000,33,0,ParabolaNotDownward,913.000000,Flat,16,-235723.000000,,,,0,
837,RECAL 3 1 9999 -245 64 4 80,1,9999,-245,0,64,4,80,2158.000000,33,1,Ok,254571.000000,NonMono,17,-234051.000000,17.294006,17,2227.176023,5,[15]=-239551;[16]=-235707;[17]=-234051;[18]=-234456;[19]=-236969
838,RECAL 3 0 9999 9999 64 4 80,0,9999,9999,0,64,4,80,-334.000000,33,0,ParabolaNotDownward,1873.000000,Flat,7,-237387.000000,,,,0,
839,RECAL 3 0 9999 9999 200 4 80,0,9999,9999,0,200,4,80,-470.000000,101,1,Ok,12724.000000,NonMono,42,-237400.000000,41.886709,42,-302.453165,47,[19]=-240508;[20]=-240214;[21]=-239923;[22]=-239668;[23]=-239417;[24]=-239179;[25]=-238964;[26]=-238754;[27]=-238576;[28]=-238404;[29]=-238260;[30]=-238129;[31]=-237996;[32]=-237895;[33]=-237800;[34]=-237725;[35]=-237625;[36]=-237563;[37]=-237523;[38]=-237488;[39]=-237454;[40]=-237434;[41]=-237408;[42]=-237400;[43]=-237419;[44]=-237426;[45]=-237429;[46]=-237452;[47]=-237511;[48]=-237549;[49]=-237606;[50]=-237660;[51]=-237716;[52]=-237794;[53]=-237869;[54]=-237960;[55]=-238047;[56]=-238120;[57]=-238222;[58]=-238337;[59]=-238448;[60]=-238566;[61]=-238691;[62]=-238793;[63]=-238901;[64]=-239026;[65]=-239148
840,RECAL 3 0 9999 -302 64 4 80,0,9999,-302,0,64,4,80,-366.000000,33,0,ParabolaNotDownward,1368.000000,Flat,16,-237409.000000,,,,0,
841,RECAL 3 1 9999 -304 64 4 80,1,9999,-304,0,64,4,80,1267.000000,33,1,Ok,98614.000000,NonMono,17,-237344.000000,16.566132,17,1333.264529,7,[14]=-239782;[15]=-238223;[16]=-237406;[17]=-237344;[18]=-238059;[19]=-239526;[20]=-241715
842,RECAL 3 0 9999 9999 64 4 80,0,9999,9999,0,64,4,80,-832.000000,33,1,Ok,12778.000000,NonMono,12,-231900.000000,12.188808,12,-783.244769,19,[3]=-235024;[4]=-234370;[5]=-233802;[6]=-233301;[7]=-232899;[8]=-232555;[9]=-232297;[10]=-232102;[11]=-231954;[12]=-231900;[13]=-231944;[14]=-232035;[15]=-232194;[16]=-232420;[17]=-232733;[18]=-233110;[19]=-233537;[20]=-234053;[21]=-234601
843,RECAL 3 1 9999 -783 64 4 80,1,9999,-783,0,64,4,80,-1303.000000,33,1,Ok,88436.000000,NonMono,16,-231917.000000,16.246322,16,-1238.014711,7,[13]=-235275;[14]=-233504;[15]=-232384;[16]=-231917;[17]=-232067;[18]=-232860;[19]=-234269
844,RECAL 3 0 9999 9999 64 4 80,0,9999,9999,0,64,4,80,-474.000000,33,1,Ok,6416.000000,NonMono,4,-232909.000000,12.000000,12,-426.000000,16,[-4]=-5.34656e+235;[-3]=3.09783e-313;[-1]=-1.28823e-231;[0]=-233029;[1]=-232968;[2]=-232942;[3]=-232911;[4]=-232909;[5]=-232946;[6]=-232969;[7]=-233030;[8]=-233119;[9]=-233197;[10]=-233316;[11]=-233455;[12]=-233598
845,RECAL 3 1 9999 -471 64 4 80,1,9999,-471,0,64,4,80,-2230.000000,33,1,Ok,247157.000000,NonMono,15,-231920.000000,14.990572,15,-2170.037711,5,[13]=-235763;[14]=-232901;[15]=-231920;[16]=-232961;[17]=-236019
846,RECAL 3 0 9999 9999 64 4 80,0,9999,9999,0,64,4,80,-588.000000,33,1,Ok,5439.000000,NonMono,10,-235973.000000,10.245316,10,-547.018737,17,[2]=-236917;[3]=-236692;[4]=-236513;[5]=-236342;[6]=-236207;[7]=-236109;[8]=-236039;[9]=-236011;[10]=-235973;[11]=-235993;[12]=-236018;[13]=-236060;[14]=-236156;[15]=-236269;[16]=-236405;[17]=-236560;[18]=-236766
847,RECAL 3 1 9999 -547 64 4 80,1,9999,-547,0,64,4,80,-2866.000000,33,1,Ok,263701.000000,NonMono,14,-232452.000000,14.495981,14,-2808.016076,17,[6]=-343991;[7]=-320446;[8]=-299242;[9]=-280517;[10]=-264678;[11]=-251885;[12]=-242192;[13]=-235733;[14]=-232452;[15]=-232494;[16]=-235926;[17]=-242780;[18]=-253066;[19]=-266830;[20]=-284051;[21]=-304727;[22]=-328510
848,RECAL 3 0 9999 9999 64 4 80,0,9999,9999,0,64,4,80,-2477.000000,33,1,Ok,123208.000000,NonMono,13,-242477.000000,12.989663,13,-2425.041348,7,[10]=-245470;[11]=-243788;[12]=-242810;[13]=-242477;[14]=-242829;[15]=-243819;[16]=-245535
849,RECAL 3 1 9999 -2425 64 4 80,1,9999,-2425,0,64,4,80,-2877.000000,33,1,Ok,256522.000000,NonMono,15,-239483.000000,14.581507,15,-2818.673972,5,[13]=-243197;[14]=-239734;[15]=-239483;[16]=-242452;[17]=-248717
850,RECAL 3 0 9999 9999 64 4 80,0,9999,9999,0,64,4,80,-2467.000000,33,1,Ok,122234.000000,NonMono,13,-239593.000000,13.253244,13,-2413.987023,7,[10]=-243142;[11]=-241305;[12]=-240092;[13]=-239593;[14]=-239760;[15]=-240634;[16]=-242225
851,RECAL 3 1 9999 -2414 64 4 80,1,9999,-2414,0,64,4,80,-2245.000000,33,1,Ok,238237.000000,NonMono,15,-238991.000000,15.216981,15,-2184.132078,5,[13]=-243690;[14]=-240394;[15]=-238991;[16]=-239559;[17]=-242072
852,RECAL 3 0 9999 9999 64 4 80,0,9999,9999,0,64,4,80,-2539.000000,33,1,Ok,145804.000000,NonMono,12,-239427.000000,12.399826,12,-2489.400697,7,[9]=-243464;[10]=-241429;[11]=-240085;[12]=-239427;[13]=-239513;[14]=-240313;[15]=-241841
853,RECAL 3 1 9999 -2489 64 4 80,1,9999,-2489,0,64,4,80,-1326.000000,33,1,Ok,80379.000000,NonMono,16,-239357.000000,15.494389,15,-1264.022445,7,[13]=-241365;[14]=-240019;[15]=-239364;[16]=-239357;[17]=-240008;[18]=-241321;[19]=-243227
854,RECAL 3 0 9999 9999 64 4 80,0,9999,9999,0,64,4,80,-2444.000000,33,1,Ok,122551.000000,NonMono,13,-242649.000000,13.089806,13,-2391.640777,7,[10]=-245830;[11]=-244093;[12]=-243048;[13]=-242649;[14]=-242931;[15]=-243844;[16]=-245445
855,RECAL 3 1 9999 -2392 64 4 80,1,9999,-2392,0,64,4,80,1240.000000,33,1,Ok,92631.000000,NonMono,17,-242466.000000,16.757952,17,1307.031808,7,[14]=-245116;[15]=-243509;[16]=-242637;[17]=-242466;[18]=-242993;[19]=-244163;[20]=-246107
856,RECAL 3 0 9999 9999 64 4 80,0,9999,9999,0,64,4,80,-2437.000000,33,1,Ok,125255.000000,NonMono,13,-244262.000000,12.881097,13,-2385.475613,7,[10]=-246934;[11]=-245391;[12]=-244501;[13]=-244262;[14]=-244664;[15]=-245741;[16]=-247530
857,RECAL 3 1 9999 -2385 64 4 80,1,9999,-2385,0,64,4,80,2140.000000,33,1,Ok,248585.000000,NonMono,18,-241647.000000,17.654460,18,2210.617841,5,[16]=-244234;[17]=-241937;[18]=-241647;[19]=-243305;[20]=-246965
858,RECAL 3 0 9999 9999 64 4 80,0,9999,9999,0,64,4,80,-2429.000000,33,1,Ok,117418.000000,NonMono,13,-249251.000000,13.132119,13,-2376.471526,7,[10]=-252358;[11]=-250683;[12]=-249642;[13]=-249251;[14]=-249473;[15]=-250343;[16]=-251836
859,RECAL 3 1 9999 -2376 64 4 80,1,9999,-2376,0,64,4,80,2767.000000,33,1,Ok,252343.000000,NonMono,18,-244258.000000,17.732949,18,2837.931797,5,[16]=-249186;[17]=-245044;[18]=-244258;[19]=-246779;[20]=-252493
860,RECAL 3 0 9999 9999 64 4 80,0,9999,9999,0,64,4,80,2499.000000,33,1,Ok,117739.000000,NonMono,16,-240697.000000,16.113181,16,2563.452724,7,[13]=-244738;[14]=-242571;[15]=-241202;[16]=-240697;[17]=-241027;[18]=-242199;[19]=-244237
861,RECAL 3 1 9999 2563 64 4 80,1,9999,2563,0,64,4,80,-2740.000000,33,1,Ok,261840.000000,NonMono,14,-234775.000000,14.071602,14,-2683.713592,5,[12]=-241435;[13]=-236557;[14]=-234775;[15]=-236128;[16]=-240713
862,RECAL 3 0 9999 9999 64 4 80,0,9999,9999,0,64,4,80,2484.000000,33,1,Ok,113721.000000,NonMono,17,-234155.000000,16.578091,17,2550.312364,7,[14]=-236949;[15]=-235164;[16]=-234229;[17]=-234155;[18]=-234979;[19]=-236679;[20]=-239298
863,RECAL 3 1 9999 2550 64 4 80,1,9999,2550,0,64,4,80,-2071.000000,33,1,Ok,243146.000000,NonMono,14,-231713.000000,14.317312,14,-2013.730752,5,[12]=-236279;[13]=-233132;[14]=-231713;[15]=-232032;[16]=-234089
864,RECAL 3 0 9999 9999 64 4 80,0,9999,9999,0,64,4,80,2389.000000,33,1,Ok,109757.000000,NonMono,16,-230471.000000,16.392475,16,2454.569898,7,[13]=-235036;[14]=-232728;[15]=-231220;[16]=-230471;[17]=-230568;[18]=-231503;[19]=-233277
865,RECAL 3 1 9999 2455 64 4 80,1,9999,2455,0,64,4,80,-1025.000000,33,1,Ok,57539.000000,NonMono,14,-229878.000000,14.334788,14,-967.660850,9,[10]=-233606;[11]=-232099;[12]=-230943;[13]=-230210;[14]=-229878;[15]=-229957;[16]=-230417;[17]=-231254;[18]=-232487
866,RECAL 3 0 9999 9999 64 4 80,0,9999,9999,0,64,4,80,2381.000000,33,1,Ok,112722.000000,NonMono,16,-227534.000000,16.083678,16,2445.334711,7,[13]=-231363;[14]=-229276;[15]=-228009;[16]=-227534;[17]=-227862;[18]=-229040;[19]=-231039
867,RECAL 3 1 9999 2445 64 4 80,1,9999,2445,0,64,4,80,1460.000000,33,1,Ok,127491.000000,NonMono,16,-227551.000000,16.205251,16,1524.821003,7,[13]=-232886;[14]=-230068;[15]=-228292;[16]=-227551;[17]=-227857;[18]=-229214;[19]=-231584
868,RECAL 3 0 9999 9999 64 4 80,0,9999,9999,0,64,4,80,2371.000000,33,1,Ok,107441.000000,NonMono,16,-228961.000000,16.299340,16,2436.197362,7,[13]=-233170;[14]=-230994;[15]=-229595;[16]=-228961;[17]=-229112;[18]=-230094;[19]=-231882
869,RECAL 3 1 9999 2436 64 4 80,1,9999,2436,0,64,4,80,2268.000000,33,1,Ok,261006.000000,NonMono,17,-228222.000000,16.791305,17,2335.165221,5,[15]=-232074;[16]=-228944;[17]=-228222;[18]=-229931;[19]=-233964
870,RECAL 3 0 9999 9999 64 4 80,0,9999,9999,0,64,4,80,2447.000000,33,1,Ok,104183.000000,NonMono,17,-231407.000000,16.586548,17,2513.346194,7,[14]=-234020;[15]=-232349;[16]=-231470;[17]=-231407;[18]=-232150;[19]=-233736;[20]=-236166
871,RECAL 3 1 9999 2513 64 4 80,1,9999,2513,0,64,4,80,2863.000000,33,1,Ok,266566.000000,NonMono,17,-229213.000000,17.086043,17,2931.344171,5,[15]=-236973;[16]=-231309;[17]=-229213;[18]=-230687;[19]=-235660
872,RECAL 3 0 9999 9999 64 4 80,0,9999,9999,0,64,4,80,850.000000,33,1,Ok,17909.000000,NonMono,13,-236531.000000,12.928083,13,901.712333,19,[4]=-239723;[5]=-239061;[6]=-238482;[7]=-237961;[8]=-237530;[9]=-237163;[10]=-236877;[11]=-236677;[12]=-236543;[13]=-236531;[14]=-236576;[15]=-236710;[16]=-236930;[17]=-237262;[18]=-237665;[19]=-238189;[20]=-238793;[21]=-239490;[22]=-240331
873,RECAL 3 1 9999 902 64 4 80,1,9999,902,0,64,4,80,2854.000000,33,1,Ok,263299.000000,NonMono,17,-232963.000000,17.502358,18,2924.009430,17,[9]=-360856;[10]=-332604;[11]=-307723;[12]=-286289;[13]=-268524;[14]=-254330;[15]=-243628;[16]=-236505;[17]=-232963;[18]=-232984;[19]=-236485;[20]=-243449;[21]=-253792;[22]=-267364;[23]=-283740;[24]=-303410;[25]=-325638
874,RECAL 3 0 9999 9999 64 4 80,0,9999,9999,0,64,4,80,589.000000,33,1,Ok,11228.000000,NonMono,10,-230338.000000,10.672177,11,631.688707,17,[2]=-231787;[3]=-231482;[4]=-231240;[5]=-230989;[6]=-230772;[7]=-230599;[8]=-230478;[9]=-230380;[10]=-230338;[11]=-230348;[12]=-230372;[13]=-230458;[14]=-230574;[15]=-230732;[16]=-230958;[17]=-231207;[18]=-231504
875,RECAL 3 1 9999 632 64 4 80,1,9999,632,0,64,4,80,2259.000000,33,1,Ok,261016.000000,NonMono,17,-229133.000000,17.004408,17,2327.017632,5,[15]=-233966;[16]=-230340;[17]=-229133;[18]=-230307;[19]=-233828
876,RECAL 3 0 9999 9999 64 4 80,0,9999,9999,0,64,4,80,605.000000,33,1,Ok,11982.000000,NonMono,11,-229508.000000,11.389995,11,650.559978,17,[3]=-231074;[4]=-230739;[5]=-230435;[6]=-230178;[7]=-229956;[8]=-229784;[9]=-229641;[10]=-229553;[11]=-229508;[12]=-229523;[13]=-229576;[14]=-229676;[15]=-229843;[16]=-230040;[17]=-230296;[18]=-230606;[19]=-230988
877,RECAL 3 1 9999 651 64 4 80,1,9999,651,0,64,4,80,1449.000000,33,1,Ok,128272.000000,NonMono,16,-229494.000000,15.945973,16,1512.783892,7,[13]=-233832;[14]=-231431;[15]=-229956;[16]=-229494;[17]=-230079;[18]=-231663;[19]=-234240
878,RECAL 3 0 9999 9999 64 4 80,0,9999,9999,0,64,4,80,657.000000,33,0,ParabolaNotDownward,20379.000000,NonMono,7,-231278.000000,,,,17,[-1]=-1.28924e-231;[0]=-232565;[1]=-232219;[2]=-231936;[3]=-231708;[4]=-231539;[5]=-231392;[6]=-231307;[7]=-231278;[8]=-231332;[9]=-231387;[10]=-231506;[11]=-231728;[12]=-231960;[13]=-232282;[14]=-232638;[15]=-233101
879,RECAL 3 0 9999 9999 200 4 80,0,9999,9999,0,200,4,80,521.000000,101,1,Ok,147109.000000,NonMono,41,-231266.000000,41.088528,41,685.354111,23,[30]=-234258;[31]=-233783;[32]=-233312;[33]=-232907;[34]=-232537;[35]=-232216;[36]=-231928;[37]=-231703;[38]=-231516;[39]=-231373;[40]=-231295;[41]=-231266;[42]=-231299;[43]=-231367;[44]=-231499;[45]=-231703;[46]=-231946;[47]=-232243;[48]=-232623;[49]=-233080;[50]=-233589;[51]=-234138;[52]=-234794
880,RECAL 3 0 9999 685 64 4 80,0,9999,685,0,64,4,80,621.000000,33,1,Ok,7756.000000,NonMono,16,-231282.000000,16.026712,16,685.106847,23,[5]=-234277;[6]=-233793;[7]=-233321;[8]=-232909;[9]=-232547;[10]=-232212;[11]=-231930;[12]=-231711;[13]=-231517;[14]=-231385;[15]=-231311;[16]=-231282;[17]=-231301;[18]=-231381;[19]=-231528;[20]=-231730;[21]=-231976;[22]=-232281;[23]=-232661;[24]=-233081;[25]=-233595;[26]=-234155;[27]=-234793
881,RECAL 3 1 9999 685 64 4 80,1,9999,685,0,64,4,80,-1049.000000,33,1,Ok,58587.000000,NonMono,14,-230784.000000,14.416238,14,-991.335049,9,[10]=-234788;[11]=-233164;[12]=-231965;[13]=-231165;[14]=-230784;[15]=-230823;[16]=-231268;[17]=-232115;[18]=-233341
882,RECAL 3 0 9999 9999 64 4 80,0,9999,9999,0,64,4,80,938.000000,33,1,Ok,27280.000000,NonMono,12,-231348.000000,12.214988,12,986.859953,15,[5]=-234377;[6]=-233661;[7]=-232970;[8]=-232418;[9]=-231961;[10]=-231654;[11]=-231443;[12]=-231348;[13]=-231384;[14]=-231548;[15]=-231837;[16]=-232265;[17]=-232808;[18]=-233475;[19]=-234284
883,RECAL 3 1 9999 987 64 4 80,1,9999,987,0,64,4,80,-2085.000000,33,1,Ok,244594.000000,NonMono,14,-229403.000000,14.456470,14,-2027.174120,5,[12]=-234535;[13]=-231107;[14]=-229403;[15]=-229496;[16]=-231356
884,RECAL 3 0 9999 9999 64 4 80,0,9999,9999,0,64,4,80,981.000000,33,1,Ok,24582.000000,NonMono,14,-241699.000000,13.686562,14,1035.746249,15,[7]=-244399;[8]=-243661;[9]=-243060;[10]=-242538;[11]=-242137;[12]=-241877;[13]=-241712;[14]=-241699;[15]=-241799;[16]=-242045;[17]=-242433;[18]=-242938;[19]=-243541;[20]=-244347;[21]=-245313
885,RECAL 3 1 9999 1036 64 4 80,1,9999,1036,0,64,4,80,-2746.000000,33,1,Ok,263419.000000,NonMono,14,-232778.000000,13.619688,14,-2691.521250,5,[12]=-236598;[13]=-233109;[14]=-232778;[15]=-235547;[16]=-241650
886,RECAL 3 0 9999 9999 64 4 80,0,9999,9999,0,64,4,80,-2206.000000,33,1,Ok,99647.000000,NonMono,13,-245477.000000,13.386337,13,-2152.454653,7,[10]=-248610;[11]=-247017;[12]=-245966;[13]=-245477;[14]=-245532;[15]=-246170;[16]=-247364
887,RECAL 3 1 9999 -2152 64 4 80,1,9999,-2152,0,64,4,80,-2714.000000,33,1,Ok,255807.000000,NonMono,14,-240447.000000,14.157033,14,-2657.371866,5,[12]=-247191;[13]=-242365;[14]=-240447;[15]=-241452;[16]=-245401
888,RECAL 3 0 9999 9999 64 4 80,0,9999,9999,0,64,4,80,-2214.000000,33,1,Ok,115446.000000,NonMono,12,-240668.000000,12.173542,12,-2165.305832,9,[8]=-245473;[9]=-243443;[10]=-242004;[11]=-241049;[12]=-240668;[13]=-240857;[14]=-241622;[15]=-242931;[16]=-244831
889,RECAL 3 1 9999 -2165 64 4 80,1,9999,-2165,0,64,4,80,-2037.000000,33,1,Ok,233076.000000,NonMono,14,-238537.000000,14.339418,14,-1979.642328,5,[12]=-242829;[13]=-239873;[14]=-238537;[15]=-238782;[16]=-240678
890,RECAL 3 0 9999 9999 64 4 80,0,9999,9999,0,64,4,80,-2327.000000,33,1,Ok,114655.000000,NonMono,13,-236491.000000,13.207811,13,-2274.168758,7,[10]=-239660;[11]=-238017;[12]=-236947;[13]=-236491;[14]=-236685;[15]=-237524;[16]=-238956
891,RECAL 3 1 9999 -2274 64 4 80,1,9999,-2274,0,64,4,80,-949.000000,33,1,Ok,44241.000000,NonMono,14,-236069.000000,14.317264,14,-891.730944,9,[10]=-239079;[11]=-237845;[12]=-236907;[13]=-236329;[14]=-236069;[15]=-236134;[16]=-236496;[17]=-237181;[18]=-238173
892,RECAL 3 0 9999 9999 64 4 80,0,9999,9999,0,64,4,80,-2337.000000,33,1,Ok,115009.000000,NonMono,13,-235441.000000,13.219374,13,-2284.122504,7,[10]=-238712;[11]=-236983;[12]=-235879;[13]=-235441;[14]=-235606;[15]=-236419;[16]=-237872
893,RECAL 3 1 9999 -2284 64 4 80,1,9999,-2284,0,64,4,80,1506.000000,33,1,Ok,126090.000000,NonMono,16,-235421.000000,16.103476,16,1570.413904,7,[13]=-240435;[14]=-237724;[15]=-236038;[16]=-235421;[17]=-235828;[18]=-237262;[19]=-239698
894,RECAL 3 0 9999 9999 64 4 80,0,9999,9999,0,64,4,80,-2343.000000,33,1,Ok,116850.000000,NonMono,13,-235912.000000,13.089800,13,-2290.640800,9,[9]=-241039;[10]=-238871;[11]=-237272;[12]=-236279;[13]=-235912;[14]=-236186;[15]=-237078;[16]=-238630;[17]=-240850
895,RECAL 3 1 9999 -2291 64 4 80,1,9999,-2291,0,64,4,80,2298.000000,33,1,Ok,253785.000000,NonMono,17,-235772.000000,16.571398,17,2364.285591,5,[15]=-238423;[16]=-235936;[17]=-235772;[18]=-237913;[19]=-242353
896,RECAL 3 0 9999 9999 64 4 80,0,9999,9999,0,64,4,80,-2265.000000,33,1,Ok,107371.000000,NonMono,13,-239128.000000,13.206177,13,-2212.175291,9,[9]=-244135;[10]=-242049;[11]=-240541;[12]=-239570;[13]=-239128;[14]=-239304;[15]=-240081;[16]=-241456;[17]=-243380
897,RECAL 3 1 9999 -2212 64 4 80,1,9999,-2212,0,64,4,80,2885.000000,33,1,Ok,260081.000000,NonMono,17,-236431.000000,17.261239,17,2954.044957,5,[15]=-245254;[16]=-239092;[17]=-236431;[18]=-237265;[19]=-241549
898,RECAL 3 0 9999 9999 64 4 80,0,9999,9999,0,64,4,80,2328.000000,33,1,Ok,117758.000000,NonMono,16,-238844.000000,16.280771,16,2393.123082,7,[13]=-243391;[14]=-241034;[15]=-239522;[16]=-238844;[17]=-239043;[18]=-240110;[19]=-242116
899,RECAL 3 1 9999 2393 64 4 80,1,9999,2393,0,64,4,80,-2856.000000,33,1,Ok,262832.000000,NonMono,14,-233417.000000,14.199872,14,-2799.200512,5,[12]=-241325;[13]=-235725;[14]=-233417;[15]=-234411;[16]=-238810
900,RECAL 3 0 9999 9999 64 4 80,0,9999,9999,0,64,4,80,2279.000000,33,1,Ok,130422.000000,NonMono,15,-231057.000000,15.261145,15,2340.044579,7,[12]=-235580;[13]=-233237;[14]=-231722;[15]=-231057;[16]=-231278;[17]=-232352;[18]=-234289
901,RECAL 3 1 9999 2340 64 4 80,1,9999,2340,0,64,4,80,-2238.000000,33,1,Ok,257669.000000,NonMono,15,-229651.000000,14.821184,15,-2178.715264,5,[13]=-232981;[14]=-230295;[15]=-229651;[16]=-231041;[17]=-234540
902,RECAL 3 0 9999 9999 64 4 80,0,9999,9999,0,64,4,80,2299.000000,33,1,Ok,128799.000000,NonMono,16,-228725.000000,15.604522,16,2361.418090,7,[13]=-231689;[14]=-229804;[15]=-228831;[16]=-228725;[17]=-229537;[18]=-231228;[19]=-233833
903,RECAL 3 1 9999 2361 64 4 80,1,9999,2361,0,64,4,80,-1351.000000,33,1,Ok,111565.000000,NonMono,15,-228169.000000,14.811965,15,-1291.752138,7,[12]=-231136;[13]=-229382;[14]=-228411;[15]=-228169;[16]=-228678;[17]=-229964;[18]=-231988
904,RECAL 3 0 9999 9999 64 4 80,0,9999,9999,0,64,4,80,2409.000000,33,1,Ok,139407.000000,NonMono,16,-229089.000000,15.844372,16,2472.377487,7,[13]=-233118;[14]=-230781;[15]=-229432;[16]=-229089;[17]=-229736;[18]=-231429;[19]=-234101
905,RECAL 3 1 9999 2472 64 4 80,1,9999,2472,0,64,4,80,1169.000000,33,1,Ok,107710.000000,NonMono,15,-228746.000000,14.986728,15,1228.946913,7,[12]=-231825;[13]=-230108;[14]=-229082;[15]=-228746;[16]=-229102;[17]=-230191;[18]=-232023
906,RECAL 3 0 9999 9999 64 4 80,0,9999,9999,0,64,4,80,2425.000000,33,1,Ok,133940.000000,NonMono,16,-229031.000000,16.186126,16,2489.744504,7,[13]=-234035;[14]=-231402;[15]=-229710;[16]=-229031;[17]=-229360;[18]=-230675;[19]=-233033
907,RECAL 3 1 9999 2490 64 4 80,1,9999,2490,0,64,4,80,2076.000000,33,1,Ok,245741.000000,NonMono,16,-229018.000000,16.451284,16,2141.805135,5,[14]=-234931;[15]=-230962;[16]=-229018;[17]=-229120;[18]=-231279
908,RECAL 3 0 9999 9999 64 4 80,0,9999,9999,0,64,4,80,2383.000000,33,1,Ok,131916.000000,NonMono,16,-230733.000000,15.838660,16,2446.354640,7,[13]=-234531;[14]=-232335;[15]=-231054;[16]=-230733;[17]=-231366;[18]=-232963;[19]=-235507
909,RECAL 3 1 9999 2446 64 4 80,1,9999,2446,0,64,4,80,2702.000000,33,1,Ok,265830.000000,NonMono,17,-229858.000000,16.739543,17,2768.958171,5,[15]=-234959;[16]=-230697;[17]=-229858;[18]=-232503;[19]=-238604
910,RECAL 3 0 9999 9999 64 4 80,0,9999,9999,0,64,4,80,885.000000,33,1,Ok,31076.000000,NonMono,10,-242648.000000,10.432429,10,926.729716,15,[3]=-245700;[4]=-244939;[5]=-244283;[6]=-243728;[7]=-243280;[8]=-242964;[9]=-242755;[10]=-242648;[11]=-242650;[12]=-242787;[13]=-243025;[14]=-243344;[15]=-243852;[16]=-244451;[17]=-245209
911,RECAL 3 1 9999 927 64 4 80,1,9999,927,0,64,4,80,2692.000000,33,1,Ok,255173.000000,NonMono,17,-240581.000000,17.078466,17,2760.313864,5,[15]=-248092;[16]=-242604;[17]=-240581;[18]=-242061;[19]=-247034
912,RECAL 3 0 9999 9999 64 4 80,0,9999,9999,0,64,4,80,973.000000,33,1,Ok,34985.000000,NonMono,12,-238985.000000,12.349292,12,1022.397167,13,[6]=-242123;[7]=-241241;[8]=-240468;[9]=-239852;[10]=-239414;[11]=-239115;[12]=-238985;[13]=-239009;[14]=-239187;[15]=-239557;[16]=-240082;[17]=-240795;[18]=-241692
913,RECAL 3 1 9999 1022 64 4 80,1,9999,1022,0,64,4,80,2063.000000,33,1,Ok,242094.000000,NonMono,17,-238756.000000,16.607057,17,2129.428229,5,[15]=-241264;[16]=-238981;[17]=-238756;[18]=-240596;[19]=-244479
914,RECAL 3 0 9999 9999 64 4 80,0,9999,9999,0,64,4,80,911.000000,33,1,Ok,27658.000000,NonMono,14,-234061.000000,13.539101,14,965.156405,13,[8]=-236140;[9]=-235448;[10]=-234882;[11]=-234474;[12]=-234182;[13]=-234063;[14]=-234061;[15]=-234178;[16]=-234458;[17]=-234893;[18]=-235502;[19]=-236243;[20]=-237170
915,RECAL 3 1 9999 965 64 4 80,1,9999,965,0,64,4,80,1148.000000,33,1,Ok,101200.000000,NonMono,15,-233976.000000,15.406514,15,1209.626057,7,[12]=-237808;[13]=-235853;[14]=-234561;[15]=-233976;[16]=-234031;[17]=-234747;[18]=-236169
916,RECAL 3 0 9999 9999 64 4 80,0,9999,9999,0,64,4,80,584.000000,33,1,Ok,15695.000000,NonMono,9,-234659.000000,9.543387,10,622.173548,17,[1]=-236433;[2]=-236046;[3]=-235720;[4]=-235417;[5]=-235176;[6]=-234972;[7]=-234837;[8]=-234716;[9]=-234659;[10]=-234660;[11]=-234705;[12]=-234828;[13]=-234977;[14]=-235194;[15]=-235463;[16]=-235801;[17]=-236192
917,RECAL 3 1 9999 622 64 4 80,1,9999,622,0,64,4,80,-1368.000000,33,1,Ok,120236.000000,NonMono,15,-233947.000000,14.601696,15,-1309.593215,7,[12]=-236522;[13]=-234863;[14]=-234023;[15]=-233947;[16]=-234651;[17]=-236133;[18]=-238457
918,RECAL 3 0 9999 9999 64 4 80,0,9999,9999,0,64,4,80,482.000000,33,1,Ok,10536.000000,NonMono,9,-239176.000000,8.893576,9,517.574303,17,[1]=-240097;[2]=-239893;[3]=-239702;[4]=-239530;[5]=-239418;[6]=-239307;[7]=-239254;[8]=-239207;[9]=-239176;[10]=-239205;[11]=-239261;[12]=-239343;[13]=-239466;[14]=-239618;[15]=-239826;[16]=-240075;[17]=-240343
919,RECAL 3 1 9999 518 64 4 80,1,9999,518,0,64,4,80,-2248.000000,33,1,Ok,253703.000000,NonMono,15,-237469.000000,14.710253,15,-2189.158989,5,[13]=-240407;[14]=-237897;[15]=-237469;[16]=-239138;[17]=-242995
920,RECAL 3 0 9999 9999 64 4 80,0,9999,9999,0,64,4,80,709.000000,33,1,Ok,14654.000000,NonMono,13,-244230.000000,12.758419,13,760.033678,19,[4]=-246740;[5]=-246233;[6]=-245748;[7]=-245333;[8]=-244992;[9]=-244698;[10]=-244471;[11]=-244332;[12]=-244240;[13]=-244230;[14]=-244278;[15]=-244408;[16]=-244602;[17]=-244874;[18]=-245212;[19]=-245641;[20]=-246136;[21]=-246728;[22]=-247409
921,RECAL 3 1 9999 760 64 4 80,1,9999,760,0,64,4,80,-2862.000000,33,1,Ok,259325.000000,NonMono,14,-237088.000000,13.972097,14,-2806.111613,5,[12]=-243537;[13]=-238675;[14]=-237088;[15]=-238893;[16]=-244151
922,RECAL 3 0 9999 9999 64 4 80,0,9999,9999,0,64,4,80,-2246.000000,33,1,Ok,107291.000000,NonMono,14,-244856.000000,13.748869,14,-2191.004524,7,[11]=-247277;[12]=-245830;[13]=-245001;[14]=-244856;[15]=-245343;[16]=-246451;[17]=-248218
923,RECAL 3 1 9999 -2191 64 4 80,1,9999,-2191,0,64,4,80,-2863.000000,33,1,Ok,257440.000000,NonMono,14,-239211.000000,14.169656,14,-2806.321377,5,[12]=-246679;[13]=-241396;[14]=-239211;[15]=-240329;[16]=-244798
924,RECAL 3 0 9999 9999 64 4 80,0,9999,9999,0,64,4,80,-2302.000000,33,1,Ok,120191.000000,NonMono,13,-241731.000000,13.456754,13,-2248.172983,7,[10]=-245806;[11]=-243735;[12]=-242408;[13]=-241731;[14]=-241763;[15]=-242476;[16]=-243872
925,RECAL 3 1 9999 -2248 64 4 80,1,9999,-2248,0,64,4,80,-2248.000000,33,1,Ok,251301.000000,NonMono,15,-239708.000000,14.532857,15,-2189.868572,5,[13]=-241867;[14]=-239776;[15]=-239708;[16]=-241693;[17]=-245747
926,RECAL 3 0 9999 9999 64 4 80,0,9999,9999,0,64,4,80,-2279.000000,33,1,Ok,116145.000000,NonMono,14,-237949.000000,13.697990,14,-2224.208041,7,[11]=-240423;[12]=-238903;[13]=-238081;[14]=-237949;[15]=-238512;[16]=-239753;[17]=-241742
927,RECAL 3 1 9999 -2224 64 4 80,1,9999,-2224,0,64,4,80,-1370.000000,33,1,Ok,117797.000000,NonMono,14,-237172.000000,14.507576,15,-1311.969698,7,[11]=-241730;[12]=-239464;[13]=-237938;[14]=-237172;[15]=-237180;[16]=-237922;[17]=-239459
928,RECAL 3 0 9999 9999 64 4 80,0,9999,9999,0,64,4,80,-2153.000000,33,1,Ok,102017.000000,NonMono,14,-238301.000000,13.867459,14,-2097.530164,7,[11]=-240825;[12]=-239374;[13]=-238518;[14]=-238301;[15]=-238697;[16]=-239706;[17]=-241365
929,RECAL 3 1 9999 -2098 64 4 80,1,9999,-2098,0,64,4,80,1169.000000,33,1,Ok,97275.000000,NonMono,16,-238287.000000,15.727817,16,1231.911267,7,[13]=-240768;[14]=-239293;[15]=-238454;[16]=-238287;[17]=-238835;[18]=-240069;[19]=-242001
930,RECAL 3 0 9999 9999 64 4 80,0,9999,9999,0,64,4,80,-2128.000000,33,1,Ok,105208.000000,NonMono,13,-236284.000000,13.414771,13,-2074.340915,7,[10]=-239740;[11]=-238014;[12]=-236837;[13]=-236284;[14]=-236350;[15]=-237011;[16]=-238280
931,RECAL 3 1 9999 -2074 64 4 80,1,9999,-2074,0,64,4,80,2077.000000,33,1,Ok,239780.000000,NonMono,16,-236230.000000,16.481163,16,2142.924653,5,[14]=-242149;[15]=-238200;[16]=-236230;[17]=-236270;[18]=-238346
932,RECAL 3 0 9999 9999 64 4 80,0,9999,9999,0,64,4,80,-2183.000000,33,1,Ok,111705.000000,NonMono,13,-242049.000000,13.474736,13,-2129.101055,7,[10]=-245764;[11]=-243898;[12]=-242659;[13]=-242049;[14]=-242058;[15]=-242712;[16]=-244001
933,RECAL 3 1 9999 -2129 64 4 80,1,9999,-2129,0,64,4,80,2702.000000,33,1,Ok,256208.000000,NonMono,17,-240374.000000,16.960253,17,2769.841010,5,[15]=-246913;[16]=-241950;[17]=-240374;[18]=-242231;[19]=-247529
934,RECAL 3 0 9999 9999 64 4 80,0,9999,9999,0,64,4,80,2129.000000,33,1,Ok,95861.000000,NonMono,16,-238511.000000,15.551461,16,2191.205845,7,[13]=-240568;[14]=-239225;[15]=-238555;[16]=-238511;[17]=-239129;[18]=-240431;[19]=-242379
935,RECAL 3 1 9999 2191 64 4 80,1,9999,2191,0,64,4,80,-2858.000000,33,1,Ok,258470.000000,NonMono,15,-236881.000000,15.016157,15,-2797.935372,5,[13]=-243666;[14]=-238591;[15]=-236881;[16]=-238456;[17]=-243222
936,RECAL 3 0 9999 9999 64 4 80,0,9999,9999,0,64,4,80,2053.000000,33,1,Ok,85708.000000,NonMono,16,-232551.000000,16.265696,16,2118.062783,7,[13]=-235909;[14]=-234128;[15]=-233046;[16]=-232551;[17]=-232689;[18]=-233469;[19]=-234885
937,RECAL 3 1 9999 2118 64 4 80,1,9999,2118,0,64,4,80,-2234.000000,33,1,Ok,227005.000000,NonMono,16,-232526.000000,15.616089,16,-2171.535644,5,[14]=-235011;[15]=-232761;[16]=-232526;[17]=-234346;[18]=-238260
938,RECAL 3 0 9999 9999 64 4 80,0,9999,9999,0,64,4,80,2069.000000,33,1,Ok,88415.000000,NonMono,16,-229699.000000,16.298713,16,2134.194852,7,[13]=-233239;[14]=-231416;[15]=-230221;[16]=-229699;[17]=-229827;[18]=-230643;[19]=-232119
939,RECAL 3 1 9999 2134 64 4 80,1,9999,2134,0,64,4,80,-1340.000000,33,1,Ok,100859.000000,NonMono,16,-229669.000000,16.432833,16,-1274.268668,7,[13]=-234064;[14]=-231842;[15]=-230369;[16]=-229669;[17]=-229722;[18]=-230516;[19]=-232030
940,RECAL 3 0 9999 9999 64 4 80,0,9999,9999,0,64,4,80,2166.000000,33,1,Ok,99321.000000,NonMono,17,-229205.000000,16.563628,17,2232.254513,7,[14]=-231515;[15]=-230017;[16]=-229256;[17]=-229205;[18]=-229887;[19]=-231278;[20]=-233406
941,RECAL 3 1 9999 2232 64 4 80,1,9999,2232,0,64,4,80,1182.000000,33,1,Ok,96440.000000,NonMono,17,-228463.000000,17.418967,17,1251.675869,7,[14]=-232512;[15]=-230468;[16]=-229132;[17]=-228463;[18]=-228534;[19]=-229310;[20]=-230842
942,RECAL 3 0 9999 9999 64 4 80,0,9999,9999,0,64,4,80,2098.000000,33,1,Ok,89917.000000,NonMono,17,-229992.000000,16.499543,16,2163.998171,7,[14]=-231991;[15]=-230666;[16]=-229999;[17]=-229992;[18]=-230644;[19]=-231958;[20]=-233871
943,RECAL 3 1 9999 2164 64 4 80,1,9999,2164,0,64,4,80,2087.000000,33,1,Ok,228736.000000,NonMono,17,-228119.000000,17.379493,17,2156.517972,5,[15]=-233664;[16]=-229919;[17]=-228119;[18]=-228387;[19]=-230729
944,RECAL 3 0 9999 9999 64 4 80,0,9999,9999,0,64,4,80,2198.000000,33,1,Ok,92324.000000,NonMono,16,-234421.000000,15.927149,16,2261.708597,7,[13]=-237277;[14]=-235651;[15]=-234716;[16]=-234421;[17]=-234804;[18]=-235845;[19]=-237546
945,RECAL 3 1 9999 2262 64 4 80,1,9999,2262,0,64,4,80,2717.000000,33,1,Ok,264014.000000,NonMono,18,-230752.000000,17.617974,18,2787.471895,17,[10]=-316702;[11]=-296442;[12]=-278432;[13]=-263081;[14]=-250552;[15]=-240967;[16]=-234409;[17]=-230997;[18]=-230752;[19]=-233760;[20]=-240140;[21]=-249952;[22]=-263344;[23]=-280465;[24]=-301775;[25]=-327052;[26]=-357659
946,RECAL 3 0 9999 9999 64 4 80,0,9999,9999,0,64,4,80,-259.000000,33,0,ParabolaNotDownward,1078.000000,Flat,5,-235792.000000,,,,0,
947,RECAL 3 0 9999 9999 200 4 80,0,9999,9999,0,200,4,80,-395.000000,101,1,Ok,7465.000000,NonMono,39,-235747.000000,39.653298,40,-236.386806,33,[23]=-236735;[24]=-236604;[25]=-236482;[26]=-236384;[27]=-236278;[28]=-236207;[29]=-236126;[30]=-236054;[31]=-236000;[32]=-235936;[33]=-235886;[34]=-235843;[35]=-235819;[36]=-235782;[37]=-235768;[38]=-235767;[39]=-235747;[40]=-235747;[41]=-235752;[42]=-235773;[43]=-235789;[44]=-235809;[45]=-235828;[46]=-235859;[47]=-235884;[48]=-235919;[49]=-235943;[50]=-235985;[51]=-236021;[52]=-236075;[53]=-236117;[54]=-236172;[55]=-236220
948,RECAL 3 0 9999 -236 64 4 80,0,9999,-236,0,64,4,80,-300.000000,33,0,ParabolaNotDownward,875.000000,Flat,16,-235750.000000,,,,0,
949,RECAL 3 1 9999 -238 64 4 80,1,9999,-238,0,64,4,80,2683.000000,33,1,Ok,261872.000000,NonMono,17,-232781.000000,17.440982,17,2752.763926,5,[15]=-241899;[16]=-235757;[17]=-232781;[18]=-232961;[19]=-236348
950,RECAL 3 0 9999 9999 64 4 80,0,9999,9999,0,64,4,80,-768.000000,33,1,Ok,8084.000000,NonMono,15,-231478.000000,15.098466,15,-707.606135,21,[5]=-234895;[6]=-234217;[7]=-233646;[8]=-233128;[9]=-232710;[10]=-232322;[11]=-232026;[12]=-231793;[13]=-231614;[14]=-231518;[15]=-231478;[16]=-231507;[17]=-231591;[18]=-231749;[19]=-231957;[20]=-232205;[21]=-232521;[22]=-232926;[23]=-233351;[24]=-233850;[25]=-234368
951,RECAL 3 1 9999 -708 64 4 80,1,9999,-708,0,64,4,80,2044.000000,33,1,Ok,225707.000000,NonMono,17,-229602.000000,17.460496,17,2113.841983,5,[15]=-235280;[16]=-231488;[17]=-229602;[18]=-229692;[19]=-231752
952,RECAL 3 0 9999 9999 64 4 80,0,9999,9999,0,64,4,80,-482.000000,33,0,ParabolaNotDownward,2835.000000,Flat,14,-228580.000000,,,,0,
953,RECAL 3 0 9999 9999 200 4 80,0,9999,9999,0,200,4,80,-618.000000,101,1,Ok,40666.000000,NonMono,48,-228596.000000,48.298658,48,-424.805369,33,[32]=-232008;[33]=-231568;[34]=-231171;[35]=-230778;[36]=-230447;[37]=-230142;[38]=-229880;[39]=-229624;[40]=-229397;[41]=-229220;[42]=-229051;[43]=-228924;[44]=-228797;[45]=-228711;[46]=-228646;[47]=-228606;[48]=-228596;[49]=-228611;[50]=-228625;[51]=-228676;[52]=-228723;[53]=-228819;[54]=-228923;[55]=-229050;[56]=-229170;[57]=-229326;[58]=-229517;[59]=-229692;[60]=-229897;[61]=-230108;[62]=-230343;[63]=-230601;[64]=-230840
954,RECAL 3 0 9999 -425 64 4 80,0,9999,-425,0,64,4,80,-489.000000,33,1,Ok,3333.000000,NonMono,16,-228573.000000,16.106573,16,-424.573710,17,[8]=-229355;[9]=-229183;[10]=-229004;[11]=-228865;[12]=-228768;[13]=-228696;[14]=-228647;[15]=-228588;[16]=-228573;[17]=-228589;[18]=-228622;[19]=-228665;[20]=-228735;[21]=-228826;[22]=-228946;[23]=-229069;[24]=-229211
955,RECAL 3 1 9999 -425 64 4 80,1,9999,-425,0,64,4,80,1111.000000,33,1,Ok,83114.000000,NonMono,17,-228254.000000,17.031239,17,1179.124956,9,[13]=-233380;[14]=-231177;[15]=-229556;[16]=-228591;[17]=-228254;[18]=-228565;[19]=-229504;[20]=-231115;[21]=-233400
956,RECAL 3 0 9999 9999 64 4 80,0,9999,9999,0,64,4,80,-852.000000,33,1,Ok,15116.000000,NonMono,13,-229297.000000,12.700972,13,-801.196111,19,[4]=-232911;[5]=-232121;[6]=-231440;[7]=-230826;[8]=-230312;[9]=-229905;[10]=-229621;[11]=-229414;[12]=-229327;[13]=-229297;[14]=-229352;[15]=-229533;[16]=-229777;[17]=-230098;[18]=-230518;[19]=-231032;[20]=-231632;[21]=-232291;[22]=-233019
957,RECAL 3 1 9999 -801 64 4 80,1,9999,-801,0,64,4,80,-1404.000000,33,1,Ok,111923.000000,NonMono,16,-229269.000000,16.410395,16,-1338.358422,7,[13]=-234042;[14]=-231615;[15]=-230014;[16]=-229269;[17]=-229338;[18]=-230238;[19]=-231979
958,RECAL 3 0 9999 9999 64 4 80,0,9999,9999,0,64,4,80,-907.000000,33,1,Ok,13392.000000,NonMono,15,-230879.000000,14.553786,15,-848.784857,17,[7]=-233777;[8]=-233054;[9]=-232437;[10]=-231916;[11]=-231510;[12]=-231225;[13]=-230992;[14]=-230892;[15]=-230879;[16]=-230974;[17]=-231167;[18]=-231456;[19]=-231815;[20]=-232283;[21]=-232817;[22]=-233460;[23]=-234155
959,RECAL 3 1 9999 -849 64 4 80,1,9999,-849,0,64,4,80,-2271.000000,33,1,Ok,236809.000000,NonMono,15,-230554.000000,15.358089,15,-2209.567642,5,[13]=-236379;[14]=-232392;[15]=-230554;[16]=-230856;[17]=-233304
960,RECAL 3 0 9999 9999 64 4 80,0,9999,9999,0,64,4,80,-711.000000,33,1,Ok,5981.000000,NonMono,16,-233554.000000,15.474222,15,-649.103111,25,[4]=-236738;[5]=-236197;[6]=-235696;[7]=-235245;[8]=-234851;[9]=-234512;[10]=-234233;[11]=-234033;[12]=-233863;[13]=-233688;[14]=-233603;[15]=-233578;[16]=-233554;[17]=-233619;[18]=-233706;[19]=-233836;[20]=-234005;[21]=-234199;[22]=-234446;[23]=-234741;[24]=-235084;[25]=-235446;[26]=-235822;[27]=-236283;[28]=-236754
961,RECAL 3 1 9999 -649 64 4 80,1,9999,-649,0,64,4,80,-2886.000000,33,1,Ok,263999.000000,NonMono,15,-231384.000000,14.853592,15,-2826.585632,5,[13]=-237159;[14]=-232569;[15]=-231384;[16]=-233531;[17]=-238975
962,RECAL 3 0 9999 9999 64 4 80,0,9999,9999,0,64,4,80,-2402.000000,33,1,Ok,117758.000000,NonMono,14,-242902.000000,14.455619,14,-2344.177525,7,[11]=-247237;[12]=-245039;[13]=-243585;[14]=-242902;[15]=-242920;[16]=-243677;[17]=-245165
963,RECAL 3 1 9999 -2344 64 4 80,1,9999,-2344,0,64,4,80,-2841.000000,33,1,Ok,253256.000000,NonMono,15,-241379.000000,15.041560,15,-2780.833762,5,[13]=-248185;[14]=-243134;[15]=-241379;[16]=-242837;[17]=-247408
964,RECAL 3 0 9999 9999 64 4 80,0,9999,9999,0,64,4,80,-2464.000000,33,1,Ok,124888.000000,NonMono,15,-236856.000000,14.708941,15,-2405.164237,7,[12]=-239841;[13]=-238008;[14]=-237011;[15]=-236856;[16]=-237478;[17]=-238962;[18]=-241237
965,RECAL 3 1 9999 -2405 64 4 80,1,9999,-2405,0,64,4,80,-2211.000000,33,1,Ok,236069.000000,NonMono,15,-236340.000000,15.255371,15,-2149.978516,5,[13]=-241500;[14]=-237892;[15]=-236340;[16]=-236843;[17]=-239329
966,RECAL 3 0 9999 9999 64 4 80,0,9999,9999,0,64,4,80,-2449.000000,33,1,Ok,130049.000000,NonMono,14,-236481.000000,14.370902,14,-2391.516393,7,[11]=-241198;[12]=-238766;[13]=-237208;[14]=-236481;[15]=-236584;[16]=-237512;[17]=-239275
967,RECAL 3 1 9999 -2392 64 4 80,1,9999,-2392,0,64,4,80,-1308.000000,33,1,Ok,95454.000000,NonMono,16,-236419.000000,16.070347,16,-1243.718610,7,[13]=-239792;[14]=-237949;[15]=-236827;[16]=-236419;[17]=-236736;[18]=-237721;[19]=-239428
968,RECAL 3 0 9999 9999 64 4 80,0,9999,9999,0,64,4,80,-2363.000000,33,1,Ok,115898.000000,NonMono,15,-234009.000000,14.624145,15,-2304.503421,7,[12]=-236549;[13]=-234934;[14]=-234091;[15]=-234009;[16]=-234665;[17]=-236078;[18]=-238283
969,RECAL 3 1 9999 -2305 64 4 80,1,9999,-2305,0,64,4,80,1210.000000,33,1,Ok,95203.000000,NonMono,17,-233848.000000,16.624860,17,1276.499439,7,[14]=-236337;[15]=-234765;[16]=-233942;[17]=-233848;[18]=-234507;[19]=-235932;[20]=-238149
970,RECAL 3 0 9999 9999 64 4 80,0,9999,9999,0,64,4,80,-2421.000000,33,1,Ok,128370.000000,NonMono,14,-236291.000000,14.054781,14,-2364.780877,7,[11]=-239936;[12]=-237926;[13]=-236708;[14]=-236291;[15]=-236624;[16]=-237738;[17]=-239630
971,RECAL 3 1 9999 -2365 64 4 80,1,9999,-2365,0,64,4,80,2101.000000,33,1,Ok,234316.000000,NonMono,17,-234838.000000,17.198429,17,2169.793717,5,[15]=-239729;[16]=-236277;[17]=-234838;[18]=-235469;[19]=-238130
972,RECAL 3 0 9999 9999 64 4 80,0,9999,9999,0,64,4,80,-2340.000000,33,1,Ok,102686.000000,NonMono,15,-242293.000000,14.869057,15,-2280.523772,7,[12]=-245074;[13]=-243469;[14]=-242545;[15]=-242293;[16]=-242727;[17]=-243817;[18]=-245600
973,RECAL 3 1 9999 -2281 64 4 80,1,9999,-2281,0,64,4,80,2723.000000,33,1,Ok,259043.000000,NonMono,18,-236718.000000,17.869239,18,2794.476957,5,[16]=-242272;[17]=-237919;[18]=-236718;[19]=-238786;[20]=-244133
974,RECAL 3 0 9999 9999 64 4 80,0,9999,9999,0,64,4,80,2374.000000,33,1,Ok,92859.000000,NonMono,17,-234134.000000,17.111531,17,2442.446125,9,[13]=-239277;[14]=-237099;[15]=-235503;[16]=-234521;[17]=-234134;[18]=-234381;[19]=-235263;[20]=-236714;[21]=-238845
975,RECAL 3 1 9999 2442 64 4 80,1,9999,2442,0,64,4,80,-2894.000000,33,1,Ok,263300.000000,NonMono,15,-231472.000000,14.644399,15,-2835.422403,5,[13]=-235450;[14]=-231929;[15]=-231472;[16]=-234150;[17]=-239958
976,RECAL 3 0 9999 9999 64 4 80,0,9999,9999,0,64,4,80,2283.000000,33,1,Ok,87864.000000,NonMono,17,-230861.000000,16.839543,17,2350.358171,7,[14]=-233368;[15]=-231928;[16]=-231092;[17]=-230861;[18]=-231296;[19]=-232327;[20]=-233978
977,RECAL 3 1 9999 2350 64 4 80,1,9999,2350,0,64,4,80,-2248.000000,33,1,Ok,225986.000000,NonMono,15,-229996.000000,15.074293,15,-2187.702828,5,[13]=-234185;[14]=-231131;[15]=-229996;[16]=-230849;[17]=-233683
978,RECAL 3 0 9999 9999 64 4 80,0,9999,9999,0,64,4,80,2267.000000,33,1,Ok,83295.000000,NonMono,16,-227743.000000,16.458114,16,2332.832456,7,[13]=-231336;[14]=-229535;[15]=-228344;[16]=-227743;[17]=-227769;[18]=-228431;[19]=-229692
979,RECAL 3 1 9999 2333 64 4 80,1,9999,2333,0,64,4,80,-1314.000000,33,1,Ok,82109.000000,NonMono,16,-227688.000000,15.902398,16,-1250.390408,7,[13]=-230462;[14]=-228891;[15]=-227954;[16]=-227688;[17]=-228088;[18]=-229114;[19]=-230768
980,RECAL 3 0 9999 9999 64 4 80,0,9999,9999,0,64,4,80,2261.000000,33,1,Ok,86010.000000,NonMono,17,-224517.000000,16.836397,17,2328.345589,7,[14]=-226904;[15]=-225503;[16]=-224704;[17]=-224517;[18]=-224911;[19]=-225900;[20]=-227532
981,RECAL 3 1 9999 2328 64 4 80,1,9999,2328,0,64,4,80,1270.000000,33,1,Ok,94801.000000,NonMono,17,-224135.000000,17.002372,17,1338.009490,7,[14]=-227420;[15]=-225591;[16]=-224499;[17]=-224135;[18]=-224509;[19]=-225603;[20]=-227503
982,RECAL 3 0 9999 9999 64 4 80,0,9999,9999,0,64,4,80,2347.000000,33,1,Ok,90137.000000,NonMono,17,-228972.000000,16.877032,17,2414.508126,9,[13]=-233573;[14]=-231506;[15]=-230055;[16]=-229196;[17]=-228972;[18]=-229349;[19]=-230352;[20]=-231968;[21]=-234184
983,RECAL 3 1 9999 2415 64 4 80,1,9999,2415,0,64,4,80,2168.000000,33,1,Ok,236352.000000,NonMono,17,-228585.000000,16.721788,17,2234.887151,5,[15]=-231348;[16]=-228991;[17]=-228585;[18]=-230116;[19]=-233747
984,RECAL 3 0 9999 9999 64 4 80,0,9999,9999,0,64,4,80,2344.000000,33,1,Ok,82554.000000,NonMono,17,-233255.000000,16.738757,17,2410.955029,9,[13]=-237160;[14]=-235312;[15]=-234081;[16]=-233386;[17]=-233255;[18]=-233686;[19]=-234656;[20]=-236212;[21]=-238348
985,RECAL 3 1 9999 2411 64 4 80,1,9999,2411,0,64,4,80,2806.000000,33,1,Ok,260976.000000,NonMono,17,-231798.000000,16.989593,17,2873.958374,5,[15]=-237547;[16]=-233242;[17]=-231798;[18]=-233322;[19]=-237820
986,RECAL 3 0 9999 9999 64 4 80,0,9999,9999,0,64,4,80,-119.000000,33,0,ParabolaNotDownward,160.000000,Flat,7,-238362.000000,,,,0,
987,RECAL 3 0 9999 9999 200 4 80,0,9999,9999,0,200,4,80,-255.000000,101,0,ParabolaNotDownward,1610.000000,Flat,39,-238369.000000,,,,0,
988,RECAL 3 0 9999 -455 200 4 80,0,9999,-455,0,200,4,80,-655.000000,101,0,ParabolaNotDownward,103749.000000,StrictInc,100,-239991.000000,,,,0,
989,RECAL 3 0 9999 345 200 4 80,0,9999,345,0,200,4,80,145.000000,101,0,ParabolaNotDownward,55820.000000,StrictDec,0,-238972.000000,,,,30,[0]=-238972;[1]=-239019;[2]=-239064;[3]=-239118;[4]=-239168;[5]=-239226;[6]=-239283;[7]=-239345;[8]=-239422;[9]=-239503;[10]=-239561;[11]=-239648;[12]=-239739;[13]=-239820;[14]=-239920;[15]=-240010;[16]=-240112;[17]=-240239;[18]=-240358;[19]=-240468;[20]=-240574;[21]=-240718;[22]=-240843;[23]=-240985;[24]=-241135;[25]=-241296;[26]=-241453;[27]=-241627;[28]=-241786;[29]=-242001
990,RECAL 3 1 9999 -435 64 4 80,1,9999,-435,0,64,4,80,2830.000000,33,1,Ok,239833.000000,NonMono,17,-254369.000000,17.024422,17,2898.097690,5,[15]=-260508;[16]=-255932;[17]=-254369;[18]=-255813;[19]=-260454
991,RECAL 3 0 9999 9999 64 4 80,0,9999,9999,0,64,4,80,-104.000000,33,0,ParabolaNotDownward,450.000000,Flat,32,-231575.000000,,,,0,
992,RECAL 3 0 9999 9999 200 4 80,0,9999,9999,0,200,4,80,-240.000000,101,0,VertexOutOfRange,4364.000000,NonMono,95,-231193.000000,,,,31,[79]=-231401;[80]=-231385;[81]=-231376;[82]=-231360;[83]=-231327;[84]=-231312;[85]=-231309;[86]=-231280;[87]=-231268;[88]=-231249;[89]=-231248;[90]=-231234;[91]=-231222;[92]=-231213;[93]=-231194;[94]=-231204;[95]=-231193;[96]=-231207;[97]=-231206;[98]=-231203;[99]=-231205;[100]=-231208;[101]=6.85315e-310;[102]=1.91991e-305;[103]=9.14418e+140;[104]=7.71454e-43;[105]=5.4228e-67;[106]=4.04027e-66;[107]=4.66075e-33;[109]=1.67156e-23;[111]=5.39445e-38
993,RECAL 3 0 9999 -440 200 4 80,0,9999,-440,0,200,4,80,-640.000000,101,0,ParabolaNotDownward,130114.000000,StrictInc,100,-235552.000000,,,,0,
994,RECAL 3 0 9999 360 200 4 80,0,9999,360,0,200,4,80,160.000000,101,0,ParabolaNotDownward,58720.000000,NonMono,0,-231233.000000,,,,37,[0]=-231233;[1]=-231259;[2]=-231257;[3]=-231258;[4]=-231264;[5]=-231273;[6]=-231302;[7]=-231310;[8]=-231351;[9]=-231381;[10]=-231406;[11]=-231449;[12]=-231486;[13]=-231520;[14]=-231568;[15]=-231616;[16]=-231685;[17]=-231734;[18]=-231817;[19]=-231891;[20]=-231985;[21]=-232074;[22]=-232163;[23]=-232269;[24]=-232380;[25]=-232504;[26]=-232614;[27]=-232751;[28]=-232897;[29]=-233055;[30]=-233231;[31]=-233390;[32]=-233557;[33]=-233752;[34]=-233945;[35]=-234144;[36]=-234374
995,RECAL 3 1 9999 -420 64 4 80,1,9999,-420,0,64,4,80,2201.000000,33,1,Ok,222853.000000,NonMono,17,-256573.000000,16.881027,17,2268.524109,5,[15]=-260203;[16]=-257379;[17]=-256573;[18]=-257916;[19]=-261468
996,RECAL 3 0 9999 9999 64 4 80,0,9999,9999,0,64,4,80,-717.000000,33,1,Ok,5523.000000,NonMono,16,-230818.000000,15.220474,15,-656.118105,25,[4]=-233757;[5]=-233226;[6]=-232765;[7]=-232354;[8]=-232018;[9]=-231706;[10]=-231449;[11]=-231232;[12]=-231037;[13]=-230914;[14]=-230843;[15]=-230821;[16]=-230818;[17]=-230866;[18]=-230994;[19]=-231122;[20]=-231305;[21]=-231524;[22]=-231763;[23]=-232073;[24]=-232384;[25]=-232754;[26]=-233138;[27]=-233571;[28]=-234043
997,RECAL 3 1 9999 -656 64 4 80,1,9999,-656,0,64,4,80,1323.000000,33,1,Ok,103240.000000,NonMono,17,-230337.000000,17.099933,17,1391.399733,7,[14]=-234148;[15]=-232104;[16]=-230809;[17]=-230337;[18]=-230668;[19]=-231827;[20]=-233869
998,RECAL 3 0 9999 9999 64 4 80,0,9999,9999,0,64,4,80,-672.000000,33,1,Ok,5250.000000,NonMono,15,-228488.000000,14.160421,14,-615.358317,27,[2]=-231573;[3]=-231052;[4]=-230603;[5]=-230184;[6]=-229837;[7]=-229538;[8]=-229255;[9]=-229036;[10]=-228816;[11]=-228698;[12]=-228582;[13]=-228515;[14]=-228493;[15]=-228488;[16]=-228543;[17]=-228654;[18]=-228753;[19]=-228913;[20]=-229115;[21]=-229336;[22]=-229597;[23]=-229903;[24]=-230210;[25]=-230561;[26]=-230929;[27]=-231329;[28]=-231767
999,RECAL 3 1 9999 -615 64 4 80,1,9999,-615,0,64,4,80,-1245.000000,33,1,Ok,76553.000000,NonMono,16,-228486.000000,15.505125,16,-1182.979499,7,[13]=-230220;[14]=-229074;[15]=-228499;[16]=-228486;[17]=-229060;[18]=-230245;[19]=-231981
1000,RECAL 3 0 9999 9999 64 4 80,0,9999,9999,0,64,4,80,-643.000000,33,1,Ok,4233.000000,NonMono,15,-228749.000000,15.307928,15,-581.768287,27,[2]=-231904;[3]=-231420;[4]=-230987;[5]=-230577;[6]=-230232;[7]=-229925;[8]=-229644;[9]=-229393;[10]=-229209;[11]=-229058;[12]=-228924;[13]=-228815;[14]=-228759;[15]=-228749;[16]=-228754;[17]=-228803;[18]=-228860;[19]=-228945;[20]=-229083;[21]=-229236;[22]=-229409;[23]=-229613;[24]=-229815;[25]=-230103;[26]=-230382;[27]=-230703;[28]=-231025
1001,RECAL 3 1 9999 -582 64 4 80,1,9999,-582,0,64,4,80,-2210.000000,33,1,Ok,224312.000000,NonMono,15,-228087.000000,15.151209,15,-2149.395164,5,[13]=-232472;[14]=-229328;[15]=-228087;[16]=-228751;[17]=-231300
1002,RECAL 3 0 9999 9999 64 4 80,0,9999,9999,0,64,4,80,316.000000,33,0,ParabolaNotDownward,1913.000000,Flat,19,-234017.000000,,,,0,
1003,RECAL 3 0 9999 9999 200 4 80,0,9999,9999,0,200,4,80,180.000000,101,1,Ok,21289.000000,NonMono,53,-233960.000000,53.246915,53,392.987659,43,[32]=-236178;[33]=-236003;[34]=-235821;[35]=-235675;[36]=-235497;[37]=-235340;[38]=-235171;[39]=-235029;[40]=-234895;[41]=-234765;[42]=-234642;[43]=-234534;[44]=-234424;[45]=-234320;[46]=-234247;[47]=-234181;[48]=-234108;[49]=-234072;[50]=-234024;[51]=-233994;[52]=-233963;[53]=-233960;[54]=-233973;[55]=-233976;[56]=-234007;[57]=-234060;[58]=-234105;[59]=-234161;[60]=-234226;[61]=-234348;[62]=-234466;[63]=-234599;[64]=-234758;[65]=-234921;[66]=-235101;[67]=-235300;[68]=-235503;[69]=-235752;[70]=-236010;[71]=-236273;[72]=-236573;[73]=-236903;[74]=-237249
1004,RECAL 3 0 9999 393 64 4 80,0,9999,393,0,64,4,80,329.000000,33,0,ParabolaNotDownward,1868.000000,Flat,16,-233951.000000,,,,0,
1005,RECAL 3 1 9999 394 64 4 80,1,9999,394,0,64,4,80,-2863.000000,33,1,Ok,263311.000000,NonMono,15,-231445.000000,14.698858,15,-2804.204566,5,[13]=-235811;[14]=-232073;[15]=-231445;[16]=-233948;[17]=-239549
1006,RECAL 3 0 9999 9999 64 4 80,0,9999,9999,0,64,4,80,-2433.000000,33,1,Ok,91292.000000,NonMono,15,-237783.000000,14.968726,15,-2373.125097,9,[11]=-242672;[12]=-240515;[13]=-238988;[14]=-238065;[15]=-237783;[16]=-238102;[17]=-239053;[18]=-240603;[19]=-242751
1007,RECAL 3 1 9999 -2373 64 4 80,1,9999,-2373,0,64,4,80,-2897.000000,33,1,Ok,260806.000000,NonMono,15,-234633.000000,14.506629,15,-2838.973485,17,[7]=-323408;[8]=-301207;[9]=-282096;[10]=-266251;[11]=-253638;[12]=-244205;[13]=-237877;[14]=-234687;[15]=-234633;[16]=-237755;[17]=-243988;[18]=-253363;[19]=-265899;[20]=-281548;[21]=-300186;[22]=-322037;[23]=-346929
1008,RECAL 3 0 9999 9999 64 4 80,0,9999,9999,0,64,4,80,-2517.000000,33,1,Ok,101952.000000,NonMono,15,-235186.000000,14.863032,15,-2457.547873,7,[12]=-238022;[13]=-236382;[14]=-235433;[15]=-235186;[16]=-235633;[17]=-236751;[18]=-238586
1009,RECAL 3 1 9999 -2458 64 4 80,1,9999,-2458,0,64,4,80,-2254.000000,33,1,Ok,234419.000000,NonMono,15,-234344.000000,15.067867,15,-2193.728534,5,[13]=-238519;[14]=-235435;[15]=-234344;[16]=-235173;[17]=-238029
1010,RECAL 3 0 9999 9999 64 4 80,0,9999,9999,0,64,4,80,-2528.000000,33,1,Ok,109739.000000,NonMono,14,-231273.000000,14.452805,14,-2470.188779,7,[11]=-235385;[12]=-233326;[13]=-231947;[14]=-231273;[15]=-231320;[16]=-232049;[17]=-233466
1011,RECAL 3 1 9999 -2470 64 4 80,1,9999,-2470,0,64,4,80,-1328.000000,33,1,Ok,85726.000000,NonMono,16,-231206.000000,15.926495,16,-1264.294022,7,[13]=-234097;[14]=-232450;[15]=-231499;[16]=-231206;[17]=-231582;[18]=-232633;[19]=-234312
1012,RECAL 3 0 9999 9999 64 4 80,0,9999,9999,0,64,4,80,-2531.000000,33,1,Ok,111536.000000,NonMono,14,-232732.000000,14.238139,14,-2474.047445,7,[11]=-236404;[12]=-234447;[13]=-233246;[14]=-232732;[15]=-232901;[16]=-233768;[17]=-235325
1013,RECAL 3 1 9999 -2474 64 4 80,1,9999,-2474,0,64,4,80,1249.000000,33,1,Ok,93214.000000,NonMono,17,-232435.000000,16.874395,17,1316.497579,7,[14]=-235358;[15]=-233683;[16]=-232712;[17]=-232435;[18]=-232895;[19]=-234085;[20]=-236026
1014,RECAL 3 0 9999 9999 64 4 80,0,9999,9999,0,64,4,80,-2451.000000,33,1,Ok,93774.000000,NonMono,15,-235497.000000,14.831693,15,-2391.673227,7,[12]=-238024;[13]=-236536;[14]=-235712;[15]=-235497;[16]=-235920;[17]=-236950;[18]=-238623
1015,RECAL 3 1 9999 -2392 64 4 80,1,9999,-2392,0,64,4,80,2153.000000,33,1,Ok,235043.000000,NonMono,17,-234965.000000,16.770925,17,2220.083700,5,[15]=-237933;[16]=-235499;[17]=-234965;[18]=-236414;[19]=-239867
1016,RECAL 3 0 9999 9999 64 4 80,0,9999,9999,0,64,4,80,-2461.000000,33,1,Ok,91161.000000,NonMono,15,-239979.000000,14.750076,15,-2401.999695,7,[12]=-242262;[13]=-240899;[14]=-240143;[15]=-239979;[16]=-240437;[17]=-241486;[18]=-243106
1017,RECAL 3 1 9999 -2402 64 4 80,1,9999,-2402,0,64,4,80,2790.000000,33,1,Ok,255616.000000,NonMono,17,-237779.000000,17.245522,17,2858.982087,5,[15]=-244917;[16]=-239948;[17]=-237779;[18]=-238544;[19]=-242342
1018,RECAL 3 0 9999 9999 64 4 80,0,9999,9999,0,64,4,80,2421.000000,33,1,Ok,101685.000000,NonMono,17,-232992.000000,17.171288,17,2489.685150,7,[14]=-236354;[15]=-234543;[16]=-233440;[17]=-232992;[18]=-233217;[19]=-234086;[20]=-235698
1019,RECAL 3 1 9999 2490 64 4 80,1,9999,2490,0,64,4,80,-2884.000000,33,1,Ok,263820.000000,NonMono,15,-231058.000000,14.898838,15,-2824.404649,5,[13]=-236815;[14]=-232338;[15]=-231058;[16]=-232980;[17]=-238075
1020,RECAL 3 0 9999 9999 64 4 80,0,9999,9999,0,64,4,80,2468.000000,33,1,Ok,107463.000000,NonMono,17,-227949.000000,17.252994,17,2537.011975,7,[14]=-231909;[15]=-229856;[16]=-228539;[17]=-227949;[18]=-228166;[19]=-229096;[20]=-230792
1021,RECAL 3 1 9999 2537 64 4 80,1,9999,2537,0,64,4,80,-2240.000000,33,1,Ok,225103.000000,NonMono,15,-227789.000000,15.429941,15,-2178.280236,5,[13]=-233370;[14]=-229606;[15]=-227789;[16]=-227935;[17]=-229975
1022,RECAL 3 0 9999 9999 64 4 80,0,9999,9999,0,64,4,80,2345.000000,33,1,Ok,96758.000000,NonMono,17,-227280.000000,17.150376,17,2413.601503,7,[14]=-230654;[15]=-228862;[16]=-227736;[17]=-227280;[18]=-227531;[19]=-228469;[20]=-230101
1023,RECAL 3 1 9999 2414 64 4 80,1,9999,2414,0,64,4,80,-1309.000000,33,1,Ok,86936.000000,NonMono,16,-227283.000000,16.300807,16,-1243.796772,7,[13]=-230841;[14]=-228996;[15]=-227817;[16]=-227283;[17]=-227411;[18]=-228218;[19]=-229686
1024,RECAL 3 0 9999 9999 64 4 80,0,9999,9999,0,64,4,80,2420.000000,33,1,Ok,107083.000000,NonMono,17,-228523.000000,17.439297,17,2489.757189,7,[14]=-232556;[15]=-230501;[16]=-229160;[17]=-228523;[18]=-228547;[19]=-229284;[20]=-230752
1025,RECAL 3 1 9999 2490 64 4 80,1,9999,2490,0,64,4,80,1275.000000,33,1,Ok,98347.000000,NonMono,17,-228107.000000,16.935029,17,1342.740117,7,[14]=-231370;[15]=-229529;[16]=-228446;[17]=-228107;[18]=-228550;[19]=-229752;[20]=-231753
1026,RECAL 3 0 9999 9999 64 4 80,0,9999,9999,0,64,4,80,2391.000000,33,1,Ok,92134.000000,NonMono,17,-233440.000000,16.707366,17,2457.829463,7,[14]=-235840;[15]=-234374;[16]=-233570;[17]=-233440;[18]=-233968;[19]=-235145;[20]=-237012
1027,RECAL 3 1 9999 2458 64 4 80,1,9999,2458,0,64,4,80,2170.000000,33,1,Ok,238072.000000,NonMono,17,-231447.000000,17.459680,17,2239.838721,5,[15]=-237412;[16]=-233411;[17]=-231447;[18]=-231525;[19]=-233696
1028,RECAL 3 0 9999 9999 64 4 80,0,9999,9999,0,64,4,80,2367.000000,33,1,Ok,89173.000000,NonMono,17,-238605.000000,17.250404,17,2436.001618,7,[14]=-241762;[15]=-240105;[16]=-239034;[17]=-238605;[18]=-238733;[19]=-239508;[20]=-240900
1029,RECAL 3 1 9999 2436 64 4 80,1,9999,2436,0,64,4,80,2801.000000,33,1,Ok,261698.000000,NonMono,18,-233432.000000,17.811419,18,2872.245675,5,[16]=-238534;[17]=-234412;[18]=-233432;[19]=-235616;[20]=-241002
1030,RECAL 3 0 9999 9999 64 4 80,0,9999,9999,0,64,4,80,60.000000,33,0,ParabolaNotDownward,465.000000,Flat,28,-238770.000000,,,,0,
1031,RECAL 3 0 9999 9999 200 4 80,0,9999,9999,0,200,4,80,-76.000000,101,1,Ok,3105.000000,NonMono,63,-238752.000000,63.329955,63,177.319819,33,[47]=-238992;[48]=-238979;[49]=-238967;[50]=-238948;[51]=-238924;[52]=-238893;[53]=-238890;[54]=-238859;[55]=-238833;[56]=-238813;[57]=-238813;[58]=-238806;[59]=-238768;[60]=-238789;[61]=-238765;[62]=-238779;[63]=-238752;[64]=-238765;[65]=-238770;[66]=-238788;[67]=-238795;[68]=-238790;[69]=-238816;[70]=-238823;[71]=-238865;[72]=-238877;[73]=-238908;[74]=-238914;[75]=-238968;[76]=-239005;[77]=-239045;[78]=-239112;[79]=-239150
1032,RECAL 3 0 9999 177 64 4 80,0,9999,177,0,64,4,80,113.000000,33,0,ParabolaNotDownward,396.000000,Flat,16,-238761.000000,,,,0,
1033,RECAL 3 1 9999 172 64 4 80,1,9999,172,0,64,4,80,2748.000000,33,1,Ok,259581.000000,NonMono,18,-235741.000000,17.515379,18,2818.061516,17,[10]=-317665;[11]=-297625;[12]=-280116;[13]=-265479;[14]=-253687;[15]=-244752;[16]=-238761;[17]=-235752;[18]=-235741;[19]=-238865;[20]=-245117;[21]=-254593;[22]=-267368;[23]=-283471;[24]=-303245;[25]=-326618;[26]=-354257
1034,RECAL 3 0 9999 9999 64 4 80,0,9999,9999,0,64,4,80,386.000000,33,1,Ok,4447.000000,NonMono,10,-234208.000000,10.895533,11,429.582132,17,[2]=-234770;[3]=-234663;[4]=-234550;[5]=-234478;[6]=-234388;[7]=-234326;[8]=-234271;[9]=-234235;[10]=-234208;[11]=-234208;[12]=-234214;[13]=-234241;[14]=-234287;[15]=-234354;[16]=-234441;[17]=-234548;[18]=-234653
1035,RECAL 3 1 9999 430 64 4 80,1,9999,430,0,64,4,80,2106.000000,33,1,Ok,225947.000000,NonMono,17,-233168.000000,17.049114,17,2174.196455,5,[15]=-237203;[16]=-234212;[17]=-233168;[18]=-234027;[19]=-236865
1036,RECAL 3 0 9999 9999 64 4 80,0,9999,9999,0,64,4,80,526.000000,33,1,Ok,5042.000000,NonMono,15,-231501.000000,16.012679,16,590.050717,27,[2]=-234593;[3]=-234195;[4]=-233801;[5]=-233450;[6]=-233132;[7]=-232832;[8]=-232550;[9]=-232313;[10]=-232103;[11]=-231927;[12]=-231778;[13]=-231668;[14]=-231562;[15]=-231501;[16]=-231508;[17]=-231531;[18]=-231581;[19]=-231667;[20]=-231795;[21]=-231945;[22]=-232146;[23]=-232388;[24]=-232667;[25]=-233009;[26]=-233370;[27]=-233778;[28]=-234239
1037,RECAL 3 1 9999 590 64 4 80,1,9999,590,0,64,4,80,1164.000000,33,1,Ok,85103.000000,NonMono,17,-231167.000000,17.034875,17,1232.139500,9,[13]=-236311;[14]=-234089;[15]=-232482;[16]=-231496;[17]=-231167;[18]=-231455;[19]=-232410;[20]=-234044;[21]=-236326
1038,RECAL 3 0 9999 9999 64 4 80,0,9999,9999,0,64,4,80,-276.000000,33,0,ParabolaNotDownward,1152.000000,Flat,5,-228671.000000,,,,0,
1039,RECAL 3 0 9999 9999 200 4 80,0,9999,9999,0,200,4,80,-412.000000,101,1,Ok,8148.000000,NonMono,41,-228699.000000,40.669173,41,-249.323308,33,[25]=-229549;[26]=-229445;[27]=-229318;[28]=-229240;[29]=-229125;[30]=-229058;[31]=-229002;[32]=-228930;[33]=-228885;[34]=-228846;[35]=-228815;[36]=-228768;[37]=-228738;[38]=-228735;[39]=-228723;[40]=-228707;[41]=-228699;[42]=-228713;[43]=-228727;[44]=-228739;[45]=-228754;[46]=-228776;[47]=-228794;[48]=-228832;[49]=-228881;[50]=-228922;[51]=-228947;[52]=-228999;[53]=-229035;[54]=-229087;[55]=-229155;[56]=-229208;[57]=-229271
1040,RECAL 3 0 9999 -249 64 4 80,0,9999,-249,0,64,4,80,-313.000000,33,0,ParabolaNotDownward,903.000000,Flat,15,-228690.000000,,,,0,
1041,RECAL 3 1 9999 -249 64 4 80,1,9999,-249,0,64,4,80,-1418.000000,33,1,Ok,104787.000000,NonMono,16,-228722.000000,16.410694,16,-1352.357224,7,[13]=-233288;[14]=-230951;[15]=-229435;[16]=-228722;[17]=-228768;[18]=-229644;[19]=-231274
1042,RECAL 3 0 9999 9999 64 4 80,0,9999,9999,0,64,4,80,715.000000,33,1,Ok,9310.000000,NonMono,16,-231667.000000,15.611491,16,777.445963,21,[6]=-234422;[7]=-233908;[8]=-233435;[9]=-232990;[10]=-232637;[11]=-232320;[12]=-232077;[13]=-231882;[14]=-231759;[15]=-231670;[16]=-231667;[17]=-231730;[18]=-231856;[19]=-232041;[20]=-232288;[21]=-232620;[22]=-233013;[23]=-233479;[24]=-234008;[25]=-234615;[26]=-235293
1043,RECAL 3 1 9999 777 64 4 80,1,9999,777,0,64,4,80,-2302.000000,33,1,Ok,236691.000000,NonMono,15,-231162.000000,15.261019,15,-2240.955923,5,[13]=-236454;[14]=-232750;[15]=-231162;[16]=-231654;[17]=-234227
1044,RECAL 3 0 9999 9999 64 4 80,0,9999,9999,0,64,4,80,550.000000,33,1,Ok,6921.000000,NonMono,12,-235781.000000,12.373977,12,599.495908,17,[4]=-236775;[5]=-236566;[6]=-236364;[7]=-236198;[8]=-236067;[9]=-235938;[10]=-235860;[11]=-235808;[12]=-235781;[13]=-235784;[14]=-235825;[15]=-235881;[16]=-235972;[17]=-236124;[18]=-236299;[19]=-236493;[20]=-236736
1045,RECAL 3 1 9999 599 64 4 80,1,9999,599,0,64,4,80,-2930.000000,33,1,Ok,263062.000000,NonMono,14,-232217.000000,14.476593,14,-2872.093627,17,[6]=-353681;[7]=-327159;[8]=-303443;[9]=-282878;[10]=-265836;[11]=-252212;[12]=-242104;[13]=-235469;[14]=-232217;[15]=-232302;[16]=-235754;[17]=-242530;[18]=-252567;[19]=-265861;[20]=-282287;[21]=-301688;[22]=-323675
1046,RECAL 3 0 9999 9999 64 4 80,0,9999,9999,0,64,4,80,-2415.000000,33,1,Ok,98297.000000,NonMono,14,-239979.000000,14.297951,14,-2357.808197,7,[11]=-243372;[12]=-241633;[13]=-240482;[14]=-239979;[15]=-240119;[16]=-240880;[17]=-242281
1047,RECAL 3 1 9999 -2358 64 4 80,1,9999,-2358,0,64,4,80,-2906.000000,33,1,Ok,257787.000000,NonMono,15,-237517.000000,14.742837,15,-2847.028652,5,[13]=-242390;[14]=-238287;[15]=-237517;[16]=-239925;[17]=-245516
1048,RECAL 3 0 9999 9999 64 4 80,0,9999,9999,0,64,4,80,-2359.000000,33,1,Ok,102001.000000,NonMono,14,-235452.000000,13.749338,14,-2304.002646,7,[11]=-237750;[12]=-236361;[13]=-235616;[14]=-235452;[15]=-235908;[16]=-236955;[17]=-238594
1049,RECAL 3 1 9999 -2304 64 4 80,1,9999,-2304,0,64,4,80,-2271.000000,33,1,Ok,239050.000000,NonMono,15,-234460.000000,15.003477,15,-2210.986090,5,[13]=-238628;[14]=-235519;[15]=-234460;[16]=-235488;[17]=-238465
1050,RECAL 3 0 9999 9999 64 4 80,0,9999,9999,0,64,4,80,-2485.000000,33,1,Ok,107238.000000,NonMono,14,-233910.000000,14.264214,14,-2427.943145,7,[11]=-237500;[12]=-235623;[13]=-234398;[14]=-233910;[15]=-234072;[16]=-234860;[17]=-236341
1051,RECAL 3 1 9999 -2428 64 4 80,1,9999,-2428,0,64,4,80,-1365.000000,33,1,Ok,93760.000000,NonMono,16,-233884.000000,15.926945,16,-1301.292222,7,[13]=-236892;[14]=-235164;[15]=-234170;[16]=-233884;[17]=-234271;[18]=-235371;[19]=-237199
1052,RECAL 3 0 9999 9999 64 4 80,0,9999,9999,0,64,4,80,-2412.000000,33,1,Ok,93453.000000,NonMono,15,-233890.000000,14.681944,15,-2353.272225,7,[12]=-236130;[13]=-234748;[14]=-234016;[15]=-233890;[16]=-234414;[17]=-235579;[18]=-237392
1053,RECAL 3 1 9999 -2353 64 4 80,1,9999,-2353,0,64,4,80,1215.000000,33,1,Ok,88848.000000,NonMono,17,-233722.000000,16.712287,17,1281.849149,7,[14]=-236142;[15]=-234653;[16]=-233855;[17]=-233722;[18]=-234234;[19]=-235485;[20]=-237429
1054,RECAL 3 0 9999 9999 64 4 80,0,9999,9999,0,64,4,80,-2448.000000,33,1,Ok,93749.000000,NonMono,15,-233499.000000,14.817669,15,-2388.729324,7,[12]=-235992;[13]=-234526;[14]=-233708;[15]=-233499;[16]=-233935;[17]=-234983;[18]=-236670
1055,RECAL 3 1 9999 -2389 64 4 80,1,9999,-2389,0,64,4,80,2134.000000,33,1,Ok,230696.000000,NonMono,17,-232915.000000,16.812816,17,2201.251263,5,[15]=-236010;[16]=-233499;[17]=-232915;[18]=-234248;[19]=-237622
1056,RECAL 3 0 9999 9999 64 4 80,0,9999,9999,0,64,4,80,-2472.000000,33,1,Ok,87535.000000,NonMono,15,-240917.000000,15.104275,15,-2411.582899,9,[11]=-245764;[12]=-243673;[13]=-242189;[14]=-241264;[15]=-240917;[16]=-241145;[17]=-241960;[18]=-243335;[19]=-245353
1057,RECAL 3 1 9999 -2412 64 4 80,1,9999,-2412,0,64,4,80,2769.000000,33,1,Ok,257730.000000,NonMono,18,-237555.000000,17.562533,18,2839.250133,5,[16]=-240913;[17]=-237735;[18]=-237555;[19]=-240384;[20]=-246279
1058,RECAL 3 0 9999 9999 64 4 80,0,9999,9999,0,64,4,80,2257.000000,33,1,Ok,124046.000000,NonMono,16,-232380.000000,16.131283,16,2321.525133,7,[13]=-236767;[14]=-234413;[15]=-232959;[16]=-232380;[17]=-232711;[18]=-233976;[19]=-236145
1059,RECAL 3 1 9999 2322 64 4 80,1,9999,2322,0,64,4,80,-2733.000000,33,1,Ok,265421.000000,NonMono,15,-230569.000000,15.023300,15,-2672.906799,5,[13]=-238479;[14]=-232585;[15]=-230569;[16]=-232394;[17]=-238025
1060,RECAL 3 0 9999 9999 64 4 80,0,9999,9999,0,64,4,80,2305.000000,33,1,Ok,145774.000000,NonMono,17,-229250.000000,17.277366,17,2374.109463,7,[14]=-234581;[15]=-231813;[16]=-230027;[17]=-229250;[18]=-229468;[19]=-230728;[20]=-233030
1061,RECAL 3 1 9999 2374 64 4 80,1,9999,2374,0,64,4,80,-2142.000000,33,1,Ok,258035.000000,NonMono,15,-228180.000000,15.067803,15,-2081.728786,5,[13]=-233233;[14]=-229526;[15]=-228180;[16]=-229205;[17]=-232589
1062,RECAL 3 0 9999 9999 64 4 80,0,9999,9999,0,64,4,80,2208.000000,33,1,Ok,124733.000000,NonMono,16,-227367.000000,16.473636,16,2273.894544,7,[13]=-233012;[14]=-230187;[15]=-228322;[16]=-227367;[17]=-227409;[18]=-228397;[19]=-230340
1063,RECAL 3 1 9999 2274 64 4 80,1,9999,2274,0,64,4,80,-1292.000000,33,1,Ok,103989.000000,NonMono,16,-227289.000000,15.599290,16,-1229.602838,7,[13]=-230024;[14]=-228273;[15]=-227363;[16]=-227289;[17]=-228018;[18]=-229576;[19]=-231940
1064,RECAL 3 0 9999 9999 64 4 80,0,9999,9999,0,64,4,80,2262.000000,33,1,Ok,138516.000000,NonMono,17,-228106.000000,17.054885,17,2330.219540,7,[14]=-232801;[15]=-230232;[16]=-228677;[17]=-228106;[18]=-228572;[19]=-230029;[20]=-232543
1065,RECAL 3 1 9999 2330 64 4 80,1,9999,2330,0,64,4,80,1142.000000,33,1,Ok,108846.000000,NonMono,17,-227740.000000,16.944526,17,1209.778105,7,[14]=-231218;[15]=-229273;[16]=-228093;[17]=-227740;[18]=-228204;[19]=-229429;[20]=-231477
1066,RECAL 3 0 9999 9999 64 4 80,0,9999,9999,0,64,4,80,2188.000000,33,1,Ok,130087.000000,NonMono,17,-231182.000000,17.153010,17,2256.612040,7,[14]=-235747;[15]=-233313;[16]=-231789;[17]=-231182;[18]=-231502;[19]=-232771;[20]=-234967
1067,RECAL 3 1 9999 2257 64 4 80,1,9999,2257,0,64,4,80,2003.000000,33,1,Ok,255522.000000,NonMono,17,-230324.000000,16.850336,17,2070.401345,5,[15]=-234385;[16]=-231175;[17]=-230324;[18]=-231890;[19]=-235821
1068,RECAL 3 0 9999 9999 64 4 80,0,9999,9999,0,64,4,80,2219.000000,33,1,Ok,124764.000000,NonMono,17,-237904.000000,16.896237,17,2286.584950,7,[14]=-241749;[15]=-239543;[16]=-238269;[17]=-237904;[18]=-238467;[19]=-239923;[20]=-242336
1069,RECAL 3 1 9999 2287 64 4 80,1,9999,2287,0,64,4,80,2595.000000,33,1,Ok,263341.000000,NonMono,18,-233451.000000,17.544902,18,2665.179607,17,[10]=-340213;[11]=-314433;[12]=-291916;[13]=-272851;[14]=-257493;[15]=-245840;[16]=-237875;[17]=-233711;[18]=-233451;[19]=-237110;[20]=-244703;[21]=-256277;[22]=-271825;[23]=-291332;[24]=-314290;[25]=-341190;[26]=-371365
1070,RECAL 3 0 9999 9999 64 4 80,0,9999,9999,0,64,4,80,601.000000,33,1,Ok,8232.000000,NonMono,16,-245742.000000,16.031181,16,665.124723,21,[6]=-248481;[7]=-247959;[8]=-247519;[9]=-247104;[10]=-246782;[11]=-246460;[12]=-246215;[13]=-246022;[14]=-245883;[15]=-245780;[16]=-245742;[17]=-245796;[18]=-245874;[19]=-246005;[20]=-246219;[21]=-246492;[22]=-246820;[23]=-247232;[24]=-247711;[25]=-248231;[26]=-248815
1071,RECAL 3 1 9999 665 64 4 80,1,9999,665,0,64,4,80,2578.000000,33,1,Ok,253367.000000,NonMono,17,-242970.000000,17.251824,17,2647.007296,5,[15]=-252261;[16]=-245751;[17]=-242970;[18]=-243881;[19]=-248508
1072,RECAL 3 0 9999 9999 64 4 80,0,9999,9999,0,64,4,80,480.000000,33,1,Ok,7375.000000,NonMono,14,-233441.000000,14.025001,14,536.100002,25,[2]=-235966;[3]=-235583;[4]=-235207;[5]=-234891;[6]=-234594;[7]=-234340;[8]=-234092;[9]=-233907;[10]=-233757;[11]=-233622;[12]=-233513;[13]=-233465;[14]=-233441;[15]=-233478;[16]=-233533;[17]=-233622;[18]=-233776;[19]=-233946;[20]=-234154;[21]=-234428;[22]=-234748;[23]=-235114;[24]=-235543;[25]=-236019;[26]=-236532
1073,RECAL 3 1 9999 536 64 4 80,1,9999,536,0,64,4,80,1980.000000,33,1,Ok,254001.000000,NonMono,17,-232639.000000,16.863180,17,2047.452718,5,[15]=-236575;[16]=-233447;[17]=-232639;[18]=-234090;[19]=-237926
1074,RECAL 3 0 9999 9999 64 4 80,0,9999,9999,0,64,4,80,740.000000,33,1,Ok,18046.000000,NonMono,14,-232638.000000,14.337437,14,797.349747,17,[6]=-236048;[7]=-235300;[8]=-234649;[9]=-234081;[10]=-233595;[11]=-233220;[12]=-232909;[13]=-232726;[14]=-232638;[15]=-232646;[16]=-232778;[17]=-233030;[18]=-233364;[19]=-233822;[20]=-234374;[21]=-235055;[22]=-235852
1075,RECAL 3 1 9999 797 64 4 80,1,9999,797,0,64,4,80,1109.000000,33,1,Ok,102732.000000,NonMono,17,-232327.000000,16.931751,17,1176.727005,7,[14]=-235570;[15]=-233722;[16]=-232662;[17]=-232327;[18]=-232751;[19]=-233938;[20]=-235873
1076,RECAL 3 0 9999 9999 64 4 80,0,9999,9999,0,64,4,80,546.000000,33,1,Ok,9715.000000,NonMono,14,-229391.000000,14.151199,14,602.604796,23,[3]=-232471;[4]=-231958;[5]=-231501;[6]=-231043;[7]=-230670;[8]=-230336;[9]=-230075;[10]=-229836;[11]=-229638;[12]=-229505;[13]=-229417;[14]=-229391;[15]=-229402;[16]=-229474;[17]=-229607;[18]=-229792;[19]=-230030;[20]=-230311;[21]=-230691;[22]=-231125;[23]=-231621;[24]=-232174;[25]=-232791
1077,RECAL 3 1 9999 603 64 4 80,1,9999,603,0,64,4,80,-1326.000000,33,1,Ok,112067.000000,NonMono,16,-229377.000000,15.833139,16,-1262.667442,7,[13]=-232864;[14]=-230827;[15]=-229649;[16]=-229377;[17]=-229933;[18]=-231376;[19]=-233634
1078,RECAL 3 0 9999 9999 64 4 80,0,9999,9999,0,64,4,80,869.000000,33,1,Ok,21089.000000,NonMono,15,-231168.000000,15.395788,15,930.583153,15,[8]=-234825;[9]=-233923;[10]=-233146;[11]=-232470;[12]=-231968;[13]=-231550;[14]=-231294;[15]=-231168;[16]=-231197;[17]=-231330;[18]=-231641;[19]=-232083;[20]=-232697;[21]=-233431;[22]=-234310
1079,RECAL 3 1 9999 931 64 4 80,1,9999,931,0,64,4,80,-2159.000000,33,1,Ok,260128.000000,NonMono,15,-229458.000000,14.786181,15,-2099.855277,5,[13]=-233230;[14]=-230146;[15]=-229458;[16]=-231143;[17]=-235136
1080,RECAL 3 0 9999 9999 64 4 80,0,9999,9999,0,64,4,80,731.000000,33,1,Ok,13397.000000,NonMono,15,-234373.000000,14.947071,15,790.788284,19,[6]=-237504;[7]=-236832;[8]=-236270;[9]=-235773;[10]=-235357;[11]=-235001;[12]=-234709;[13]=-234526;[14]=-234395;[15]=-234373;[16]=-234408;[17]=-234547;[18]=-234762;[19]=-235069;[20]=-235458;[21]=-235944;[22]=-236536;[23]=-237215;[24]=-237989
1081,RECAL 3 1 9999 791 64 4 80,1,9999,791,0,64,4,80,-2745.000000,33,1,Ok,265016.000000,NonMono,15,-231118.000000,14.657492,15,-2686.370034,17,[7]=-341432;[8]=-315007;[9]=-291926;[10]=-272282;[11]=-256414;[12]=-244337;[13]=-236082;[14]=-231694;[15]=-231118;[16]=-234329;[17]=-241415;[18]=-252264;[19]=-266921;[20]=-285299;[21]=-307513;[22]=-333346;[23]=-362791
1082,RECAL 3 0 9999 9999 64 4 80,0,9999,9999,0,64,4,80,-2137.000000,33,1,Ok,95732.000000,NonMono,15,-237603.000000,14.866320,15,-2077.534721,7,[12]=-240290;[13]=-238749;[14]=-237853;[15]=-237603;[16]=-238036;[17]=-239090;[18]=-240811
1083,RECAL 3 1 9999 -2078 64 4 80,1,9999,-2078,0,64,4,80,-2714.000000,33,1,Ok,261622.000000,NonMono,15,-234523.000000,14.647886,15,-2655.408454,17,[7]=-337443;[8]=-312653;[9]=-291138;[10]=-272851;[11]=-258079;[12]=-246817;[13]=-239143;[14]=-235032;[15]=-234523;[16]=-237620;[17]=-244245;[18]=-254444;[19]=-268167;[20]=-285355;[21]=-306157;[22]=-330459;[23]=-358012
1084,RECAL 3 0 9999 9999 64 4 80,0,9999,9999,0,64,4,80,-2070.000000,33,1,Ok,96760.000000,NonMono,14,-232825.000000,14.371871,14,-2012.512517,7,[11]=-236388;[12]=-234547;[13]=-233374;[14]=-232825;[15]=-232896;[16]=-233598;[17]=-234900
1085,RECAL 3 1 9999 -2013 64 4 80,1,9999,-2013,0,64,4,80,-2120.000000,33,1,Ok,254272.000000,NonMono,15,-231888.000000,15.088293,15,-2059.646829,5,[13]=-236710;[14]=-233188;[15]=-231888;[16]=-232791;[17]=-235862
1086,RECAL 3 0 9999 9999 64 4 80,0,9999,9999,0,64,4,80,-2188.000000,33,1,Ok,104534.000000,NonMono,15,-232159.000000,14.866703,15,-2128.533187,7,[12]=-235055;[13]=-233372;[14]=-232419;[15]=-232159;[16]=-232583;[17]=-233752;[18]=-235572
1087,RECAL 3 1 9999 -2129 64 4 80,1,9999,-2129,0,64,4,80,-1261.000000,33,1,Ok,94966.000000,NonMono,16,-232168.000000,15.714131,16,-1198.143478,7,[13]=-234873;[14]=-233237;[15]=-232315;[16]=-232168;[17]=-232737;[18]=-234042;[19]=-236037
1088,RECAL 3 0 9999 9999 64 4 80,0,9999,9999,0,64,4,80,-2124.000000,33,1,Ok,98529.000000,NonMono,15,-231706.000000,14.980239,15,-2064.079045,7,[12]=-234760;[13]=-233048;[14]=-232036;[15]=-231706;[16]=-232057;[17]=-233087;[18]=-234780
1089,RECAL 3 1 9999 -2064 64 4 80,1,9999,-2064,0,64,4,80,1171.000000,33,1,Ok,102965.000000,NonMono,16,-231683.000000,16.502847,17,1237.011389,7,[13]=-236428;[14]=-234072;[15]=-232486;[16]=-231683;[17]=-231698;[18]=-232483;[19]=-234067
1090,RECAL 3 0 9999 9999 64 4 80,0,9999,9999,0,64,4,80,-2205.000000,33,1,Ok,107756.000000,NonMono,15,-236724.000000,14.844038,15,-2145.623846,7,[12]=-239746;[13]=-238000;[14]=-236986;[15]=-236724;[16]=-237227;[17]=-238444;[18]=-240405
1091,RECAL 3 1 9999 -2146 64 4 80,1,9999,-2146,0,64,4,80,2016.000000,33,1,Ok,255197.000000,NonMono,17,-235418.000000,17.066625,17,2084.266500,5,[15]=-240337;[16]=-236703;[17]=-235418;[18]=-236386;[19]=-239628
1092,RECAL 3 0 9999 9999 64 4 80,0,9999,9999,0,64,4,80,-2176.000000,33,1,Ok,106043.000000,NonMono,15,-240216.000000,14.756189,15,-2116.975243,7,[12]=-242815;[13]=-241255;[14]=-240396;[15]=-240216;[16]=-240727;[17]=-241924;[18]=-243805
1093,RECAL 3 1 9999 -2117 64 4 80,1,9999,-2117,0,64,4,80,2605.000000,33,1,Ok,258461.000000,NonMono,17,-237780.000000,17.132310,17,2673.529239,5,[15]=-246292;[16]=-240168;[17]=-237780;[18]=-239174;[19]=-244302
1094,RECAL 3 0 9999 9999 64 4 80,0,9999,9999,0,64,4,80,2326.000000,33,1,Ok,98057.000000,NonMono,17,-237178.000000,16.714898,17,2392.859593,7,[14]=-239912;[15]=-238259;[16]=-237348;[17]=-237178;[18]=-237779;[19]=-239151;[20]=-241288
1095,RECAL 3 1 9999 2393 64 4 80,1,9999,2393,0,64,4,80,-2873.000000,33,1,Ok,264593.000000,NonMono,14,-231821.000000,14.211614,14,-2816.153545,5,[12]=-239942;[13]=-234214;[14]=-231821;[15]=-232797;[16]=-237135
1096,RECAL 3 0 9999 9999 64 4 80,0,9999,9999,0,64,4,80,2248.000000,33,1,Ok,97594.000000,NonMono,17,-230636.000000,16.965389,17,2315.861555,7,[14]=-233819;[15]=-232054;[16]=-230964;[17]=-230636;[18]=-231014;[19]=-232186;[20]=-234061
1097,RECAL 3 1 9999 2316 64 4 80,1,9999,2316,0,64,4,80,-2246.000000,33,1,Ok,256389.000000,NonMono,15,-228884.000000,14.679789,15,-2187.280842,5,[13]=-231752;[14]=-229253;[15]=-228884;[16]=-230616;[17]=-234501
1098,RECAL 3 0 9999 9999 64 4 80,0,9999,9999,0,64,4,80,2329.000000,33,1,Ok,108238.000000,NonMono,17,-227731.000000,16.973329,17,2396.893318,7,[14]=-231319;[15]=-229320;[16]=-228103;[17]=-227731;[18]=-228162;[19]=-229421;[20]=-231531
1099,RECAL 3 1 9999 2397 64 4 80,1,9999,2397,0,64,4,80,-1344.000000,33,1,Ok,99675.000000,NonMono,15,-227443.000000,15.120265,15,-1283.518939,7,[12]=-231112;[13]=-229131;[14]=-227908;[15]=-227443;[16]=-227731;[17]=-228744;[18]=-230494
1100,RECAL 3 0 9999 9999 64 4 80,0,9999,9999,0,64,4,80,2241.000000,33,1,Ok,102328.000000,NonMono,16,-224747.000000,16.051494,16,2305.205978,7,[13]=-228157;[14]=-226280;[15]=-225133;[16]=-224747;[17]=-225061;[18]=-226141;[19]=-227981
1101,RECAL 3 1 9999 2305 64 4 80,1,9999,2305,0,64,4,80,1203.000000,33,1,Ok,93744.000000,NonMono,16,-224761.000000,16.471488,16,1268.885950,7,[13]=-229074;[14]=-226900;[15]=-225452;[16]=-224761;[17]=-224768;[18]=-225518;[19]=-227024
1102,RECAL 3 0 9999 9999 64 4 80,0,9999,9999,0,64,4,80,2317.000000,33,1,Ok,105845.000000,NonMono,17,-226832.000000,16.824930,17,2384.299718,7,[14]=-230113;[15]=-228190;[16]=-227092;[17]=-226832;[18]=-227387;[19]=-228783;[20]=-231029
1103,RECAL 3 1 9999 2384 64 4 80,1,9999,2384,0,64,4,80,2108.000000,33,1,Ok,254972.000000,NonMono,17,-225843.000000,16.967688,17,2175.870752,5,[15]=-229944;[16]=-226824;[17]=-225843;[18]=-226956;[19]=-230181
1104,RECAL 3 0 9999 9999 64 4 80,0,9999,9999,0,64,4,80,2296.000000,33,1,Ok,105474.000000,NonMono,17,-231733.000000,17.176071,17,2364.704285,7,[14]=-235679;[15]=-233577;[16]=-232270;[17]=-231733;[18]=-231997;[19]=-233028;[20]=-234874
1105,RECAL 3 1 9999 2365 64 4 80,1,9999,2365,0,64,4,80,2738.000000,33,1,Ok,266844.000000,NonMono,17,-229376.000000,17.173633,17,2806.694531,5,[15]=-237506;[16]=-231689;[17]=-229376;[18]=-230481;[19]=-235014
1106,RECAL 3 0 9999 9999 64 4 80,0,9999,9999,0,64,4,80,184.000000,33,0,ParabolaNotDownward,758.000000,Flat,18,-233384.000000,,,,0,
1107,RECAL 3 0 9999 9999 200 4 80,0,9999,9999,0,200,4,80,48.000000,101,1,Ok,13522.000000,NonMono,52,-233361.000000,51.475782,51,253.903128,33,[36]=-233895;[37]=-233838;[38]=-233770;[39]=-233707;[40]=-233681;[41]=-233620;[42]=-233589;[43]=-233538;[44]=-233495;[45]=-233481;[46]=-233435;[47]=-233407;[48]=-233379;[49]=-233374;[50]=-233365;[51]=-233366;[52]=-233361;[53]=-233363;[54]=-233388;[55]=-233398;[56]=-233417;[57]=-233436;[58]=-233501;[59]=-233528;[60]=-233607;[61]=-233661;[62]=-233727;[63]=-233812;[64]=-233923;[65]=-234014;[66]=-234113;[67]=-234239;[68]=-234363
1108,RECAL 3 0 9999 254 64 4 80,0,9999,254,0,64,4,80,190.000000,33,0,ParabolaNotDownward,950.000000,Flat,16,-233339.000000,,,,0,
1109,RECAL 3 1 9999 253 64 4 80,1,9999,253,0,64,4,80,2768.000000,33,1,Ok,265670.000000,NonMono,17,-230592.000000,17.279758,17,2837.119032,5,[15]=-239694;[16]=-233367;[17]=-230592;[18]=-231380;[19]=-235626
1110,RECAL 3 0 9999 9999 64 4 80,0,9999,9999,0,64,4,80,376.000000,33,1,Ok,3684.000000,NonMono,14,-233984.000000,14.024064,14,432.096255,17,[6]=-234544;[7]=-234394;[8]=-234289;[9]=-234195;[10]=-234114;[11]=-234060;[12]=-233993;[13]=-233992;[14]=-233984;[15]=-233985;[16]=-234021;[17]=-234050;[18]=-234112;[19]=-234208;[20]=-234312;[21]=-234448;[22]=-234608
1111,RECAL 3 1 9999 432 64 4 80,1,9999,432,0,64,4,80,2146.000000,33,1,Ok,253979.000000,NonMono,17,-232944.000000,16.965869,17,2213.863476,5,[15]=-237133;[16]=-233960;[17]=-232944;[18]=-234106;[19]=-237415
1112,RECAL 3 0 9999 9999 64 4 80,0,9999,9999,0,64,4,80,-552.000000,33,1,Ok,5029.000000,NonMono,11,-230530.000000,11.305156,11,-506.779378,17,[3]=-231612;[4]=-231374;[5]=-231155;[6]=-230959;[7]=-230789;[8]=-230695;[9]=-230599;[10]=-230553;[11]=-230530;[12]=-230531;[13]=-230582;[14]=-230617;[15]=-230727;[16]=-230821;[17]=-230970;[18]=-231126;[19]=-231324
1113,RECAL 3 1 9999 -507 64 4 80,1,9999,-507,0,64,4,80,1265.000000,33,1,Ok,108575.000000,NonMono,17,-230165.000000,16.965787,17,1332.863148,7,[14]=-233644;[15]=-231717;[16]=-230549;[17]=-230165;[18]=-230599;[19]=-231824;[20]=-233793
1114,RECAL 3 0 9999 9999 64 4 80,0,9999,9999,0,64,4,80,427.000000,33,1,Ok,4784.000000,NonMono,14,-230490.000000,14.072612,14,483.290449,17,[6]=-231217;[7]=-231061;[8]=-230926;[9]=-230797;[10]=-230693;[11]=-230601;[12]=-230533;[13]=-230505;[14]=-230490;[15]=-230517;[16]=-230546;[17]=-230597;[18]=-230698;[19]=-230814;[20]=-230974;[21]=-231170;[22]=-231370
1115,RECAL 3 1 9999 483 64 4 80,1,9999,483,0,64,4,80,-1280.000000,33,1,Ok,82926.000000,NonMono,16,-230481.000000,15.551389,16,-1217.794446,7,[13]=-232532;[14]=-231203;[15]=-230510;[16]=-230481;[17]=-231095;[18]=-232327;[19]=-234197
1116,RECAL 3 0 9999 9999 64 4 80,0,9999,9999,0,64,4,80,-501.000000,33,1,Ok,3260.000000,NonMono,12,-237136.000000,12.431486,12,-451.274057,17,[4]=-237902;[5]=-237722;[6]=-237579;[7]=-237460;[8]=-237348;[9]=-237257;[10]=-237213;[11]=-237137;[12]=-237136;[13]=-237140;[14]=-237155;[15]=-237208;[16]=-237269;[17]=-237348;[18]=-237441;[19]=-237563;[20]=-237682
1117,RECAL 3 1 9999 -451 64 4 80,1,9999,-451,0,64,4,80,-2207.000000,33,1,Ok,251093.000000,NonMono,14,-234773.000000,14.406646,14,-2149.373415,5,[12]=-240410;[13]=-236584;[14]=-234773;[15]=-234952;[16]=-237159
1118,RECAL 3 0 9999 9999 64 4 80,0,9999,9999,0,64,4,80,432.000000,33,1,Ok,3777.000000,NonMono,14,-241652.000000,14.321118,14,489.284472,17,[6]=-242328;[7]=-242156;[8]=-242027;[9]=-241930;[10]=-241840;[11]=-241756;[12]=-241700;[13]=-241663;[14]=-241652;[15]=-241658;[16]=-241681;[17]=-241720;[18]=-241787;[19]=-241882;[20]=-241996;[21]=-242133;[22]=-242312
1119,RECAL 3 1 9999 489 64 4 80,1,9999,489,0,64,4,80,-2845.000000,33,1,Ok,259204.000000,NonMono,14,-237226.000000,14.335238,14,-2787.659047,5,[12]=-245902;[13]=-239951;[14]=-237226;[15]=-237769;[16]=-241624
1120,RECAL 3 0 9999 9999 64 4 80,0,9999,9999,0,64,4,80,-2382.000000,33,1,Ok,90754.000000,NonMono,14,-245823.000000,14.163500,14,-2325.345999,9,[10]=-250793;[11]=-248707;[12]=-247179;[13]=-246219;[14]=-245823;[15]=-246033;[16]=-246823;[17]=-248174;[18]=-250152
1121,RECAL 3 1 9999 -2325 64 4 80,1,9999,-2325,0,64,4,80,-2859.000000,33,1,Ok,256680.000000,NonMono,14,-239691.000000,14.044789,14,-2802.820846,5,[12]=-246185;[13]=-241420;[14]=-239691;[15]=-241163;[16]=-245823
1122,RECAL 3 0 9999 9999 64 4 80,0,9999,9999,0,64,4,80,-2454.000000,33,1,Ok,103012.000000,NonMono,14,-237627.000000,13.995497,14,-2398.018011,9,[10]=-242798;[11]=-240540;[12]=-238917;[13]=-237950;[14]=-237627;[15]=-237947;[16]=-238922;[17]=-240528;[18]=-242745
1123,RECAL 3 1 9999 -2398 64 4 80,1,9999,-2398,0,64,4,80,-2229.000000,33,1,Ok,246384.000000,NonMono,15,-236210.000000,14.780946,15,-2169.876217,5,[13]=-239199;[14]=-236761;[15]=-236210;[16]=-237630;[17]=-241036
1124,RECAL 3 0 9999 9999 64 4 80,0,9999,9999,0,64,4,80,-2373.000000,33,1,Ok,100573.000000,NonMono,14,-234942.000000,14.115546,14,-2316.537817,7,[11]=-238004;[12]=-236353;[13]=-235324;[14]=-234942;[15]=-235180;[16]=-236060;[17]=-237570
1125,RECAL 3 1 9999 -2317 64 4 80,1,9999,-2317,0,64,4,80,-1314.000000,33,1,Ok,89731.000000,NonMono,15,-234538.000000,14.857941,15,-1254.568237,7,[12]=-237329;[13]=-235704;[14]=-234775;[15]=-234538;[16]=-234961;[17]=-236042;[18]=-237759
1126,RECAL 3 0 9999 9999 64 4 80,0,9999,9999,0,64,4,80,-2467.000000,33,1,Ok,112759.000000,NonMono,14,-231288.000000,14.025900,14,-2410.896400,7,[11]=-234438;[12]=-232708;[13]=-231644;[14]=-231288;[15]=-231617;[16]=-232639;[17]=-234362
1127,RECAL 3 1 9999 -2411 64 4 80,1,9999,-2411,0,64,4,80,1230.000000,33,1,Ok,92433.000000,NonMono,16,-231284.000000,15.983153,16,1293.932612,7,[13]=-234464;[14]=-232714;[15]=-231618;[16]=-231284;[17]=-231647;[18]=-232771;[19]=-234575
1128,RECAL 3 0 9999 9999 64 4 80,0,9999,9999,0,64,4,80,-2387.000000,33,1,Ok,106789.000000,NonMono,14,-231569.000000,14.155186,14,-2330.379258,7,[11]=-234810;[12]=-233100;[13]=-232004;[14]=-231569;[15]=-231794;[16]=-232721;[17]=-234279
1129,RECAL 3 1 9999 -2330 64 4 80,1,9999,-2330,0,64,4,80,2124.000000,33,1,Ok,252679.000000,NonMono,17,-230612.000000,16.946050,17,2191.784200,5,[15]=-234590;[16]=-231560;[17]=-230612;[18]=-231782;[19]=-235012
1130,RECAL 3 0 9999 9999 64 4 80,0,9999,9999,0,64,4,80,-2411.000000,33,1,Ok,104787.000000,NonMono,15,-235511.000000,14.490644,14,-2353.037425,7,[12]=-237514;[13]=-236164;[14]=-235512;[15]=-235511;[16]=-236180;[17]=-237531;[18]=-239530
1131,RECAL 3 1 9999 -2353 64 4 80,1,9999,-2353,0,64,4,80,2749.000000,33,1,Ok,263976.000000,NonMono,17,-232370.000000,17.401039,17,2818.604155,17,[9]=-355420;[10]=-327693;[11]=-303458;[12]=-282686;[13]=-265572;[14]=-252013;[15]=-241975;[16]=-235420;[17]=-232370;[18]=-232682;[19]=-236353;[20]=-243358;[21]=-253572;[22]=-266963;[23]=-283306;[24]=-302581;[25]=-324179
1132,RECAL 3 0 9999 9999 64 4 80,0,9999,9999,0,64,4,80,2403.000000,33,1,Ok,130148.000000,NonMono,16,-230066.000000,15.716684,16,2465.866734,7,[13]=-233448;[14]=-231397;[15]=-230251;[16]=-230066;[17]=-230780;[18]=-232440;[19]=-235010
1133,RECAL 3 1 9999 2466 64 4 80,1,9999,2466,0,64,4,80,-2855.000000,33,1,Ok,270421.000000,NonMono,14,-225947.000000,14.432330,14,-2797.270679,17,[6]=-338267;[7]=-314355;[8]=-292790;[9]=-273823;[10]=-258078;[11]=-245209;[12]=-235496;[13]=-229073;[14]=-225947;[15]=-226247;[16]=-230026;[17]=-237289;[18]=-248181;[19]=-262989;[20]=-281638;[21]=-304266;[22]=-330722
1134,RECAL 3 0 9999 9999 64 4 80,0,9999,9999,0,64,4,80,2398.000000,33,1,Ok,125753.000000,NonMono,16,-227955.000000,16.262335,16,2463.049339,7,[13]=-233090;[14]=-230404;[15]=-228705;[16]=-227955;[17]=-228211;[18]=-229375;[19]=-231567
1135,RECAL 3 1 9999 2463 64 4 80,1,9999,2463,0,64,4,80,-2233.000000,33,1,Ok,258624.000000,NonMono,15,-226542.000000,14.822846,15,-2173.708614,5,[13]=-229994;[14]=-227212;[15]=-226542;[16]=-227962;[17]=-231514
1136,RECAL 3 0 9999 9999 64 4 80,0,9999,9999,0,64,4,80,2388.000000,33,1,Ok,131049.000000,NonMono,16,-225966.000000,15.988107,16,2451.952428,7,[13]=-230336;[14]=-227907;[15]=-226434;[16]=-225966;[17]=-226465;[18]=-227973;[19]=-230484
1137,RECAL 3 1 9999 2452 64 4 80,1,9999,2452,0,64,4,80,-1332.000000,33,1,Ok,101452.000000,NonMono,15,-225763.000000,15.239980,15,-1271.040081,7,[12]=-229643;[13]=-227608;[14]=-226317;[15]=-225763;[16]=-225957;[17]=-226896;[18]=-228565
1138,RECAL 3 0 9999 9999 64 4 80,0,9999,9999,0,64,4,80,2301.000000,33,1,Ok,115160.000000,NonMono,16,-227551.000000,16.444342,16,2366.777370,7,[13]=-232640;[14]=-230066;[15]=-228373;[16]=-227551;[17]=-227589;[18]=-228525;[19]=-230367
1139,RECAL 3 1 9999 2367 64 4 80,1,9999,2367,0,64,4,80,1197.000000,33,1,Ok,93450.000000,NonMono,16,-227456.000000,16.358304,16,1262.433214,7,[13]=-231504;[14]=-229435;[15]=-228094;[16]=-227456;[17]=-227562;[18]=-228416;[19]=-230017
1140,RECAL 3 0 9999 9999 64 4 80,0,9999,9999,0,64,4,80,2295.000000,33,1,Ok,117415.000000,NonMono,16,-227042.000000,16.126520,16,2359.506080,7,[13]=-231254;[14]=-228984;[15]=-227586;[16]=-227042;[17]=-227353;[18]=-228555;[19]=-230582
1141,RECAL 3 1 9999 2360 64 4 80,1,9999,2360,0,64,4,80,2097.000000,33,1,Ok,255315.000000,NonMono,17,-226682.000000,16.661990,17,2163.647960,5,[15]=-229494;[16]=-227027;[17]=-226682;[18]=-228457;[19]=-232341
1142,RECAL 3 0 9999 9999 64 4 80,0,9999,9999,0,64,4,80,2357.000000,33,1,Ok,113299.000000,NonMono,17,-232229.000000,16.616812,17,2423.467247,7,[14]=-235177;[15]=-233311;[16]=-232328;[17]=-232229;[18]=-233039;[19]=-234694;[20]=-237345
1143,RECAL 3 1 9999 2423 64 4 80,1,9999,2423,0,64,4,80,2719.000000,33,1,Ok,266125.000000,NonMono,17,-229929.000000,17.126150,17,2787.504601,5,[15]=-237881;[16]=-232127;[17]=-229929;[18]=-231220;[19]=-235870
1144,RECAL 3 0 9999 9999 64 4 80,0,9999,9999,0,64,4,80,804.000000,33,1,Ok,16784.000000,NonMono,14,-235399.000000,13.931690,14,859.726760,17,[6]=-238052;[7]=-237456;[8]=-236910;[9]=-236441;[10]=-236090;[11]=-235773;[12]=-235569;[13]=-235432;[14]=-235399;[15]=-235453;[16]=-235605;[17]=-235829;[18]=-236170;[19]=-236603;[20]=-237161;[21]=-237800;[22]=-238539
1145,RECAL 3 1 9999 860 64 4 80,1,9999,860,0,64,4,80,2722.000000,33,1,Ok,263474.000000,NonMono,17,-232611.000000,17.327531,17,2791.310122,5,[15]=-241678;[16]=-235410;[17]=-232611;[18]=-233178;[19]=-237059
1146,RECAL 3 0 9999 9999 64 4 80,0,9999,9999,0,64,4,80,564.000000,33,1,Ok,9358.000000,NonMono,13,-231623.000000,13.276375,13,617.105501,25,[1]=-234681;[2]=-234225;[3]=-233829;[4]=-233440;[5]=-233084;[6]=-232750;[7]=-232467;[8]=-232212;[9]=-232003;[10]=-231859;[11]=-231729;[12]=-231664;[13]=-231623;[14]=-231631;[15]=-231678;[16]=-231786;[17]=-231952;[18]=-232144;[19]=-232412;[20]=-232717;[21]=-233078;[22]=-233487;[23]=-233970;[24]=-234482;[25]=-235085
1147,RECAL 3 1 9999 617 64 4 80,1,9999,617,0,64,4,80,2105.000000,33,1,Ok,244544.000000,NonMono,16,-231604.000000,16.308183,16,2170.232732,5,[14]=-236970;[15]=-233262;[16]=-231604;[17]=-232001;[18]=-234380
1148,RECAL 3 0 9999 9999 64 4 80,0,9999,9999,0,64,4,80,592.000000,33,1,Ok,12741.000000,NonMono,12,-228671.000000,11.710057,12,638.840229,21,[2]=-231010;[3]=-230588;[4]=-230161;[5]=-229829;[6]=-229517;[7]=-229265;[8]=-229057;[9]=-228860;[10]=-228751;[11]=-228688;[12]=-228671;[13]=-228718;[14]=-228824;[15]=-228987;[16]=-229196;[17]=-229466;[18]=-229804;[19]=-230189;[20]=-230650;[21]=-231177;[22]=-231762
1149,RECAL 3 1 9999 639 64 4 80,1,9999,639,0,64,4,80,1208.000000,33,1,Ok,91794.000000,NonMono,16,-228675.000000,16.264758,16,1273.059032,7,[13]=-232440;[14]=-230490;[15]=-229208;[16]=-228675;[17]=-228855;[18]=-229722;[19]=-231338
1150,RECAL 3 0 9999 9999 64 4 80,0,9999,9999,0,64,4,80,863.000000,33,1,Ok,23665.000000,NonMono,13,-227741.000000,13.354477,13,916.417909,15,[6]=-230974;[7]=-230175;[8]=-229461;[9]=-228893;[10]=-228433;[11]=-228072;[12]=-227850;[13]=-227741;[14]=-227760;[15]=-227892;[16]=-228193;[17]=-228587;[18]=-229108;[19]=-229773;[20]=-230588
1151,RECAL 3 1 9999 916 64 4 80,1,9999,916,0,64,4,80,-1321.000000,33,1,Ok,103645.000000,NonMono,15,-227098.000000,14.593359,15,-1262.626563,7,[12]=-229433;[13]=-227934;[14]=-227154;[15]=-227098;[16]=-227716;[17]=-229078;[18]=-231102
1152,RECAL 3 0 9999 9999 64 4 80,0,9999,9999,0,64,4,80,906.000000,33,1,Ok,24852.000000,NonMono,14,-230361.000000,13.668816,14,960.675263,15,[7]=-233159;[8]=-232388;[9]=-231732;[10]=-231205;[11]=-230788;[12]=-230525;[13]=-230370;[14]=-230361;[15]=-230452;[16]=-230692;[17]=-231099;[18]=-231584;[19]=-232238;[20]=-233045;[21]=-233992
1153,RECAL 3 1 9999 961 64 4 80,1,9999,961,0,64,4,80,-2226.000000,33,1,Ok,258277.000000,NonMono,15,-228459.000000,14.580782,15,-2167.676873,5,[13]=-230803;[14]=-228623;[15]=-228459;[16]=-230326;[17]=-234232
1154,RECAL 3 0 9999 9999 64 4 80,0,9999,9999,0,64,4,80,927.000000,33,1,Ok,21667.000000,NonMono,15,-235468.000000,14.815202,15,986.260809,15,[8]=-238354;[9]=-237588;[10]=-236938;[11]=-236394;[12]=-235972;[13]=-235693;[14]=-235519;[15]=-235468;[16]=-235554;[17]=-235792;[18]=-236163;[19]=-236648;[20]=-237314;[21]=-238127;[22]=-239058
1155,RECAL 3 1 9999 986 64 4 80,1,9999,986,0,64,4,80,-2849.000000,33,1,Ok,266711.000000,NonMono,14,-229551.000000,14.128088,14,-2792.487649,5,[12]=-236885;[13]=-231625;[14]=-229551;[15]=-230807;[16]=-235413
1156,RECAL 3 0 9999 9999 64 4 80,0,9999,9999,0,64,4,80,-2150.000000,33,1,Ok,101333.000000,NonMono,14,-238097.000000,13.631793,14,-2095.472828,7,[11]=-240148;[12]=-238861;[13]=-238182;[14]=-238097;[15]=-238627;[16]=-239800;[17]=-241590
1157,RECAL 3 1 9999 -2095 64 4 80,1,9999,-2095,0,64,4,80,-2836.000000,33,1,Ok,262298.000000,NonMono,14,-233888.000000,14.399257,14,-2778.402972,5,[12]=-243005;[13]=-236861;[14]=-233888;[15]=-234237;[16]=-238042
1158,RECAL 3 0 9999 9999 64 4 80,0,9999,9999,0,64,4,80,-2151.000000,33,1,Ok,101843.000000,NonMono,14,-234748.000000,13.665724,14,-2096.337105,7,[11]=-236904;[12]=-235554;[13]=-234849;[14]=-234748;[15]=-235255;[16]=-236392;[17]=-238157
1159,RECAL 3 1 9999 -2096 64 4 80,1,9999,-2096,0,64,4,80,-2208.000000,33,1,Ok,252886.000000,NonMono,15,-233214.000000,14.741136,15,-2149.035454,5,[13]=-236050;[14]=-233674;[15]=-233214;[16]=-234719;[17]=-238290
1160,RECAL 3 0 9999 9999 64 4 80,0,9999,9999,0,64,4,80,-2163.000000,33,1,Ok,109281.000000,NonMono,13,-233380.000000,13.115038,13,-2110.539847,9,[9]=-238564;[10]=-236329;[11]=-234725;[12]=-233759;[13]=-233380;[14]=-233605;[15]=-234463;[16]=-235919;[17]=-238053
1161,RECAL 3 1 9999 -2111 64 4 80,1,9999,-2111,0,64,4,80,-1293.000000,33,1,Ok,87907.000000,NonMono,15,-233256.000000,15.309887,15,-1231.760452,7,[12]=-236882;[13]=-234989;[14]=-233799;[15]=-233256;[16]=-233375;[17]=-234172;[18]=-235656
1162,RECAL 3 0 9999 9999 64 4 80,0,9999,9999,0,64,4,80,-2263.000000,33,1,Ok,108023.000000,NonMono,14,-235948.000000,14.041513,14,-2206.833947,7,[11]=-239063;[12]=-237351;[13]=-236314;[14]=-235948;[15]=-236246;[16]=-237242;[17]=-238871
1163,RECAL 3 1 9999 -2207 64 4 80,1,9999,-2207,0,64,4,80,1235.000000,33,1,Ok,93466.000000,NonMono,16,-235966.000000,16.323125,16,1300.292498,7,[13]=-239900;[14]=-237864;[15]=-236549;[16]=-235966;[17]=-236078;[18]=-236948;[19]=-238573
1164,RECAL 3 0 9999 9999 64 4 80,0,9999,9999,0,64,4,80,-2268.000000,33,1,Ok,119079.000000,NonMono,13,-233876.000000,13.198773,13,-2215.204908,7,[10]=-237314;[11]=-235488;[12]=-234340;[13]=-233876;[14]=-234066;[15]=-234949;[16]=-236481
1165,RECAL 3 1 9999 -2215 64 4 80,1,9999,-2215,0,64,4,80,2120.000000,33,1,Ok,251846.000000,NonMono,17,-233131.000000,16.862856,17,2187.451423,5,[15]=-236660;[16]=-233879;[17]=-233131;[18]=-234457;[19]=-237882
1166,RECAL 3 0 9999 9999 64 4 80,0,9999,9999,0,64,4,80,-2202.000000,33,1,Ok,102754.000000,NonMono,14,-238839.000000,13.861906,14,-2146.552375,7,[11]=-241343;[12]=-239889;[13]=-239061;[14]=-238839;[15]=-239217;[16]=-240250;[17]=-241878
1167,RECAL 3 1 9999 -2147 64 4 80,1,9999,-2147,0,64,4,80,2735.000000,33,1,Ok,260591.000000,NonMono,17,-235872.000000,17.370684,17,2804.482737,5,[15]=-245126;[16]=-238807;[17]=-235872;[18]=-236305;[19]=-240107
1168,RECAL 3 0 9999 9999 64 4 80,0,9999,9999,0,64,4,80,2296.000000,33,1,Ok,107963.000000,NonMono,17,-237164.000000,17.216495,17,2364.865979,7,[14]=-241329;[15]=-239125;[16]=-237753;[17]=-237164;[18]=-237400;[19]=-238447;[20]=-240365
1169,RECAL 3 1 9999 2365 64 4 80,1,9999,2365,0,64,4,80,-2838.000000,33,1,Ok,264306.000000,NonMono,14,-232166.000000,14.280446,14,-2780.878217,5,[12]=-241116;[13]=-234875;[14]=-232166;[15]=-232914;[16]=-237132
1170,RECAL 3 0 9999 9999 64 4 80,0,9999,9999,0,64,4,80,2309.000000,33,1,Ok,113509.000000,NonMono,17,-231977.000000,17.274315,17,2378.097259,7,[14]=-236371;[15]=-234097;[16]=-232644;[17]=-231977;[18]=-232176;[19]=-233219;[20]=-235075
1171,RECAL 3 1 9999 2378 64 4 80,1,9999,2378,0,64,4,80,-2220.000000,33,1,Ok,250334.000000,NonMono,15,-230906.000000,15.031627,15,-2159.873491,5,[13]=-235370;[14]=-232089;[15]=-230906;[16]=-231952;[17]=-235091
1172,RECAL 3 0 9999 9999 64 4 80,0,9999,9999,0,64,4,80,2313.000000,33,1,Ok,110319.000000,NonMono,17,-230505.000000,16.931143,17,2380.724572,7,[14]=-234114;[15]=-232093;[16]=-230866;[17]=-230505;[18]=-230985;[19]=-232356;[20]=-234557
1173,RECAL 3 1 9999 2381 64 4 80,1,9999,2381,0,64,4,80,-1322.000000,33,1,Ok,98125.000000,NonMono,15,-230283.000000,15.188559,15,-1261.245765,7,[12]=-234133;[13]=-232090;[14]=-230799;[15]=-230283;[16]=-230507;[17]=-231506;[18]=-233212
1174,RECAL 3 0 9999 9999 64 4 80,0,9999,9999,0,64,4,80,2200.000000,33,1,Ok,96653.000000,NonMono,17,-227234.000000,16.593819,17,2266.375276,7,[14]=-229727;[15]=-228148;[16]=-227313;[17]=-227234;[18]=-227935;[19]=-229423;[20]=-231676
1175,RECAL 3 1 9999 2266 64 4 80,1,9999,2266,0,64,4,80,1187.000000,33,1,Ok,96739.000000,NonMono,17,-227156.000000,16.519334,17,1253.077335,7,[14]=-229448;[15]=-227943;[16]=-227169;[17]=-227156;[18]=-227900;[19]=-229421;[20]=-231702
1176,RECAL 3 0 9999 9999 64 4 80,0,9999,9999,0,64,4,80,2271.000000,33,1,Ok,107956.000000,NonMono,17,-230563.000000,17.146407,17,2339.585627,7,[14]=-234496;[15]=-232421;[16]=-231098;[17]=-230563;[18]=-230859;[19]=-231995;[20]=-233928
1177,RECAL 3 1 9999 2340 64 4 80,1,9999,2340,0,64,4,80,2078.000000,33,1,Ok,255937.000000,NonMono,17,-229906.000000,16.788692,17,2145.154769,5,[15]=-233355;[16]=-230540;[17]=-229906;[18]=-231452;[19]=-235143
1178,RECAL 3 0 9999 9999 64 4 80,0,9999,9999,0,64,4,80,2253.000000,33,1,Ok,104767.000000,NonMono,17,-232143.000000,17.143099,17,2321.572395,7,[14]=-235930;[15]=-233917;[16]=-232642;[17]=-232143;[18]=-232428;[19]=-233495;[20]=-235356
1179,RECAL 3 1 9999 2322 64 4 80,1,9999,2322,0,64,4,80,2693.000000,33,1,Ok,266760.000000,NonMono,17,-229256.000000,17.310047,17,2762.240187,5,[15]=-238654;[16]=-232139;[17]=-229256;[18]=-229917;[19]=-234094
1180,RECAL 3 0 9999 9999 64 4 80,0,9999,9999,0,64,4,80,-117.000000,33,0,ParabolaNotDownward,331.000000,Flat,1,-233427.000000,,,,0,
1181,RECAL 3 0 9999 9999 200 4 80,0,9999,9999,0,200,4,80,-253.000000,101,0,ParabolaNotDownward,1344.000000,Flat,28,-233340.000000,,,,0,
1182,RECAL 3 0 9999 -453 200 4 80,0,9999,-453,0,200,4,80,-653.000000,101,0,ParabolaNotDownward,116431.000000,StrictInc,100,-234628.000000,,,,0,
1183,RECAL 3 0 9999 347 200 4 80,0,9999,347,0,200,4,80,147.000000,101,0,ParabolaNotDownward,82543.000000,StrictDec,0,-234637.000000,,,,23,[0]=-234637;[1]=-234717;[2]=-234796;[3]=-234882;[4]=-234969;[5]=-235078;[6]=-235173;[7]=-235283;[8]=-235388;[9]=-235504;[10]=-235621;[11]=-235757;[12]=-235912;[13]=-236044;[14]=-236164;[15]=-236344;[16]=-236495;[17]=-236673;[18]=-236835;[19]=-237043;[20]=-237235;[21]=-237460;[22]=-237667
1184,RECAL 3 1 9999 -433 64 4 80,1,9999,-433,0,64,4,80,2686.000000,33,1,Ok,244804.000000,NonMono,17,-251426.000000,17.064993,17,2754.259971,5,[15]=-258975;[16]=-253399;[17]=-251426;[18]=-252910;[19]=-257771
1185,RECAL 3 0 9999 9999 64 4 80,0,9999,9999,0,64,4,80,240.000000,33,0,ParabolaNotDownward,2888.000000,Flat,10,-232684.000000,,,,0,
1186,RECAL 3 0 9999 9999 200 4 80,0,9999,9999,0,200,4,80,104.000000,101,1,Ok,28056.000000,NonMono,44,-232677.000000,43.727027,44,278.908106,47,[21]=-234162;[22]=-234067;[23]=-233964;[24]=-233866;[25]=-233764;[26]=-233663;[27]=-233572;[28]=-233499;[29]=-233399;[30]=-233318;[31]=-233236;[32]=-233157;[33]=-233089;[34]=-233028;[35]=-232973;[36]=-232907;[37]=-232853;[38]=-232814;[39]=-232773;[40]=-232735;[41]=-232722;[42]=-232699;[43]=-232690;[44]=-232677;[45]=-232681;[46]=-232694;[47]=-232722;[48]=-232771;[49]=-232814;[50]=-232862;[51]=-232937;[52]=-233023;[53]=-233116;[54]=-233208;[55]=-233304;[56]=-233439;[57]=-233595;[58]=-233743;[59]=-233924;[60]=-234092;[61]=-234301;[62]=-234517;[63]=-234755;[64]=-235007;[65]=-235279;[66]=-235566;[67]=-235865
1187,RECAL 3 0 9999 279 64 4 80,0,9999,279,0,64,4,80,215.000000,33,0,ParabolaNotDownward,1383.000000,Flat,16,-232665.000000,,,,0,
1188,RECAL 3 1 9999 278 64 4 80,1,9999,278,0,64,4,80,2068.000000,33,1,Ok,256315.000000,NonMono,17,-231844.000000,16.870098,17,2135.480393,5,[15]=-235650;[16]=-232654;[17]=-231844;[18]=-233207;[19]=-236698
1189,RECAL 3 0 9999 9999 64 4 80,0,9999,9999,0,64,4,80,-615.000000,33,1,Ok,5606.000000,NonMono,17,-230322.000000,16.611022,17,-548.555910,27,[4]=-233485;[5]=-232975;[6]=-232506;[7]=-232108;[8]=-231748;[9]=-231423;[10]=-231143;[11]=-230897;[12]=-230704;[13]=-230569;[14]=-230432;[15]=-230367;[16]=-230324;[17]=-230322;[18]=-230344;[19]=-230402;[20]=-230504;[21]=-230647;[22]=-230817;[23]=-231013;[24]=-231261;[25]=-231500;[26]=-231803;[27]=-232122;[28]=-232464;[29]=-232838;[30]=-233248
1190,RECAL 3 1 9999 -549 64 4 80,1,9999,-549,0,64,4,80,1169.000000,33,1,Ok,93162.000000,NonMono,16,-230315.000000,16.130954,16,1233.523816,7,[13]=-233832;[14]=-231961;[15]=-230781;[16]=-230315;[17]=-230585;[18]=-231609;[19]=-233332
1191,RECAL 3 0 9999 9999 64 4 80,0,9999,9999,0,64,4,80,472.000000,33,1,Ok,5088.000000,NonMono,16,-231064.000000,16.374534,16,537.498135,27,[3]=-233894;[4]=-233519;[5]=-233161;[6]=-232819;[7]=-232509;[8]=-232236;[9]=-231991;[10]=-231764;[11]=-231562;[12]=-231406;[13]=-231271;[14]=-231178;[15]=-231108;[16]=-231064;[17]=-231075;[18]=-231123;[19]=-231204;[20]=-231329;[21]=-231466;[22]=-231662;[23]=-231907;[24]=-232200;[25]=-232529;[26]=-232868;[27]=-233304;[28]=-233766;[29]=-234271
1192,RECAL 3 1 9999 537 64 4 80,1,9999,537,0,64,4,80,-1347.000000,33,1,Ok,99271.000000,NonMono,16,-231035.000000,15.579138,16,-1284.683447,7,[13]=-233582;[14]=-231961;[15]=-231114;[16]=-231035;[17]=-231767;[18]=-233274;[19]=-235535
1193,RECAL 3 0 9999 9999 64 4 80,0,9999,9999,0,64,4,80,478.000000,33,1,Ok,5516.000000,NonMono,15,-233406.000000,15.356661,15,539.426646,27,[2]=-236047;[3]=-235692;[4]=-235336;[5]=-235017;[6]=-234733;[7]=-234492;[8]=-234226;[9]=-234046;[10]=-233862;[11]=-233709;[12]=-233588;[13]=-233513;[14]=-233440;[15]=-233406;[16]=-233410;[17]=-233448;[18]=-233531;[19]=-233644;[20]=-233787;[21]=-233970;[22]=-234182;[23]=-234453;[24]=-234761;[25]=-235086;[26]=-235507;[27]=-235955;[28]=-236454
1194,RECAL 3 1 9999 539 64 4 80,1,9999,539,0,64,4,80,-2232.000000,33,1,Ok,255820.000000,NonMono,15,-231677.000000,14.724508,15,-2173.101967,5,[13]=-234824;[14]=-232170;[15]=-231677;[16]=-233385;[17]=-237306
1195,RECAL 3 0 9999 9999 64 4 80,0,9999,9999,0,64,4,80,433.000000,33,1,Ok,5360.000000,NonMono,13,-234242.000000,12.624498,13,483.497993,17,[5]=-234910;[6]=-234755;[7]=-234621;[8]=-234498;[9]=-234405;[10]=-234321;[11]=-234282;[12]=-234260;[13]=-234242;[14]=-234273;[15]=-234328;[16]=-234393;[17]=-234481;[18]=-234608;[19]=-234759;[20]=-234931;[21]=-235143
1196,RECAL 3 1 9999 483 64 4 80,1,9999,483,0,64,4,80,-2850.000000,33,1,Ok,265352.000000,NonMono,15,-231248.000000,14.679472,15,-2791.282113,5,[13]=-236070;[14]=-231876;[15]=-231248;[16]=-234213;[17]=-240890
1197,RECAL 3 0 9999 9999 64 4 80,0,9999,9999,0,64,4,80,-2345.000000,33,1,Ok,114080.000000,NonMono,14,-243136.000000,14.161217,14,-2288.355134,7,[11]=-246613;[12]=-244758;[13]=-243591;[14]=-243136;[15]=-243349;[16]=-244340;[17]=-246012
1198,RECAL 3 1 9999 -2288 64 4 80,1,9999,-2288,0,64,4,80,-2825.000000,33,1,Ok,257488.000000,NonMono,14,-239051.000000,14.408132,14,-2767.367473,17,[6]=-351825;[7]=-327284;[8]=-305540;[9]=-286593;[10]=-270753;[11]=-257993;[12]=-248463;[13]=-242116;[14]=-239051;[15]=-239365;[16]=-243103;[17]=-250335;[18]=-261142;[19]=-275349;[20]=-293443;[21]=-315090;[22]=-340211
1199,RECAL 3 0 9999 9999 64 4 80,0,9999,9999,0,64,4,80,-2332.000000,33,1,Ok,105185.000000,NonMono,15,-235338.000000,14.896511,15,-2272.413957,7,[12]=-238308;[13]=-236617;[14]=-235633;[15]=-235338;[16]=-235778;[17]=-236916;[18]=-238761
1200,RECAL 3 1 9999 -2272 64 4 80,1,9999,-2272,0,64,4,80,-2202.000000,33,1,Ok,250486.000000,NonMono,15,-234031.000000,14.846817,15,-2142.612731,5,[13]=-237539;[14]=-234728;[15]=-234031;[16]=-235353;[17]=-238747
1201,RECAL 3 0 9999 9999 64 4 80,0,9999,9999,0,64,4,80,-2334.000000,33,1,Ok,105155.000000,NonMono,15,-233684.000000,14.965164,15,-2274.139346,7,[12]=-236811;[13]=-235049;[14]=-234019;[15]=-233684;[16]=-234058;[17]=-235144;[18]=-236921
1202,RECAL 3 1 9999 -2274 64 4 80,1,9999,-2274,0,64,4,80,-1297.000000,33,1,Ok,87549.000000,NonMono,16,-233703.000000,15.758419,16,-1233.966326,7,[13]=-236280;[14]=-234729;[15]=-233854;[16]=-233703;[17]=-234185;[18]=-235386;[19]=-237258
1203,RECAL 3 0 9999 9999 64 4 80,0,9999,9999,0,64,4,80,-2445.000000,33,1,Ok,122848.000000,NonMono,15,-233296.000000,14.618309,15,-2386.526765,7,[12]=-235879;[13]=-234230;[14]=-233387;[15]=-233296;[16]=-233971;[17]=-235438;[18]=-237703
1204,RECAL 3 1 9999 -2387 64 4 80,1,9999,-2387,0,64,4,80,1218.000000,33,1,Ok,95711.000000,NonMono,16,-233231.000000,16.220466,16,1282.881863,7,[13]=-237130;[14]=-235050;[15]=-233785;[16]=-233231;[17]=-233438;[18]=-234413;[19]=-236208
1205,RECAL 3 0 9999 9999 64 4 80,0,9999,9999,0,64,4,80,-2374.000000,33,1,Ok,111144.000000,NonMono,15,-233694.000000,14.940312,15,-2314.238753,7,[12]=-236900;[13]=-235090;[14]=-234033;[15]=-233694;[16]=-234107;[17]=-235296;[18]=-237212
1206,RECAL 3 1 9999 -2314 64 4 80,1,9999,-2314,0,64,4,80,2096.000000,33,1,Ok,254722.000000,NonMono,17,-233333.000000,16.658767,17,2162.635069,5,[15]=-236239;[16]=-233680;[17]=-233333;[18]=-235181;[19]=-239229
1207,RECAL 3 0 9999 9999 64 4 80,0,9999,9999,0,64,4,80,-2391.000000,33,1,Ok,114866.000000,NonMono,15,-236797.000000,14.777278,15,-2331.890888,7,[12]=-239612;[13]=-237964;[14]=-237007;[15]=-236797;[16]=-237361;[17]=-238679;[18]=-240799
1208,RECAL 3 1 9999 -2332 64 4 80,1,9999,-2332,0,64,4,80,2706.000000,33,1,Ok,263081.000000,NonMono,17,-233568.000000,17.380342,17,2775.521369,17,[9]=-364735;[10]=-334797;[11]=-308796;[12]=-286880;[13]=-268658;[14]=-254253;[15]=-243639;[16]=-236763;[17]=-233568;[18]=-233964;[19]=-237858;[20]=-245281;[21]=-256157;[22]=-270330;[23]=-287620;[24]=-307768;[25]=-330327
1209,RECAL 3 0 9999 9999 64 4 80,0,9999,9999,0,64,4,80,2286.000000,33,1,Ok,97650.000000,NonMono,17,-233608.000000,16.582703,17,2352.330812,7,[14]=-236078;[15]=-234479;[16]=-233674;[17]=-233608;[18]=-234301;[19]=-235796;[20]=-238066
1210,RECAL 3 1 9999 2352 64 4 80,1,9999,2352,0,64,4,80,-2880.000000,33,1,Ok,266832.000000,NonMono,14,-229661.000000,14.469552,14,-2822.121791,17,[6]=-341860;[7]=-318304;[8]=-296937;[9]=-278039;[10]=-262082;[11]=-249104;[12]=-239344;[13]=-232843;[14]=-229661;[15]=-229867;[16]=-233542;[17]=-240557;[18]=-251160;[19]=-265291;[20]=-282977;[21]=-304415;[22]=-329261
1211,RECAL 3 0 9999 9999 64 4 80,0,9999,9999,0,64,4,80,2291.000000,33,1,Ok,102847.000000,NonMono,16,-229445.000000,16.296520,16,2356.186080,7,[13]=-233644;[14]=-231464;[15]=-230070;[16]=-229445;[17]=-229607;[18]=-230553;[19]=-232325
1212,RECAL 3 1 9999 2356 64 4 80,1,9999,2356,0,64,4,80,-2252.000000,33,1,Ok,252439.000000,NonMono,15,-228495.000000,15.072920,15,-2191.708322,5,[13]=-233007;[14]=-229699;[15]=-228495;[16]=-229399;[17]=-232465
1213,RECAL 3 0 9999 9999 64 4 80,0,9999,9999,0,64,4,80,2295.000000,33,1,Ok,105241.000000,NonMono,17,-228060.000000,16.903136,17,2362.612544,7,[14]=-231388;[15]=-229493;[16]=-228393;[17]=-228060;[18]=-228559;[19]=-229811;[20]=-231912
1214,RECAL 3 1 9999 2363 64 4 80,1,9999,2363,0,64,4,80,-1344.000000,33,1,Ok,97956.000000,NonMono,15,-227917.000000,15.326720,15,-1282.693121,7,[12]=-232041;[13]=-229908;[14]=-228543;[15]=-227917;[16]=-228061;[17]=-228913;[18]=-230535
1215,RECAL 3 0 9999 9999 64 4 80,0,9999,9999,0,64,4,80,2253.000000,33,1,Ok,99144.000000,NonMono,17,-228019.000000,16.717318,17,2319.869272,7,[14]=-230811;[15]=-229130;[16]=-228180;[17]=-228019;[18]=-228631;[19]=-230017;[20]=-232197
1216,RECAL 3 1 9999 2320 64 4 80,1,9999,2320,0,64,4,80,1204.000000,33,1,Ok,98863.000000,NonMono,17,-227651.000000,16.952877,17,1271.811510,7,[14]=-230828;[15]=-229041;[16]=-227976;[17]=-227651;[18]=-228058;[19]=-229186;[20]=-231089
1217,RECAL 3 0 9999 9999 64 4 80,0,9999,9999,0,64,4,80,2210.000000,33,1,Ok,93341.000000,NonMono,17,-230750.000000,16.584942,17,2276.339769,7,[14]=-233142;[15]=-231641;[16]=-230819;[17]=-230750;[18]=-231447;[19]=-232859;[20]=-235007
1218,RECAL 3 1 9999 2276 64 4 80,1,9999,2276,0,64,4,80,2110.000000,33,1,Ok,256223.000000,NonMono,18,-228236.000000,17.586399,18,2180.345595,5,[16]=-230680;[17]=-228403;[18]=-228236;[19]=-230137;[20]=-234159
1219,RECAL 3 0 9999 9999 64 4 80,0,9999,9999,0,64,4,80,2290.000000,33,1,Ok,103540.000000,NonMono,16,-235686.000000,16.191358,16,2354.765431,7,[13]=-239589;[14]=-237514;[15]=-236217;[16]=-235686;[17]=-235924;[18]=-236943;[19]=-238787
1220,RECAL 3 1 9999 2355 64 4 80,1,9999,2355,0,64,4,80,2739.000000,33,1,Ok,266551.000000,NonMono,18,-229661.000000,17.870656,18,2810.482626,5,[16]=-235625;[17]=-230942;[18]=-229661;[19]=-231785;[20]=-237150
1221,RECAL 3 0 9999 9999 64 4 80,0,9999,9999,0,64,4,80,90.000000,33,0,ParabolaNotDownward,1332.000000,Flat,1,-241347.000000,,,,0,
1222,RECAL 3 0 9999 9999 200 4 80,0,9999,9999,0,200,4,80,-46.000000,101,1,Ok,10350.000000,NonMono,24,-241318.000000,30.850824,31,77.403298,33,[8]=-241334;[9]=-241348;[10]=-241354;[11]=-241413;[12]=-241414;[13]=-241392;[14]=-241374;[15]=-241379;[16]=-241383;[17]=-241355;[18]=-241337;[19]=-241357;[20]=-241359;[21]=-241330;[22]=-241330;[23]=-241327;[24]=-241318;[25]=-241321;[26]=-241323;[27]=-241333;[28]=-241325;[29]=-241329;[30]=-241327;[31]=-241331;[32]=-241320;[33]=-241331;[34]=-241332;[35]=-241349;[36]=-241329;[37]=-241332;[38]=-241352;[39]=-241347;[40]=-241369
1223,RECAL 3 0 9999 77 64 4 80,0,9999,77,0,64,4,80,13.000000,33,0,ParabolaNotDownward,176.000000,Flat,8,-241290.000000,,,,0,
1224,RECAL 3 1 9999 59 64 4 80,1,9999,59,0,64,4,80,2770.000000,33,1,Ok,258117.000000,NonMono,18,-237643.000000,17.495233,17,2839.980931,17,[10]=-336402;[11]=-311798;[12]=-290897;[13]=-273101;[14]=-258956;[15]=-248339;[16]=-241279;[17]=-237696;[18]=-237643;[19]=-241055;[20]=-247842;[21]=-257967;[22]=-271388;[23]=-287930;[24]=-307453;[25]=-329620;[26]=-354078
1225,RECAL 3 0 9999 9999 64 4 80,0,9999,9999,0,64,4,80,-694.000000,33,1,Ok,6450.000000,NonMono,14,-237629.000000,13.890694,14,-638.437225,25,[2]=-241071;[3]=-240492;[4]=-239963;[5]=-239511;[6]=-239105;[7]=-238761;[8]=-238451;[9]=-238211;[10]=-237996;[11]=-237836;[12]=-237729;[13]=-237673;[14]=-237629;[15]=-237646;[16]=-237743;[17]=-237857;[18]=-238019;[19]=-238203;[20]=-238453;[21]=-238733;[22]=-239044;[23]=-239392;[24]=-239778;[25]=-240221;[26]=-240676
1226,RECAL 3 1 9999 -638 64 4 80,1,9999,-638,0,64,4,80,2147.000000,33,1,Ok,255728.000000,NonMono,18,-234089.000000,17.824393,18,2218.297573,5,[16]=-237662;[17]=-234785;[18]=-234089;[19]=-235533;[20]=-239111
1227,RECAL 3 0 9999 9999 64 4 80,0,9999,9999,0,64,4,80,-470.000000,33,1,Ok,4042.000000,NonMono,10,-232489.000000,9.359154,9,-432.563382,17,[2]=-233087;[3]=-232928;[4]=-232793;[5]=-232696;[6]=-232618;[7]=-232551;[8]=-232518;[9]=-232498;[10]=-232489;[11]=-232514;[12]=-232569;[13]=-232610;[14]=-232695;[15]=-232804;[16]=-232904;[17]=-233018;[18]=-233162
1228,RECAL 3 1 9999 -433 64 4 80,1,9999,-433,0,64,4,80,1267.000000,33,1,Ok,115689.000000,NonMono,17,-231712.000000,17.500651,18,1337.002603,7,[14]=-236490;[15]=-234101;[16]=-232529;[17]=-231712;[18]=-231720;[19]=-232521;[20]=-234093
1229,RECAL 3 0 9999 9999 64 4 80,0,9999,9999,0,64,4,80,197.000000,33,0,ParabolaNotDownward,2454.000000,Flat,6,-229529.000000,,,,0,
1230,RECAL 3 0 9999 9999 200 4 80,0,9999,9999,0,200,4,80,61.000000,101,1,Ok,21831.000000,NonMono,42,-229526.000000,40.992757,41,224.971027,33,[26]=-229990;[27]=-229936;[28]=-229883;[29]=-229836;[30]=-229793;[31]=-229764;[32]=-229711;[33]=-229674;[34]=-229656;[35]=-229619;[36]=-229601;[37]=-229571;[38]=-229552;[39]=-229541;[40]=-229545;[41]=-229537;[42]=-229526;[43]=-229532;[44]=-229558;[45]=-229581;[46]=-229601;[47]=-229635;[48]=-229671;[49]=-229736;[50]=-229788;[51]=-229833;[52]=-229925;[53]=-229999;[54]=-230081;[55]=-230191;[56]=-230283;[57]=-230414;[58]=-230519
1231,RECAL 3 0 9999 225 64 4 80,0,9999,225,0,64,4,80,161.000000,33,0,ParabolaNotDownward,863.000000,Flat,17,-229524.000000,,,,0,
1232,RECAL 3 1 9999 227 64 4 80,1,9999,227,0,64,4,80,-1277.000000,33,1,Ok,82660.000000,NonMono,16,-229531.000000,15.711932,16,-1214.152271,7,[13]=-231952;[14]=-230474;[15]=-229666;[16]=-229531;[17]=-230038;[18]=-231197;[19]=-232976
1233,RECAL 3 0 9999 9999 64 4 80,0,9999,9999,0,64,4,80,131.000000,33,0,ParabolaNotDownward,1271.000000,Flat,10,-232964.000000,,,,0,
1234,RECAL 3 0 9999 9999 200 4 80,0,9999,9999,0,200,4,80,-5.000000,101,1,Ok,13184.000000,NonMono,41,-232954.000000,41.711132,42,161.844527,33,[25]=-233201;[26]=-233169;[27]=-233146;[28]=-233123;[29]=-233111;[30]=-233091;[31]=-233065;[32]=-233042;[33]=-233034;[34]=-233034;[35]=-233016;[36]=-233013;[37]=-232992;[38]=-232984;[39]=-232979;[40]=-232972;[41]=-232954;[42]=-232966;[43]=-232968;[44]=-232970;[45]=-232990;[46]=-232981;[47]=-233003;[48]=-233023;[49]=-233031;[50]=-233066;[51]=-233106;[52]=-233122;[53]=-233170;[54]=-233213;[55]=-233274;[56]=-233325;[57]=-233376
1235,RECAL 3 0 9999 162 64 4 80,0,9999,162,0,64,4,80,98.000000,33,0,ParabolaNotDownward,484.000000,Flat,17,-232933.000000,,,,0,
1236,RECAL 3 1 9999 164 64 4 80,1,9999,164,0,64,4,80,-2209.000000,33,1,Ok,247450.000000,NonMono,15,-231916.000000,14.987850,15,-2149.048600,5,[13]=-235879;[14]=-232893;[15]=-231916;[16]=-232940;[17]=-235963
1237,RECAL 3 0 9999 9999 64 4 80,0,9999,9999,0,64,4,80,-101.000000,33,0,ParabolaNotDownward,210.000000,Flat,1,-234215.000000,,,,0,
1238,RECAL 3 0 9999 9999 200 4 80,0,9999,9999,0,200,4,80,-237.000000,101,0,ParabolaNotDownward,1317.000000,Flat,25,-234108.000000,,,,0,
1239,RECAL 3 0 9999 -437 200 4 80,0,9999,-437,0,200,4,80,-637.000000,101,0,ParabolaNotDownward,100909.000000,StrictInc,100,-235082.000000,,,,0,
1240,RECAL 3 0 9999 363 200 4 80,0,9999,363,0,200,4,80,163.000000,101,0,ParabolaNotDownward,79142.000000,StrictDec,0,-235404.000000,,,,23,[0]=-235404;[1]=-235482;[2]=-235552;[3]=-235656;[4]=-235747;[5]=-235836;[6]=-235925;[7]=-236030;[8]=-236128;[9]=-236266;[10]=-236413;[11]=-236549;[12]=-236679;[13]=-236820;[14]=-236967;[15]=-237128;[16]=-237302;[17]=-237487;[18]=-237664;[19]=-237848;[20]=-238049;[21]=-238263;[22]=-238476
1241,RECAL 3 1 9999 -417 64 4 80,1,9999,-417,0,64,4,80,-2847.000000,33,1,Ok,248521.000000,NonMono,15,-247921.000000,14.666913,15,-2788.332346,5,[13]=-252183;[14]=-248455;[15]=-247921;[16]=-250613;[17]=-256569
1242,RECAL 3 0 9999 9999 64 4 80,0,9999,9999,0,64,4,80,-2423.000000,33,1,Ok,120547.000000,NonMono,13,-244131.000000,13.008543,13,-2370.965827,9,[9]=-249383;[10]=-247084;[11]=-245438;[12]=-244443;[13]=-244131;[14]=-244441;[15]=-245428;[16]=-247089;[17]=-249444
1243,RECAL 3 1 9999 -2371 64 4 80,1,9999,-2371,0,64,4,80,-2875.000000,33,1,Ok,258989.000000,NonMono,14,-237795.000000,14.056478,14,-2818.774088,5,[12]=-244697;[13]=-239614;[14]=-237795;[15]=-239259;[16]=-244097
1244,RECAL 3 0 9999 9999 64 4 80,0,9999,9999,0,64,4,80,-2417.000000,33,1,Ok,115792.000000,NonMono,14,-238182.000000,13.513370,14,-2362.946519,7,[11]=-240225;[12]=-238867;[13]=-238186;[14]=-238182;[15]=-238829;[16]=-240191;[17]=-242194
1245,RECAL 3 1 9999 -2363 64 4 80,1,9999,-2363,0,64,4,80,-2250.000000,33,1,Ok,245904.000000,NonMono,15,-237254.000000,15.088185,15,-2189.647259,5,[13]=-241665;[14]=-238455;[15]=-237254;[16]=-238106;[17]=-241044
1246,RECAL 3 0 9999 9999 64 4 80,0,9999,9999,0,64,4,80,-2415.000000,33,1,Ok,112419.000000,NonMono,14,-238110.000000,13.838986,14,-2359.644057,7,[11]=-240800;[12]=-239232;[13]=-238337;[14]=-238110;[15]=-238548;[16]=-239698;[17]=-241524
1247,RECAL 3 1 9999 -2360 64 4 80,1,9999,-2360,0,64,4,80,-1344.000000,33,1,Ok,102277.000000,NonMono,15,-237495.000000,14.684865,15,-1285.260538,7,[12]=-240060;[13]=-238480;[14]=-237629;[15]=-237495;[16]=-238088;[17]=-239379;[18]=-241410
1248,RECAL 3 0 9999 9999 64 4 80,0,9999,9999,0,64,4,80,-2455.000000,33,1,Ok,122435.000000,NonMono,13,-236594.000000,13.498400,13,-2401.006402,7,[10]=-240900;[11]=-238756;[12]=-237320;[13]=-236594;[14]=-236613;[15]=-237320;[16]=-238740
1249,RECAL 3 1 9999 -2401 64 4 80,1,9999,-2401,0,64,4,80,1199.000000,33,1,Ok,98199.000000,NonMono,17,-235918.000000,17.344951,17,1268.379803,7,[14]=-239811;[15]=-237818;[16]=-236511;[17]=-235918;[18]=-236020;[19]=-236857;[20]=-238393
1250,RECAL 3 0 9999 9999 64 4 80,0,9999,9999,0,64,4,80,-2498.000000,33,1,Ok,126424.000000,NonMono,14,-236271.000000,13.541399,14,-2443.834406,7,[11]=-238576;[12]=-237070;[13]=-236310;[14]=-236271;[15]=-236964;[16]=-238410;[17]=-240539
1251,RECAL 3 1 9999 -2444 64 4 80,1,9999,-2444,0,64,4,80,2109.000000,33,1,Ok,249206.000000,NonMono,17,-234823.000000,17.153220,17,2177.612878,5,[15]=-239569;[16]=-236168;[17]=-234823;[18]=-235535;[19]=-238261
1252,RECAL 3 0 9999 9999 64 4 80,0,9999,9999,0,64,4,80,-2417.000000,33,1,Ok,115631.000000,NonMono,14,-243106.000000,13.548850,14,-2362.804600,7,[11]=-245200;[12]=-243816;[13]=-243135;[14]=-243106;[15]=-243728;[16]=-245029;[17]=-247009
1253,RECAL 3 1 9999 -2363 64 4 80,1,9999,-2363,0,64,4,80,2736.000000,33,1,Ok,258725.000000,NonMono,18,-237286.000000,17.845598,18,2807.382393,5,[16]=-242984;[17]=-238462;[18]=-237286;[19]=-239464;[20]=-244855
1254,RECAL 3 0 9999 9999 64 4 80,0,9999,9999,0,64,4,80,2081.000000,33,1,Ok,117411.000000,NonMono,16,-244973.000000,15.695718,16,2143.782871,7,[13]=-247832;[14]=-246078;[15]=-245109;[16]=-244973;[17]=-245627;[18]=-247070;[19]=-249398
1255,RECAL 3 1 9999 2144 64 4 80,1,9999,2144,0,64,4,80,-2756.000000,33,1,Ok,251310.000000,NonMono,16,-244827.000000,16.429951,16,-2690.280196,17,[8]=-371285;[9]=-344264;[10]=-319806;[11]=-298476;[12]=-280451;[13]=-266058;[14]=-255251;[15]=-248187;[16]=-244827;[17]=-245204;[18]=-249286;[19]=-257146;[20]=-268916;[21]=-284514;[22]=-304113;[23]=-327536;[24]=-354908
1256,RECAL 3 0 9999 9999 64 4 80,0,9999,9999,0,64,4,80,2060.000000,33,1,Ok,119445.000000,NonMono,16,-231493.000000,15.535440,16,2122.141762,7,[13]=-234002;[14]=-232378;[15]=-231522;[16]=-231493;[17]=-232291;[18]=-233902;[19]=-236336
1257,RECAL 3 1 9999 2122 64 4 80,1,9999,2122,0,64,4,80,-2159.000000,33,1,Ok,247884.000000,NonMono,16,-231459.000000,16.325874,16,-2093.696506,5,[14]=-237560;[15]=-233359;[16]=-231459;[17]=-231858;[18]=-234584
1258,RECAL 3 0 9999 9999 64 4 80,0,9999,9999,0,64,4,80,2138.000000,33,1,Ok,135056.000000,NonMono,15,-228033.000000,15.199039,15,2198.796156,7,[12]=-232558;[13]=-230161;[14]=-228660;[15]=-228033;[16]=-228306;[17]=-229466;[18]=-231544
1259,RECAL 3 1 9999 2199 64 4 80,1,9999,2199,0,64,4,80,-1301.000000,33,1,Ok,104583.000000,NonMono,16,-228005.000000,16.133621,16,-1236.465517,7,[13]=-232025;[14]=-229848;[15]=-228531;[16]=-228005;[17]=-228304;[18]=-229400;[19]=-231305
1260,RECAL 3 0 9999 9999 64 4 80,0,9999,9999,0,64,4,80,2032.000000,33,1,Ok,117283.000000,NonMono,15,-223816.000000,15.414733,15,2093.658931,7,[12]=-228290;[13]=-226021;[14]=-224525;[15]=-223816;[16]=-223872;[17]=-224737;[18]=-226392
1261,RECAL 3 1 9999 2094 64 4 80,1,9999,2094,0,64,4,80,1153.000000,33,1,Ok,109769.000000,NonMono,16,-223742.000000,15.781178,16,1216.124713,7,[13]=-226684;[14]=-224939;[15]=-223964;[16]=-223742;[17]=-224306;[18]=-225656;[19]=-227819
1262,RECAL 3 0 9999 9999 64 4 80,0,9999,9999,0,64,4,80,2108.000000,33,1,Ok,121527.000000,NonMono,16,-225720.000000,15.742591,16,2170.970364,7,[13]=-228871;[14]=-226993;[15]=-225951;[16]=-225720;[17]=-226394;[18]=-227910;[19]=-230310
1263,RECAL 3 1 9999 2171 64 4 80,1,9999,2171,0,64,4,80,2020.000000,33,1,Ok,257654.000000,NonMono,16,-225708.000000,15.545047,16,2082.180188,5,[14]=-228188;[15]=-225814;[16]=-225708;[17]=-227917;[18]=-232459
1264,RECAL 3 0 9999 9999 64 4 80,0,9999,9999,0,64,4,80,2105.000000,33,1,Ok,119042.000000,NonMono,16,-229283.000000,15.557494,16,2167.229974,7,[13]=-231810;[14]=-230160;[15]=-229314;[16]=-229283;[17]=-230033;[18]=-231604;[19]=-234014
1265,RECAL 3 1 9999 2167 64 4 80,1,9999,2167,0,64,4,80,2618.000000,33,1,Ok,266596.000000,NonMono,15,-229061.000000,15.490996,15,2679.963985,17,[7]=-353244;[8]=-326616;[9]=-302841;[10]=-282012;[11]=-264524;[12]=-250411;[13]=-239733;[14]=-232617;[15]=-229061;[16]=-229177;[17]=-232986;[18]=-240406;[19]=-251730;[20]=-266881;[21]=-285967;[22]=-309116;[23]=-336176
1266,RECAL 3 0 9999 9999 64 4 80,0,9999,9999,0,64,4,80,-376.000000,33,0,ParabolaNotDownward,1850.000000,Flat,11,-233502.000000,,,,0,
1267,RECAL 3 0 9999 9999 200 4 80,0,9999,9999,0,200,4,80,-512.000000,101,1,Ok,20107.000000,NonMono,45,-233501.000000,45.604400,46,-329.582400,41,[25]=-236660;[26]=-236318;[27]=-236018;[28]=-235711;[29]=-235439;[30]=-235192;[31]=-234969;[32]=-234762;[33]=-234588;[34]=-234399;[35]=-234227;[36]=-234106;[37]=-234007;[38]=-233892;[39]=-233803;[40]=-233717;[41]=-233651;[42]=-233592;[43]=-233551;[44]=-233528;[45]=-233501;[46]=-233525;[47]=-233541;[48]=-233547;[49]=-233582;[50]=-233616;[51]=-233676;[52]=-233727;[53]=-233797;[54]=-233886;[55]=-233976;[56]=-234055;[57]=-234147;[58]=-234264;[59]=-234358;[60]=-234484;[61]=-234621;[62]=-234756;[63]=-234886;[64]=-235053;[65]=-235213
1268,RECAL 3 0 9999 -330 64 4 80,0,9999,-330,0,64,4,80,-394.000000,33,0,ParabolaNotDownward,1832.000000,Flat,17,-233511.000000,,,,0,
1269,RECAL 3 1 9999 -329 64 4 80,1,9999,-329,0,64,4,80,2650.000000,33,1,Ok,264465.000000,NonMono,15,-231620.000000,14.975015,15,2709.900061,5,[13]=-238749;[14]=-233363;[15]=-231620;[16]=-233555;[17]=-239184
1270,RECAL 3 0 9999 9999 64 4 80,0,9999,9999,0,64,4,80,-328.000000,33,0,ParabolaNotDownward,1503.000000,Flat,16,-233828.000000,,,,0,
1271,RECAL 3 0 9999 9999 200 4 80,0,9999,9999,0,200,4,80,-464.000000,101,1,Ok,20855.000000,NonMono,50,-233809.000000,50.769280,51,-260.922880,47,[27]=-237068;[28]=-236766;[29]=-236488;[30]=-236206;[31]=-235942;[32]=-235693;[33]=-235474;[34]=-235271;[35]=-235107;[36]=-234912;[37]=-234760;[38]=-234611;[39]=-234477;[40]=-234359;[41]=-234264;[42]=-234154;[43]=-234096;[44]=-234032;[45]=-233966;[46]=-233927;[47]=-233888;[48]=-233839;[49]=-233825;[50]=-233809;[51]=-233812;[52]=-233817;[53]=-233835;[54]=-233850;[55]=-233874;[56]=-233920;[57]=-233957;[58]=-234005;[59]=-234058;[60]=-234104;[61]=-234159;[62]=-234216;[63]=-234282;[64]=-234365;[65]=-234447;[66]=-234543;[67]=-234629;[68]=-234719;[69]=-234796;[70]=-234892;[71]=-234990;[72]=-235072;[73]=-235184
1272,RECAL 3 0 9999 -261 64 4 80,0,9999,-261,0,64,4,80,-325.000000,33,0,ParabolaNotDownward,1307.000000,Flat,17,-233817.000000,,,,0,
1273,RECAL 3 1 9999 -261 64 4 80,1,9999,-261,0,64,4,80,2060.000000,33,1,Ok,257901.000000,NonMono,15,-232610.000000,14.981007,15,2119.924027,5,[13]=-237142;[14]=-233708;[15]=-232610;[16]=-233804;[17]=-237379
1274,RECAL 3 0 9999 9999 64 4 80,0,9999,9999,0,64,4,80,-720.000000,33,1,Ok,8950.000000,NonMono,14,-229529.000000,14.516799,15,-661.932804,19,[5]=-232679;[6]=-232036;[7]=-231477;[8]=-230981;[9]=-230557;[10]=-230220;[11]=-229943;[12]=-229736;[13]=-229600;[14]=-229529;[15]=-229542;[16]=-229605;[17]=-229736;[18]=-229924;[19]=-230173;[20]=-230488;[21]=-230828;[22]=-231281;[23]=-231787
1275,RECAL 3 1 9999 -662 64 4 80,1,9999,-662,0,64,4,80,1218.000000,33,1,Ok,120363.000000,NonMono,16,-229531.000000,15.696211,16,1280.784844,7,[13]=-232533;[14]=-230678;[15]=-229679;[16]=-229531;[17]=-230180;[18]=-231745;[19]=-234149
1276,RECAL 3 0 9999 9999 64 4 80,0,9999,9999,0,64,4,80,187.000000,33,0,ParabolaNotDownward,1291.000000,Flat,17,-230254.000000,,,,0,
1277,RECAL 3 0 9999 9999 200 4 80,0,9999,9999,0,200,4,80,51.000000,101,1,Ok,20604.000000,NonMono,50,-230236.000000,50.262325,50,252.049300,49,[26]=-231839;[27]=-231753;[28]=-231646;[29]=-231544;[30]=-231443;[31]=-231354;[32]=-231250;[33]=-231174;[34]=-231080;[35]=-230989;[36]=-230887;[37]=-230818;[38]=-230743;[39]=-230676;[40]=-230586;[41]=-230546;[42]=-230483;[43]=-230437;[44]=-230389;[45]=-230337;[46]=-230303;[47]=-230293;[48]=-230278;[49]=-230251;[50]=-230236;[51]=-230247;[52]=-230250;[53]=-230275;[54]=-230282;[55]=-230335;[56]=-230373;[57]=-230436;[58]=-230510;[59]=-230593;[60]=-230689;[61]=-230781;[62]=-230907;[63]=-231056;[64]=-231198;[65]=-231355;[66]=-231532;[67]=-231738;[68]=-231934;[69]=-232161;[70]=-232387;[71]=-232636;[72]=-232918;[73]=-233204;[74]=-233519
1278,RECAL 3 0 9999 252 64 4 80,0,9999,252,0,64,4,80,188.000000,33,0,ParabolaNotDownward,1353.000000,Flat,15,-230218.000000,,,,0,
1279,RECAL 3 1 9999 252 64 4 80,1,9999,252,0,64,4,80,-1233.000000,33,1,Ok,90197.000000,NonMono,16,-230228.000000,15.789124,16,-1169.843505,7,[13]=-233008;[14]=-231369;[15]=-230425;[16]=-230228;[17]=-230729;[18]=-231947;[19]=-233848
1280,RECAL 3 0 9999 9999 64 4 80,0,9999,9999,0,64,4,80,-624.000000,33,1,Ok,5754.000000,NonMono,16,-228420.000000,15.401648,15,-562.393407,25,[4]=-231498;[5]=-230958;[6]=-230469;[7]=-230035;[8]=-229673;[9]=-229356;[10]=-229070;[11]=-228860;[12]=-228680;[13]=-228554;[14]=-228492;[15]=-228431;[16]=-228420;[17]=-228467;[18]=-228579;[19]=-228692;[20]=-228851;[21]=-229077;[22]=-229318;[23]=-229614;[24]=-229926;[25]=-230286;[26]=-230675;[27]=-231105;[28]=-231561
1281,RECAL 3 1 9999 -562 64 4 80,1,9999,-562,0,64,4,80,-2118.000000,33,1,Ok,255834.000000,NonMono,16,-228379.000000,15.657242,16,-2055.371031,5,[14]=-231292;[15]=-228750;[16]=-228379;[17]=-230250;[18]=-234262
1282,RECAL 3 0 9999 9999 64 4 80,0,9999,9999,0,64,4,80,-536.000000,33,1,Ok,3634.000000,NonMono,16,-237423.000000,15.347034,15,-474.611864,31,[1]=-240590;[2]=-240113;[3]=-239713;[4]=-239335;[5]=-239012;[6]=-238687;[7]=-238435;[8]=-238186;[9]=-237988;[10]=-237819;[11]=-237678;[12]=-237592;[13]=-237501;[14]=-237453;[15]=-237454;[16]=-237423;[17]=-237452;[18]=-237518;[19]=-237598;[20]=-237693;[21]=-237833;[22]=-237987;[23]=-238152;[24]=-238339;[25]=-238563;[26]=-238794;[27]=-239058;[28]=-239321;[29]=-239607;[30]=-239928;[31]=-240266
1283,RECAL 3 1 9999 -475 64 4 80,1,9999,-475,0,64,4,80,-2722.000000,33,1,Ok,259012.000000,NonMono,16,-237348.000000,15.942532,16,-2658.229871,5,[14]=-244286;[15]=-239002;[16]=-237348;[17]=-239446;[18]=-245279
1284,RECAL 3 0 9999 9999 64 4 80,0,9999,9999,0,64,4,80,-2286.000000,33,1,Ok,101554.000000,NonMono,16,-251498.000000,15.820946,16,-2222.716216,7,[13]=-254519;[14]=-252749;[15]=-251759;[16]=-251498;[17]=-252031;[18]=-253275;[19]=-255290
1285,RECAL 3 1 9999 -2223 64 4 80,1,9999,-2223,0,64,4,80,-2757.000000,33,1,Ok,245020.000000,NonMono,16,-251468.000000,16.077696,16,-2692.689216,5,[14]=-259205;[15]=-253532;[16]=-251468;[17]=-252970;[18]=-258047
1286,RECAL 3 0 9999 9999 64 4 80,0,9999,9999,0,64,4,80,-2309.000000,33,1,Ok,104830.000000,NonMono,16,-245333.000000,15.994294,16,-2245.022825,7,[13]=-248918;[14]=-246924;[15]=-245736;[16]=-245333;[17]=-245759;[18]=-246940;[19]=-248975
1287,RECAL 3 1 9999 -2245 64 4 80,1,9999,-2245,0,64,4,80,-2163.000000,33,1,Ok,243281.000000,NonMono,16,-245356.000000,16.151025,16,-2098.395901,5,[14]=-250480;[15]=-246823;[16]=-245356;[17]=-246157;[18]=-249229
1288,RECAL 3 0 9999 9999 64 4 80,0,9999,9999,0,64,4,80,-2235.000000,33,1,Ok,104244.000000,NonMono,16,-241739.000000,16.411158,16,-2169.355370,7,[13]=-246065;[14]=-243845;[15]=-242430;[16]=-241739;[17]=-241798;[18]=-242606;[19]=-244126
1289,RECAL 3 1 9999 -2169 64 4 80,1,9999,-2169,0,64,4,80,-1308.000000,33,1,Ok,102872.000000,NonMono,16,-241696.000000,15.511266,16,-1245.954936,7,[13]=-244089;[14]=-242509;[15]=-241716;[16]=-241696;[17]=-242491;[18]=-244026;[19]=-246367
1290,RECAL 3 0 9999 9999 64 4 80,0,9999,9999,0,64,4,80,-2336.000000,33,1,Ok,113145.000000,NonMono,16,-240730.000000,16.392245,16,-2270.431019,7,[13]=-245296;[14]=-242973;[15]=-241473;[16]=-240730;[17]=-240826;[18]=-241732;[19]=-243434
1291,RECAL 3 1 9999 -2270 64 4 80,1,9999,-2270,0,64,4,80,1143.000000,33,1,Ok,109334.000000,NonMono,15,-240488.000000,15.204083,15,1203.816333,7,[12]=-244183;[13]=-242254;[14]=-240997;[15]=-240488;[16]=-240709;[17]=-241664;[18]=-243323
1292,RECAL 3 0 9999 9999 64 4 80,0,9999,9999,0,64,4,80,-2261.000000,33,1,Ok,102211.000000,NonMono,16,-239667.000000,15.630407,16,-2198.478372,7,[13]=-242250;[14]=-240644;[15]=-239755;[16]=-239667;[17]=-240321;[18]=-241712;[19]=-243817
1293,RECAL 3 1 9999 -2198 64 4 80,1,9999,-2198,0,64,4,80,2012.000000,33,1,Ok,248818.000000,NonMono,16,-239620.000000,15.647123,16,2074.588492,5,[14]=-242450;[15]=-239949;[16]=-239620;[17]=-241480;[18]=-245489
1294,RECAL 3 0 9999 9999 64 4 80,0,9999,9999,0,64,4,80,-2267.000000,33,1,Ok,97591.000000,NonMono,16,-243983.000000,15.719763,16,-2204.120949,7,[13]=-246607;[14]=-245019;[15]=-244136;[16]=-243983;[17]=-244548;[18]=-245819;[19]=-247824
1295,RECAL 3 1 9999 -2204 64 4 80,1,9999,-2204,0,64,4,80,2611.000000,33,1,Ok,251981.000000,NonMono,16,-243953.000000,15.683556,16,2673.734223,5,[14]=-248713;[15]=-244592;[16]=-243953;[17]=-246805;[18]=-253162
1296,RECAL 3 0 9999 9999 64 4 80,0,9999,9999,0,64,4,80,2473.000000,33,1,Ok,111201.000000,NonMono,16,-234657.000000,16.053791,16,2537.215164,7,[13]=-238494;[14]=-236396;[15]=-235107;[16]=-234657;[17]=-235036;[18]=-236214;[19]=-238262
1297,RECAL 3 1 9999 2537 64 4 80,1,9999,2537,0,64,4,80,-2876.000000,33,1,Ok,261111.000000,NonMono,17,-233528.000000,16.836741,17,-2808.653035,5,[15]=-238994;[16]=-234623;[17]=-233528;[18]=-235725;[19]=-241320
1298,RECAL 3 0 9999 9999 64 4 80,0,9999,9999,0,64,4,80,2378.000000,33,1,Ok,108054.000000,NonMono,16,-229818.000000,15.968898,16,2441.875591,7,[13]=-233290;[14]=-231381;[15]=-230192;[16]=-229818;[17]=-230254;[18]=-231510;[19]=-233561
1299,RECAL 3 1 9999 2442 64 4 80,1,9999,2442,0,64,4,80,-2246.000000,33,1,Ok,237778.000000,NonMono,16,-229812.000000,16.332500,16,-2180.669999,5,[14]=-235239;[15]=-231524;[16]=-229812;[17]=-230170;[18]=-232568
1300,RECAL 3 0 9999 9999 64 4 80,0,9999,9999,0,64,4,80,2455.000000,33,1,Ok,123571.000000,NonMono,15,-229760.000000,15.491535,15,2516.966139,7,[12]=-234775;[13]=-232283;[14]=-230601;[15]=-229760;[16]=-229777;[17]=-230637;[18]=-232376
1301,RECAL 3 1 9999 2517 64 4 80,1,9999,2517,0,64,4,80,-1340.000000,33,1,Ok,91673.000000,NonMono,16,-229669.000000,15.872614,16,-1276.509544,7,[13]=-232676;[14]=-230950;[15]=-229938;[16]=-229669;[17]=-230114;[18]=-231290;[19]=-233126
1302,RECAL 3 0 9999 9999 64 4 80,0,9999,9999,0,64,4,80,2351.000000,33,1,Ok,106792.000000,NonMono,16,-228889.000000,15.915676,16,2414.662705,7,[13]=-232252;[14]=-230334;[15]=-229215;[16]=-228889;[17]=-229350;[18]=-230607;[19]=-232672
1303,RECAL 3 1 9999 2415 64 4 80,1,9999,2415,0,64,4,80,1205.000000,33,1,Ok,100883.000000,NonMono,16,-228895.000000,15.823927,16,1268.295709,7,[13]=-231677;[14]=-230057;[15]=-229132;[16]=-228895;[17]=-229385;[18]=-230609;[19]=-232580
1304,RECAL 3 0 9999 9999 64 4 80,0,9999,9999,0,64,4,80,2425.000000,33,1,Ok,109050.000000,NonMono,16,-227634.000000,16.120838,16,2489.483354,7,[13]=-231572;[14]=-229448;[15]=-228144;[16]=-227634;[17]=-227940;[18]=-229084;[19]=-231059
1305,RECAL 3 1 9999 2489 64 4 80,1,9999,2489,0,64,4,80,2111.000000,33,1,Ok,248734.000000,NonMono,15,-227044.000000,15.234039,15,2171.936158,5,[13]=-232098;[14]=-228576;[15]=-227044;[16]=-227621;[17]=-230251
1306,RECAL 3 0 9999 9999 64 4 80,0,9999,9999,0,64,4,80,2416.000000,33,1,Ok,99950.000000,NonMono,16,-232142.000000,16.344632,16,2481.378530,7,[13]=-236393;[14]=-234207;[15]=-232814;[16]=-232142;[17]=-232260;[18]=-233176;[19]=-234838
1307,RECAL 3 1 9999 2481 64 4 80,1,9999,2481,0,64,4,80,2741.000000,33,1,Ok,263955.000000,NonMono,15,-231527.000000,15.328108,15,2802.312432,5,[13]=-240246;[14]=-234233;[15]=-231527;[16]=-232078;[17]=-235922
1308,RECAL 3 0 9999 9999 64 4 80,0,9999,9999,0,64,4,80,760.000000,33,1,Ok,10313.000000,NonMono,16,-237963.000000,15.836787,16,823.347147,19,[7]=-240601;[8]=-240031;[9]=-239544;[10]=-239115;[11]=-238762;[12]=-238488;[13]=-238234;[14]=-238080;[15]=-237998;[16]=-237963;[17]=-237996;[18]=-238133;[19]=-238336;[20]=-238588;[21]=-238943;[22]=-239352;[23]=-239863;[24]=-240478;[25]=-241135
1309,RECAL 3 1 9999 823 64 4 80,1,9999,823,0,64,4,80,2723.000000,33,1,Ok,258646.000000,NonMono,15,-237114.000000,15.238961,15,2783.955842,5,[13]=-245014;[14]=-239475;[15]=-237114;[16]=-237952;[17]=-242054
1310,RECAL 3 0 9999 9999 64 4 80,0,9999,9999,0,64,4,80,772.000000,33,1,Ok,11199.000000,NonMono,17,-230790.000000,17.071420,17,840.285682,19,[8]=-234090;[9]=-233426;[10]=-232821;[11]=-232302;[12]=-231836;[13]=-231471;[14]=-231164;[15]=-230959;[16]=-230832;[17]=-230790;[18]=-230817;[19]=-230947;[20]=-231157;[21]=-231450;[22]=-231837;[23]=-232316;[24]=-232895;[25]=-233573;[26]=-234329
1311,RECAL 3 1 9999 840 64 4 80,1,9999,840,0,64,4,80,2087.000000,33,1,Ok,238388.000000,NonMono,16,-230771.000000,15.586144,16,2149.344577,5,[14]=-233090;[15]=-230945;[16]=-230771;[17]=-232584;[18]=-236374
1312,RECAL 3 0 9999 9999 64 4 80,0,9999,9999,0,64,4,80,485.000000,33,1,Ok,5244.000000,NonMono,15,-227914.000000,15.552224,16,547.208896,29,[1]=-231108;[2]=-230691;[3]=-230312;[4]=-229978;[5]=-229649;[6]=-229349;[7]=-229088;[8]=-228835;[9]=-228600;[10]=-228404;[11]=-228259;[12]=-228126;[13]=-228008;[14]=-227940;[15]=-227914;[16]=-227918;[17]=-227960;[18]=-228015;[19]=-228114;[20]=-228262;[21]=-228455;[22]=-228657;[23]=-228923;[24]=-229199;[25]=-229537;[26]=-229923;[27]=-230340;[28]=-230798;[29]=-231325
1313,RECAL 3 1 9999 547 64 4 80,1,9999,547,0,64,4,80,1168.000000,33,1,Ok,97598.000000,NonMono,16,-227900.000000,15.529025,16,1230.116102,7,[13]=-229918;[14]=-228608;[15]=-227907;[16]=-227900;[17]=-228552;[18]=-229906;[19]=-231948
1314,RECAL 3 0 9999 9999 64 4 80,0,9999,9999,0,64,4,80,835.000000,33,1,Ok,14324.000000,NonMono,16,-224213.000000,16.270475,16,900.081898,17,[8]=-227711;[9]=-226938;[10]=-226242;[11]=-225655;[12]=-225163;[13]=-224769;[14]=-224480;[15]=-224294;[16]=-224213;[17]=-224237;[18]=-224372;[19]=-224622;[20]=-224964;[21]=-225438;[22]=-226025;[23]=-226741;[24]=-227563
1315,RECAL 3 1 9999 900 64 4 80,1,9999,900,0,64,4,80,-1379.000000,33,1,Ok,100374.000000,NonMono,16,-224233.000000,16.396498,16,-1313.414010,7,[13]=-228484;[14]=-226313;[15]=-224891;[16]=-224233;[17]=-224299;[18]=-225123;[19]=-226688
1316,RECAL 3 0 9999 9999 64 4 80,0,9999,9999,0,64,4,80,612.000000,33,1,Ok,7337.000000,NonMono,16,-229112.000000,15.999426,16,675.997704,23,[5]=-232013;[6]=-231522;[7]=-231076;[8]=-230672;[9]=-230331;[10]=-229990;[11]=-229749;[12]=-229509;[13]=-229352;[14]=-229214;[15]=-229136;[16]=-229112;[17]=-229125;[18]=-229215;[19]=-229343;[20]=-229549;[21]=-229787;[22]=-230083;[23]=-230430;[24]=-230837;[25]=-231341;[26]=-231864;[27]=-232461
1317,RECAL 3 1 9999 676 64 4 80,1,9999,676,0,64,4,80,-2269.000000,33,1,Ok,243602.000000,NonMono,16,-229098.000000,16.296900,16,-2203.812398,5,[14]=-234369;[15]=-230732;[16]=-229098;[17]=-229523;[18]=-232065
1318,RECAL 3 0 9999 9999 64 4 80,0,9999,9999,0,64,4,80,931.000000,33,1,Ok,19739.000000,NonMono,15,-232438.000000,14.543301,15,989.173204,15,[8]=-234783;[9]=-234116;[10]=-233582;[11]=-233138;[12]=-232805;[13]=-232573;[14]=-232459;[15]=-232438;[16]=-232553;[17]=-232789;[18]=-233137;[19]=-233636;[20]=-234212;[21]=-234946;[22]=-235822
1319,RECAL 3 1 9999 989 64 4 80,1,9999,989,0,64,4,80,-2889.000000,33,1,Ok,263014.000000,NonMono,16,-232378.000000,16.021599,16,-2824.913603,5,[14]=-239043;[15]=-234088;[16]=-232378;[17]=-233972;[18]=-238975
1320,RECAL 3 0 9999 9999 64 4 80,0,9999,9999,0,64,4,80,-2217.000000,33,1,Ok,73915.000000,NonMono,16,-238296.000000,16.081028,16,-2152.675887,9,[12]=-243020;[13]=-240993;[14]=-239511;[15]=-238638;[16]=-238296;[17]=-238533;[18]=-239328;[19]=-240726;[20]=-242650
1321,RECAL 3 1 9999 -2153 64 4 80,1,9999,-2153,0,64,4,80,-2860.000000,33,1,Ok,257157.000000,NonMono,16,-238306.000000,16.163249,16,-2795.347006,5,[14]=-245465;[15]=-240368;[16]=-238306;[17]=-239376;[18]=-243689
1322,RECAL 3 0 9999 9999 64 4 80,0,9999,9999,0,64,4,80,-2325.000000,33,1,Ok,86714.000000,NonMono,17,-235129.000000,16.589295,17,-2258.642821,7,[14]=-237205;[15]=-235880;[16]=-235189;[17]=-235129;[18]=-235702;[19]=-236907;[20]=-238720
1323,RECAL 3 1 9999 -2259 64 4 80,1,9999,-2259,0,64,4,80,-2230.000000,33,1,Ok,232977.000000,NonMono,16,-235092.000000,16.247200,16,-2165.011201,5,[14]=-239888;[15]=-236536;[16]=-235092;[17]=-235586;[18]=-238052
1324,RECAL 3 0 9999 9999 64 4 80,0,9999,9999,0,64,4,80,-2242.000000,33,1,Ok,83293.000000,NonMono,17,-234346.000000,16.829050,17,-2174.683802,9,[13]=-238605;[14]=-236657;[15]=-235308;[16]=-234543;[17]=-234346;[18]=-234733;[19]=-235701;[20]=-237250;[21]=-239374
1325,RECAL 3 1 9999 -2175 64 4 80,1,9999,-2175,0,64,4,80,-1315.000000,33,1,Ok,85350.000000,NonMono,16,-234348.000000,16.292651,16,-1249.829395,7,[13]=-237867;[14]=-236031;[15]=-234848;[16]=-234348;[17]=-234479;[18]=-235246;[19]=-236689
1326,RECAL 3 0 9999 9999 64 4 80,0,9999,9999,0,64,4,80,-2350.000000,33,1,Ok,86729.000000,NonMono,16,-231530.000000,16.534505,17,-2283.861982,7,[13]=-235373;[14]=-233470;[15]=-232184;[16]=-231530;[17]=-231532;[18]=-232110;[19]=-233363
1327,RECAL 3 1 9999 -2284 64 4 80,1,9999,-2284,0,64,4,80,1230.000000,33,1,Ok,101628.000000,NonMono,16,-231455.000000,15.572269,16,1292.289076,7,[13]=-233708;[14]=-232271;[15]=-231519;[16]=-231455;[17]=-232123;[18]=-233491;[19]=-235566
1328,RECAL 3 0 9999 9999 64 4 80,0,9999,9999,0,64,4,80,-2273.000000,33,1,Ok,79419.000000,NonMono,16,-234420.000000,16.437884,16,-2207.248465,7,[13]=-237859;[14]=-236127;[15]=-234977;[16]=-234420;[17]=-234464;[18]=-235086;[19]=-236282
1329,RECAL 3 1 9999 -2207 64 4 80,1,9999,-2207,0,64,4,80,2127.000000,33,1,Ok,243328.000000,NonMono,15,-233851.000000,15.242992,15,2187.971966,5,[13]=-238745;[14]=-235312;[15]=-233851;[16]=-234355;[17]=-236889
1330,RECAL 3 0 9999 9999 64 4 80,0,9999,9999,0,64,4,80,-2282.000000,33,1,Ok,75783.000000,NonMono,16,-239075.000000,16.242439,16,-2217.030242,9,[12]=-244150;[13]=-242050;[14]=-240495;[15]=-239482;[16]=-239075;[17]=-239222;[18]=-239932;[19]=-241255;[20]=-243103
1331,RECAL 3 1 9999 -2217 64 4 80,1,9999,-2217,0,64,4,80,2752.000000,33,1,Ok,256448.000000,NonMono,16,-239028.000000,15.614880,16,2814.459519,5,[14]=-242896;[15]=-239396;[16]=-239028;[17]=-241844;[18]=-247851
1332,RECAL 3 0 9999 9999 64 4 80,0,9999,9999,0,64,4,80,2232.000000,33,1,Ok,88087.000000,NonMono,16,-233999.000000,15.657210,16,2294.628840,7,[13]=-236120;[14]=-234802;[15]=-234085;[16]=-233999;[17]=-234533;[18]=-235644;[19]=-237442
1333,RECAL 3 1 9999 2295 64 4 80,1,9999,2295,0,64,4,80,-2920.000000,33,1,Ok,260259.000000,NonMono,16,-233864.000000,16.350196,16,-2854.599216,5,[14]=-242333;[15]=-236502;[16]=-233864;[17]=-234302;[18]=-237920
1334,RECAL 3 0 9999 9999 64 4 80,0,9999,9999,0,64,4,80,2155.000000,33,1,Ok,85824.000000,NonMono,16,-227463.000000,15.600662,16,2217.402647,7,[13]=-229457;[14]=-228210;[15]=-227532;[16]=-227463;[17]=-228026;[18]=-229211;[19]=-231007
1335,RECAL 3 1 9999 2217 64 4 80,1,9999,2217,0,64,4,80,-2276.000000,33,1,Ok,235543.000000,NonMono,16,-227431.000000,15.920526,16,-2212.317897,5,[14]=-231077;[15]=-228266;[16]=-227431;[17]=-228580;[18]=-231702
1336,RECAL 3 0 9999 9999 64 4 80,0,9999,9999,0,64,4,80,2271.000000,33,1,Ok,100925.000000,NonMono,15,-222357.000000,15.277643,15,2332.110571,7,[12]=-225865;[13]=-224044;[14]=-222873;[15]=-222357;[16]=-222495;[17]=-223342;[18]=-224866
1337,RECAL 3 1 9999 2332 64 4 80,1,9999,2332,0,64,4,80,-1356.000000,33,1,Ok,90253.000000,NonMono,16,-222332.000000,15.901383,16,-1292.394470,7,[13]=-225268;[14]=-223602;[15]=-222615;[16]=-222332;[17]=-222753;[18]=-223837;[19]=-225573
1338,RECAL 3 0 9999 9999 64 4 80,0,9999,9999,0,64,4,80,2189.000000,33,1,Ok,88119.000000,NonMono,16,-222235.000000,15.576936,16,2251.307743,7,[13]=-224259;[14]=-222953;[15]=-222280;[16]=-222235;[17]=-222809;[18]=-224031;[19]=-225882
1339,RECAL 3 1 9999 2251 64 4 80,1,9999,2251,0,64,4,80,1244.000000,33,1,Ok,100511.000000,NonMono,15,-221942.000000,15.114886,15,1304.459545,7,[12]=-225329;[13]=-223494;[14]=-222344;[15]=-221942;[16]=-222191;[17]=-223152;[18]=-224801
1340,RECAL 3 0 9999 9999 64 4 80,0,9999,9999,0,64,4,80,2301.000000,33,1,Ok,104556.000000,NonMono,15,-223419.000000,14.943086,15,2360.772343,7,[12]=-226330;[13]=-224694;[14]=-223717;[15]=-223419;[16]=-223803;[17]=-224847;[18]=-226583
1341,RECAL 3 1 9999 2361 64 4 80,1,9999,2361,0,64,4,80,2160.000000,33,1,Ok,251344.000000,NonMono,15,-222409.000000,14.975760,15,2219.903041,5,[13]=-226185;[14]=-223336;[15]=-222409;[16]=-223431;[17]=-226382
1342,RECAL 3 0 9999 9999 64 4 80,0,9999,9999,0,64,4,80,2308.000000,33,1,Ok,93811.000000,NonMono,15,-225768.000000,15.405446,15,2369.621785,7,[12]=-229468;[13]=-227576;[14]=-226334;[15]=-225768;[16]=-225814;[17]=-226517;[18]=-227883
1343,RECAL 3 1 9999 2370 64 4 80,1,9999,2370,0,64,4,80,2801.000000,33,1,Ok,269816.000000,NonMono,15,-224336.000000,15.053773,15,2861.215093,5,[13]=-230823;[14]=-226039;[15]=-224336;[16]=-225706;[17]=-230142
1344,RECAL 3 0 9999 9999 64 4 80,0,9999,9999,0,64,4,80,-300.000000,33,0,ParabolaNotDownward,676.000000,Flat,11,-228792.000000,,,,0,
1345,RECAL 3 0 9999 9999 200 4 80,0,9999,9999,0,200,4,80,-436.000000,101,1,Ok,9501.000000,NonMono,47,-228777.000000,46.321705,46,-250.713181,33,[31]=-229475;[32]=-229378;[33]=-229302;[34]=-229226;[35]=-229155;[36]=-229097;[37]=-229014;[38]=-228970;[39]=-228919;[40]=-228894;[41]=-228856;[42]=-228837;[43]=-228807;[44]=-228786;[45]=-228812;[46]=-228792;[47]=-228777;[48]=-228797;[49]=-228818;[50]=-228817;[51]=-228837;[52]=-228846;[53]=-228877;[54]=-228912;[55]=-228946;[56]=-228979;[57]=-229018;[58]=-229047;[59]=-229105;[60]=-229152;[61]=-229184;[62]=-229239;[63]=-229282
1346,RECAL 3 0 9999 -251 64 4 80,0,9999,-251,0,64,4,80,-315.000000,33,0,ParabolaNotDownward,764.000000,Flat,17,-228775.000000,,,,0,
1347,RECAL 3 1 9999 -253 64 4 80,1,9999,-253,0,64,4,80,2766.000000,33,1,Ok,266220.000000,NonMono,15,-227866.000000,15.194474,15,2826.777896,5,[13]=-235225;[14]=-230008;[15]=-227866;[16]=-228809;[17]=-232791
1348,RECAL 3 0 9999 9999 64 4 80,0,9999,9999,0,64,4,80,-378.000000,33,0,ParabolaNotDownward,1770.000000,Flat,20,-224848.000000,,,,0,
1349,RECAL 3 0 9999 9999 200 4 80,0,9999,9999,0,200,4,80,-514.000000,101,1,Ok,20289.000000,NonMono,54,-224824.000000,52.809474,53,-302.762102,53,[28]=-228110;[29]=-227811;[30]=-227532;[31]=-227254;[32]=-227004;[33]=-226789;[34]=-226566;[35]=-226364;[36]=-226191;[37]=-226022;[38]=-225839;[39]=-225701;[40]=-225566;[41]=-225457;[42]=-225341;[43]=-225244;[44]=-225171;[45]=-225066;[46]=-225026;[47]=-224967;[48]=-224910;[49]=-224887;[50]=-224855;[51]=-224859;[52]=-224830;[53]=-224827;[54]=-224824;[55]=-224850;[56]=-224869;[57]=-224891;[58]=-224923;[59]=-224980;[60]=-225014;[61]=-225061;[62]=-225118;[63]=-225183;[64]=-225227;[65]=-225308;[66]=-225370;[67]=-225462;[68]=-225525;[69]=-225623;[70]=-225729;[71]=-225821;[72]=-225903;[73]=-226005;[74]=-226118;[75]=-226219;[76]=-226311;[77]=-226431;[78]=-226540;[79]=-226640;[80]=-226736
1350,RECAL 3 0 9999 -303 64 4 80,0,9999,-303,0,64,4,80,-367.000000,33,0,ParabolaNotDownward,1237.000000,Flat,16,-224821.000000,,,,0,
1351,RECAL 3 1 9999 -302 64 4 80,1,9999,-302,0,64,4,80,2117.000000,33,1,Ok,244716.000000,NonMono,15,-223832.000000,14.962563,15,2176.850251,5,[13]=-227492;[14]=-224698;[15]=-223832;[16]=-224830;[17]=-227701
1352,RECAL 3 0 9999 9999 64 4 80,0,9999,9999,0,64,4,80,-867.000000,33,1,Ok,10193.000000,NonMono,17,-223420.000000,16.321967,16,-801.712131,19,[8]=-225945;[9]=-225352;[10]=-224861;[11]=-224435;[12]=-224085;[13]=-223795;[14]=-223603;[15]=-223472;[16]=-223427;[17]=-223420;[18]=-223508;[19]=-223651;[20]=-223874;[21]=-224167;[22]=-224518;[23]=-224917;[24]=-225396;[25]=-225936;[26]=-226535
1353,RECAL 3 1 9999 -802 64 4 80,1,9999,-802,0,64,4,80,1170.000000,33,1,Ok,86998.000000,NonMono,15,-223386.000000,15.421768,15,1231.687070,7,[12]=-226845;[13]=-225077;[14]=-223943;[15]=-223386;[16]=-223429;[17]=-224071;[18]=-225320
1354,RECAL 3 0 9999 9999 64 4 80,0,9999,9999,0,64,4,80,-573.000000,33,1,Ok,4556.000000,NonMono,18,-224072.000000,17.849917,18,-501.600333,17,[10]=-224881;[11]=-224697;[12]=-224533;[13]=-224407;[14]=-224288;[15]=-224198;[16]=-224135;[17]=-224092;[18]=-224072;[19]=-224099;[20]=-224150;[21]=-224214;[22]=-224311;[23]=-224417;[24]=-224541;[25]=-224691;[26]=-224852
1355,RECAL 3 1 9999 -502 64 4 80,1,9999,-502,0,64,4,80,-1421.000000,33,1,Ok,97367.000000,NonMono,16,-224073.000000,15.789753,16,-1357.840987,7,[13]=-226985;[14]=-225245;[15]=-224300;[16]=-224073;[17]=-224595;[18]=-225853;[19]=-227829
1356,RECAL 3 0 9999 9999 64 4 80,0,9999,9999,0,64,4,80,-971.000000,33,1,Ok,12718.000000,NonMono,16,-227278.000000,16.239905,16,-906.040380,17,[8]=-230422;[9]=-229701;[10]=-229083;[11]=-228546;[12]=-228119;[13]=-227757;[14]=-227508;[15]=-227367;[16]=-227278;[17]=-227292;[18]=-227409;[19]=-227628;[20]=-227914;[21]=-228290;[22]=-228769;[23]=-229289;[24]=-229896
1357,RECAL 3 1 9999 -906 64 4 80,1,9999,-906,0,64,4,80,-2317.000000,33,1,Ok,239298.000000,NonMono,16,-227275.000000,16.439007,16,-2251.243970,5,[14]=-232996;[15]=-229128;[16]=-227275;[17]=-227379;[18]=-229507
1358,RECAL 3 0 9999 9999 64 4 80,0,9999,9999,0,64,4,80,-746.000000,33,1,Ok,5814.000000,NonMono,16,-235630.000000,16.093231,16,-681.627075,25,[4]=-238785;[5]=-238263;[6]=-237821;[7]=-237386;[8]=-237005;[9]=-236670;[10]=-236389;[11]=-236154;[12]=-235962;[13]=-235832;[14]=-235701;[15]=-235642;[16]=-235630;[17]=-235646;[18]=-235697;[19]=-235780;[20]=-235917;[21]=-236082;[22]=-236307;[23]=-236550;[24]=-236813;[25]=-237145;[26]=-237499;[27]=-237869;[28]=-238291
1359,RECAL 3 1 9999 -682 64 4 80,1,9999,-682,0,64,4,80,-2951.000000,33,1,Ok,259690.000000,NonMono,17,-235258.000000,16.592810,17,-2884.628759,5,[15]=-238960;[16]=-235561;[17]=-235258;[18]=-238103;[19]=-244052
1360,RECAL 3 0 9999 9999 64 4 80,0,9999,9999,0,64,4,80,-2520.000000,33,1,Ok,86879.000000,NonMono,16,-240978.000000,16.277610,16,-2454.889562,7,[13]=-244379;[14]=-242616;[15]=-241459;[16]=-240978;[17]=-241099;[18]=-241913;[19]=-243332
1361,RECAL 3 1 9999 -2455 64 4 80,1,9999,-2455,0,64,4,80,-2938.000000,33,1,Ok,254462.000000,NonMono,16,-240915.000000,16.269762,16,-2872.920950,5,[14]=-248494;[15]=-243224;[16]=-240915;[17]=-241614;[18]=-245341
1362,RECAL 3 0 9999 9999 64 4 80,0,9999,9999,0,64,4,80,-2589.000000,33,1,Ok,97835.000000,NonMono,16,-233682.000000,16.410468,16,-2523.358127,7,[13]=-237742;[14]=-235657;[15]=-234311;[16]=-233682;[17]=-233730;[18]=-234480;[19]=-235896
1363,RECAL 3 1 9999 -2523 64 4 80,1,9999,-2523,0,64,4,80,-2302.000000,33,1,Ok,229526.000000,NonMono,16,-233623.000000,16.154853,16,-2237.380588,5,[14]=-238001;[15]=-234846;[16]=-233623;[17]=-234258;[18]=-236833
1364,RECAL 3 0 9999 9999 64 4 80,0,9999,9999,0,64,4,80,-2486.000000,33,1,Ok,91414.000000,NonMono,16,-231455.000000,16.447273,16,-2420.210907,7,[13]=-235277;[14]=-233355;[15]=-232074;[16]=-231455;[17]=-231486;[18]=-232189;[19]=-233560
1365,RECAL 3 1 9999 -2420 64 4 80,1,9999,-2420,0,64,4,80,-1393.000000,33,1,Ok,90461.000000,NonMono,15,-231256.000000,15.316928,15,-1331.732286,7,[12]=-235052;[13]=-233099;[14]=-231827;[15]=-231256;[16]=-231406;[17]=-232199;[18]=-233717
1366,RECAL 3 0 9999 9999 64 4 80,0,9999,9999,0,64,4,80,-2559.000000,33,1,Ok,91941.000000,NonMono,16,-230309.000000,15.801084,16,-2495.795666,7,[13]=-232996;[14]=-231413;[15]=-230522;[16]=-230309;[17]=-230796;[18]=-231970;[19]=-233842
1367,RECAL 3 1 9999 -2496 64 4 80,1,9999,-2496,0,64,4,80,1196.000000,33,1,Ok,88584.000000,NonMono,15,-230161.000000,15.293231,15,1257.172925,7,[12]=-233498;[13]=-231808;[14]=-230652;[15]=-230161;[16]=-230304;[17]=-231075;[18]=-232447
1368,RECAL 3 0 9999 9999 64 4 80,0,9999,9999,0,64,4,80,-2456.000000,33,1,Ok,87512.000000,NonMono,16,-230174.000000,16.449197,16,-2390.203213,7,[13]=-233852;[14]=-232006;[15]=-230783;[16]=-230174;[17]=-230223;[18]=-230875;[19]=-232153
1369,RECAL 3 1 9999 -2390 64 4 80,1,9999,-2390,0,64,4,80,2132.000000,33,1,Ok,243073.000000,NonMono,15,-229268.000000,15.030009,15,2192.120037,5,[13]=-233130;[14]=-230261;[15]=-229268;[16]=-230146;[17]=-232883
1370,RECAL 3 0 9999 9999 64 4 80,0,9999,9999,0,64,4,80,-2453.000000,33,1,Ok,84140.000000,NonMono,16,-230982.000000,16.491031,16,-2387.035874,7,[13]=-234459;[14]=-232721;[15]=-231567;[16]=-230982;[17]=-230982;[18]=-231591;[19]=-232787
1371,RECAL 3 1 9999 -2387 64 4 80,1,9999,-2387,0,64,4,80,2777.000000,33,1,Ok,264600.000000,NonMono,15,-229499.000000,15.026370,15,2837.105478,5,[13]=-235673;[14]=-231081;[15]=-229499;[16]=-230916;[17]=-235300
1372,RECAL 3 0 9999 9999 64 4 80,0,9999,9999,0,64,4,80,2179.000000,33,1,Ok,87676.000000,NonMono,16,-225148.000000,16.151265,16,2243.605061,7,[13]=-228402;[14]=-226655;[15]=-225560;[16]=-225148;[17]=-225382;[18]=-226228;[19]=-227762
1373,RECAL 3 1 9999 2244 64 4 80,1,9999,2244,0,64,4,80,-2810.000000,33,1,Ok,267737.000000,NonMono,16,-225128.000000,15.980272,16,-2746.078911,5,[14]=-231375;[15]=-226663;[16]=-225128;[17]=-226810;[18]=-231787
1374,RECAL 3 0 9999 9999 64 4 80,0,9999,9999,0,64,4,80,2180.000000,33,1,Ok,91494.000000,NonMono,16,-224959.000000,16.165789,16,2244.663155,7,[13]=-228327;[14]=-226505;[15]=-225402;[16]=-224959;[17]=-225161;[18]=-226074;[19]=-227665
1375,RECAL 3 1 9999 2245 64 4 80,1,9999,2245,0,64,4,80,-2180.000000,33,1,Ok,228592.000000,NonMono,16,-224925.000000,15.979245,16,-2116.083019,5,[14]=-228827;[15]=-225878;[16]=-224925;[17]=-225958;[18]=-228972
1376,RECAL 3 0 9999 9999 64 4 80,0,9999,9999,0,64,4,80,2101.000000,33,1,Ok,90588.000000,NonMono,16,-223029.000000,15.713599,16,2163.854397,7,[13]=-225277;[14]=-223917;[15]=-223158;[16]=-223029;[17]=-223506;[18]=-224635;[19]=-226349
1377,RECAL 3 1 9999 2164 64 4 80,1,9999,2164,0,64,4,80,-1267.000000,33,1,Ok,87903.000000,NonMono,16,-223008.000000,15.861489,16,-1203.554044,7,[13]=-225680;[14]=-224129;[15]=-223238;[16]=-223008;[17]=-223414;[18]=-224496;[19]=-226222
1378,RECAL 3 0 9999 9999 64 4 80,0,9999,9999,0,64,4,80,2197.000000,33,1,Ok,91790.000000,NonMono,16,-224042.000000,16.232805,16,2261.931219,7,[13]=-227587;[14]=-225715;[15]=-224538;[16]=-224042;[17]=-224229;[18]=-225065;[19]=-226598
1379,RECAL 3 1 9999 2262 64 4 80,1,9999,2262,0,64,4,80,1242.000000,33,1,Ok,123075.000000,NonMono,15,-223954.000000,15.455973,15,1303.823893,7,[12]=-228458;[13]=-226208;[14]=-224717;[15]=-223954;[16]=-223995;[17]=-224839;[18]=-226474
1380,RECAL 3 0 9999 9999 64 4 80,0,9999,9999,0,64,4,80,2141.000000,33,1,Ok,90497.000000,NonMono,16,-224809.000000,15.611662,16,2203.446647,7,[13]=-226784;[14]=-225537;[15]=-224874;[16]=-224809;[17]=-225343;[18]=-226522;[19]=-228318
1381,RECAL 3 1 9999 2203 64 4 80,1,9999,2203,0,64,4,80,2112.000000,33,1,Ok,264379.000000,NonMono,16,-224794.000000,15.647640,16,2174.590562,5,[14]=-227393;[15]=-225070;[16]=-224794;[17]=-226560;[18]=-230533
1382,RECAL 3 0 9999 9999 64 4 80,0,9999,9999,0,64,4,80,2215.000000,33,1,Ok,85483.000000,NonMono,16,-231476.000000,15.578578,16,2277.314310,7,[13]=-233342;[14]=-232137;[15]=-231526;[16]=-231476;[17]=-231999;[18]=-233128;[19]=-234815
1383,RECAL 3 1 9999 2277 64 4 80,1,9999,2277,0,64,4,80,2724.000000,33,1,Ok,264765.000000,NonMono,16,-231413.000000,16.227957,16,2788.911826,5,[14]=-238637;[15]=-233577;[16]=-231413;[17]=-232240;[18]=-236144
1384,RECAL 3 0 9999 9999 64 4 80,0,9999,9999,0,64,4,80,-68.000000,33,0,ParabolaNotDownward,342.000000,Flat,0,-231537.000000,,,,0,
1385,RECAL 3 0 9999 9999 200 4 80,0,9999,9999,0,200,4,80,-204.000000,101,0,ParabolaNotDownward,3390.000000,NonMono,3,-230948.000000,,,,31,[-12]=0;[-11]=0;[-10]=0;[-9]=0;[-8]=0;[-7]=0;[-6]=0;[-5]=0;[-4]=0;[-3]=0;[-1]=3.90061e-270;[0]=-230965;[1]=-230967;[2]=-230960;[3]=-230948;[4]=-230956;[5]=-230958;[6]=-230952;[7]=-230966;[8]=-230962;[9]=-230971;[10]=-230995;[11]=-231007;[12]=-231016;[13]=-231025;[14]=-231050;[15]=-231068;[16]=-231106;[17]=-231136;[18]=-231157;[19]=-231179
1386,RECAL 3 0 9999 -404 200 4 80,0,9999,-404,0,200,4,80,-604.000000,101,0,ParabolaNotDownward,70905.000000,NonMono,100,-230954.000000,,,,0,
1387,RECAL 3 0 9999 396 200 4 80,0,9999,396,0,200,4,80,196.000000,101,0,ParabolaNotDownward,103183.000000,StrictDec,0,-234325.000000,,,,17,[0]=-234325;[1]=-234463;[2]=-234623;[3]=-234777;[4]=-234966;[5]=-235142;[6]=-235324;[7]=-235506;[8]=-235693;[9]=-235899;[10]=-236114;[11]=-236331;[12]=-236552;[13]=-236801;[14]=-237047;[15]=-237314;[16]=-237575
1388,RECAL 3 1 9999 -384 64 4 80,1,9999,-384,0,64,4,80,2686.000000,33,1,Ok,257786.000000,NonMono,16,-238610.000000,16.163308,16,2750.653234,5,[14]=-245378;[15]=-240546;[16]=-238610;[17]=-239603;[18]=-243617
1389,RECAL 3 0 9999 9999 64 4 80,0,9999,9999,0,64,4,80,-692.000000,33,1,Ok,5692.000000,NonMono,15,-225844.000000,15.626154,16,-629.495383,23,[4]=-228911;[5]=-228422;[6]=-227928;[7]=-227500;[8]=-227136;[9]=-226807;[10]=-226550;[11]=-226289;[12]=-226116;[13]=-225978;[14]=-225911;[15]=-225844;[16]=-225853;[17]=-225874;[18]=-225952;[19]=-226078;[20]=-226240;[21]=-226428;[22]=-226643;[23]=-226895;[24]=-227212;[25]=-227531;[26]=-227904
1390,RECAL 3 1 9999 -629 64 4 80,1,9999,-629,0,64,4,80,2063.000000,33,1,Ok,260735.000000,NonMono,16,-225855.000000,16.108518,16,2127.434072,5,[14]=-230065;[15]=-227014;[16]=-225855;[17]=-226612;[18]=-229371
1391,RECAL 3 0 9999 9999 64 4 80,0,9999,9999,0,64,4,80,-399.000000,33,0,ParabolaNotDownward,2083.000000,Flat,17,-225207.000000,,,,0,
1392,RECAL 3 0 9999 9999 200 4 80,0,9999,9999,0,200,4,80,-535.000000,101,1,Ok,26691.000000,NonMono,52,-225221.000000,51.266543,51,-329.933827,45,[30]=-228502;[31]=-228181;[32]=-227849;[33]=-227549;[34]=-227279;[35]=-227005;[36]=-226780;[37]=-226567;[38]=-226377;[39]=-226182;[40]=-226027;[41]=-225879;[42]=-225744;[43]=-225631;[44]=-225539;[45]=-225457;[46]=-225388;[47]=-225312;[48]=-225268;[49]=-225239;[50]=-225226;[51]=-225228;[52]=-225221;[53]=-225235;[54]=-225271;[55]=-225292;[56]=-225329;[57]=-225382;[58]=-225438;[59]=-225508;[60]=-225585;[61]=-225685;[62]=-225780;[63]=-225855;[64]=-225975;[65]=-226087;[66]=-226208;[67]=-226335;[68]=-226466;[69]=-226582;[70]=-226735;[71]=-226893;[72]=-227015;[73]=-227180;[74]=-227340
1393,RECAL 3 0 9999 -330 64 4 80,0,9999,-330,0,64,4,80,-394.000000,33,0,ParabolaNotDownward,1749.000000,Flat,16,-225208.000000,,,,0,
1394,RECAL 3 1 9999 -330 64 4 80,1,9999,-330,0,64,4,80,1161.000000,33,1,Ok,97106.000000,NonMono,16,-225194.000000,16.413679,16,1226.654717,7,[13]=-229020;[14]=-227105;[15]=-225821;[16]=-225194;[17]=-225276;[18]=-226012;[19]=-227474
1395,RECAL 3 0 9999 9999 64 4 80,0,9999,9999,0,64,4,80,-808.000000,33,1,Ok,9094.000000,NonMono,15,-221791.000000,14.852529,15,-748.589884,21,[5]=-225363;[6]=-224651;[7]=-224023;[8]=-223461;[9]=-223016;[10]=-222621;[11]=-222313;[12]=-222058;[13]=-221899;[14]=-221806;[15]=-221791;[16]=-221831;[17]=-221943;[18]=-222114;[19]=-222351;[20]=-222662;[21]=-223033;[22]=-223460;[23]=-223945;[24]=-224498;[25]=-225104
1396,RECAL 3 1 9999 -749 64 4 80,1,9999,-749,0,64,4,80,-1347.000000,33,1,Ok,99627.000000,NonMono,17,-221768.000000,16.498882,16,-1281.004473,7,[14]=-224061;[15]=-222528;[16]=-221783;[17]=-221768;[18]=-222541;[19]=-224076;[20]=-226381
1397,RECAL 3 0 9999 9999 64 4 80,0,9999,9999,0,64,4,80,-503.000000,33,0,ParabolaNotDownward,2817.000000,Flat,15,-224533.000000,,,,0,
1398,RECAL 3 0 9999 9999 200 4 80,0,9999,9999,0,200,4,80,-639.000000,101,1,Ok,39080.000000,NonMono,50,-224466.000000,49.624614,50,-440.501546,35,[33]=-227698;[34]=-227268;[35]=-226893;[36]=-226564;[37]=-226253;[38]=-225973;[39]=-225695;[40]=-225466;[41]=-225255;[42]=-225085;[43]=-224940;[44]=-224823;[45]=-224708;[46]=-224611;[47]=-224542;[48]=-224500;[49]=-224470;[50]=-224466;[51]=-224489;[52]=-224545;[53]=-224573;[54]=-224664;[55]=-224734;[56]=-224846;[57]=-224970;[58]=-225111;[59]=-225271;[60]=-225416;[61]=-225614;[62]=-225819;[63]=-226028;[64]=-226252;[65]=-226486;[66]=-226731;[67]=-226988
1399,RECAL 3 0 9999 -441 64 4 80,0,9999,-441,0,64,4,80,-505.000000,33,1,Ok,3011.000000,NonMono,16,-224447.000000,16.393075,16,-439.427699,17,[8]=-225142;[9]=-224996;[10]=-224859;[11]=-224735;[12]=-224641;[13]=-224565;[14]=-224528;[15]=-224487;[16]=-224447;[17]=-224451;[18]=-224486;[19]=-224516;[20]=-224586;[21]=-224677;[22]=-224773;[23]=-224897;[24]=-225038
1400,RECAL 3 1 9999 -439 64 4 80,1,9999,-439,0,64,4,80,-2227.000000,33,1,Ok,232424.000000,NonMono,16,-224456.000000,16.287231,16,-2161.851075,5,[14]=-230008;[15]=-226152;[16]=-224456;[17]=-224913;[18]=-227527
1401,RECAL 3 0 9999 9999 64 4 80,0,9999,9999,0,64,4,80,-521.000000,33,0,ParabolaNotDownward,2625.000000,Flat,15,-226159.000000,,,,0,
1402,RECAL 3 0 9999 9999 200 4 80,0,9999,9999,0,200,4,80,-657.000000,101,1,Ok,36220.000000,NonMono,49,-226133.000000,49.312848,49,-459.748608,35,[32]=-229508;[33]=-229095;[34]=-228714;[35]=-228369;[36]=-228046;[37]=-227748;[38]=-227485;[39]=-227251;[40]=-227028;[41]=-226837;[42]=-226681;[43]=-226524;[44]=-226412;[45]=-226319;[46]=-226238;[47]=-226187;[48]=-226164;[49]=-226133;[50]=-226149;[51]=-226154;[52]=-226193;[53]=-226258;[54]=-226348;[55]=-226438;[56]=-226537;[57]=-226664;[58]=-226802;[59]=-226951;[60]=-227131;[61]=-227300;[62]=-227499;[63]=-227720;[64]=-227962;[65]=-228237;[66]=-228483
1403,RECAL 3 0 9999 -460 64 4 80,0,9999,-460,0,64,4,80,-524.000000,33,0,ParabolaNotDownward,2866.000000,Flat,16,-226207.000000,,,,0,
1404,RECAL 3 1 9999 -460 64 4 80,1,9999,-460,0,64,4,80,-2844.000000,33,1,Ok,267706.000000,NonMono,16,-226201.000000,16.255608,16,-2778.977569,5,[14]=-234752;[15]=-228747;[16]=-226201;[17]=-227004;[18]=-231167
1405,RECAL 3 0 9999 9999 64 4 80,0,9999,9999,0,64,4,80,-2393.000000,33,1,Ok,90801.000000,NonMono,16,-229929.000000,16.139401,16,-2328.442395,7,[13]=-233199;[14]=-231452;[15]=-230368;[16]=-229929;[17]=-230168;[18]=-231113;[19]=-232714
1406,RECAL 3 1 9999 -2328 64 4 80,1,9999,-2328,0,64,4,80,-2835.000000,33,1,Ok,263453.000000,NonMono,16,-229935.000000,15.918658,16,-2771.325367,5,[14]=-235890;[15]=-231304;[16]=-229935;[17]=-231830;[18]=-236939
1407,RECAL 3 0 9999 9999 64 4 80,0,9999,9999,0,64,4,80,-2388.000000,33,1,Ok,95383.000000,NonMono,16,-226680.000000,15.568780,16,-2325.724879,7,[13]=-228930;[14]=-227465;[15]=-226710;[16]=-226680;[17]=-227321;[18]=-228669;[19]=-230735
1408,RECAL 3 1 9999 -2326 64 4 80,1,9999,-2326,0,64,4,80,-2214.000000,33,1,Ok,247781.000000,NonMono,15,-226388.000000,15.387482,15,-2152.450071,5,[13]=-232226;[14]=-228260;[15]=-226388;[16]=-226628;[17]=-228987
1409,RECAL 3 0 9999 9999 64 4 80,0,9999,9999,0,64,4,80,-2463.000000,33,1,Ok,100409.000000,NonMono,16,-228588.000000,15.551688,16,-2400.793246,7,[13]=-230889;[14]=-229384;[15]=-228597;[16]=-228588;[17]=-229264;[18]=-230674;[19]=-232826
1410,RECAL 3 1 9999 -2401 64 4 80,1,9999,-2401,0,64,4,80,-1334.000000,33,1,Ok,97148.000000,NonMono,16,-228402.000000,16.307496,16,-1268.770016,7,[13]=-232396;[14]=-230334;[15]=-229016;[16]=-228402;[17]=-228546;[18]=-229449;[19]=-231064
1411,RECAL 3 0 9999 9999 64 4 80,0,9999,9999,0,64,4,80,-2371.000000,33,1,Ok,90054.000000,NonMono,16,-226409.000000,15.815574,16,-2307.737706,7,[13]=-229114;[14]=-227528;[15]=-226614;[16]=-226409;[17]=-226874;[18]=-228011;[19]=-229830
1412,RECAL 3 1 9999 -2308 64 4 80,1,9999,-2308,0,64,4,80,1175.000000,33,1,Ok,107905.000000,NonMono,16,-226416.000000,15.679795,16,1237.719179,7,[13]=-228819;[14]=-227349;[15]=-226537;[16]=-226416;[17]=-226996;[18]=-228276;[19]=-230300
1413,RECAL 3 0 9999 9999 64 4 80,0,9999,9999,0,64,4,80,-2426.000000,33,1,Ok,95273.000000,NonMono,15,-230589.000000,15.481947,15,-2364.072212,7,[12]=-234536;[13]=-232569;[14]=-231246;[15]=-230589;[16]=-230591;[17]=-231303;[18]=-232650
1414,RECAL 3 1 9999 -2364 64 4 80,1,9999,-2364,0,64,4,80,2069.000000,33,1,Ok,261147.000000,NonMono,16,-230529.000000,15.873493,16,2132.493970,5,[14]=-233826;[15]=-231249;[16]=-230529;[17]=-231746;[18]=-234900
1415,RECAL 3 0 9999 9999 64 4 80,0,9999,9999,0,64,4,80,-2361.000000,33,1,Ok,80602.000000,NonMono,16,-233849.000000,15.810340,16,-2297.758638,7,[13]=-236188;[14]=-234798;[15]=-234045;[16]=-233849;[17]=-234253;[18]=-235277;[19]=-236896
1416,RECAL 3 1 9999 -2298 64 4 80,1,9999,-2298,0,64,4,80,2690.000000,33,1,Ok,261710.000000,NonMono,16,-233840.000000,16.006469,16,2754.025875,5,[14]=-239535;[15]=-235264;[16]=-233840;[17]=-235246;[18]=-239614
1417,RECAL 3 0 9999 9999 64 4 80,0,9999,9999,0,64,4,80,2151.000000,33,1,Ok,125045.000000,NonMono,16,-229991.000000,15.648989,16,2213.595958,7,[13]=-232888;[14]=-231105;[15]=-230111;[16]=-229991;[17]=-230721;[18]=-232338;[19]=-234811
1418,RECAL 3 1 9999 2214 64 4 80,1,9999,2214,0,64,4,80,-2727.000000,33,1,Ok,265699.000000,NonMono,16,-229815.000000,15.772041,16,-2663.911835,5,[14]=-235761;[15]=-230870;[16]=-229815;[17]=-232612;[18]=-239208
1419,RECAL 3 0 9999 9999 64 4 80,0,9999,9999,0,64,4,80,2074.000000,33,1,Ok,118548.000000,NonMono,16,-223488.000000,15.685837,16,2136.743348,7,[13]=-226409;[14]=-224624;[15]=-223642;[16]=-223488;[17]=-224171;[18]=-225660;[19]=-227994
1420,RECAL 3 1 9999 2137 64 4 80,1,9999,2137,0,64,4,80,-2133.000000,33,1,Ok,253139.000000,NonMono,16,-223434.000000,16.093857,16,-2068.624571,5,[14]=-228557;[15]=-224838;[16]=-223434;[17]=-224401;[18]=-227702
1421,RECAL 3 0 9999 9999 64 4 80,0,9999,9999,0,64,4,80,2134.000000,33,1,Ok,132768.000000,NonMono,15,-222917.000000,15.427228,15,2195.708911,7,[12]=-227956;[13]=-225415;[14]=-223737;[15]=-222917;[16]=-222982;[17]=-223941;[18]=-225780
1422,RECAL 3 1 9999 2196 64 4 80,1,9999,2196,0,64,4,80,-1265.000000,33,1,Ok,110018.000000,NonMono,16,-222841.000000,16.484426,16,-1199.062297,7,[13]=-227506;[14]=-225154;[15]=-223592;[16]=-222841;[17]=-222846;[18]=-223617;[19]=-225144
1423,RECAL 3 0 9999 9999 64 4 80,0,9999,9999,0,64,4,80,2060.000000,33,1,Ok,121357.000000,NonMono,15,-219654.000000,15.474160,15,2121.896641,7,[12]=-224449;[13]=-222073;[14]=-220443;[15]=-219654;[16]=-219677;[17]=-220541;[18]=-222243
1424,RECAL 3 1 9999 2122 64 4 80,1,9999,2122,0,64,4,80,1175.000000,33,1,Ok,115391.000000,NonMono,16,-219586.000000,15.572133,16,1237.288533,7,[13]=-222206;[14]=-220522;[15]=-219635;[16]=-219586;[17]=-220344;[18]=-221971;[19]=-224428
1425,RECAL 3 0 9999 9999 64 4 80,0,9999,9999,0,64,4,80,2143.000000,33,1,Ok,135066.000000,NonMono,15,-221487.000000,15.314653,15,2204.258612,7,[12]=-226213;[13]=-223789;[14]=-222174;[15]=-221487;[16]=-221643;[17]=-222696;[18]=-224667
1426,RECAL 3 1 9999 2204 64 4 80,1,9999,2204,0,64,4,80,2027.000000,33,1,Ok,260835.000000,NonMono,15,-220713.000000,15.201087,15,2087.804348,5,[13]=-226409;[14]=-222381;[15]=-220713;[16]=-221428;[17]=-224506
1427,RECAL 3 0 9999 9999 64 4 80,0,9999,9999,0,64,4,80,2130.000000,33,1,Ok,133120.000000,NonMono,15,-225609.000000,15.124826,15,2190.499303,7,[12]=-229673;[13]=-227496;[14]=-226134;[15]=-225609;[16]=-225938;[17]=-227109;[18]=-229194
1428,RECAL 3 1 9999 2190 64 4 80,1,9999,2190,0,64,4,80,2616.000000,33,1,Ok,270023.000000,NonMono,16,-225583.000000,15.687568,16,2678.750271,17,[8]=-340774;[9]=-312964;[10]=-288923;[11]=-268589;[12]=-252216;[13]=-239758;[14]=-231187;[15]=-226432;[16]=-225583;[17]=-228645;[18]=-235486;[19]=-246396;[20]=-261151;[21]=-279704;[22]=-301858;[23]=-327182;[24]=-355181
1429,RECAL 3 0 9999 9999 64 4 80,0,9999,9999,0,64,4,80,-217.000000,33,0,ParabolaNotDownward,368.000000,Flat,15,-223177.000000,,,,0,
1430,RECAL 3 0 9999 9999 200 4 80,0,9999,9999,0,200,4,80,-353.000000,101,1,Ok,8459.000000,NonMono,47,-223182.000000,48.397196,48,-159.411216,33,[31]=-223818;[32]=-223724;[33]=-223652;[34]=-223572;[35]=-223510;[36]=-223474;[37]=-223428;[38]=-223383;[39]=-223339;[40]=-223329;[41]=-223288;[42]=-223269;[43]=-223252;[44]=-223227;[45]=-223204;[46]=-223203;[47]=-223182;[48]=-223189;[49]=-223194;[50]=-223200;[51]=-223205;[52]=-223219;[53]=-223220;[54]=-223228;[55]=-223245;[56]=-223251;[57]=-223272;[58]=-223299;[59]=-223322;[60]=-223355;[61]=-223360;[62]=-223380;[63]=-223417
1431,RECAL 3 0 9999 -159 64 4 80,0,9999,-159,0,64,4,80,-223.000000,33,0,ParabolaNotDownward,502.000000,Flat,14,-223177.000000,,,,0,
1432,RECAL 3 1 9999 -161 64 4 80,1,9999,-161,0,64,4,80,2645.000000,33,1,Ok,272592.000000,NonMono,16,-223196.000000,15.613976,16,2707.455904,17,[8]=-338721;[9]=-310548;[10]=-286194;[11]=-266067;[12]=-249537;[13]=-236982;[14]=-228400;[15]=-223817;[16]=-223196;[17]=-226561;[18]=-233946;[19]=-245290;[20]=-260443;[21]=-279342;[22]=-301760;[23]=-327167;[24]=-355108
1433,RECAL 3 0 9999 9999 64 4 80,0,9999,9999,0,64,4,80,165.000000,33,0,ParabolaNotDownward,1084.000000,Flat,16,-224367.000000,,,,0,
1434,RECAL 3 0 9999 9999 200 4 80,0,9999,9999,0,200,4,80,29.000000,101,1,Ok,17574.000000,NonMono,49,-224310.000000,49.960549,50,228.842197,33,[33]=-225019;[34]=-224961;[35]=-224895;[36]=-224824;[37]=-224769;[38]=-224699;[39]=-224667;[40]=-224613;[41]=-224575;[42]=-224534;[43]=-224473;[44]=-224435;[45]=-224398;[46]=-224377;[47]=-224375;[48]=-224335;[49]=-224310;[50]=-224314;[51]=-224319;[52]=-224336;[53]=-224371;[54]=-224402;[55]=-224438;[56]=-224465;[57]=-224510;[58]=-224589;[59]=-224647;[60]=-224723;[61]=-224807;[62]=-224905;[63]=-225000;[64]=-225124;[65]=-225274
1435,RECAL 3 0 9999 229 64 4 80,0,9999,229,0,64,4,80,165.000000,33,0,ParabolaNotDownward,1105.000000,Flat,16,-224298.000000,,,,0,
1436,RECAL 3 1 9999 229 64 4 80,1,9999,229,0,64,4,80,2063.000000,33,1,Ok,257778.000000,NonMono,16,-224304.000000,15.510435,16,2125.041739,5,[14]=-226778;[15]=-224315;[16]=-224304;[17]=-226733;[18]=-231682
1437,RECAL 3 0 9999 9999 64 4 80,0,9999,9999,0,64,4,80,-654.000000,33,1,Ok,7527.000000,NonMono,16,-221049.000000,16.017576,16,-589.929698,23,[5]=-224478;[6]=-223872;[7]=-223306;[8]=-222823;[9]=-222391;[10]=-222025;[11]=-221727;[12]=-221478;[13]=-221291;[14]=-221166;[15]=-221073;[16]=-221049;[17]=-221065;[18]=-221165;[19]=-221283;[20]=-221453;[21]=-221655;[22]=-221926;[23]=-222242;[24]=-222586;[25]=-222985;[26]=-223448;[27]=-223909
1438,RECAL 3 1 9999 -590 64 4 80,1,9999,-590,0,64,4,80,1236.000000,33,1,Ok,126952.000000,NonMono,15,-221029.000000,15.478932,15,1297.915730,7,[12]=-226460;[13]=-223737;[14]=-221930;[15]=-221029;[16]=-221068;[17]=-221976;[18]=-223836
1439,RECAL 3 0 9999 9999 64 4 80,0,9999,9999,0,64,4,80,16.000000,33,0,ParabolaNotDownward,210.000000,Flat,17,-221128.000000,,,,0,
1440,RECAL 3 0 9999 9999 200 4 80,0,9999,9999,0,200,4,80,-120.000000,101,1,Ok,5405.000000,NonMono,48,-221119.000000,49.946720,50,79.786880,33,[32]=-221175;[33]=-221169;[34]=-221183;[35]=-221174;[36]=-221172;[37]=-221167;[38]=-221162;[39]=-221157;[40]=-221140;[41]=-221132;[42]=-221125;[43]=-221148;[44]=-221146;[45]=-221160;[46]=-221131;[47]=-221142;[48]=-221119;[49]=-221127;[50]=-221134;[51]=-221119;[52]=-221126;[53]=-221132;[54]=-221124;[55]=-221135;[56]=-221151;[57]=-221157;[58]=-221159;[59]=-221158;[60]=-221187;[61]=-221222;[62]=-221223;[63]=-221247;[64]=-221263
1441,RECAL 3 0 9999 80 64 4 80,0,9999,80,0,64,4,80,16.000000,33,0,ParabolaNotDownward,235.000000,Flat,17,-221093.000000,,,,0,
1442,RECAL 3 1 9999 77 64 4 80,1,9999,77,0,64,4,80,-1198.000000,33,1,Ok,92938.000000,NonMono,16,-221131.000000,15.976466,16,-1134.094135,7,[13]=-224279;[14]=-222502;[15]=-221457;[16]=-221131;[17]=-221484;[18]=-222560;[19]=-224336
1443,RECAL 3 0 9999 9999 64 4 80,0,9999,9999,0,64,4,80,-591.000000,33,1,Ok,5361.000000,NonMono,16,-225654.000000,15.808073,16,-527.767708,27,[3]=-229098;[4]=-228554;[5]=-228078;[6]=-227625;[7]=-227230;[8]=-226869;[9]=-226586;[10]=-226316;[11]=-226111;[12]=-225922;[13]=-225801;[14]=-225709;[15]=-225663;[16]=-225654;[17]=-225680;[18]=-225734;[19]=-225846;[20]=-225983;[21]=-226160;[22]=-226330;[23]=-226575;[24]=-226854;[25]=-227135;[26]=-227479;[27]=-227826;[28]=-228240;[29]=-228653
1444,RECAL 3 1 9999 -528 64 4 80,1,9999,-528,0,64,4,80,-2093.000000,33,1,Ok,251141.000000,NonMono,16,-225610.000000,16.108997,16,-2028.564013,5,[14]=-230571;[15]=-226967;[16]=-225610;[17]=-226482;[18]=-229633
1445,RECAL 3 0 9999 9999 64 4 80,0,9999,9999,0,64,4,80,260.000000,33,0,ParabolaNotDownward,2935.000000,Flat,12,-230760.000000,,,,0,
1446,RECAL 3 0 9999 9999 200 4 80,0,9999,9999,0,200,4,80,124.000000,101,1,Ok,30676.000000,NonMono,46,-230664.000000,45.410293,45,305.641170,43,[25]=-232325;[26]=-232197;[27]=-232068;[28]=-231944;[29]=-231802;[30]=-231689;[31]=-231571;[32]=-231465;[33]=-231377;[34]=-231271;[35]=-231174;[36]=-231094;[37]=-231002;[38]=-230937;[39]=-230869;[40]=-230826;[41]=-230774;[42]=-230742;[43]=-230715;[44]=-230668;[45]=-230669;[46]=-230664;[47]=-230680;[48]=-230695;[49]=-230744;[50]=-230792;[51]=-230844;[52]=-230915;[53]=-231014;[54]=-231111;[55]=-231237;[56]=-231369;[57]=-231504;[58]=-231673;[59]=-231845;[60]=-232053;[61]=-232271;[62]=-232493;[63]=-232746;[64]=-233010;[65]=-233277;[66]=-233601;[67]=-233929
1447,RECAL 3 0 9999 306 64 4 80,0,9999,306,0,64,4,80,242.000000,33,0,ParabolaNotDownward,1710.000000,Flat,16,-230616.000000,,,,0,
1448,RECAL 3 1 9999 305 64 4 80,1,9999,305,0,64,4,80,-2698.000000,33,1,Ok,265113.000000,NonMono,16,-230600.000000,15.950558,16,-2634.197768,5,[14]=-237620;[15]=-232279;[16]=-230600;[17]=-232654;[18]=-238421
1449,RECAL 3 0 9999 9999 64 4 80,0,9999,9999,0,64,4,80,-2238.000000,33,1,Ok,104678.000000,NonMono,16,-238538.000000,16.384770,16,-2172.460920,7,[13]=-242886;[14]=-240688;[15]=-239197;[16]=-238538;[17]=-238626;[18]=-239485;[19]=-241117
1450,RECAL 3 1 9999 -2172 64 4 80,1,9999,-2172,0,64,4,80,-2733.000000,33,1,Ok,257302.000000,NonMono,16,-238460.000000,16.417115,16,-2667.331540,17,[8]=-369386;[9]=-339901;[10]=-314350;[11]=-292504;[12]=-274561;[13]=-260064;[14]=-249145;[15]=-241978;[16]=-238460;[17]=-238698;[18]=-242740;[19]=-250569;[20]=-262132;[21]=-277490;[22]=-296638;[23]=-319392;[24]=-345628
1451,RECAL 3 0 9999 9999 64 4 80,0,9999,9999,0,64,4,80,-2305.000000,33,1,Ok,110770.000000,NonMono,16,-229402.000000,15.962602,16,-2241.149593,7,[13]=-233099;[14]=-231023;[15]=-229785;[16]=-229402;[17]=-229838;[18]=-231150;[19]=-233265
1452,RECAL 3 1 9999 -2241 64 4 80,1,9999,-2241,0,64,4,80,-2141.000000,33,1,Ok,254426.000000,NonMono,16,-229437.000000,16.312165,16,-2075.751339,5,[14]=-235319;[15]=-231276;[16]=-229437;[17]=-229873;[18]=-232645
1453,RECAL 3 0 9999 9999 64 4 80,0,9999,9999,0,64,4,80,-2251.000000,33,1,Ok,107993.000000,NonMono,16,-230163.000000,16.258211,16,-2185.967154,7,[13]=-234488;[14]=-232238;[15]=-230803;[16]=-230163;[17]=-230365;[18]=-231400;[19]=-233191
1454,RECAL 3 1 9999 -2186 64 4 80,1,9999,-2186,0,64,4,80,-1279.000000,33,1,Ok,113148.000000,NonMono,17,-229916.000000,16.794409,17,-1211.822365,7,[14]=-232934;[15]=-231146;[16]=-230142;[17]=-229916;[18]=-230459;[19]=-231764;[20]=-233835
1455,RECAL 3 0 9999 9999 64 4 80,0,9999,9999,0,64,4,80,-2319.000000,33,1,Ok,120876.000000,NonMono,16,-229616.000000,15.519021,16,-2256.923917,7,[13]=-232305;[14]=-230532;[15]=-229632;[16]=-229616;[17]=-230469;[18]=-232179;[19]=-234736
1456,RECAL 3 1 9999 -2257 64 4 80,1,9999,-2257,0,64,4,80,1160.000000,33,1,Ok,110029.000000,NonMono,16,-229503.000000,15.711943,16,1222.847771,7,[13]=-232351;[14]=-230624;[15]=-229676;[16]=-229503;[17]=-230129;[18]=-231558;[19]=-233782
1457,RECAL 3 0 9999 9999 64 4 80,0,9999,9999,0,64,4,80,-2240.000000,33,1,Ok,106618.000000,NonMono,16,-228765.000000,15.774559,16,-2176.901764,7,[13]=-231878;[14]=-230004;[15]=-228979;[16]=-228765;[17]=-229330;[18]=-230710;[19]=-232874
1458,RECAL 3 1 9999 -2177 64 4 80,1,9999,-2177,0,64,4,80,2018.000000,33,1,Ok,257969.000000,NonMono,15,-227363.000000,14.910928,15,2077.643712,5,[13]=-231603;[14]=-228329;[15]=-227363;[16]=-228750;[17]=-232475
1459,RECAL 3 0 9999 9999 64 4 80,0,9999,9999,0,64,4,80,-2255.000000,33,1,Ok,107262.000000,NonMono,16,-232798.000000,15.627526,16,-2192.489897,7,[13]=-235461;[14]=-233773;[15]=-232901;[16]=-232798;[17]=-233498;[18]=-234953;[19]=-237258
1460,RECAL 3 1 9999 -2192 64 4 80,1,9999,-2192,0,64,4,80,2608.000000,33,1,Ok,263120.000000,NonMono,16,-232768.000000,15.590416,16,2670.361665,17,[8]=-341971;[9]=-315129;[10]=-292063;[11]=-272769;[12]=-257269;[13]=-245502;[14]=-237478;[15]=-233221;[16]=-232768;[17]=-236061;[18]=-243203;[19]=-254169;[20]=-268713;[21]=-287209;[22]=-309210;[23]=-334298;[24]=-361871
1461,RECAL 3 0 9999 9999 64 4 80,0,9999,9999,0,64,4,80,2218.000000,33,1,Ok,86007.000000,NonMono,16,-242279.000000,16.006736,16,2282.026943,9,[12]=-247226;[13]=-245041;[14]=-243489;[15]=-242579;[16]=-242279;[17]=-242583;[18]=-243478;[19]=-245047;[20]=-247275
1462,RECAL 3 1 9999 2282 64 4 80,1,9999,2282,0,64,4,80,-2915.000000,33,1,Ok,252877.000000,NonMono,16,-242244.000000,16.502339,17,-2848.990646,17,[8]=-359806;[9]=-334455;[10]=-311577;[11]=-291830;[12]=-275239;[13]=-262006;[14]=-252090;[15]=-245492;[16]=-242244;[17]=-242276;[18]=-245619;[19]=-252291;[20]=-262261;[21]=-275514;[22]=-292091;[23]=-311823;[24]=-334741
1463,RECAL 3 0 9999 9999 64 4 80,0,9999,9999,0,64,4,80,2140.000000,33,1,Ok,86125.000000,NonMono,16,-231624.000000,15.778921,16,2203.115686,7,[13]=-233891;[14]=-232535;[15]=-231790;[16]=-231624;[17]=-232034;[18]=-233096;[19]=-234729
1464,RECAL 3 1 9999 2203 64 4 80,1,9999,2203,0,64,4,80,-2286.000000,33,1,Ok,242124.000000,NonMono,17,-231420.000000,16.594109,17,-2219.623566,5,[15]=-233881;[16]=-231599;[17]=-231420;[18]=-233286;[19]=-237255
1465,RECAL 3 0 9999 9999 64 4 80,0,9999,9999,0,64,4,80,2249.000000,33,1,Ok,103087.000000,NonMono,15,-226697.000000,15.176341,15,2309.705364,7,[12]=-230022;[13]=-228251;[14]=-227150;[15]=-226697;[16]=-226913;[17]=-227802;[18]=-229379
1466,RECAL 3 1 9999 2310 64 4 80,1,9999,2310,0,64,4,80,-1397.000000,33,1,Ok,107949.000000,NonMono,16,-226690.000000,16.427422,16,-1331.290314,7,[13]=-231171;[14]=-228906;[15]=-227387;[16]=-226690;[17]=-226743;[18]=-227558;[19]=-229134
1467,RECAL 3 0 9999 9999 64 4 80,0,9999,9999,0,64,4,80,2160.000000,33,1,Ok,92998.000000,NonMono,15,-232436.000000,15.263824,15,2221.055298,7,[12]=-235662;[13]=-233985;[14]=-232905;[15]=-232436;[16]=-232568;[17]=-233360;[18]=-234727
1468,RECAL 3 1 9999 2221 64 4 80,1,9999,2221,0,64,4,80,1169.000000,33,1,Ok,99449.000000,NonMono,15,-232066.000000,14.937199,15,1228.748797,7,[12]=-234832;[13]=-233284;[14]=-232343;[15]=-232066;[16]=-232434;[17]=-233460;[18]=-235141
1469,RECAL 3 0 9999 9999 64 4 80,0,9999,9999,0,64,4,80,2267.000000,33,1,Ok,94678.000000,NonMono,16,-235739.000000,15.758468,16,2330.033872,7,[13]=-238202;[14]=-236733;[15]=-235890;[16]=-235739;[17]=-236225;[18]=-237367;[19]=-239194
1470,RECAL 3 1 9999 2330 64 4 80,1,9999,2330,0,64,4,80,2099.000000,33,1,Ok,238849.000000,NonMono,15,-235151.000000,15.212041,15,2159.848163,5,[13]=-240022;[14]=-236577;[15]=-235151;[16]=-235724;[17]=-238298
1471,RECAL 3 0 9999 9999 64 4 80,0,9999,9999,0,64,4,80,2284.000000,33,1,Ok,91323.000000,NonMono,16,-237869.000000,15.706593,16,2346.826374,7,[13]=-240176;[14]=-238758;[15]=-237998;[16]=-237869;[17]=-238370;[18]=-239543;[19]=-241376
1472,RECAL 3 1 9999 2347 64 4 80,1,9999,2347,0,64,4,80,2742.000000,33,1,Ok,259342.000000,NonMono,15,-235925.000000,14.922506,15,2801.690023,5,[13]=-241877;[14]=-237305;[15]=-235925;[16]=-237820;[17]=-242978
1473,RECAL 3 0 9999 9999 64 4 80,0,9999,9999,0,64,4,80,-384.000000,33,0,ParabolaNotDownward,1629.000000,Flat,11,-238761.000000,,,,0,
1474,RECAL 3 0 9999 9999 200 4 80,0,9999,9999,0,200,4,80,-520.000000,101,1,Ok,13924.000000,NonMono,44,-238760.000000,44.280194,44,-342.879226,47,[21]=-241885;[22]=-241598;[23]=-241313;[24]=-241063;[25]=-240834;[26]=-240616;[27]=-240399;[28]=-240197;[29]=-240001;[30]=-239825;[31]=-239675;[32]=-239532;[33]=-239401;[34]=-239291;[35]=-239174;[36]=-239089;[37]=-239007;[38]=-238958;[39]=-238885;[40]=-238858;[41]=-238802;[42]=-238802;[43]=-238767;[44]=-238760;[45]=-238760;[46]=-238772;[47]=-238798;[48]=-238826;[49]=-238855;[50]=-238900;[51]=-238954;[52]=-239022;[53]=-239088;[54]=-239142;[55]=-239211;[56]=-239307;[57]=-239370;[58]=-239463;[59]=-239565;[60]=-239680;[61]=-239791;[62]=-239900;[63]=-240014;[64]=-240144;[65]=-240276;[66]=-240401;[67]=-240533
1475,RECAL 3 0 9999 -343 64 4 80,0,9999,-343,0,64,4,80,-407.000000,33,0,ParabolaNotDownward,1379.000000,Flat,15,-238772.000000,,,,0,
1476,RECAL 3 1 9999 -342 64 4 80,1,9999,-342,0,64,4,80,2785.000000,33,1,Ok,259046.000000,NonMono,15,-236282.000000,14.724022,15,2843.896089,5,[13]=-241027;[14]=-237006;[15]=-236282;[16]=-238774;[17]=-244449
1477,RECAL 3 0 9999 9999 64 4 80,0,9999,9999,0,64,4,80,-539.000000,33,1,Ok,4096.000000,NonMono,19,-235295.000000,18.801136,19,-463.795458,17,[11]=-235945;[12]=-235787;[13]=-235639;[14]=-235522;[15]=-235440;[16]=-235379;[17]=-235334;[18]=-235315;[19]=-235295;[20]=-235320;[21]=-235336;[22]=-235387;[23]=-235460;[24]=-235529;[25]=-235641;[26]=-235761;[27]=-235874
1478,RECAL 3 1 9999 -464 64 4 80,1,9999,-464,0,64,4,80,2157.000000,33,1,Ok,246311.000000,NonMono,15,-234205.000000,14.973711,15,2216.894843,5,[13]=-238208;[14]=-235169;[15]=-234205;[16]=-235275;[17]=-238408
1479,RECAL 3 0 9999 9999 64 4 80,0,9999,9999,0,64,4,80,-910.000000,33,1,Ok,10699.000000,NonMono,15,-231957.000000,15.543571,16,-847.825717,17,[7]=-235050;[8]=-234330;[9]=-233746;[10]=-233242;[11]=-232803;[12]=-232469;[13]=-232199;[14]=-232033;[15]=-231957;[16]=-231966;[17]=-232015;[18]=-232180;[19]=-232428;[20]=-232716;[21]=-233122;[22]=-233577;[23]=-234087
1480,RECAL 3 1 9999 -848 64 4 80,1,9999,-848,0,64,4,80,1267.000000,33,1,Ok,107166.000000,NonMono,15,-231819.000000,15.373594,15,1328.494375,7,[12]=-236006;[13]=-233887;[14]=-232476;[15]=-231819;[16]=-231915;[17]=-232788;[18]=-234414
1481,RECAL 3 0 9999 9999 64 4 80,0,9999,9999,0,64,4,80,-613.000000,33,1,Ok,4654.000000,NonMono,17,-229543.000000,16.477205,16,-547.091181,29,[3]=-232589;[4]=-232135;[5]=-231722;[6]=-231341;[7]=-230987;[8]=-230702;[9]=-230432;[10]=-230214;[11]=-230036;[12]=-229884;[13]=-229747;[14]=-229651;[15]=-229576;[16]=-229556;[17]=-229543;[18]=-229569;[19]=-229655;[20]=-229735;[21]=-229853;[22]=-230001;[23]=-230168;[24]=-230356;[25]=-230597;[26]=-230817;[27]=-231119;[28]=-231433;[29]=-231727;[30]=-232067;[31]=-232452
1482,RECAL 3 1 9999 -547 64 4 80,1,9999,-547,0,64,4,80,-1297.000000,33,1,Ok,90965.000000,NonMono,16,-229539.000000,16.199776,16,-1232.200895,7,[13]=-232903;[14]=-231134;[15]=-229999;[16]=-229539;[17]=-229736;[18]=-230602;[19]=-232094
1483,RECAL 3 0 9999 9999 64 4 80,0,9999,9999,0,64,4,80,-966.000000,33,1,Ok,12721.000000,NonMono,15,-232742.000000,14.771843,15,-906.912626,17,[7]=-235650;[8]=-234939;[9]=-234319;[10]=-233833;[11]=-233409;[12]=-233107;[13]=-232875;[14]=-232748;[15]=-232742;[16]=-232804;[17]=-232973;[18]=-233205;[19]=-233566;[20]=-233986;[21]=-234484;[22]=-235098;[23]=-235785
1484,RECAL 3 1 9999 -907 64 4 80,1,9999,-907,0,64,4,80,-2229.000000,33,1,Ok,237484.000000,NonMono,17,-232350.000000,16.698843,17,-2162.204627,5,[15]=-235115;[16]=-232749;[17]=-232350;[18]=-233942;[19]=-237508
1485,RECAL 3 0 9999 9999 64 4 80,0,9999,9999,0,64,4,80,-746.000000,33,1,Ok,7111.000000,NonMono,18,-235037.000000,17.596321,18,-675.614717,27,[5]=-238553;[6]=-238014;[7]=-237509;[8]=-237031;[9]=-236616;[10]=-236266;[11]=-235978;[12]=-235714;[13]=-235496;[14]=-235308;[15]=-235186;[16]=-235078;[17]=-235054;[18]=-235037;[19]=-235071;[20]=-235156;[21]=-235275;[22]=-235428;[23]=-235627;[24]=-235837;[25]=-236136;[26]=-236435;[27]=-236773;[28]=-237150;[29]=-237575;[30]=-238020;[31]=-238496
1486,RECAL 3 1 9999 -676 64 4 80,1,9999,-676,0,64,4,80,-2869.000000,33,1,Ok,261054.000000,NonMono,17,-234078.000000,16.794348,17,-2801.822609,5,[15]=-239296;[16]=-235019;[17]=-234078;[18]=-236349;[19]=-241879
1487,RECAL 3 0 9999 9999 64 4 80,0,9999,9999,0,64,4,80,-2513.000000,33,1,Ok,92455.000000,NonMono,17,-238999.000000,16.561575,17,-2446.753699,7,[14]=-241206;[15]=-239786;[16]=-239055;[17]=-238999;[18]=-239643;[19]=-240957;[20]=-242907
1488,RECAL 3 1 9999 -2447 64 4 80,1,9999,-2447,0,64,4,80,-2884.000000,33,1,Ok,255852.000000,NonMono,16,-238945.000000,16.520161,17,-2817.919355,17,[8]=-354406;[9]=-329402;[10]=-307008;[11]=-287648;[12]=-271428;[13]=-258414;[14]=-248665;[15]=-242190;[16]=-238945;[17]=-238957;[18]=-242183;[19]=-248601;[20]=-258181;[21]=-270958;[22]=-286864;[23]=-305929;[24]=-328077
1489,RECAL 3 0 9999 9999 64 4 80,0,9999,9999,0,64,4,80,-2585.000000,33,1,Ok,108567.000000,NonMono,17,-234758.000000,17.077905,17,-2516.688382,7,[14]=-238169;[15]=-236289;[16]=-235174;[17]=-234758;[18]=-235041;[19]=-236074;[20]=-237805
1490,RECAL 3 1 9999 -2517 64 4 80,1,9999,-2517,0,64,4,80,-2248.000000,33,1,Ok,234541.000000,NonMono,16,-234748.000000,16.417146,16,-2182.331416,5,[14]=-240476;[15]=-236608;[16]=-234748;[17]=-234924;[18]=-237100
1491,RECAL 3 0 9999 9999 64 4 80,0,9999,9999,0,64,4,80,-2489.000000,33,1,Ok,96462.000000,NonMono,17,-233568.000000,16.729003,17,-2422.083987,7,[14]=-236064;[15]=-234566;[16]=-233729;[17]=-233568;[18]=-234085;[19]=-235325;[20]=-237201
1492,RECAL 3 1 9999 -2422 64 4 80,1,9999,-2422,0,64,4,80,-1337.000000,33,1,Ok,98089.000000,NonMono,16,-233555.000000,16.516955,17,-1270.932178,7,[13]=-237807;[14]=-235686;[15]=-234261;[16]=-233555;[17]=-233555;[18]=-234215;[19]=-235565
1493,RECAL 3 0 9999 9999 64 4 80,0,9999,9999,0,64,4,80,-2570.000000,33,1,Ok,110672.000000,NonMono,17,-236469.000000,17.349804,17,-2500.600785,7,[14]=-240425;[15]=-238391;[16]=-237071;[17]=-236469;[18]=-236569;[19]=-237387;[20]=-238869
1494,RECAL 3 1 9999 -2501 64 4 80,1,9999,-2501,0,64,4,80,1230.000000,33,1,Ok,102920.000000,NonMono,15,-236066.000000,15.004178,15,1290.016712,7,[12]=-239229;[13]=-237489;[14]=-236429;[15]=-236066;[16]=-236434;[17]=-237505;[18]=-239325
1495,RECAL 3 0 9999 9999 64 4 80,0,9999,9999,0,64,4,80,-2471.000000,33,1,Ok,92970.000000,NonMono,17,-237565.000000,16.758549,17,-2403.965803,7,[14]=-239972;[15]=-238520;[16]=-237725;[17]=-237565;[18]=-238029;[19]=-239135;[20]=-240884
1496,RECAL 3 1 9999 -2404 64 4 80,1,9999,-2404,0,64,4,80,2133.000000,33,1,Ok,243279.000000,NonMono,15,-236545.000000,15.007602,15,2193.030410,5,[13]=-240593;[14]=-237556;[15]=-236545;[16]=-237528;[17]=-240553
1497,RECAL 3 0 9999 9999 64 4 80,0,9999,9999,0,64,4,80,-2454.000000,33,1,Ok,89492.000000,NonMono,17,-239586.000000,16.930120,17,-2386.279521,9,[13]=-244175;[14]=-242143;[15]=-240704;[16]=-239848;[17]=-239586;[18]=-239925;[19]=-240863;[20]=-242378;[21]=-244462
1498,RECAL 3 1 9999 -2386 64 4 80,1,9999,-2386,0,64,4,80,2766.000000,33,1,Ok,257021.000000,NonMono,15,-238356.000000,15.106363,15,2826.425450,5,[13]=-245368;[14]=-240288;[15]=-238356;[16]=-239613;[17]=-244002
1499,RECAL 3 0 9999 9999 64 4 80,0,9999,9999,0,64,4,80,2355.000000,33,1,Ok,86802.000000,NonMono,16,-236058.000000,16.299450,16,2420.197802,7,[13]=-239543;[14]=-237746;[15]=-236568;[16]=-236058;[17]=-236188;[18]=-236978;[19]=-238450
1500,RECAL 3 1 9999 2420 64 4 80,1,9999,2420,0,64,4,80,-2848.000000,33,1,Ok,258917.000000,NonMono,16,-235983.000000,16.130183,16,-2783.479270,5,[14]=-243370;[15]=-238045;[16]=-235983;[17]=-237193;[18]=-241649
1501,RECAL 3 0 9999 9999 64 4 80,0,9999,9999,0,64,4,80,2271.000000,33,1,Ok,86044.000000,NonMono,16,-235768.000000,16.401271,16,2336.605084,7,[13]=-239432;[14]=-237586;[15]=-236357;[16]=-235768;[17]=-235831;[18]=-236575;[19]=-237982
1502,RECAL 3 1 9999 2337 64 4 80,1,9999,2337,0,64,4,80,-2215.000000,33,1,Ok,236510.000000,NonMono,16,-235711.000000,15.943083,16,-2151.227667,5,[14]=-239602;[15]=-236634;[16]=-235711;[17]=-236876;[18]=-240122
1503,RECAL 3 0 9999 9999 64 4 80,0,9999,9999,0,64,4,80,2373.000000,33,1,Ok,112387.000000,NonMono,15,-231529.000000,15.122784,15,2433.491137,7,[12]=-234987;[13]=-233131;[14]=-231979;[15]=-231529;[16]=-231794;[17]=-232798;[18]=-234488
1504,RECAL 3 1 9999 2433 64 4 80,1,9999,2433,0,64,4,80,-1297.000000,33,1,Ok,88900.000000,NonMono,16,-231551.000000,15.800156,16,-1233.799377,7,[13]=-234189;[14]=-232633;[15]=-231770;[16]=-231551;[17]=-232013;[18]=-233181;[19]=-234961
1505,RECAL 3 0 9999 9999 64 4 80,0,9999,9999,0,64,4,80,2315.000000,33,1,Ok,95532.000000,NonMono,16,-225575.000000,16.028093,16,2379.112370,7,[13]=-228735;[14]=-227018;[15]=-225929;[16]=-225575;[17]=-225908;[18]=-226971;[19]=-228764
1506,RECAL 3 1 9999 2379 64 4 80,1,9999,2379,0,64,4,80,1246.000000,33,1,Ok,111365.000000,NonMono,15,-225450.000000,15.345646,15,1307.382583,7,[12]=-229786;[13]=-227546;[14]=-226120;[15]=-225450;[16]=-225569;[17]=-226475;[18]=-228182
1507,RECAL 3 0 9999 9999 64 4 80,0,9999,9999,0,64,4,80,2380.000000,33,1,Ok,98843.000000,NonMono,16,-226127.000000,16.177340,16,2444.709359,7,[13]=-229758;[14]=-227830;[15]=-226623;[16]=-226127;[17]=-226359;[18]=-227336;[19]=-229034
1508,RECAL 3 1 9999 2445 64 4 80,1,9999,2445,0,64,4,80,2134.000000,33,1,Ok,254088.000000,NonMono,15,-225416.000000,15.159337,15,2194.637346,5,[13]=-230453;[14]=-226851;[15]=-225416;[16]=-226158;[17]=-229050
1509,RECAL 3 0 9999 9999 64 4 80,0,9999,9999,0,64,4,80,2318.000000,33,1,Ok,89234.000000,NonMono,16,-228096.000000,16.190281,16,2382.761125,7,[13]=-231464;[14]=-229669;[15]=-228535;[16]=-228096;[17]=-228284;[18]=-229169;[19]=-230744
1510,RECAL 3 1 9999 2383 64 4 80,1,9999,2383,0,64,4,80,2757.000000,33,1,Ok,267347.000000,NonMono,16,-228028.000000,15.501418,16,2819.005672,17,[8]=-320511;[9]=-297868;[10]=-278165;[11]=-261587;[12]=-248242;[13]=-238193;[14]=-231466;[15]=-228091;[16]=-228028;[17]=-231424;[18]=-238212;[19]=-248523;[20]=-262330;[21]=-279620;[22]=-300573;[23]=-324870;[24]=-352264
1511,RECAL 3 0 9999 9999 64 4 80,0,9999,9999,0,64,4,80,102.000000,33,0,ParabolaNotDownward,329.000000,Flat,16,-229040.000000,,,,0,
1512,RECAL 3 0 9999 9999 200 4 80,0,9999,9999,0,200,4,80,-34.000000,101,1,Ok,6884.000000,NonMono,53,-229035.000000,51.769755,52,173.079019,33,[37]=-229246;[38]=-229222;[39]=-229192;[40]=-229169;[41]=-229153;[42]=-229139;[43]=-229130;[44]=-229123;[45]=-229106;[46]=-229083;[47]=-229069;[48]=-229056;[49]=-229047;[50]=-229043;[51]=-229064;[52]=-229052;[53]=-229035;[54]=-229052;[55]=-229056;[56]=-229070;[57]=-229088;[58]=-229106;[59]=-229132;[60]=-229157;[61]=-229160;[62]=-229206;[63]=-229246;[64]=-229267;[65]=-229320;[66]=-229369;[67]=-229434;[68]=-229495;[69]=-229550
1513,RECAL 3 0 9999 173 64 4 80,0,9999,173,0,64,4,80,109.000000,33,0,ParabolaNotDownward,435.000000,Flat,16,-229021.000000,,,,0,
1514,RECAL 3 1 9999 175 64 4 80,1,9999,175,0,64,4,80,2762.000000,33,1,Ok,265551.000000,NonMono,16,-229044.000000,15.526825,16,2824.107299,17,[8]=-322034;[9]=-299270;[10]=-279458;[11]=-262881;[12]=-249497;[13]=-239418;[14]=-232705;[15]=-229191;[16]=-229044;[17]=-232291;[18]=-238912;[19]=-248943;[20]=-262417;[21]=-279315;[22]=-299585;[23]=-322950;[24]=-349634
1515,RECAL 3 0 9999 9999 64 4 80,0,9999,9999,0,64,4,80,540.000000,33,1,Ok,5187.000000,NonMono,16,-228153.000000,16.223248,16,604.892991,27,[3]=-231135;[4]=-230714;[5]=-230340;[6]=-229978;[7]=-229654;[8]=-229346;[9]=-229087;[10]=-228846;[11]=-228635;[12]=-228479;[13]=-228337;[14]=-228236;[15]=-228187;[16]=-228153;[17]=-228162;[18]=-228211;[19]=-228299;[20]=-228427;[21]=-228596;[22]=-228802;[23]=-229046;[24]=-229342;[25]=-229684;[26]=-230032;[27]=-230466;[28]=-230939;[29]=-231455
1516,RECAL 3 1 9999 605 64 4 80,1,9999,605,0,64,4,80,2139.000000,33,1,Ok,249702.000000,NonMono,15,-227802.000000,15.349043,15,2200.396170,5,[13]=-233609;[14]=-229651;[15]=-227802;[16]=-228152;[17]=-230609
1517,RECAL 3 0 9999 9999 64 4 80,0,9999,9999,0,64,4,80,53.000000,33,0,ParabolaNotDownward,545.000000,Flat,31,-225707.000000,,,,0,
1518,RECAL 3 0 9999 9999 200 4 80,0,9999,9999,0,200,4,80,-83.000000,101,1,Ok,3930.000000,NonMono,66,-225724.000000,63.479576,63,170.918303,33,[50]=-225894;[51]=-225869;[52]=-225858;[53]=-225834;[54]=-225809;[55]=-225793;[56]=-225786;[57]=-225779;[58]=-225743;[59]=-225741;[60]=-225733;[61]=-225732;[62]=-225733;[63]=-225742;[64]=-225733;[65]=-225735;[66]=-225724;[67]=-225733;[68]=-225764;[69]=-225786;[70]=-225772;[71]=-225835;[72]=-225853;[73]=-225888;[74]=-225926;[75]=-225965;[76]=-226021;[77]=-226085;[78]=-226158;[79]=-226224;[80]=-226311;[81]=-226389;[82]=-226475
1519,RECAL 3 0 9999 171 64 4 80,0,9999,171,0,64,4,80,107.000000,33,0,ParabolaNotDownward,542.000000,Flat,16,-225693.000000,,,,0,
1520,RECAL 3 1 9999 170 64 4 80,1,9999,170,0,64,4,80,1255.000000,33,1,Ok,109189.000000,NonMono,16,-225713.000000,15.513011,16,1317.052043,7,[13]=-228087;[14]=-226510;[15]=-225725;[16]=-225713;[17]=-226486;[18]=-228044;[19]=-230395
1521,RECAL 3 0 9999 9999 64 4 80,0,9999,9999,0,64,4,80,486.000000,33,1,Ok,4702.000000,NonMono,16,-227172.000000,15.963379,16,549.853516,27,[3]=-229599;[4]=-229246;[5]=-228932;[6]=-228633;[7]=-228350;[8]=-228125;[9]=-227893;[10]=-227700;[11]=-227539;[12]=-227408;[13]=-227304;[14]=-227239;[15]=-227192;[16]=-227172;[17]=-227188;[18]=-227235;[19]=-227324;[20]=-227416;[21]=-227575;[22]=-227782;[23]=-227995;[24]=-228284;[25]=-228581;[26]=-228917;[27]=-229281;[28]=-229714;[29]=-230206
1522,RECAL 3 1 9999 550 64 4 80,1,9999,550,0,64,4,80,-1290.000000,33,1,Ok,85522.000000,NonMono,16,-227166.000000,15.737351,16,-1227.050596,7,[13]=-229672;[14]=-228166;[15]=-227330;[16]=-227166;[17]=-227681;[18]=-228817;[19]=-230595
1523,RECAL 3 0 9999 9999 64 4 80,0,9999,9999,0,64,4,80,-509.000000,33,0,ParabolaNotDownward,2446.000000,Flat,14,-228058.000000,,,,0,
1524,RECAL 3 0 9999 9999 200 4 80,0,9999,9999,0,200,4,80,-645.000000,101,1,Ok,32491.000000,NonMono,48,-228003.000000,48.281453,48,-451.874187,35,[31]=-231270;[32]=-230876;[33]=-230512;[34]=-230182;[35]=-229855;[36]=-229586;[37]=-229329;[38]=-229108;[39]=-228898;[40]=-228717;[41]=-228548;[42]=-228417;[43]=-228296;[44]=-228198;[45]=-228120;[46]=-228062;[47]=-228038;[48]=-228003;[49]=-228009;[50]=-228048;[51]=-228096;[52]=-228158;[53]=-228232;[54]=-228327;[55]=-228417;[56]=-228544;[57]=-228660;[58]=-228807;[59]=-228976;[60]=-229154;[61]=-229359;[62]=-229551;[63]=-229759;[64]=-229992;[65]=-230240
1525,RECAL 3 0 9999 -452 64 4 80,0,9999,-452,0,64,4,80,-516.000000,33,0,ParabolaNotDownward,2778.000000,Flat,16,-228009.000000,,,,0,
1526,RECAL 3 1 9999 -452 64 4 80,1,9999,-452,0,64,4,80,-2210.000000,33,1,Ok,234718.000000,NonMono,16,-228003.000000,16.047845,16,-2145.808620,5,[14]=-232268;[15]=-229132;[16]=-228003;[17]=-228929;[18]=-231797
1527,RECAL 3 0 9999 9999 64 4 80,0,9999,9999,0,64,4,80,414.000000,33,1,Ok,3175.000000,NonMono,20,-233150.000000,19.446183,19,491.784731,17,[12]=-233684;[13]=-233557;[14]=-233429;[15]=-233333;[16]=-233272;[17]=-233195;[18]=-233162;[19]=-233158;[20]=-233150;[21]=-233167;[22]=-233211;[23]=-233283;[24]=-233368;[25]=-233477;[26]=-233615;[27]=-233787;[28]=-233973
1528,RECAL 3 1 9999 492 64 4 80,1,9999,492,0,64,4,80,-2844.000000,33,1,Ok,261503.000000,NonMono,16,-233124.000000,16.369467,16,-2778.522131,5,[14]=-241933;[15]=-235906;[16]=-233124;[17]=-233532;[18]=-237128
1529,RECAL 3 0 9999 9999 64 4 80,0,9999,9999,0,64,4,80,-2388.000000,33,1,Ok,76031.000000,NonMono,16,-241562.000000,16.129524,16,-2323.481904,9,[12]=-246477;[13]=-244374;[14]=-242863;[15]=-241925;[16]=-241562;[17]=-241776;[18]=-242563;[19]=-243923;[20]=-245872
1530,RECAL 3 1 9999 -2323 64 4 80,1,9999,-2323,0,64,4,80,-2871.000000,33,1,Ok,254086.000000,NonMono,16,-241550.000000,16.040820,16,-2806.836722,5,[14]=-248109;[15]=-243251;[16]=-241550;[17]=-242997;[18]=-247625
1531,RECAL 3 0 9999 9999 64 4 80,0,9999,9999,0,64,4,80,-2465.000000,33,1,Ok,87902.000000,NonMono,16,-235089.000000,16.303250,16,-2399.787000,7,[13]=-238589;[14]=-236787;[15]=-235605;[16]=-235089;[17]=-235209;[18]=-235996;[19]=-237362
1532,RECAL 3 1 9999 -2400 64 4 80,1,9999,-2400,0,64,4,80,-2246.000000,33,1,Ok,234731.000000,NonMono,16,-235065.000000,16.239143,16,-2181.043428,5,[14]=-240071;[15]=-236568;[16]=-235065;[17]=-235603;[18]=-238124
1533,RECAL 3 0 9999 9999 64 4 80,0,9999,9999,0,64,4,80,-2372.000000,33,1,Ok,83838.000000,NonMono,16,-234100.000000,16.447426,16,-2306.210297,7,[13]=-237743;[14]=-235900;[15]=-234709;[16]=-234100;[17]=-234148;[18]=-234789;[19]=-236042
1534,RECAL 3 1 9999 -2306 64 4 80,1,9999,-2306,0,64,4,80,-1353.000000,33,1,Ok,91877.000000,NonMono,16,-234099.000000,15.838844,16,-1289.644622,7,[13]=-237089;[14]=-235341;[15]=-234345;[16]=-234099;[17]=-234569;[18]=-235779;[19]=-237665
1535,RECAL 3 0 9999 9999 64 4 80,0,9999,9999,0,64,4,80,-2425.000000,33,1,Ok,89914.000000,NonMono,17,-229432.000000,16.591595,17,-2358.633619,7,[14]=-231493;[15]=-230186;[16]=-229467;[17]=-229432;[18]=-229991;[19]=-231228;[20]=-233073
1536,RECAL 3 1 9999 -2359 64 4 80,1,9999,-2359,0,64,4,80,1190.000000,33,1,Ok,99472.000000,NonMono,15,-229292.000000,15.378218,15,1251.512871,7,[12]=-233070;[13]=-231161;[14]=-229875;[15]=-229292;[16]=-229377;[17]=-230153;[18]=-231670
1537,RECAL 3 0 9999 9999 64 4 80,0,9999,9999,0,64,4,80,-2361.000000,33,1,Ok,83578.000000,NonMono,16,-231899.000000,16.392911,16,-2295.428355,7,[13]=-235368;[14]=-233588;[15]=-232448;[16]=-231899;[17]=-231967;[18]=-232629;[19]=-233924
1538,RECAL 3 1 9999 -2295 64 4 80,1,9999,-2295,0,64,4,80,2099.000000,33,1,Ok,247365.000000,NonMono,15,-231438.000000,15.296500,15,2160.186001,5,[13]=-236600;[14]=-233039;[15]=-231438;[16]=-231859;[17]=-234282
1539,RECAL 3 0 9999 9999 64 4 80,0,9999,9999,0,64,4,80,-2424.000000,33,1,Ok,83216.000000,NonMono,16,-231833.000000,16.151494,16,-2359.394022,7,[13]=-234872;[14]=-233252;[15]=-232201;[16]=-231833;[17]=-232025;[18]=-232858;[19]=-234269
1540,RECAL 3 1 9999 -2359 64 4 80,1,9999,-2359,0,64,4,80,2731.000000,33,1,Ok,263440.000000,NonMono,15,-231066.000000,15.277791,15,2792.111163,5,[13]=-239286;[14]=-233585;[15]=-231066;[16]=-231799;[17]=-235762
1541,RECAL 3 0 9999 9999 64 4 80,0,9999,9999,0,64,4,80,2264.000000,33,1,Ok,124500.000000,NonMono,16,-231403.000000,15.593002,16,2326.372009,7,[13]=-234133;[14]=-232381;[15]=-231476;[16]=-231403;[17]=-232167;[18]=-233827;[19]=-236378
1542,RECAL 3 1 9999 2326 64 4 80,1,9999,2326,0,64,4,80,-2843.000000,33,1,Ok,264664.000000,NonMono,16,-231259.000000,16.008733,16,-2778.965069,5,[14]=-237988;[15]=-232953;[16]=-231259;[17]=-232905;[18]=-237956
1543,RECAL 3 0 9999 9999 64 4 80,0,9999,9999,0,64,4,80,2181.000000,33,1,Ok,120545.000000,NonMono,15,-226958.000000,15.206180,15,2241.824722,7,[12]=-231157;[13]=-228930;[14]=-227545;[15]=-226958;[16]=-227184;[17]=-228283;[18]=-230188
1544,RECAL 3 1 9999 2242 64 4 80,1,9999,2242,0,64,4,80,-2217.000000,33,1,Ok,238767.000000,NonMono,16,-226955.000000,16.351407,16,-2151.594372,5,[14]=-232475;[15]=-228692;[16]=-226955;[17]=-227252;[18]=-229654
1545,RECAL 3 0 9999 9999 64 4 80,0,9999,9999,0,64,4,80,2254.000000,33,1,Ok,126395.000000,NonMono,15,-225207.000000,15.472705,15,2315.890820,7,[12]=-230293;[13]=-227752;[14]=-226051;[15]=-225207;[16]=-225235;[17]=-226134;[18]=-227900
1546,RECAL 3 1 9999 2316 64 4 80,1,9999,2316,0,64,4,80,-1305.000000,33,1,Ok,90168.000000,NonMono,16,-225117.000000,15.682900,16,-1242.268398,7,[13]=-227576;[14]=-226064;[15]=-225226;[16]=-225117;[17]=-225677;[18]=-226934;[19]=-228892
1547,RECAL 3 0 9999 9999 64 4 80,0,9999,9999,0,64,4,80,2156.000000,33,1,Ok,122416.000000,NonMono,15,-226477.000000,14.975517,15,2215.902068,7,[12]=-230048;[13]=-228061;[14]=-226860;[15]=-226477;[16]=-226898;[17]=-228171;[18]=-230254
1548,RECAL 3 1 9999 2216 64 4 80,1,9999,2216,0,64,4,80,1232.000000,33,1,Ok,110804.000000,NonMono,15,-226299.000000,15.285331,15,1293.141323,7,[12]=-230400;[13]=-228270;[14]=-226905;[15]=-226299;[16]=-226466;[17]=-227411;[18]=-229159
1549,RECAL 3 0 9999 9999 64 4 80,0,9999,9999,0,64,4,80,2230.000000,33,1,Ok,120715.000000,NonMono,15,-230919.000000,15.452222,15,2291.808887,7,[12]=-235715;[13]=-233329;[14]=-231699;[15]=-230919;[16]=-230963;[17]=-231850;[18]=-233578
1550,RECAL 3 1 9999 2292 64 4 80,1,9999,2292,0,64,4,80,2119.000000,33,1,Ok,245500.000000,NonMono,15,-230431.000000,15.314811,15,2180.259244,5,[13]=-236083;[14]=-232169;[15]=-230431;[16]=-230812;[17]=-233406
1551,RECAL 3 0 9999 9999 64 4 80,0,9999,9999,0,64,4,80,2206.000000,33,1,Ok,109421.000000,NonMono,16,-236720.000000,15.755878,16,2269.023513,7,[13]=-239811;[14]=-237956;[15]=-236929;[16]=-236720;[17]=-237333;[18]=-238726;[19]=-240947
1552,RECAL 3 1 9999 2269 64 4 80,1,9999,2269,0,64,4,80,2738.000000,33,1,Ok,261075.000000,NonMono,15,-235103.000000,15.053781,15,2798.215123,5,[13]=-242436;[14]=-237028;[15]=-235103;[16]=-236651;[17]=-241661
1553,RECAL 3 0 9999 9999 64 4 80,0,9999,9999,0,64,4,80,134.000000,33,0,ParabolaNotDownward,1178.000000,Flat,12,-245742.000000,,,,0,
1554,RECAL 3 0 9999 9999 200 4 80,0,9999,9999,0,200,4,80,-2.000000,101,1,Ok,13091.000000,NonMono,46,-245740.000000,43.691250,44,172.765001,33,[30]=-245950;[31]=-245936;[32]=-245909;[33]=-245882;[34]=-245860;[35]=-245842;[36]=-245821;[37]=-245792;[38]=-245783;[39]=-245769;[40]=-245756;[41]=-245750;[42]=-245755;[43]=-245757;[44]=-245749;[45]=-245744;[46]=-245740;[47]=-245751;[48]=-245760;[49]=-245789;[50]=-245809;[51]=-245840;[52]=-245869;[53]=-245905;[54]=-245952;[55]=-245998;[56]=-246030;[57]=-246110;[58]=-246170;[59]=-246257;[60]=-246298;[61]=-246384;[62]=-246483
1555,RECAL 3 0 9999 173 64 4 80,0,9999,173,0,64,4,80,109.000000,33,0,ParabolaNotDownward,549.000000,Flat,17,-245730.000000,,,,0,
1556,RECAL 3 1 9999 170 64 4 80,1,9999,170,0,64,4,80,2765.000000,33,1,Ok,250827.000000,NonMono,15,-245201.000000,15.341943,15,2826.367772,17,[7]=-366827;[8]=-339455;[9]=-315593;[10]=-295204;[11]=-278150;[12]=-264606;[13]=-254728;[14]=-248215;[15]=-245201;[16]=-245705;[17]=-249732;[18]=-257121;[19]=-268009;[20]=-282192;[21]=-299628;[22]=-319736;[23]=-342401
1557,RECAL 3 0 9999 9999 64 4 80,0,9999,9999,0,64,4,80,291.000000,33,0,ParabolaNotDownward,1961.000000,Flat,17,-235688.000000,,,,0,
1558,RECAL 3 0 9999 9999 200 4 80,0,9999,9999,0,200,4,80,155.000000,101,1,Ok,29927.000000,NonMono,51,-235690.000000,51.044677,51,359.178709,39,[32]=-237853;[33]=-237655;[34]=-237467;[35]=-237276;[36]=-237118;[37]=-236945;[38]=-236770;[39]=-236615;[40]=-236478;[41]=-236359;[42]=-236240;[43]=-236136;[44]=-236015;[45]=-235935;[46]=-235854;[47]=-235786;[48]=-235741;[49]=-235708;[50]=-235704;[51]=-235690;[52]=-235690;[53]=-235729;[54]=-235749;[55]=-235797;[56]=-235880;[57]=-235953;[58]=-236061;[59]=-236209;[60]=-236344;[61]=-236507;[62]=-236693;[63]=-236900;[64]=-237130;[65]=-237380;[66]=-237645;[67]=-237945;[68]=-238286;[69]=-238609;[70]=-238983
1559,RECAL 3 0 9999 359 64 4 80,0,9999,359,0,64,4,80,295.000000,33,0,ParabolaNotDownward,2278.000000,Flat,16,-235684.000000,,,,0,
1560,RECAL 3 1 9999 359 64 4 80,1,9999,359,0,64,4,80,2155.000000,33,1,Ok,246786.000000,NonMono,15,-234828.000000,15.094238,15,2215.376952,5,[13]=-239651;[14]=-236127;[15]=-234828;[16]=-235709;[17]=-238794
1561,RECAL 3 0 9999 9999 64 4 80,0,9999,9999,0,64,4,80,-548.000000,33,1,Ok,4332.000000,NonMono,15,-232583.000000,15.892876,16,-484.428497,27,[2]=-235835;[3]=-235359;[4]=-234929;[5]=-234515;[6]=-234151;[7]=-233856;[8]=-233586;[9]=-233317;[10]=-233120;[11]=-232940;[12]=-232810;[13]=-232697;[14]=-232613;[15]=-232583;[16]=-232583;[17]=-232588;[18]=-232638;[19]=-232724;[20]=-232802;[21]=-232950;[22]=-233078;[23]=-233259;[24]=-233459;[25]=-233690;[26]=-233929;[27]=-234184;[28]=-234475
1562,RECAL 3 1 9999 -484 64 4 80,1,9999,-484,0,64,4,80,1289.000000,33,1,Ok,113317.000000,NonMono,16,-232582.000000,15.659002,16,1351.636008,7,[13]=-235313;[14]=-233617;[15]=-232700;[16]=-232582;[17]=-233262;[18]=-234748;[19]=-237101
1563,RECAL 3 0 9999 9999 64 4 80,0,9999,9999,0,64,4,80,436.000000,33,1,Ok,4831.000000,NonMono,16,-229803.000000,15.892913,16,499.571651,27,[3]=-232196;[4]=-231860;[5]=-231533;[6]=-231246;[7]=-230990;[8]=-230735;[9]=-230500;[10]=-230336;[11]=-230161;[12]=-230027;[13]=-229923;[14]=-229846;[15]=-229813;[16]=-229803;[17]=-229812;[18]=-229879;[19]=-229974;[20]=-230068;[21]=-230228;[22]=-230411;[23]=-230671;[24]=-230934;[25]=-231259;[26]=-231611;[27]=-231987;[28]=-232440;[29]=-232922
1564,RECAL 3 1 9999 500 64 4 80,1,9999,500,0,64,4,80,-1241.000000,33,1,Ok,79215.000000,NonMono,16,-229822.000000,16.053826,16,-1176.784695,9,[12]=-234893;[13]=-232706;[14]=-231120;[15]=-230149;[16]=-229822;[17]=-230095;[18]=-230973;[19]=-232498;[20]=-234599
1565,RECAL 3 0 9999 9999 64 4 80,0,9999,9999,0,64,4,80,-381.000000,33,0,ParabolaNotDownward,2232.000000,Flat,12,-232859.000000,,,,0,
1566,RECAL 3 0 9999 9999 200 4 80,0,9999,9999,0,200,4,80,-517.000000,101,1,Ok,21378.000000,NonMono,44,-232865.000000,44.651410,45,-338.394360,39,[25]=-236057;[26]=-235703;[27]=-235380;[28]=-235060;[29]=-234770;[30]=-234524;[31]=-234287;[32]=-234066;[33]=-233881;[34]=-233700;[35]=-233529;[36]=-233397;[37]=-233276;[38]=-233171;[39]=-233087;[40]=-232999;[41]=-232953;[42]=-232907;[43]=-232884;[44]=-232865;[45]=-232865;[46]=-232871;[47]=-232898;[48]=-232937;[49]=-232980;[50]=-233041;[51]=-233085;[52]=-233156;[53]=-233237;[54]=-233343;[55]=-233467;[56]=-233568;[57]=-233700;[58]=-233834;[59]=-233972;[60]=-234090;[61]=-234240;[62]=-234420;[63]=-234569
1567,RECAL 3 0 9999 -338 64 4 80,0,9999,-338,0,64,4,80,-402.000000,33,0,ParabolaNotDownward,2029.000000,Flat,16,-232832.000000,,,,0,
1568,RECAL 3 1 9999 -338 64 4 80,1,9999,-338,0,64,4,80,-2182.000000,33,1,Ok,230367.000000,NonMono,16,-232843.000000,16.462605,16,-2116.149581,5,[14]=-238478;[15]=-234697;[16]=-232843;[17]=-232917;[18]=-234902
1569,RECAL 3 0 9999 9999 64 4 80,0,9999,9999,0,64,4,80,524.000000,33,1,Ok,5418.000000,NonMono,16,-235519.000000,16.585150,17,590.340600,27,[3]=-238935;[4]=-238498;[5]=-238056;[6]=-237656;[7]=-237278;[8]=-236929;[9]=-236645;[10]=-236370;[11]=-236126;[12]=-235945;[13]=-235777;[14]=-235657;[15]=-235573;[16]=-235519;[17]=-235530;[18]=-235563;[19]=-235631;[20]=-235746;[21]=-235941;[22]=-236140;[23]=-236405;[24]=-236711;[25]=-237054;[26]=-237451;[27]=-237907;[28]=-238397;[29]=-238932
1570,RECAL 3 1 9999 590 64 4 80,1,9999,590,0,64,4,80,-2816.000000,33,1,Ok,260052.000000,NonMono,16,-235498.000000,16.077581,16,-2751.689676,5,[14]=-242424;[15]=-237360;[16]=-235498;[17]=-236887;[18]=-241705
1571,RECAL 3 0 9999 9999 64 4 80,0,9999,9999,0,64,4,80,-2268.000000,33,1,Ok,90072.000000,NonMono,16,-243428.000000,16.107717,16,-2203.569133,7,[13]=-246805;[14]=-245000;[15]=-243858;[16]=-243428;[17]=-243708;[18]=-244723;[19]=-246443
1572,RECAL 3 1 9999 -2204 64 4 80,1,9999,-2204,0,64,4,80,-2860.000000,33,1,Ok,251909.000000,NonMono,16,-243409.000000,16.485505,16,-2794.057980,17,[8]=-353298;[9]=-329797;[10]=-308890;[11]=-290671;[12]=-275353;[13]=-262783;[14]=-253178;[15]=-246696;[16]=-243409;[17]=-243467;[18]=-246945;[19]=-253969;[20]=-264477;[21]=-278695;[22]=-296747;[23]=-318569;[24]=-344191
1573,RECAL 3 0 9999 9999 64 4 80,0,9999,9999,0,64,4,80,-2354.000000,33,1,Ok,97911.000000,NonMono,16,-239248.000000,16.091466,16,-2289.634135,7,[13]=-243009;[14]=-240968;[15]=-239714;[16]=-239248;[17]=-239556;[18]=-240685;[19]=-242554
1574,RECAL 3 1 9999 -2290 64 4 80,1,9999,-2290,0,64,4,80,-2236.000000,33,1,Ok,240239.000000,NonMono,16,-239234.000000,15.966728,16,-2172.133086,5,[14]=-243087;[15]=-240193;[16]=-239234;[17]=-240338;[18]=-243445
1575,RECAL 3 0 9999 9999 64 4 80,0,9999,9999,0,64,4,80,-2284.000000,33,1,Ok,95373.000000,NonMono,17,-235697.000000,16.576127,17,-2217.695493,7,[14]=-238011;[15]=-236517;[16]=-235739;[17]=-235697;[18]=-236356;[19]=-237735;[20]=-239852
1576,RECAL 3 1 9999 -2218 64 4 80,1,9999,-2218,0,64,4,80,-1341.000000,33,1,Ok,94516.000000,NonMono,17,-235579.000000,16.572706,17,-1274.709176,7,[14]=-237840;[15]=-236369;[16]=-235635;[17]=-235579;[18]=-236224;[19]=-237590;[20]=-239662
1577,RECAL 3 0 9999 9999 64 4 80,0,9999,9999,0,64,4,80,-2382.000000,33,1,Ok,104925.000000,NonMono,17,-239787.000000,16.682428,17,-2315.270288,7,[14]=-242654;[15]=-240916;[16]=-239955;[17]=-239787;[18]=-240450;[19]=-241893;[20]=-244054
1578,RECAL 3 1 9999 -2315 64 4 80,1,9999,-2315,0,64,4,80,1196.000000,33,1,Ok,97972.000000,NonMono,16,-239733.000000,15.547921,16,1258.191685,7,[13]=-241938;[14]=-240524;[15]=-239774;[16]=-239733;[17]=-240423;[18]=-241789;[19]=-243867
1579,RECAL 3 0 9999 9999 64 4 80,0,9999,9999,0,64,4,80,-2307.000000,33,1,Ok,95446.000000,NonMono,17,-239870.000000,16.535232,17,-2240.859074,7,[14]=-242075;[15]=-240645;[16]=-239915;[17]=-239870;[18]=-240573;[19]=-241950;[20]=-244032
1580,RECAL 3 1 9999 -2241 64 4 80,1,9999,-2241,0,64,4,80,2097.000000,33,1,Ok,237784.000000,NonMono,15,-239472.000000,15.340596,15,2158.362383,5,[13]=-244861;[14]=-241181;[15]=-239472;[16]=-239808;[17]=-242217
1581,RECAL 3 0 9999 9999 64 4 80,0,9999,9999,0,64,4,80,-2329.000000,33,1,Ok,94715.000000,NonMono,16,-246508.000000,16.431973,16,-2263.272107,7,[13]=-250628;[14]=-248538;[15]=-247161;[16]=-246508;[17]=-246548;[18]=-247304;[19]=-248754
1582,RECAL 3 1 9999 -2263 64 4 80,1,9999,-2263,0,64,4,80,2720.000000,33,1,Ok,250076.000000,NonMono,15,-245546.000000,15.234126,15,2780.936504,5,[13]=-253609;[14]=-247937;[15]=-245546;[16]=-246407;[17]=-250643
1583,RECAL 3 0 9999 9999 64 4 80,0,9999,9999,0,64,4,80,2362.000000,33,1,Ok,106553.000000,NonMono,16,-234160.000000,15.681310,16,2424.725241,7,[13]=-236724;[14]=-235152;[15]=-234289;[16]=-234160;[17]=-234772;[18]=-236139;[19]=-238295
1584,RECAL 3 1 9999 2425 64 4 80,1,9999,2425,0,64,4,80,-2914.000000,33,1,Ok,260252.000000,NonMono,16,-234057.000000,16.072808,16,-2849.708768,5,[14]=-240959;[15]=-235895;[16]=-234057;[17]=-235440;[18]=-240167
1585,RECAL 3 0 9999 9999 64 4 80,0,9999,9999,0,64,4,80,2354.000000,33,1,Ok,110670.000000,NonMono,15,-228734.000000,15.452005,15,2415.808021,7,[12]=-233094;[13]=-230901;[14]=-229457;[15]=-228734;[16]=-228770;[17]=-229572;[18]=-231125
1586,RECAL 3 1 9999 2416 64 4 80,1,9999,2416,0,64,4,80,-2282.000000,33,1,Ok,239734.000000,NonMono,16,-228687.000000,16.086907,16,-2217.652373,5,[14]=-232995;[15]=-229845;[16]=-228687;[17]=-229510;[18]=-232417
1587,RECAL 3 0 9999 9999 64 4 80,0,9999,9999,0,64,4,80,2351.000000,33,1,Ok,108711.000000,NonMono,16,-225044.000000,15.624335,16,2413.497341,7,[13]=-227574;[14]=-225971;[15]=-225134;[16]=-225044;[17]=-225701;[18]=-227151;[19]=-229382
1588,RECAL 3 1 9999 2413 64 4 80,1,9999,2413,0,64,4,80,-1368.000000,33,1,Ok,90738.000000,NonMono,16,-225007.000000,15.773997,16,-1304.904012,7,[13]=-227690;[14]=-226092;[15]=-225183;[16]=-225007;[17]=-225512;[18]=-226717;[19]=-228640
1589,RECAL 3 0 9999 9999 64 4 80,0,9999,9999,0,64,4,80,2237.000000,33,1,Ok,90251.000000,NonMono,16,-223979.000000,16.279482,16,2302.117929,7,[13]=-227575;[14]=-225698;[15]=-224525;[16]=-223979;[17]=-224134;[18]=-224969;[19]=-226497
1590,RECAL 3 1 9999 2302 64 4 80,1,9999,2302,0,64,4,80,1213.000000,33,1,Ok,98216.000000,NonMono,15,-223892.000000,15.427543,15,1274.710171,7,[12]=-227722;[13]=-225786;[14]=-224529;[15]=-223892;[16]=-223953;[17]=-224671;[18]=-226083
1591,RECAL 3 0 9999 9999 64 4 80,0,9999,9999,0,64,4,80,2330.000000,33,1,Ok,101784.000000,NonMono,16,-226789.000000,15.858928,16,2393.435710,7,[13]=-229747;[14]=-228046;[15]=-227042;[16]=-226789;[17]=-227269;[18]=-228468;[19]=-230444
1592,RECAL 3 1 9999 2393 64 4 80,1,9999,2393,0,64,4,80,2131.000000,33,1,Ok,236675.000000,NonMono,15,-226713.000000,15.471361,15,2192.885444,5,[13]=-232513;[14]=-228644;[15]=-226713;[16]=-226783;[17]=-228831
1593,RECAL 3 0 9999 9999 64 4 80,0,9999,9999,0,64,4,80,2330.000000,33,1,Ok,100483.000000,NonMono,16,-229575.000000,15.664416,16,2392.657663,7,[13]=-231996;[14]=-230494;[15]=-229696;[16]=-229575;[17]=-230163;[18]=-231478;[19]=-233515
1594,RECAL 3 1 9999 2393 64 4 80,1,9999,2393,0,64,4,80,2767.000000,33,1,Ok,265286.000000,NonMono,16,-229518.000000,15.626079,16,2829.504314,5,[14]=-233542;[15]=-229913;[16]=-229518;[17]=-232309;[18]=-238311
1595,RECAL 3 0 9999 9999 64 4 80,0,9999,9999,0,64,4,80,123.000000,33,0,ParabolaNotDownward,1318.000000,Flat,32,-234021.000000,,,,0,
1596,RECAL 3 0 9999 9999 200 4 80,0,9999,9999,0,200,4,80,-13.000000,101,1,Ok,4937.000000,NonMono,65,-234037.000000,65.101480,65,247.405920,33,[49]=-234500;[50]=-234453;[51]=-234410;[52]=-234360;[53]=-234310;[54]=-234267;[55]=-234230;[56]=-234208;[57]=-234153;[58]=-234123;[59]=-234116;[60]=-234087;[61]=-234091;[62]=-234066;[63]=-234052;[64]=-234045;[65]=-234037;[66]=-234045;[67]=-234062;[68]=-234059;[69]=-234089;[70]=-234103;[71]=-234121;[72]=-234142;[73]=-234192;[74]=-234248;[75]=-234299;[76]=-234361;[77]=-234431;[78]=-234522;[79]=-234617;[80]=-234698;[81]=-234807
1597,RECAL 3 0 9999 247 64 4 80,0,9999,247,0,64,4,80,183.000000,33,0,ParabolaNotDownward,759.000000,Flat,17,-234034.000000,,,,0,
1598,RECAL 3 1 9999 248 64 4 80,1,9999,248,0,64,4,80,2751.000000,33,1,Ok,261060.000000,NonMono,16,-234017.000000,15.670998,16,2813.683990,5,[14]=-238209;[15]=-234549;[16]=-234017;[17]=-236592;[18]=-242264
1599,RECAL 3 0 9999 9999 64 4 80,0,9999,9999,0,64,4,80,253.000000,33,0,ParabolaNotDownward,1371.000000,Flat,17,-231017.000000,,,,0,
1600,RECAL 3 0 9999 9999 200 4 80,0,9999,9999,0,200,4,80,117.000000,101,1,Ok,20481.000000,NonMono,50,-231007.000000,50.280962,50,318.123849,47,[27]=-232809;[28]=-232681;[29]=-232575;[30]=-232442;[31]=-232332;[32]=-232209;[33]=-232087;[34]=-231992;[35]=-231904;[36]=-231804;[37]=-231711;[38]=-231609;[39]=-231533;[40]=-231454;[41]=-231390;[42]=-231305;[43]=-231259;[44]=-231197;[45]=-231155;[46]=-231105;[47]=-231054;[48]=-231031;[49]=-231025;[50]=-231007;[51]=-231020;[52]=-231040;[53]=-231043;[54]=-231099;[55]=-231142;[56]=-231191;[57]=-231254;[58]=-231325;[59]=-231431;[60]=-231525;[61]=-231637;[62]=-231762;[63]=-231906;[64]=-232068;[65]=-232228;[66]=-232406;[67]=-232592;[68]=-232807;[69]=-233059;[70]=-233303;[71]=-233582;[72]=-233863;[73]=-234158
1601,RECAL 3 0 9999 318 64 4 80,0,9999,318,0,64,4,80,254.000000,33,0,ParabolaNotDownward,1438.000000,Flat,16,-231040.000000,,,,0,
1602,RECAL 3 1 9999 317 64 4 80,1,9999,317,0,64,4,80,2113.000000,33,1,Ok,239210.000000,NonMono,15,-230151.000000,15.032719,15,2173.130878,5,[13]=-234016;[14]=-231140;[15]=-230151;[16]=-231024;[17]=-233830
1603,RECAL 3 0 9999 9999 64 4 80,0,9999,9999,0,64,4,80,-665.000000,33,1,Ok,5796.000000,NonMono,13,-230374.000000,13.613818,14,-610.544729,25,[1]=-233768;[2]=-233219;[3]=-232737;[4]=-232304;[5]=-231894;[6]=-231572;[7]=-231265;[8]=-231031;[9]=-230795;[10]=-230650;[11]=-230507;[12]=-230429;[13]=-230374;[14]=-230385;[15]=-230405;[16]=-230473;[17]=-230587;[18]=-230734;[19]=-230915;[20]=-231137;[21]=-231391;[22]=-231675;[23]=-231989;[24]=-232344;[25]=-232695
1604,RECAL 3 1 9999 -611 64 4 80,1,9999,-611,0,64,4,80,1179.000000,33,1,Ok,96719.000000,NonMono,15,-229973.000000,14.868066,15,1238.472263,7,[12]=-232477;[13]=-231035;[14]=-230200;[15]=-229973;[16]=-230355;[17]=-231401;[18]=-233061
1605,RECAL 3 0 9999 9999 64 4 80,0,9999,9999,0,64,4,80,370.000000,33,0,ParabolaNotDownward,2721.000000,Flat,16,-227752.000000,,,,0,
1606,RECAL 3 0 9999 9999 200 4 80,0,9999,9999,0,200,4,80,234.000000,101,1,Ok,37730.000000,NonMono,50,-227779.000000,50.417701,50,435.670805,35,[33]=-230193;[34]=-229933;[35]=-229706;[36]=-229502;[37]=-229266;[38]=-229060;[39]=-228876;[40]=-228718;[41]=-228549;[42]=-228398;[43]=-228275;[44]=-228135;[45]=-228039;[46]=-227960;[47]=-227890;[48]=-227836;[49]=-227794;[50]=-227779;[51]=-227795;[52]=-227805;[53]=-227849;[54]=-227898;[55]=-227984;[56]=-228094;[57]=-228217;[58]=-228363;[59]=-228553;[60]=-228741;[61]=-228980;[62]=-229223;[63]=-229499;[64]=-229797;[65]=-230135;[66]=-230499;[67]=-230885
1607,RECAL 3 0 9999 436 64 4 80,0,9999,436,0,64,4,80,372.000000,33,0,ParabolaNotDownward,2908.000000,Flat,16,-227759.000000,,,,0,
1608,RECAL 3 1 9999 436 64 4 80,1,9999,436,0,64,4,80,-1406.000000,33,1,Ok,94982.000000,NonMono,16,-227742.000000,15.699347,16,-1343.202614,7,[13]=-230336;[14]=-228758;[15]=-227897;[16]=-227742;[17]=-228322;[18]=-229656;[19]=-231692
1609,RECAL 3 0 9999 9999 64 4 80,0,9999,9999,0,64,4,80,400.000000,33,1,Ok,3270.000000,NonMono,15,-230574.000000,15.338873,15,461.355494,17,[7]=-231247;[8]=-231105;[9]=-230964;[10]=-230837;[11]=-230751;[12]=-230688;[13]=-230620;[14]=-230595;[15]=-230574;[16]=-230574;[17]=-230594;[18]=-230655;[19]=-230700;[20]=-230796;[21]=-230894;[22]=-231038;[23]=-231200
1610,RECAL 3 1 9999 461 64 4 80,1,9999,461,0,64,4,80,-2304.000000,33,1,Ok,241658.000000,NonMono,16,-230570.000000,16.067494,16,-2239.730023,5,[14]=-234793;[15]=-231702;[16]=-230570;[17]=-231442;[18]=-234329
1611,RECAL 3 0 9999 9999 64 4 80,0,9999,9999,0,64,4,80,442.000000,33,1,Ok,4102.000000,NonMono,13,-235475.000000,13.932947,14,497.731790,17,[5]=-236270;[6]=-236106;[7]=-235962;[8]=-235837;[9]=-235733;[10]=-235652;[11]=-235567;[12]=-235523;[13]=-235475;[14]=-235490;[15]=-235495;[16]=-235508;[17]=-235576;[18]=-235673;[19]=-235780;[20]=-235891;[21]=-236024
1612,RECAL 3 1 9999 498 64 4 80,1,9999,498,0,64,4,80,-2932.000000,33,1,Ok,259732.000000,NonMono,16,-235443.000000,15.795811,16,-2868.816758,5,[14]=-240524;[15]=-236397;[16]=-235443;[17]=-237748;[18]=-243379
1613,RECAL 3 0 9999 9999 64 4 80,0,9999,9999,0,64,4,80,-2388.000000,33,1,Ok,83478.000000,NonMono,16,-239161.000000,16.425347,16,-2322.298613,7,[13]=-242781;[14]=-240962;[15]=-239758;[16]=-239161;[17]=-239220;[18]=-239908;[19]=-241235
1614,RECAL 3 1 9999 -2322 64 4 80,1,9999,-2322,0,64,4,80,-2894.000000,33,1,Ok,256705.000000,NonMono,16,-239087.000000,15.919032,16,-2830.323871,5,[14]=-244677;[15]=-240382;[16]=-239087;[17]=-240905;[18]=-245863
1615,RECAL 3 0 9999 9999 64 4 80,0,9999,9999,0,64,4,80,-2393.000000,33,1,Ok,82549.000000,NonMono,16,-235054.000000,16.263646,16,-2327.945415,7,[13]=-238397;[14]=-236642;[15]=-235528;[16]=-235054;[17]=-235195;[18]=-235980;[19]=-237427
1616,RECAL 3 1 9999 -2328 64 4 80,1,9999,-2328,0,64,4,80,-2254.000000,33,1,Ok,235572.000000,NonMono,16,-235019.000000,15.823404,16,-2190.706383,5,[14]=-238126;[15]=-235636;[16]=-235019;[17]=-236306;[18]=-239481
1617,RECAL 3 0 9999 9999 64 4 80,0,9999,9999,0,64,4,80,-2395.000000,33,1,Ok,83146.000000,NonMono,16,-234356.000000,16.351688,16,-2329.593247,7,[13]=-237859;[14]=-236081;[15]=-234908;[16]=-234356;[17]=-234467;[18]=-235202;[19]=-236580
1618,RECAL 3 1 9999 -2330 64 4 80,1,9999,-2330,0,64,4,80,-1328.000000,33,1,Ok,78613.000000,NonMono,16,-234328.000000,16.001894,16,-1263.992423,9,[12]=-239242;[13]=-237117;[14]=-235578;[15]=-234641;[16]=-234328;[17]=-234650;[18]=-235581;[19]=-237146;[20]=-239326
1619,RECAL 3 0 9999 9999 64 4 80,0,9999,9999,0,64,4,80,-2505.000000,33,1,Ok,88530.000000,NonMono,16,-234744.000000,16.099609,16,-2440.601564,7,[13]=-238026;[14]=-236258;[15]=-235156;[16]=-234744;[17]=-235010;[18]=-236003;[19]=-237650
1620,RECAL 3 1 9999 -2441 64 4 80,1,9999,-2441,0,64,4,80,1252.000000,33,1,Ok,90287.000000,NonMono,16,-234762.000000,15.906952,16,1315.627808,7,[13]=-237545;[14]=-235953;[15]=-235016;[16]=-234762;[17]=-235147;[18]=-236223;[19]=-237998
1621,RECAL 3 0 9999 9999 64 4 80,0,9999,9999,0,64,4,80,-2416.000000,33,1,Ok,80988.000000,NonMono,16,-234815.000000,16.220475,16,-2351.118098,7,[13]=-238050;[14]=-236344;[15]=-235283;[16]=-234815;[17]=-234997;[18]=-235806;[19]=-237244
1622,RECAL 3 1 9999 -2351 64 4 80,1,9999,-2351,0,64,4,80,2157.000000,33,1,Ok,231980.000000,NonMono,16,-234780.000000,15.561986,16,2219.247944,5,[14]=-236888;[15]=-234912;[16]=-234780;[17]=-236579;[18]=-240281
1623,RECAL 3 0 9999 9999 64 4 80,0,9999,9999,0,64,4,80,-2422.000000,33,1,Ok,77916.000000,NonMono,16,-236734.000000,16.048795,16,-2357.804821,9,[12]=-241704;[13]=-239546;[14]=-238021;[15]=-237067;[16]=-236734;[17]=-237009;[18]=-237894;[19]=-239393;[20]=-241491
1624,RECAL 3 1 9999 -2358 64 4 80,1,9999,-2358,0,64,4,80,2787.000000,33,1,Ok,259074.000000,NonMono,15,-236205.000000,15.343146,15,2848.372586,5,[13]=-244392;[14]=-238788;[15]=-236205;[16]=-236695;[17]=-240256
1625,RECAL 3 0 9999 9999 64 4 80,0,9999,9999,0,64,4,80,2385.000000,33,1,Ok,117886.000000,NonMono,15,-233145.000000,14.672215,15,2443.688860,7,[12]=-235745;[13]=-234135;[14]=-233280;[15]=-233145;[16]=-233785;[17]=-235143;[18]=-237329
1626,RECAL 3 1 9999 2444 64 4 80,1,9999,2444,0,64,4,80,-2871.000000,33,1,Ok,262478.000000,NonMono,16,-233041.000000,15.924293,16,-2807.302828,5,[14]=-239166;[15]=-234441;[16]=-233041;[17]=-234962;[18]=-240294
1627,RECAL 3 0 9999 9999 64 4 80,0,9999,9999,0,64,4,80,2337.000000,33,1,Ok,118947.000000,NonMono,14,-224190.000000,14.450059,14,2394.800236,7,[11]=-228285;[12]=-226210;[13]=-224852;[14]=-224190;[15]=-224211;[16]=-224962;[17]=-226468
1628,RECAL 3 1 9999 2395 64 4 80,1,9999,2395,0,64,4,80,-2240.000000,33,1,Ok,244727.000000,NonMono,16,-224119.000000,15.849307,16,-2176.602773,5,[14]=-227540;[15]=-224812;[16]=-224119;[17]=-225435;[18]=-228840
1629,RECAL 3 0 9999 9999 64 4 80,0,9999,9999,0,64,4,80,2374.000000,33,1,Ok,115219.000000,NonMono,15,-222816.000000,14.988457,15,2433.953828,7,[12]=-226175;[13]=-224297;[14]=-223180;[15]=-222816;[16]=-223189;[17]=-224361;[18]=-226293
1630,RECAL 3 1 9999 2434 64 4 80,1,9999,2434,0,64,4,80,-1321.000000,33,1,Ok,93715.000000,NonMono,15,-222694.000000,15.330598,15,-1259.677607,7,[12]=-226554;[13]=-224577;[14]=-223286;[15]=-222694;[16]=-222827;[17]=-223643;[18]=-225149
1631,RECAL 3 0 9999 9999 64 4 80,0,9999,9999,0,64,4,80,2365.000000,33,1,Ok,115881.000000,NonMono,15,-223794.000000,14.895291,15,2424.581163,7,[12]=-226922;[13]=-225130;[14]=-224085;[15]=-223794;[16]=-224255;[17]=-225453;[18]=-227450
1632,RECAL 3 1 9999 2425 64 4 80,1,9999,2425,0,64,4,80,1241.000000,33,1,Ok,114612.000000,NonMono,15,-223279.000000,14.820553,15,1300.282212,7,[12]=-226220;[13]=-224491;[14]=-223505;[15]=-223279;[16]=-223773;[17]=-225042;[18]=-227065
1633,RECAL 3 0 9999 9999 64 4 80,0,9999,9999,0,64,4,80,2352.000000,33,1,Ok,114655.000000,NonMono,15,-227120.000000,14.909968,15,2411.639874,7,[12]=-230217;[13]=-228454;[14]=-227419;[15]=-227120;[16]=-227548;[17]=-228752;[18]=-230699
1634,RECAL 3 1 9999 2412 64 4 80,1,9999,2412,0,64,4,80,2138.000000,33,1,Ok,246795.000000,NonMono,15,-226804.000000,15.354598,15,2199.418393,5,[13]=-232500;[14]=-228624;[15]=-226804;[16]=-227132;[17]=-229576
1635,RECAL 3 0 9999 9999 64 4 80,0,9999,9999,0,64,4,80,2348.000000,33,1,Ok,111696.000000,NonMono,15,-231445.000000,14.915365,15,2407.661462,7,[12]=-234363;[13]=-232731;[14]=-231733;[15]=-231445;[16]=-231874;[17]=-233000;[18]=-234872
1636,RECAL 3 1 9999 2408 64 4 80,1,9999,2408,0,64,4,80,2768.000000,33,1,Ok,265233.000000,NonMono,15,-229996.000000,15.075328,15,2828.301312,5,[13]=-237249;[14]=-231946;[15]=-229996;[16]=-231434;[17]=-236187
1637,RECAL 3 0 9999 9999 64 4 80,0,9999,9999,0,64,4,80,62.000000,33,0,ParabolaNotDownward,941.000000,Flat,1,-239017.000000,,,,0,
1638,RECAL 3 0 9999 9999 200 4 80,0,9999,9999,0,200,4,80,-74.000000,101,1,Ok,7522.000000,NonMono,18,-238912.000000,17.474188,17,-4.103246,33,[2]=-238962;[3]=-238953;[4]=-238945;[5]=-238957;[6]=-238952;[7]=-238944;[8]=-238952;[9]=-238960;[10]=-238949;[11]=-238959;[12]=-238947;[13]=-238950;[14]=-238955;[15]=-238958;[16]=-238949;[17]=-238958;[18]=-238912;[19]=-238912;[20]=-238943;[21]=-238963;[22]=-238949;[23]=-238962;[24]=-238952;[25]=-238956;[26]=-238944;[27]=-238964;[28]=-238955;[29]=-238989;[30]=-238974;[31]=-238979;[32]=-238976;[33]=-238984;[34]=-238993
1639,RECAL 3 0 9999 -4 64 4 80,0,9999,-4,0,64,4,80,-68.000000,33,0,ParabolaNotDownward,59.000000,Flat,18,-238890.000000,,,,0,
1640,RECAL 3 1 9999 13 64 4 80,1,9999,13,0,64,4,80,2732.000000,33,1,Ok,257082.000000,NonMono,15,-238148.000000,15.270188,15,2793.080754,5,[13]=-246492;[14]=-240685;[15]=-238148;[16]=-238912;[17]=-242896
1641,RECAL 3 0 9999 9999 64 4 80,0,9999,9999,0,64,4,80,105.000000,33,0,ParabolaNotDownward,451.000000,Flat,17,-232131.000000,,,,0,
1642,RECAL 3 0 9999 9999 200 4 80,0,9999,9999,0,200,4,80,-31.000000,101,1,Ok,8054.000000,NonMono,49,-232111.000000,49.502958,50,167.011833,33,[33]=-232345;[34]=-232312;[35]=-232303;[36]=-232278;[37]=-232256;[38]=-232244;[39]=-232214;[40]=-232224;[41]=-232203;[42]=-232181;[43]=-232148;[44]=-232155;[45]=-232139;[46]=-232124;[47]=-232118;[48]=-232123;[49]=-232111;[50]=-232135;[51]=-232130;[52]=-232133;[53]=-232142;[54]=-232158;[55]=-232147;[56]=-232183;[57]=-232207;[58]=-232231;[59]=-232237;[60]=-232290;[61]=-232311;[62]=-232358;[63]=-232427;[64]=-232474;[65]=-232527
1643,RECAL 3 0 9999 167 64 4 80,0,9999,167,0,64,4,80,103.000000,33,0,ParabolaNotDownward,458.000000,Flat,16,-232117.000000,,,,0,
1644,RECAL 3 1 9999 165 64 4 80,1,9999,165,0,64,4,80,2094.000000,33,1,Ok,235561.000000,NonMono,15,-232015.000000,15.437725,15,2155.750902,5,[13]=-237819;[14]=-233912;[15]=-232015;[16]=-232156;[17]=-234228
1645,RECAL 3 0 9999 9999 64 4 80,0,9999,9999,0,64,4,80,285.000000,33,1,Ok,4365.000000,NonMono,5,-228898.000000,1.343162,1,290.372646,16,[-3]=-343141;[-1]=-1.28861e-231;[0]=-229007;[1]=-228970;[2]=-228938;[3]=-228922;[4]=-228909;[5]=-228898;[6]=-228908;[7]=-228916;[8]=-228920;[9]=-228960;[10]=-229000;[11]=-229017;[12]=-229106;[13]=-229171
1646,RECAL 3 0 9999 9999 200 4 80,0,9999,9999,0,200,4,80,149.000000,101,1,Ok,33485.000000,NonMono,40,-228895.000000,39.477169,39,306.908675,45,[18]=-230347;[19]=-230249;[20]=-230134;[21]=-230017;[22]=-229924;[23]=-229817;[24]=-229724;[25]=-229614;[26]=-229536;[27]=-229462;[28]=-229364;[29]=-229289;[30]=-229224;[31]=-229157;[32]=-229123;[33]=-229059;[34]=-229020;[35]=-228977;[36]=-228953;[37]=-228938;[38]=-228916;[39]=-228920;[40]=-228895;[41]=-228907;[42]=-228924;[43]=-228946;[44]=-228980;[45]=-229044;[46]=-229100;[47]=-229177;[48]=-229254;[49]=-229340;[50]=-229452;[51]=-229570;[52]=-229708;[53]=-229839;[54]=-230023;[55]=-230193;[56]=-230384;[57]=-230602;[58]=-230820;[59]=-231066;[60]=-231331;[61]=-231599;[62]=-231903
1647,RECAL 3 0 9999 307 64 4 80,0,9999,307,0,64,4,80,243.000000,33,0,ParabolaNotDownward,1414.000000,Flat,16,-228892.000000,,,,0,
1648,RECAL 3 1 9999 308 64 4 80,1,9999,308,0,64,4,80,1166.000000,33,1,Ok,93605.000000,NonMono,15,-228828.000000,15.381142,15,1227.524568,7,[12]=-232547;[13]=-230646;[14]=-229409;[15]=-228828;[16]=-228893;[17]=-229662;[18]=-231128
1649,RECAL 3 0 9999 9999 64 4 80,0,9999,9999,0,64,4,80,340.000000,33,1,Ok,3919.000000,NonMono,11,-227612.000000,10.974463,11,383.897854,17,[3]=-228029;[4]=-227933;[5]=-227840;[6]=-227779;[7]=-227721;[8]=-227679;[9]=-227656;[10]=-227625;[11]=-227612;[12]=-227623;[13]=-227648;[14]=-227702;[15]=-227739;[16]=-227810;[17]=-227891;[18]=-227997;[19]=-228152
1650,RECAL 3 1 9999 384 64 4 80,1,9999,384,0,64,4,80,-1393.000000,33,1,Ok,102942.000000,NonMono,16,-227632.000000,15.966934,16,-1329.132262,7,[13]=-231150;[14]=-229170;[15]=-227993;[16]=-227632;[17]=-228049;[18]=-229261;[19]=-231273
1651,RECAL 3 0 9999 9999 64 4 80,0,9999,9999,0,64,4,80,-300.000000,33,0,ParabolaNotDownward,1742.000000,Flat,3,-229660.000000,,,,0,
1652,RECAL 3 0 9999 9999 200 4 80,0,9999,9999,0,200,4,80,-436.000000,101,1,Ok,8135.000000,NonMono,38,-229608.000000,38.199770,38,-283.200919,51,[13]=-232666;[14]=-232420;[15]=-232156;[16]=-231902;[17]=-231693;[18]=-231485;[19]=-231287;[20]=-231085;[21]=-230935;[22]=-230768;[23]=-230626;[24]=-230461;[25]=-230339;[26]=-230224;[27]=-230128;[28]=-230030;[29]=-229944;[30]=-229876;[31]=-229818;[32]=-229773;[33]=-229715;[34]=-229651;[35]=-229656;[36]=-229627;[37]=-229619;[38]=-229608;[39]=-229621;[40]=-229631;[41]=-229648;[42]=-229673;[43]=-229690;[44]=-229722;[45]=-229768;[46]=-229819;[47]=-229860;[48]=-229914;[49]=-229977;[50]=-230027;[51]=-230091;[52]=-230157;[53]=-230251;[54]=-230291;[55]=-230377;[56]=-230476;[57]=-230547;[58]=-230638;[59]=-230728;[60]=-230815;[61]=-230905;[62]=-230988;[63]=-231097
1653,RECAL 3 0 9999 -283 64 4 80,0,9999,-283,0,64,4,80,-347.000000,33,0,ParabolaNotDownward,1106.000000,Flat,15,-229595.000000,,,,0,
1654,RECAL 3 1 9999 -284 64 4 80,1,9999,-284,0,64,4,80,-2281.000000,33,1,Ok,242182.000000,NonMono,16,-229594.000000,16.074199,16,-2216.703202,5,[14]=-234240;[15]=-230838;[16]=-229594;[17]=-230519;[18]=-233618
1655,RECAL 3 0 9999 9999 64 4 80,0,9999,9999,0,64,4,80,423.000000,33,1,Ok,4813.000000,NonMono,11,-230997.000000,11.092522,11,467.370088,17,[3]=-231546;[4]=-231433;[5]=-231314;[6]=-231229;[7]=-231154;[8]=-231092;[9]=-231048;[10]=-231009;[11]=-230997;[12]=-231010;[13]=-231037;[14]=-231076;[15]=-231143;[16]=-231246;[17]=-231348;[18]=-231483;[19]=-231612
1656,RECAL 3 1 9999 467 64 4 80,1,9999,467,0,64,4,80,-2904.000000,33,1,Ok,264378.000000,NonMono,16,-230987.000000,16.136139,16,-2839.455443,5,[14]=-238641;[15]=-233135;[16]=-230987;[17]=-232218;[18]=-236804
1657,RECAL 3 0 9999 9999 64 4 80,0,9999,9999,0,64,4,80,-2435.000000,33,1,Ok,82610.000000,NonMono,16,-240010.000000,15.702790,16,-2372.188840,7,[13]=-242162;[14]=-240862;[15]=-240129;[16]=-240010;[17]=-240498;[18]=-241594;[19]=-243307
1658,RECAL 3 1 9999 -2372 64 4 80,1,9999,-2372,0,64,4,80,-2870.000000,33,1,Ok,256033.000000,NonMono,16,-239939.000000,15.900112,16,-2806.399550,5,[14]=-245701;[15]=-241233;[16]=-239939;[17]=-241868;[18]=-246956
1659,RECAL 3 0 9999 9999 64 4 80,0,9999,9999,0,64,4,80,-2485.000000,33,1,Ok,90861.000000,NonMono,15,-234076.000000,15.471020,15,-2423.115922,7,[12]=-237779;[13]=-235909;[14]=-234679;[15]=-234076;[16]=-234086;[17]=-234731;[18]=-236030
1660,RECAL 3 1 9999 -2423 64 4 80,1,9999,-2423,0,64,4,80,-2240.000000,33,1,Ok,240370.000000,NonMono,16,-234016.000000,15.661363,16,-2177.354549,5,[14]=-236579;[15]=-234309;[16]=-234016;[17]=-235622;[18]=-239194
1661,RECAL 3 0 9999 9999 64 4 80,0,9999,9999,0,64,4,80,-2445.000000,33,1,Ok,85065.000000,NonMono,16,-234291.000000,15.805533,16,-2381.777869,7,[13]=-236774;[14]=-235308;[15]=-234490;[16]=-234291;[17]=-234735;[18]=-235805;[19]=-237521
1662,RECAL 3 1 9999 -2382 64 4 80,1,9999,-2382,0,64,4,80,-1328.000000,33,1,Ok,85954.000000,NonMono,16,-234282.000000,15.525442,16,-1265.898231,7,[13]=-236381;[14]=-235004;[15]=-234297;[16]=-234282;[17]=-234939;[18]=-236264;[19]=-238242
1663,RECAL 3 0 9999 9999 64 4 80,0,9999,9999,0,64,4,80,-2452.000000,33,1,Ok,87368.000000,NonMono,16,-234091.000000,15.611947,16,-2389.552211,7,[13]=-236148;[14]=-234829;[15]=-234144;[16]=-234091;[17]=-234632;[18]=-235837;[19]=-237702
1664,RECAL 3 1 9999 -2390 64 4 80,1,9999,-2390,0,64,4,80,1231.000000,33,1,Ok,105044.000000,NonMono,15,-233574.000000,14.839463,15,1290.357853,7,[12]=-236353;[13]=-234735;[14]=-233801;[15]=-233574;[16]=-234031;[17]=-235197;[18]=-237081
1665,RECAL 3 0 9999 9999 64 4 80,0,9999,9999,0,64,4,80,-2464.000000,33,1,Ok,91126.000000,NonMono,15,-237218.000000,15.229674,15,-2403.081304,7,[12]=-240392;[13]=-238717;[14]=-237660;[15]=-237218;[16]=-237387;[17]=-238153;[18]=-239572
1666,RECAL 3 1 9999 -2403 64 4 80,1,9999,-2403,0,64,4,80,2131.000000,33,1,Ok,245096.000000,NonMono,15,-236100.000000,14.946748,15,2190.786992,5,[13]=-239930;[14]=-237014;[15]=-236100;[16]=-237217;[17]=-240277
1667,RECAL 3 0 9999 9999 64 4 80,0,9999,9999,0,64,4,80,-2470.000000,33,1,Ok,85474.000000,NonMono,15,-242826.000000,15.468573,15,-2408.125709,7,[12]=-246311;[13]=-244543;[14]=-243384;[15]=-242826;[16]=-242835;[17]=-243431;[18]=-244663
1668,RECAL 3 1 9999 -2408 64 4 80,1,9999,-2408,0,64,4,80,2761.000000,33,1,Ok,253768.000000,NonMono,15,-241303.000000,15.047187,15,2821.188748,5,[13]=-247927;[14]=-243047;[15]=-241303;[16]=-242747;[17]=-247313
1669,RECAL 3 0 9999 9999 64 4 80,0,9999,9999,0,64,4,80,2374.000000,33,1,Ok,113880.000000,NonMono,15,-228455.000000,15.084234,15,2434.336935,7,[12]=-231927;[13]=-230038;[14]=-228888;[15]=-228455;[16]=-228765;[17]=-229817;[18]=-231644
1670,RECAL 3 1 9999 2434 64 4 80,1,9999,2434,0,64,4,80,-2877.000000,33,1,Ok,266599.000000,NonMono,16,-228387.000000,15.764610,16,-2813.941558,5,[14]=-233264;[15]=-229214;[16]=-228387;[17]=-230721;[18]=-236286
1671,RECAL 3 0 9999 9999 64 4 80,0,9999,9999,0,64,4,80,2382.000000,33,1,Ok,113524.000000,NonMono,15,-224172.000000,15.366797,15,2443.467187,7,[12]=-228370;[13]=-226236;[14]=-224837;[15]=-224172;[16]=-224277;[17]=-225163;[18]=-226846
1672,RECAL 3 1 9999 2443 64 4 80,1,9999,2443,0,64,4,80,-2245.000000,33,1,Ok,232225.000000,NonMono,16,-224110.000000,15.899525,16,-2181.401898,5,[14]=-227682;[15]=-224911;[16]=-224110;[17]=-225292;[18]=-228371
1673,RECAL 3 0 9999 9999 64 4 80,0,9999,9999,0,64,4,80,2396.000000,33,1,Ok,115297.000000,NonMono,15,-221552.000000,15.360469,15,2457.441876,7,[12]=-225874;[13]=-223684;[14]=-222225;[15]=-221552;[16]=-221669;[17]=-222573;[18]=-224244
1674,RECAL 3 1 9999 2457 64 4 80,1,9999,2457,0,64,4,80,-1330.000000,33,1,Ok,86493.000000,NonMono,15,-221466.000000,15.394761,15,-1268.420956,7,[12]=-225242;[13]=-223313;[14]=-222041;[15]=-221466;[16]=-221517;[17]=-222259;[18]=-223665
1675,RECAL 3 0 9999 9999 64 4 80,0,9999,9999,0,64,4,80,2404.000000,33,1,Ok,117912.000000,NonMono,15,-222158.000000,15.202256,15,2464.809023,7,[12]=-226083;[13]=-224028;[14]=-222715;[15]=-222158;[16]=-222408;[17]=-223419;[18]=-225212
1676,RECAL 3 1 9999 2465 64 4 80,1,9999,2465,0,64,4,80,1227.000000,33,1,Ok,100814.000000,NonMono,15,-221823.000000,15.066464,15,1287.265856,7,[12]=-225053;[13]=-223282;[14]=-222219;[15]=-221823;[16]=-222129;[17]=-223121;[18]=-224855
1677,RECAL 3 0 9999 9999 64 4 80,0,9999,9999,0,64,4,80,2330.000000,33,1,Ok,116397.000000,NonMono,15,-222016.000000,14.736930,15,2388.947720,7,[12]=-224558;[13]=-223040;[14]=-222185;[15]=-222016;[16]=-222560;[17]=-223829;[18]=-225830
1678,RECAL 3 1 9999 2389 64 4 80,1,9999,2389,0,64,4,80,2126.000000,33,1,Ok,235740.000000,NonMono,15,-221851.000000,15.417781,15,2187.671123,5,[13]=-227483;[14]=-223668;[15]=-221851;[16]=-222013;[17]=-224125
1679,RECAL 3 0 9999 9999 64 4 80,0,9999,9999,0,64,4,80,2338.000000,33,1,Ok,113680.000000,NonMono,15,-228881.000000,14.686945,15,2396.747782,7,[12]=-231251;[13]=-229786;[14]=-229017;[15]=-228881;[16]=-229443;[17]=-230712;[18]=-232730
1680,RECAL 3 1 9999 2397 64 4 80,1,9999,2397,0,64,4,80,2755.000000,33,1,Ok,266686.000000,NonMono,15,-228346.000000,15.360562,15,2816.442247,5,[13]=-237060;[14]=-231083;[15]=-228346;[16]=-228778;[17]=-232359
1681,RECAL 3 0 9999 9999 64 4 80,0,9999,9999,0,64,4,80,290.000000,33,0,ParabolaNotDownward,2522.000000,Flat,10,-233289.000000,,,,0,
1682,RECAL 3 0 9999 9999 200 4 80,0,9999,9999,0,200,4,80,154.000000,101,1,Ok,24471.000000,NonMono,45,-233291.000000,44.508657,45,332.034628,47,[22]=-234826;[23]=-234713;[24]=-234586;[25]=-234470;[26]=-234359;[27]=-234263;[28]=-234171;[29]=-234088;[30]=-233973;[31]=-233913;[32]=-233840;[33]=-233743;[34]=-233676;[35]=-233603;[36]=-233525;[37]=-233480;[38]=-233450;[39]=-233409;[40]=-233355;[41]=-233322;[42]=-233305;[43]=-233298;[44]=-233305;[45]=-233291;[46]=-233295;[47]=-233322;[48]=-233335;[49]=-233389;[50]=-233419;[51]=-233477;[52]=-233563;[53]=-233611;[54]=-233699;[55]=-233813;[56]=-233920;[57]=-234047;[58]=-234170;[59]=-234319;[60]=-234487;[61]=-234671;[62]=-234879;[63]=-235081;[64]=-235314;[65]=-235570;[66]=-235828;[67]=-236106;[68]=-236404
1683,RECAL 3 0 9999 332 64 4 80,0,9999,332,0,64,4,80,268.000000,33,0,ParabolaNotDownward,1309.000000,Flat,16,-233277.000000,,,,0,
1684,RECAL 3 1 9999 331 64 4 80,1,9999,331,0,64,4,80,2760.000000,33,1,Ok,262474.000000,NonMono,16,-233293.000000,15.530668,16,2822.122672,5,[14]=-236604;[15]=-233387;[16]=-233293;[17]=-236240;[18]=-242170
1685,RECAL 3 0 9999 9999 64 4 80,0,9999,9999,0,64,4,80,194.000000,33,0,ParabolaNotDownward,925.000000,Flat,19,-228964.000000,,,,0,
1686,RECAL 3 0 9999 9999 200 4 80,0,9999,9999,0,200,4,80,58.000000,101,1,Ok,12419.000000,NonMono,54,-228983.000000,54.290466,54,275.161865,53,[28]=-230422;[29]=-230329;[30]=-230258;[31]=-230163;[32]=-230101;[33]=-230015;[34]=-229923;[35]=-229862;[36]=-229790;[37]=-229713;[38]=-229639;[39]=-229575;[40]=-229517;[41]=-229454;[42]=-229404;[43]=-229343;[44]=-229279;[45]=-229238;[46]=-229190;[47]=-229145;[48]=-229094;[49]=-229064;[50]=-229025;[51]=-229012;[52]=-228994;[53]=-228984;[54]=-228983;[55]=-228996;[56]=-229005;[57]=-229002;[58]=-229043;[59]=-229060;[60]=-229102;[61]=-229159;[62]=-229204;[63]=-229273;[64]=-229355;[65]=-229438;[66]=-229521;[67]=-229610;[68]=-229741;[69]=-229827;[70]=-229969;[71]=-230114;[72]=-230290;[73]=-230452;[74]=-230645;[75]=-230841;[76]=-231048;[77]=-231274;[78]=-231520;[79]=-231762;[80]=-232043
1687,RECAL 3 0 9999 275 64 4 80,0,9999,275,0,64,4,80,211.000000,33,0,ParabolaNotDownward,1034.000000,Flat,16,-228983.000000,,,,0,
1688,RECAL 3 1 9999 275 64 4 80,1,9999,275,0,64,4,80,2136.000000,33,1,Ok,240025.000000,NonMono,15,-228024.000000,15.004287,15,2196.017147,5,[13]=-231914;[14]=-229002;[15]=-228024;[16]=-228980;[17]=-231837
1689,RECAL 3 0 9999 9999 64 4 80,0,9999,9999,0,64,4,80,641.000000,33,1,Ok,12203.000000,NonMono,12,-226734.000000,11.516768,12,687.067070,23,[1]=-229316;[2]=-228860;[3]=-228446;[4]=-228074;[5]=-227746;[6]=-227463;[7]=-227212;[8]=-227031;[9]=-226869;[10]=-226797;[11]=-226758;[12]=-226734;[13]=-226787;[14]=-226879;[15]=-227050;[16]=-227244;[17]=-227504;[18]=-227819;[19]=-228205;[20]=-228632;[21]=-229109;[22]=-229685;[23]=-230289
1690,RECAL 3 1 9999 687 64 4 80,1,9999,687,0,64,4,80,1241.000000,33,1,Ok,102739.000000,NonMono,15,-226137.000000,14.669230,15,1299.676921,7,[12]=-228539;[13]=-227052;[14]=-226247;[15]=-226137;[16]=-226713;[17]=-227949;[18]=-229903
1691,RECAL 3 0 9999 9999 64 4 80,0,9999,9999,0,64,4,80,602.000000,33,1,Ok,11239.000000,NonMono,11,-229143.000000,11.103703,11,646.414811,17,[3]=-230511;[4]=-230200;[5]=-229917;[6]=-229679;[7]=-229495;[8]=-229331;[9]=-229219;[10]=-229170;[11]=-229143;[12]=-229148;[13]=-229226;[14]=-229320;[15]=-229464;[16]=-229665;[17]=-229938;[18]=-230233;[19]=-230600
1692,RECAL 3 1 9999 646 64 4 80,1,9999,646,0,64,4,80,-1323.000000,33,1,Ok,81621.000000,NonMono,16,-229143.000000,15.729655,16,-1260.081379,7,[13]=-231537;[14]=-230092;[15]=-229297;[16]=-229143;[17]=-229649;[18]=-230745;[19]=-232482
1693,RECAL 3 0 9999 9999 64 4 80,0,9999,9999,0,64,4,80,575.000000,33,1,Ok,11581.000000,NonMono,9,-226253.000000,9.148843,9,611.595373,17,[1]=-227380;[2]=-227138;[3]=-226909;[4]=-226720;[5]=-226559;[6]=-226406;[7]=-226327;[8]=-226265;[9]=-226253;[10]=-226267;[11]=-226306;[12]=-226400;[13]=-226526;[14]=-226701;[15]=-226907;[16]=-227186;[17]=-227463
1694,RECAL 3 1 9999 612 64 4 80,1,9999,612,0,64,4,80,-2240.000000,33,1,Ok,228928.000000,NonMono,16,-226252.000000,15.669949,16,-2177.320203,5,[14]=-228735;[15]=-226543;[16]=-226252;[17]=-227778;[18]=-231218
1695,RECAL 3 0 9999 9999 64 4 80,0,9999,9999,0,64,4,80,531.000000,33,1,Ok,6998.000000,NonMono,12,-231296.000000,11.782594,12,578.130375,17,[4]=-232098;[5]=-231935;[6]=-231760;[7]=-231621;[8]=-231510;[9]=-231408;[10]=-231344;[11]=-231313;[12]=-231296;[13]=-231332;[14]=-231381;[15]=-231463;[16]=-231555;[17]=-231714;[18]=-231886;[19]=-232099;[20]=-232320
1696,RECAL 3 1 9999 578 64 4 80,1,9999,578,0,64,4,80,-2874.000000,33,1,Ok,264231.000000,NonMono,16,-231239.000000,15.972423,16,-2810.110309,5,[14]=-237146;[15]=-232704;[16]=-231239;[17]=-232899;[18]=-237686
1697,RECAL 3 0 9999 9999 64 4 80,0,9999,9999,0,64,4,80,-2374.000000,33,1,Ok,85371.000000,NonMono,15,-241732.000000,14.810507,15,-2314.757974,9,[11]=-245800;[12]=-243926;[13]=-242638;[14]=-241907;[15]=-241732;[16]=-242123;[17]=-243073;[18]=-244569;[19]=-246681
1698,RECAL 3 1 9999 -2315 64 4 80,1,9999,-2315,0,64,4,80,-2898.000000,33,1,Ok,254096.000000,NonMono,16,-241659.000000,15.680364,16,-2835.278543,5,[14]=-245695;[15]=-242210;[16]=-241659;[17]=-244137;[18]=-249634
1699,RECAL 3 0 9999 9999 64 4 80,0,9999,9999,0,64,4,80,-2364.000000,33,1,Ok,88820.000000,NonMono,15,-241042.000000,14.634724,15,-2305.461105,7,[12]=-242962;[13]=-241755;[14]=-241126;[15]=-241042;[16]=-241530;[17]=-242587;[18]=-244202
1700,RECAL 3 1 9999 -2305 64 4 80,1,9999,-2305,0,64,4,80,-2274.000000,33,1,Ok,220079.000000,NonMono,16,-240999.000000,15.900178,16,-2210.399288,5,[14]=-244366;[15]=-241762;[16]=-240999;[17]=-242117;[18]=-245003
1701,RECAL 3 0 9999 9999 64 4 80,0,9999,9999,0,64,4,80,-2353.000000,33,1,Ok,85661.000000,NonMono,15,-240905.000000,14.821381,15,-2293.714475,9,[11]=-244911;[12]=-243091;[13]=-241816;[14]=-241080;[15]=-240905;[16]=-241281;[17]=-242222;[18]=-243719;[19]=-245784
1702,RECAL 3 1 9999 -2294 64 4 80,1,9999,-2294,0,64,4,80,-1381.000000,33,1,Ok,81191.000000,NonMono,15,-240829.000000,15.436423,15,-1319.254307,7,[12]=-244724;[13]=-242773;[14]=-241444;[15]=-240829;[16]=-240871;[17]=-241586;[18]=-242912
1703,RECAL 3 0 9999 9999 64 4 80,0,9999,9999,0,64,4,80,-2339.000000,33,1,Ok,83020.000000,NonMono,15,-241049.000000,14.915981,15,-2279.336076,9,[11]=-245207;[12]=-243335;[13]=-242058;[14]=-241277;[15]=-241049;[16]=-241368;[17]=-242253;[18]=-243663;[19]=-245683
1704,RECAL 3 1 9999 -2279 64 4 80,1,9999,-2279,0,64,4,80,1178.000000,33,1,Ok,88801.000000,NonMono,14,-240313.000000,14.354008,14,1235.416032,7,[11]=-243554;[12]=-241901;[13]=-240816;[14]=-240313;[15]=-240392;[16]=-241089;[17]=-242341
1705,RECAL 3 0 9999 9999 64 4 80,0,9999,9999,0,64,4,80,-2421.000000,33,1,Ok,79383.000000,NonMono,16,-239083.000000,15.661266,16,-2358.354938,7,[13]=-241157;[14]=-239880;[15]=-239168;[16]=-239083;[17]=-239571;[18]=-240707;[19]=-242406
1706,RECAL 3 1 9999 -2358 64 4 80,1,9999,-2358,0,64,4,80,2097.000000,33,1,Ok,222231.000000,NonMono,15,-238491.000000,15.191351,15,2157.765404,5,[13]=-242641;[14]=-239687;[15]=-238491;[16]=-239018;[17]=-241253
1707,RECAL 3 0 9999 9999 64 4 80,0,9999,9999,0,64,4,80,-2412.000000,33,1,Ok,84818.000000,NonMono,15,-241068.000000,14.726109,15,-2353.095562,7,[12]=-243151;[13]=-241894;[14]=-241195;[15]=-241068;[16]=-241510;[17]=-242533;[18]=-244134
1708,RECAL 3 1 9999 -2353 64 4 80,1,9999,-2353,0,64,4,80,2730.000000,33,1,Ok,255117.000000,NonMono,16,-241005.000000,15.733277,16,2792.933109,5,[14]=-245187;[15]=-241651;[16]=-241005;[17]=-243137;[18]=-248053
1709,RECAL 3 0 9999 9999 64 4 80,0,9999,9999,0,64,4,80,2279.000000,33,1,Ok,91243.000000,NonMono,15,-236590.000000,15.241787,15,2339.967150,7,[12]=-239762;[13]=-238104;[14]=-237039;[15]=-236590;[16]=-236752;[17]=-237510;[18]=-238874
1710,RECAL 3 1 9999 2340 64 4 80,1,9999,2340,0,64,4,80,-2904.000000,33,1,Ok,257097.000000,NonMono,16,-236484.000000,15.982315,16,-2840.070741,5,[14]=-242654;[15]=-237997;[16]=-236484;[17]=-238076;[18]=-242633
1711,RECAL 3 0 9999 9999 64 4 80,0,9999,9999,0,64,4,80,2218.000000,33,1,Ok,90541.000000,NonMono,15,-232056.000000,15.411537,15,2279.646150,7,[12]=-235485;[13]=-233760;[14]=-232597;[15]=-232056;[16]=-232099;[17]=-232787;[18]=-234091
1712,RECAL 3 1 9999 2280 64 4 80,1,9999,2280,0,64,4,80,-2250.000000,33,1,Ok,223050.000000,NonMono,16,-232006.000000,15.992673,16,-2186.029310,5,[14]=-235765;[15]=-232934;[16]=-232006;[17]=-232953;[18]=-235752
1713,RECAL 3 0 9999 9999 64 4 80,0,9999,9999,0,64,4,80,2239.000000,33,1,Ok,92224.000000,NonMono,15,-229716.000000,15.490017,15,2300.960067,7,[12]=-233551;[13]=-231644;[14]=-230355;[15]=-229716;[16]=-229728;[17]=-230385;[18]=-231691
1714,RECAL 3 1 9999 2301 64 4 80,1,9999,2301,0,64,4,80,-1287.000000,33,1,Ok,81753.000000,NonMono,16,-229653.000000,16.035809,16,-1222.856766,9,[12]=-234680;[13]=-232492;[14]=-230902;[15]=-229962;[16]=-229653;[17]=-229918;[18]=-230805;[19]=-232291;[20]=-234368
1715,RECAL 3 0 9999 9999 64 4 80,0,9999,9999,0,64,4,80,2139.000000,33,1,Ok,83144.000000,NonMono,15,-231733.000000,15.421298,15,2200.685190,7,[12]=-235132;[13]=-233418;[14]=-232272;[15]=-231733;[16]=-231783;[17]=-232417;[18]=-233637
1716,RECAL 3 1 9999 2201 64 4 80,1,9999,2201,0,64,4,80,1323.000000,33,1,Ok,108287.000000,NonMono,15,-231529.000000,15.285154,15,1384.140616,7,[12]=-235659;[13]=-233497;[14]=-232119;[15]=-231529;[16]=-231684;[17]=-232610;[18]=-234333
1717,RECAL 3 0 9999 9999 64 4 80,0,9999,9999,0,64,4,80,2223.000000,33,1,Ok,91223.000000,NonMono,15,-232897.000000,15.408173,15,2284.632692,7,[12]=-236467;[13]=-234635;[14]=-233478;[15]=-232897;[16]=-232944;[17]=-233639;[18]=-234943
1718,RECAL 3 1 9999 2285 64 4 80,1,9999,2285,0,64,4,80,2216.000000,33,1,Ok,241713.000000,NonMono,15,-231828.000000,15.016490,15,2276.065961,5,[13]=-236026;[14]=-232895;[15]=-231828;[16]=-232830;[17]=-235916
1719,RECAL 3 0 9999 9999 64 4 80,0,9999,9999,0,64,4,80,2206.000000,33,1,Ok,89150.000000,NonMono,15,-241019.000000,15.284543,15,2267.138174,7,[12]=-244102;[13]=-242519;[14]=-241493;[15]=-241019;[16]=-241153;[17]=-241883;[18]=-243154
1720,RECAL 3 1 9999 2267 64 4 80,1,9999,2267,0,64,4,80,2848.000000,33,1,Ok,256059.000000,NonMono,15,-239596.000000,15.086395,15,2908.345579,5,[13]=-246636;[14]=-241516;[15]=-239596;[16]=-240965;[17]=-245609
1721,RECAL 3 0 9999 9999 64 4 80,0,9999,9999,0,64,4,80,-931.000000,33,1,Ok,9914.000000,NonMono,15,-237363.000000,14.549156,15,-872.803378,19,[6]=-240099;[7]=-239465;[8]=-238934;[9]=-238482;[10]=-238091;[11]=-237785;[12]=-237569;[13]=-237422;[14]=-237365;[15]=-237363;[16]=-237409;[17]=-237546;[18]=-237753;[19]=-238024;[20]=-238374;[21]=-238781;[22]=-239231;[23]=-239785;[24]=-240386
1722,RECAL 3 1 9999 -873 64 4 80,1,9999,-873,0,64,4,80,2843.000000,33,1,Ok,257988.000000,NonMono,15,-236882.000000,15.357055,15,2904.428219,5,[13]=-245688;[14]=-239683;[15]=-236882;[16]=-237359;[17]=-241172
1723,RECAL 3 0 9999 9999 64 4 80,0,9999,9999,0,64,4,80,-860.000000,33,1,Ok,8553.000000,NonMono,15,-230551.000000,15.028598,15,-799.885607,21,[5]=-234104;[6]=-233419;[7]=-232807;[8]=-232264;[9]=-231795;[10]=-231411;[11]=-231101;[12]=-230842;[13]=-230664;[14]=-230573;[15]=-230551;[16]=-230575;[17]=-230672;[18]=-230836;[19]=-231035;[20]=-231332;[21]=-231667;[22]=-232086;[23]=-232541;[24]=-233041;[25]=-233611
1724,RECAL 3 1 9999 -800 64 4 80,1,9999,-800,0,64,4,80,2213.000000,33,1,Ok,243291.000000,NonMono,15,-229717.000000,15.112955,15,2273.451821,5,[13]=-234345;[14]=-230990;[15]=-229717;[16]=-230521;[17]=-233416
1725,RECAL 3 0 9999 9999 64 4 80,0,9999,9999,0,64,4,80,-1056.000000,33,1,Ok,17244.000000,NonMono,14,-228298.000000,14.306560,14,-998.773759,15,[7]=-231580;[8]=-230719;[9]=-229985;[10]=-229400;[11]=-228951;[12]=-228595;[13]=-228390;[14]=-228298;[15]=-228318;[16]=-228456;[17]=-228703;[18]=-229074;[19]=-229560;[20]=-230163;[21]=-230890
1726,RECAL 3 1 9999 -999 64 4 80,1,9999,-999,0,64,4,80,1322.000000,33,1,Ok,113122.000000,NonMono,15,-227913.000000,15.044231,15,1382.176923,7,[12]=-231546;[13]=-229556;[14]=-228358;[15]=-227913;[16]=-228284;[17]=-229434;[18]=-231378
1727,RECAL 3 0 9999 9999 64 4 80,0,9999,9999,0,64,4,80,-795.000000,33,1,Ok,7672.000000,NonMono,15,-228959.000000,15.486076,15,-733.055696,21,[5]=-232354;[6]=-231728;[7]=-231176;[8]=-230648;[9]=-230236;[10]=-229846;[11]=-229547;[12]=-229313;[13]=-229126;[14]=-229010;[15]=-228959;[16]=-228969;[17]=-229026;[18]=-229138;[19]=-229298;[20]=-229533;[21]=-229812;[22]=-230137;[23]=-230543;[24]=-230996;[25]=-231483
1728,RECAL 3 1 9999 -733 64 4 80,1,9999,-733,0,64,4,80,-1286.000000,33,1,Ok,78605.000000,NonMono,16,-228956.000000,15.672910,16,-1223.308359,7,[13]=-231127;[14]=-229787;[15]=-229077;[16]=-228956;[17]=-229470;[18]=-230584;[19]=-232299
1729,RECAL 3 0 9999 9999 64 4 80,0,9999,9999,0,64,4,80,-869.000000,33,1,Ok,8738.000000,NonMono,15,-230620.000000,15.162307,15,-808.350771,19,[6]=-233680;[7]=-233034;[8]=-232467;[9]=-231991;[10]=-231570;[11]=-231241;[12]=-230969;[13]=-230791;[14]=-230673;[15]=-230620;[16]=-230652;[17]=-230751;[18]=-230881;[19]=-231113;[20]=-231410;[21]=-231769;[22]=-232180;[23]=-232643;[24]=-233174
1730,RECAL 3 1 9999 -808 64 4 80,1,9999,-808,0,64,4,80,-2247.000000,33,1,Ok,230760.000000,NonMono,16,-230602.000000,16.125324,16,-2182.498705,5,[14]=-234858;[15]=-231799;[16]=-230602;[17]=-231321;[18]=-233839
1731,RECAL 3 0 9999 9999 64 4 80,0,9999,9999,0,64,4,80,-665.000000,33,1,Ok,4187.000000,NonMono,15,-237181.000000,15.679811,16,-602.280758,27,[2]=-240317;[3]=-239843;[4]=-239420;[5]=-239043;[6]=-238700;[7]=-238401;[8]=-238131;[9]=-237914;[10]=-237702;[11]=-237544;[12]=-237408;[13]=-237303;[14]=-237231;[15]=-237181;[16]=-237195;[17]=-237203;[18]=-237270;[19]=-237345;[20]=-237458;[21]=-237609;[22]=-237782;[23]=-237966;[24]=-238188;[25]=-238403;[26]=-238685;[27]=-238979;[28]=-239291
1732,RECAL 3 1 9999 -602 64 4 80,1,9999,-602,0,64,4,80,-2904.000000,33,1,Ok,256835.000000,NonMono,16,-237150.000000,16.251595,16,-2838.993620,5,[14]=-244976;[15]=-239469;[16]=-237150;[17]=-237893;[18]=-241710
1733,RECAL 3 0 9999 9999 64 4 80,0,9999,9999,0,64,4,80,-2540.000000,33,1,Ok,90062.000000,NonMono,16,-242351.000000,15.980299,16,-2476.078806,7,[13]=-245296;[14]=-243640;[15]=-242661;[16]=-242351;[17]=-242690;[18]=-243685;[19]=-245360
1734,RECAL 3 1 9999 -2476 64 4 80,1,9999,-2476,0,64,4,80,-2943.000000,33,1,Ok,252366.000000,NonMono,16,-242293.000000,16.131930,16,-2878.472279,5,[14]=-249396;[15]=-244232;[16]=-242293;[17]=-243393;[18]=-247608
1735,RECAL 3 0 9999 9999 64 4 80,0,9999,9999,0,64,4,80,-2575.000000,33,1,Ok,98666.000000,NonMono,15,-236083.000000,15.474643,15,-2513.101427,7,[12]=-240436;[13]=-238227;[14]=-236792;[15]=-236083;[16]=-236087;[17]=-236832;[18]=-238276
1736,RECAL 3 1 9999 -2513 64 4 80,1,9999,-2513,0,64,4,80,-2301.000000,33,1,Ok,239105.000000,NonMono,16,-235996.000000,16.106303,16,-2236.574789,5,[14]=-240476;[15]=-237211;[16]=-235996;[17]=-236771;[18]=-239500
1737,RECAL 3 0 9999 9999 64 4 80,0,9999,9999,0,64,4,80,-2557.000000,33,1,Ok,100754.000000,NonMono,15,-235062.000000,15.304118,15,-2495.783530,7,[12]=-239105;[13]=-237005;[14]=-235655;[15]=-235062;[16]=-235203;[17]=-236090;[18]=-237723
1738,RECAL 3 1 9999 -2496 64 4 80,1,9999,-2496,0,64,4,80,-1377.000000,33,1,Ok,91034.000000,NonMono,16,-235042.000000,15.588961,16,-1314.644158,7,[13]=-237390;[14]=-235882;[15]=-235098;[16]=-235042;[17]=-235683;[18]=-236989;[19]=-238993
1739,RECAL 3 0 9999 9999 64 4 80,0,9999,9999,0,64,4,80,-2642.000000,33,1,Ok,104679.000000,NonMono,16,-233305.000000,15.620401,16,-2579.518398,7,[13]=-235904;[14]=-234246;[15]=-233386;[16]=-233305;[17]=-233963;[18]=-235410;[19]=-237618
1740,RECAL 3 1 9999 -2580 64 4 80,1,9999,-2580,0,64,4,80,1230.000000,33,1,Ok,97681.000000,NonMono,15,-233174.000000,15.374755,15,1291.499022,7,[12]=-236852;[13]=-234976;[14]=-233763;[15]=-233174;[16]=-233258;[17]=-234017;[18]=-235435
1741,RECAL 3 0 9999 9999 64 4 80,0,9999,9999,0,64,4,80,-2575.000000,33,1,Ok,100894.000000,NonMono,16,-234082.000000,16.053639,16,-2510.785444,7,[13]=-237525;[14]=-235621;[15]=-234469;[16]=-234082;[17]=-234380;[18]=-235454;[19]=-237234
1742,RECAL 3 1 9999 -2511 64 4 80,1,9999,-2511,0,64,4,80,2156.000000,33,1,Ok,235508.000000,NonMono,15,-233860.000000,15.397532,15,2217.590127,5,[13]=-239387;[14]=-235630;[15]=-233860;[16]=-234054;[17]=-236264
1743,RECAL 3 0 9999 9999 64 4 80,0,9999,9999,0,64,4,80,-2593.000000,33,1,Ok,98204.000000,NonMono,16,-238842.000000,16.264717,16,-2527.941131,7,[13]=-242513;[14]=-240605;[15]=-239374;[16]=-238842;[17]=-239005;[18]=-239877;[19]=-241435
1744,RECAL 3 1 9999 -2528 64 4 80,1,9999,-2528,0,64,4,80,2800.000000,33,1,Ok,255777.000000,NonMono,15,-238681.000000,15.462224,15,2861.848896,17,[7]=-345573;[8]=-322261;[9]=-301655;[10]=-283768;[11]=-268890;[12]=-256876;[13]=-247763;[14]=-241710;[15]=-238681;[16]=-238804;[17]=-242145;[18]=-248681;[19]=-258576;[20]=-271692;[21]=-288435;[22]=-308767;[23]=-332552
1745,RECAL 3 0 9999 9999 64 4 80,0,9999,9999,0,64,4,80,2393.000000,33,1,Ok,100525.000000,NonMono,16,-241443.000000,15.873950,16,2456.495801,7,[13]=-244316;[14]=-242683;[15]=-241709;[16]=-241443;[17]=-241890;[18]=-243064;[19]=-244934
1746,RECAL 3 1 9999 2456 64 4 80,1,9999,2456,0,64,4,80,-2809.000000,33,1,Ok,252221.000000,NonMono,16,-241390.000000,16.321021,16,-2743.715918,5,[14]=-249260;[15]=-243855;[16]=-241390;[17]=-241940;[18]=-245529
1747,RECAL 3 0 9999 9999 64 4 80,0,9999,9999,0,64,4,80,2372.000000,33,1,Ok,106807.000000,NonMono,16,-233469.000000,15.562806,16,2434.251222,7,[13]=-235747;[14]=-234271;[15]=-233519;[16]=-233469;[17]=-234161;[18]=-235590;[19]=-237799
1748,RECAL 3 1 9999 2434 64 4 80,1,9999,2434,0,64,4,80,-2135.000000,33,1,Ok,211034.000000,NonMono,16,-233418.000000,16.140758,16,-2070.436969,5,[14]=-237505;[15]=-234548;[16]=-233418;[17]=-234038;[18]=-236420
1749,RECAL 3 0 9999 9999 64 4 80,0,9999,9999,0,64,4,80,2374.000000,33,1,Ok,106724.000000,NonMono,16,-230641.000000,15.694204,16,2436.776817,7,[13]=-233327;[14]=-231692;[15]=-230804;[16]=-230641;[17]=-231252;[18]=-232623;[19]=-234718
1750,RECAL 3 1 9999 2437 64 4 80,1,9999,2437,0,64,4,80,-1089.000000,33,1,Ok,54696.000000,NonMono,16,-230610.000000,15.578443,16,-1026.686228,9,[12]=-233352;[13]=-232025;[14]=-231113;[15]=-230645;[16]=-230610;[17]=-231007;[18]=-231827;[19]=-233038;[20]=-234675
1751,RECAL 3 0 9999 9999 64 4 80,0,9999,9999,0,64,4,80,2267.000000,33,1,Ok,97416.000000,NonMono,16,-229774.000000,15.627335,16,2329.509339,7,[13]=-232087;[14]=-230631;[15]=-229872;[16]=-229774;[17]=-230384;[18]=-231670;[19]=-233667
1752,RECAL 3 1 9999 2330 64 4 80,1,9999,2330,0,64,4,80,1453.000000,33,1,Ok,133484.000000,NonMono,16,-229785.000000,15.612829,16,1515.451316,7,[13]=-232985;[14]=-230956;[15]=-229890;[16]=-229785;[17]=-230628;[18]=-232495;[19]=-235316
1753,RECAL 3 0 9999 9999 64 4 80,0,9999,9999,0,64,4,80,2341.000000,33,1,Ok,98204.000000,NonMono,16,-236815.000000,15.998095,16,2404.992381,7,[13]=-240017;[14]=-238252;[15]=-237189;[16]=-236815;[17]=-237191;[18]=-238283;[19]=-240101
1754,RECAL 3 1 9999 2405 64 4 80,1,9999,2405,0,64,4,80,2291.000000,33,1,Ok,250405.000000,NonMono,15,-235611.000000,14.969533,15,2350.878130,5,[13]=-240019;[14]=-236686;[15]=-235611;[16]=-236834;[17]=-240366
1755,RECAL 3 0 9999 9999 64 4 80,0,9999,9999,0,64,4,80,2328.000000,33,1,Ok,99483.000000,NonMono,16,-236644.000000,15.535948,16,2390.143790,7,[13]=-238812;[14]=-237387;[15]=-236664;[16]=-236644;[17]=-237317;[18]=-238664;[19]=-240727
1756,RECAL 3 1 9999 2390 64 4 80,1,9999,2390,0,64,4,80,2901.000000,33,1,Ok,259376.000000,NonMono,15,-235921.000000,15.322364,15,2962.289457,5,[13]=-244900;[14]=-238743;[15]=-235921;[16]=-236553;[17]=-240620
1757,RECAL 3 0 9999 9999 64 4 80,0,9999,9999,0,64,4,80,-103.000000,33,0,ParabolaNotDownward,99.000000,Flat,27,-247328.000000,,,,0,
1758,RECAL 3 0 9999 9999 200 4 80,0,9999,9999,0,200,4,80,-239.000000,101,0,ParabolaNotDownward,1728.000000,Flat,59,-247279.000000,,,,0,
1759,RECAL 3 0 9999 -439 200 4 80,0,9999,-439,0,200,4,80,-639.000000,101,0,ParabolaNotDownward,97346.000000,StrictInc,100,-248944.000000,,,,0,
1760,RECAL 3 0 9999 361 200 4 80,0,9999,361,0,200,4,80,161.000000,101,0,ParabolaNotDownward,64071.000000,StrictDec,0,-247912.000000,,,,28,[0]=-247912;[1]=-247968;[2]=-248022;[3]=-248091;[4]=-248145;[5]=-248211;[6]=-248276;[7]=-248341;[8]=-248421;[9]=-248512;[10]=-248591;[11]=-248695;[12]=-248797;[13]=-248879;[14]=-249016;[15]=-249118;[16]=-249251;[17]=-249358;[18]=-249480;[19]=-249615;[20]=-249781;[21]=-249932;[22]=-250084;[23]=-250250;[24]=-250438;[25]=-250617;[26]=-250799;[27]=-250978
1761,RECAL 3 1 9999 -418 64 4 80,1,9999,-418,0,64,4,80,2926.000000,33,1,Ok,232657.000000,NonMono,15,-263346.000000,15.194931,15,2986.779724,5,[13]=-271101;[14]=-265596;[15]=-263346;[16]=-264330;[17]=-268555
1762,RECAL 3 0 9999 9999 64 4 80,0,9999,9999,0,64,4,80,180.000000,33,0,ParabolaNotDownward,887.000000,Flat,20,-237972.000000,,,,0,
1763,RECAL 3 0 9999 9999 200 4 80,0,9999,9999,0,200,4,80,44.000000,101,1,Ok,11355.000000,NonMono,54,-237993.000000,54.699454,55,262.797815,55,[27]=-239411;[28]=-239349;[29]=-239255;[30]=-239179;[31]=-239116;[32]=-239040;[33]=-238952;[34]=-238883;[35]=-238833;[36]=-238776;[37]=-238699;[38]=-238627;[39]=-238565;[40]=-238493;[41]=-238443;[42]=-238384;[43]=-238329;[44]=-238279;[45]=-238217;[46]=-238168;[47]=-238135;[48]=-238118;[49]=-238088;[50]=-238056;[51]=-238031;[52]=-238019;[53]=-238004;[54]=-237993;[55]=-238005;[56]=-237995;[57]=-237997;[58]=-238018;[59]=-238056;[60]=-238086;[61]=-238129;[62]=-238181;[63]=-238225;[64]=-238275;[65]=-238350;[66]=-238438;[67]=-238538;[68]=-238642;[69]=-238752;[70]=-238857;[71]=-239002;[72]=-239158;[73]=-239306;[74]=-239471;[75]=-239657;[76]=-239850;[77]=-240057;[78]=-240286;[79]=-240525;[80]=-240767;[81]=-241033
1764,RECAL 3 0 9999 263 64 4 80,0,9999,263,0,64,4,80,199.000000,33,0,ParabolaNotDownward,1009.000000,Flat,16,-237963.000000,,,,0,
1765,RECAL 3 1 9999 261 64 4 80,1,9999,261,0,64,4,80,2321.000000,33,1,Ok,248909.000000,NonMono,15,-237301.000000,15.205447,15,2381.821789,5,[13]=-242820;[14]=-238918;[15]=-237301;[16]=-237978;[17]=-240957
1766,RECAL 3 0 9999 9999 64 4 80,0,9999,9999,0,64,4,80,-624.000000,33,1,Ok,4179.000000,NonMono,14,-237171.000000,14.634169,15,-565.463324,27,[1]=-240434;[2]=-239947;[3]=-239510;[4]=-239108;[5]=-238769;[6]=-238444;[7]=-238148;[8]=-237898;[9]=-237696;[10]=-237529;[11]=-237396;[12]=-237297;[13]=-237224;[14]=-237171;[15]=-237179;[16]=-237209;[17]=-237275;[18]=-237358;[19]=-237470;[20]=-237608;[21]=-237783;[22]=-237989;[23]=-238212;[24]=-238457;[25]=-238739;[26]=-239041;[27]=-239372
1767,RECAL 3 1 9999 -565 64 4 80,1,9999,-565,0,64,4,80,1502.000000,33,1,Ok,140479.000000,NonMono,15,-236992.000000,15.316788,15,1563.267151,7,[12]=-242470;[13]=-239650;[14]=-237832;[15]=-236992;[16]=-237186;[17]=-238390;[18]=-240579
1768,RECAL 3 0 9999 9999 64 4 80,0,9999,9999,0,64,4,80,446.000000,33,1,Ok,4544.000000,NonMono,14,-237027.000000,14.519993,15,504.079972,17,[6]=-237880;[7]=-237696;[8]=-237528;[9]=-237376;[10]=-237273;[11]=-237189;[12]=-237120;[13]=-237049;[14]=-237027;[15]=-237037;[16]=-237039;[17]=-237103;[18]=-237190;[19]=-237287;[20]=-237433;[21]=-237604;[22]=-237793
1769,RECAL 3 1 9999 504 64 4 80,1,9999,504,0,64,4,80,-1014.000000,33,1,Ok,47141.000000,NonMono,16,-237034.000000,15.974439,16,-950.102246,11,[11]=-241421;[12]=-239804;[13]=-238561;[14]=-237715;[15]=-237208;[16]=-237034;[17]=-237211;[18]=-237733;[19]=-238594;[20]=-239801;[21]=-241357
1770,RECAL 3 0 9999 9999 64 4 80,0,9999,9999,0,64,4,80,422.000000,33,1,Ok,3268.000000,NonMono,18,-235699.000000,18.260441,18,495.041762,17,[10]=-236419;[11]=-236256;[12]=-236127;[13]=-236007;[14]=-235897;[15]=-235826;[16]=-235758;[17]=-235722;[18]=-235699;[19]=-235702;[20]=-235739;[21]=-235799;[22]=-235874;[23]=-235971;[24]=-236099;[25]=-236262;[26]=-236446
1771,RECAL 3 1 9999 495 64 4 80,1,9999,495,0,64,4,80,-2097.000000,33,1,Ok,206353.000000,NonMono,16,-235686.000000,15.802456,16,-2033.790175,5,[14]=-238384;[15]=-236198;[16]=-235686;[17]=-236857;[18]=-239687
1772,RECAL 3 0 9999 9999 64 4 80,0,9999,9999,0,64,4,80,532.000000,33,1,Ok,4245.000000,NonMono,17,-243803.000000,17.519727,18,602.078909,29,[3]=-246779;[4]=-246398;[5]=-246056;[6]=-245725;[7]=-245425;[8]=-245124;[9]=-244882;[10]=-244628;[11]=-244418;[12]=-244244;[13]=-244088;[14]=-243991;[15]=-243883;[16]=-243827;[17]=-243803;[18]=-243807;[19]=-243821;[20]=-243887;[21]=-243991;[22]=-244127;[23]=-244298;[24]=-244485;[25]=-244723;[26]=-244997;[27]=-245307;[28]=-245683;[29]=-246068;[30]=-246509;[31]=-246987
1773,RECAL 3 1 9999 602 64 4 80,1,9999,602,0,64,4,80,-2779.000000,33,1,Ok,249939.000000,NonMono,16,-243756.000000,15.974828,16,-2715.100690,5,[14]=-249482;[15]=-245154;[16]=-243756;[17]=-245314;[18]=-249868
1774,RECAL 3 0 9999 9999 64 4 80,0,9999,9999,0,64,4,80,-2389.000000,33,1,Ok,79596.000000,NonMono,16,-248554.000000,16.352768,16,-2323.588929,7,[13]=-251800;[14]=-250153;[15]=-249046;[16]=-248554;[17]=-248643;[18]=-249325;[19]=-250594
1775,RECAL 3 1 9999 -2324 64 4 80,1,9999,-2324,0,64,4,80,-2789.000000,33,1,Ok,245978.000000,NonMono,16,-248463.000000,15.880400,16,-2725.478399,5,[14]=-253556;[15]=-249593;[16]=-248463;[17]=-250292;[18]=-254991
1776,RECAL 3 0 9999 9999 64 4 80,0,9999,9999,0,64,4,80,-2405.000000,33,1,Ok,80269.000000,NonMono,16,-245525.000000,15.904522,16,-2341.381912,9,[12]=-250208;[13]=-248099;[14]=-246634;[15]=-245763;[16]=-245525;[17]=-245892;[18]=-246856;[19]=-248433;[20]=-250639
1777,RECAL 3 1 9999 -2341 64 4 80,1,9999,-2341,0,64,4,80,-2109.000000,33,1,Ok,210012.000000,NonMono,16,-245519.000000,15.608118,16,-2046.567530,5,[14]=-247501;[15]=-245690;[16]=-245519;[17]=-246986;[18]=-250129
1778,RECAL 3 0 9999 9999 64 4 80,0,9999,9999,0,64,4,80,-2403.000000,33,1,Ok,80520.000000,NonMono,16,-241570.000000,15.979140,16,-2339.083441,9,[12]=-246443;[13]=-244297;[14]=-242787;[15]=-241873;[16]=-241570;[17]=-241908;[18]=-242837;[19]=-244391;[20]=-246584
1779,RECAL 3 1 9999 -2339 64 4 80,1,9999,-2339,0,64,4,80,-1041.000000,33,1,Ok,48496.000000,NonMono,15,-241477.000000,15.185786,15,-980.256858,9,[11]=-244723;[12]=-243331;[13]=-242352;[14]=-241720;[15]=-241477;[16]=-241585;[17]=-242048;[18]=-242898;[19]=-244064
1780,RECAL 3 0 9999 9999 64 4 80,0,9999,9999,0,64,4,80,-2508.000000,33,1,Ok,88242.000000,NonMono,16,-239527.000000,16.044302,16,-2443.822793,7,[13]=-242670;[14]=-240951;[15]=-239897;[16]=-239527;[17]=-239834;[18]=-240846;[19]=-242531
1781,RECAL 3 1 9999 -2444 64 4 80,1,9999,-2444,0,64,4,80,1484.000000,33,1,Ok,139420.000000,NonMono,15,-239116.000000,15.096900,15,1544.387600,7,[12]=-243551;[13]=-241182;[14]=-239677;[15]=-239116;[16]=-239488;[17]=-240890;[18]=-243219
1782,RECAL 3 0 9999 9999 64 4 80,0,9999,9999,0,64,4,80,-2437.000000,33,1,Ok,86571.000000,NonMono,16,-244486.000000,16.450741,16,-2371.197038,7,[13]=-248184;[14]=-246328;[15]=-245080;[16]=-244486;[17]=-244517;[18]=-245183;[19]=-246488
1783,RECAL 3 1 9999 -2371 64 4 80,1,9999,-2371,0,64,4,80,2307.000000,33,1,Ok,244528.000000,NonMono,15,-243498.000000,15.076539,15,2367.306158,5,[13]=-248223;[14]=-244772;[15]=-243498;[16]=-244438;[17]=-247569
1784,RECAL 3 0 9999 9999 64 4 80,0,9999,9999,0,64,4,80,-2451.000000,33,1,Ok,83392.000000,NonMono,16,-246434.000000,16.323752,16,-2385.704990,7,[13]=-249760;[14]=-248061;[15]=-246945;[16]=-246434;[17]=-246556;[18]=-247284;[19]=-248656
1785,RECAL 3 1 9999 -2386 64 4 80,1,9999,-2386,0,64,4,80,2913.000000,33,1,Ok,248623.000000,NonMono,15,-246265.000000,15.465251,15,2974.861004,17,[7]=-361690;[8]=-336277;[9]=-313763;[10]=-294441;[11]=-278306;[12]=-265461;[13]=-255794;[14]=-249422;[15]=-246265;[16]=-246384;[17]=-249775;[18]=-256390;[19]=-266279;[20]=-279373;[21]=-295715;[22]=-315114;[23]=-337511
1786,RECAL 3 0 9999 9999 64 4 80,0,9999,9999,0,64,4,80,2346.000000,33,1,Ok,104873.000000,NonMono,15,-229007.000000,15.327052,15,2407.308209,7,[12]=-232794;[13]=-230836;[14]=-229575;[15]=-229007;[16]=-229114;[17]=-229944;[18]=-231474
1787,RECAL 3 1 9999 2407 64 4 80,1,9999,2407,0,64,4,80,-2850.000000,33,1,Ok,264891.000000,NonMono,16,-228922.000000,16.241395,16,-2785.034418,5,[14]=-237074;[15]=-231367;[16]=-228922;[17]=-229783;[18]=-233985
1788,RECAL 3 0 9999 9999 64 4 80,0,9999,9999,0,64,4,80,2265.000000,33,1,Ok,99253.000000,NonMono,16,-226131.000000,15.549199,16,2327.196795,7,[13]=-228236;[14]=-226857;[15]=-226156;[16]=-226131;[17]=-226776;[18]=-228112;[19]=-230173
1789,RECAL 3 1 9999 2327 64 4 80,1,9999,2327,0,64,4,80,-2217.000000,33,1,Ok,240971.000000,NonMono,16,-226078.000000,16.246944,16,-2152.012224,5,[14]=-231200;[15]=-227588;[16]=-226078;[17]=-226571;[18]=-229126
1790,RECAL 3 0 9999 9999 64 4 80,0,9999,9999,0,64,4,80,2281.000000,33,1,Ok,109360.000000,NonMono,15,-224429.000000,14.947681,15,2340.790725,7,[12]=-227400;[13]=-225712;[14]=-224738;[15]=-224429;[16]=-224805;[17]=-225901;[18]=-227734
1791,RECAL 3 1 9999 2341 64 4 80,1,9999,2341,0,64,4,80,-1295.000000,33,1,Ok,87973.000000,NonMono,16,-224429.000000,15.932129,16,-1231.271485,7,[13]=-227284;[14]=-225659;[15]=-224725;[16]=-224429;[17]=-224811;[18]=-225839;[19]=-227544
1792,RECAL 3 0 9999 9999 64 4 80,0,9999,9999,0,64,4,80,2292.000000,33,1,Ok,109265.000000,NonMono,15,-224189.000000,15.027245,15,2352.108982,7,[12]=-227370;[13]=-225618;[14]=-224550;[15]=-224189;[16]=-224522;[17]=-225564;[18]=-227352
1793,RECAL 3 1 9999 2352 64 4 80,1,9999,2352,0,64,4,80,1254.000000,33,1,Ok,110459.000000,NonMono,15,-224038.000000,15.321718,15,1315.286871,7,[12]=-228261;[13]=-226058;[14]=-224661;[15]=-224038;[16]=-224168;[17]=-225053;[18]=-226736
1794,RECAL 3 0 9999 9999 64 4 80,0,9999,9999,0,64,4,80,2391.000000,33,1,Ok,107201.000000,NonMono,16,-227785.000000,15.811911,16,2454.247642,7,[13]=-230682;[14]=-228998;[15]=-228020;[16]=-227785;[17]=-228313;[18]=-229589;[19]=-231642
1795,RECAL 3 1 9999 2454 64 4 80,1,9999,2454,0,64,4,80,2136.000000,33,1,Ok,246934.000000,NonMono,15,-227023.000000,15.156489,15,2196.625957,5,[13]=-231925;[14]=-228408;[15]=-227023;[16]=-227747;[17]=-230652
1796,RECAL 3 0 9999 9999 64 4 80,0,9999,9999,0,64,4,80,2318.000000,33,1,Ok,104722.000000,NonMono,15,-233273.000000,15.048647,15,2378.194587,7,[12]=-236402;[13]=-234678;[14]=-233645;[15]=-233273;[16]=-233588;[17]=-234554;[18]=-236252
1797,RECAL 3 1 9999 2378 64 4 80,1,9999,2378,0,64,4,80,2758.000000,33,1,Ok,261632.000000,NonMono,15,-233092.000000,15.427762,15,2819.711050,17,[7]=-352406;[8]=-325475;[9]=-302076;[10]=-282104;[11]=-265609;[12]=-252464;[13]=-242689;[14]=-236206;[15]=-233092;[16]=-233254;[17]=-236728;[18]=-243597;[19]=-253821;[20]=-267378;[21]=-284174;[22]=-304234;[23]=-326979
1798,RECAL 3 0 9999 9999 64 4 80,0,9999,9999,0,64,4,80,-111.000000,33,0,ParabolaNotDownward,424.000000,Flat,27,-242148.000000,,,,0,
1799,RECAL 3 0 9999 9999 200 4 80,0,9999,9999,0,200,4,80,-247.000000,101,0,ParabolaNotDownward,3846.000000,NonMono,99,-241953.000000,,,,28,[83]=-242046;[84]=-242042;[85]=-242041;[86]=-242016;[87]=-242022;[88]=-242008;[89]=-242000;[90]=-242016;[91]=-241982;[92]=-241981;[93]=-241973;[94]=-241966;[95]=-241962;[96]=-241955;[97]=-241955;[98]=-241965;[99]=-241953;[100]=-241972;[101]=6.85315e-310;[102]=1.91991e-305;[103]=8.60778e-43;[104]=1.39804e-76;[105]=4.27181e-33;[106]=9.92876e-96;[107]=6.82477e-38;[108]=4.03156e-66;[109]=4.01459e-57;[111]=2.08482e-23
1800,RECAL 3 0 9999 -447 200 4 80,0,9999,-447,0,200,4,80,-647.000000,101,0,ParabolaNotDownward,112720.000000,StrictInc,100,-245793.000000,,,,0,
1801,RECAL 3 0 9999 353 200 4 80,0,9999,353,0,200,4,80,153.000000,101,0,ParabolaNotDownward,53675.000000,NonMono,0,-241997.000000,,,,38,[0]=-241997;[1]=-242004;[2]=-242006;[3]=-242026;[4]=-242040;[5]=-242035;[6]=-242076;[7]=-242104;[8]=-242124;[9]=-242170;[10]=-242183;[11]=-242223;[12]=-242275;[13]=-242317;[14]=-242365;[15]=-242413;[16]=-242464;[17]=-242539;[18]=-242600;[19]=-242691;[20]=-242757;[21]=-242833;[22]=-242930;[23]=-243029;[24]=-243133;[25]=-243207;[26]=-243332;[27]=-243460;[28]=-243587;[29]=-243718;[30]=-243872;[31]=-244029;[32]=-244176;[33]=-244347;[34]=-244546;[35]=-244725;[36]=-244945;[37]=-245145
1802,RECAL 3 1 9999 -427 64 4 80,1,9999,-427,0,64,4,80,2725.000000,33,1,Ok,230029.000000,NonMono,15,-265097.000000,15.238002,15,2785.952009,5,[13]=-272680;[14]=-267347;[15]=-265097;[16]=-265888;[17]=-269742
1803,RECAL 3 0 9999 9999 64 4 80,0,9999,9999,0,64,4,80,614.000000,33,1,Ok,6869.000000,NonMono,16,-237440.000000,15.902331,16,677.609324,23,[5]=-239969;[6]=-239564;[7]=-239169;[8]=-238822;[9]=-238498;[10]=-238220;[11]=-237972;[12]=-237786;[13]=-237637;[14]=-237537;[15]=-237461;[16]=-237440;[17]=-237475;[18]=-237554;[19]=-237687;[20]=-237865;[21]=-238066;[22]=-238359;[23]=-238691;[24]=-239086;[25]=-239539;[26]=-240034;[27]=-240606
1804,RECAL 3 1 9999 678 64 4 80,1,9999,678,0,64,4,80,2091.000000,33,1,Ok,235638.000000,NonMono,15,-237099.000000,15.323716,15,2152.294863,5,[13]=-242381;[14]=-238747;[15]=-237099;[16]=-237456;[17]=-239798
1805,RECAL 3 0 9999 9999 64 4 80,0,9999,9999,0,64,4,80,-373.000000,33,0,ParabolaNotDownward,1468.000000,Flat,11,-232986.000000,,,,0,
1806,RECAL 3 0 9999 9999 200 4 80,0,9999,9999,0,200,4,80,-509.000000,101,1,Ok,16993.000000,NonMono,46,-233014.000000,46.003057,46,-324.987772,45,[24]=-236033;[25]=-235730;[26]=-235451;[27]=-235187;[28]=-234930;[29]=-234717;[30]=-234491;[31]=-234296;[32]=-234115;[33]=-233976;[34]=-233822;[35]=-233686;[36]=-233566;[37]=-233464;[38]=-233365;[39]=-233270;[40]=-233227;[41]=-233155;[42]=-233091;[43]=-233079;[44]=-233061;[45]=-233024;[46]=-233014;[47]=-233023;[48]=-233039;[49]=-233052;[50]=-233098;[51]=-233134;[52]=-233194;[53]=-233222;[54]=-233298;[55]=-233348;[56]=-233432;[57]=-233526;[58]=-233615;[59]=-233710;[60]=-233802;[61]=-233910;[62]=-234011;[63]=-234096;[64]=-234216;[65]=-234349;[66]=-234474;[67]=-234599;[68]=-234726
1807,RECAL 3 0 9999 -325 64 4 80,0,9999,-325,0,64,4,80,-389.000000,33,0,ParabolaNotDownward,1505.000000,Flat,16,-232995.000000,,,,0,
1808,RECAL 3 1 9999 -326 64 4 80,1,9999,-326,0,64,4,80,1178.000000,33,1,Ok,96212.000000,NonMono,15,-232977.000000,15.437326,15,1239.749306,7,[12]=-236759;[13]=-234851;[14]=-233572;[15]=-232977;[16]=-233008;[17]=-233711;[18]=-235127
1809,RECAL 3 0 9999 9999 64 4 80,0,9999,9999,0,64,4,80,-486.000000,33,0,ParabolaNotDownward,2273.000000,Flat,15,-228564.000000,,,,0,
1810,RECAL 3 0 9999 9999 200 4 80,0,9999,9999,0,200,4,80,-622.000000,101,1,Ok,31605.000000,NonMono,49,-228553.000000,49.174115,49,-425.303538,37,[31]=-231911;[32]=-231535;[33]=-231169;[34]=-230828;[35]=-230517;[36]=-230229;[37]=-229999;[38]=-229755;[39]=-229526;[40]=-229332;[41]=-229164;[42]=-229024;[43]=-228886;[44]=-228810;[45]=-228727;[46]=-228655;[47]=-228597;[48]=-228571;[49]=-228553;[50]=-228584;[51]=-228596;[52]=-228636;[53]=-228670;[54]=-228745;[55]=-228808;[56]=-228930;[57]=-229023;[58]=-229155;[59]=-229308;[60]=-229465;[61]=-229622;[62]=-229782;[63]=-229968;[64]=-230177;[65]=-230366;[66]=-230591;[67]=-230809
1811,RECAL 3 0 9999 -425 64 4 80,0,9999,-425,0,64,4,80,-489.000000,33,0,ParabolaNotDownward,2511.000000,Flat,16,-228558.000000,,,,0,
1812,RECAL 3 1 9999 -425 64 4 80,1,9999,-425,0,64,4,80,-1368.000000,33,1,Ok,100255.000000,NonMono,15,-228423.000000,15.309590,15,-1306.761639,7,[12]=-232436;[13]=-230349;[14]=-229018;[15]=-228423;[16]=-228549;[17]=-229451;[18]=-231119
1813,RECAL 3 0 9999 9999 64 4 80,0,9999,9999,0,64,4,80,-533.000000,33,1,Ok,4533.000000,NonMono,10,-230019.000000,9.694665,10,-494.221341,17,[2]=-230723;[3]=-230522;[4]=-230392;[5]=-230278;[6]=-230170;[7]=-230102;[8]=-230041;[9]=-230031;[10]=-230019;[11]=-230024;[12]=-230076;[13]=-230132;[14]=-230215;[15]=-230319;[16]=-230436;[17]=-230559;[18]=-230732
1814,RECAL 3 1 9999 -494 64 4 80,1,9999,-494,0,64,4,80,-2263.000000,33,1,Ok,242572.000000,NonMono,16,-230008.000000,16.307416,16,-2197.770337,5,[14]=-235453;[15]=-231698;[16]=-230008;[17]=-230419;[18]=-232893
1815,RECAL 3 0 9999 9999 64 4 80,0,9999,9999,0,64,4,80,380.000000,33,1,Ok,3174.000000,NonMono,14,-232879.000000,13.171542,13,432.686168,17,[6]=-233263;[7]=-233173;[8]=-233071;[9]=-233017;[10]=-232945;[11]=-232915;[12]=-232896;[13]=-232880;[14]=-232879;[15]=-232914;[16]=-232931;[17]=-232992;[18]=-233058;[19]=-233142;[20]=-233257;[21]=-233366;[22]=-233496
1816,RECAL 3 1 9999 433 64 4 80,1,9999,433,0,64,4,80,-2885.000000,33,1,Ok,262420.000000,NonMono,16,-232853.000000,16.396451,16,-2819.414198,5,[14]=-242158;[15]=-235817;[16]=-232853;[17]=-233178;[18]=-236817
1817,RECAL 3 0 9999 9999 64 4 80,0,9999,9999,0,64,4,80,-2399.000000,33,1,Ok,77641.000000,NonMono,16,-237802.000000,16.077077,16,-2334.691691,9,[12]=-242735;[13]=-240615;[14]=-239067;[15]=-238157;[16]=-237802;[17]=-238052;[18]=-238892;[19]=-240342;[20]=-242370
1818,RECAL 3 1 9999 -2335 64 4 80,1,9999,-2335,0,64,4,80,-2872.000000,33,1,Ok,257142.000000,NonMono,16,-237752.000000,16.285455,16,-2806.858181,5,[14]=-245781;[15]=-240256;[16]=-237752;[17]=-238473;[18]=-242440
1819,RECAL 3 0 9999 9999 64 4 80,0,9999,9999,0,64,4,80,-2477.000000,33,1,Ok,85281.000000,NonMono,16,-236853.000000,16.051227,16,-2412.795094,7,[13]=-239958;[14]=-238252;[15]=-237231;[16]=-236853;[17]=-237155;[18]=-238116;[19]=-239733
1820,RECAL 3 1 9999 -2413 64 4 80,1,9999,-2413,0,64,4,80,-2249.000000,33,1,Ok,235091.000000,NonMono,16,-236860.000000,16.198848,16,-2184.204609,5,[14]=-241586;[15]=-238249;[16]=-236860;[17]=-237468;[18]=-240086
1821,RECAL 3 0 9999 9999 64 4 80,0,9999,9999,0,64,4,80,-2466.000000,33,1,Ok,85835.000000,NonMono,16,-235436.000000,16.109817,16,-2401.560730,7,[13]=-238627;[14]=-236897;[15]=-235823;[16]=-235436;[17]=-235692;[18]=-236572;[19]=-238112
1822,RECAL 3 1 9999 -2402 64 4 80,1,9999,-2402,0,64,4,80,-1353.000000,33,1,Ok,88327.000000,NonMono,16,-235461.000000,15.898428,16,-1289.406288,7,[13]=-238391;[14]=-236714;[15]=-235738;[16]=-235461;[17]=-235866;[18]=-237007;[19]=-238808
1823,RECAL 3 0 9999 9999 64 4 80,0,9999,9999,0,64,4,80,-2449.000000,33,1,Ok,87467.000000,NonMono,16,-235707.000000,15.525269,16,-2386.898924,7,[13]=-237637;[14]=-236359;[15]=-235732;[16]=-235707;[17]=-236318;[18]=-237552;[19]=-239413
1824,RECAL 3 1 9999 -2387 64 4 80,1,9999,-2387,0,64,4,80,1199.000000,33,1,Ok,94443.000000,NonMono,15,-235611.000000,15.452391,15,1260.809563,7,[12]=-239489;[13]=-237550;[14]=-236241;[15]=-235611;[16]=-235656;[17]=-236343;[18]=-237714
1825,RECAL 3 0 9999 9999 64 4 80,0,9999,9999,0,64,4,80,-2351.000000,33,1,Ok,80626.000000,NonMono,17,-238447.000000,16.709352,17,-2284.162593,7,[14]=-240581;[15]=-239272;[16]=-238578;[17]=-238447;[18]=-238903;[19]=-239940;[20]=-241538
1826,RECAL 3 1 9999 -2284 64 4 80,1,9999,-2284,0,64,4,80,2104.000000,33,1,Ok,235056.000000,NonMono,15,-238221.000000,15.406376,15,2165.625503,5,[13]=-243618;[14]=-239969;[15]=-238221;[16]=-238406;[17]=-240538
1827,RECAL 3 0 9999 9999 64 4 80,0,9999,9999,0,64,4,80,-2430.000000,33,1,Ok,80436.000000,NonMono,16,-241255.000000,16.329191,16,-2364.683235,7,[13]=-244388;[14]=-242787;[15]=-241738;[16]=-241255;[17]=-241351;[18]=-242054;[19]=-243316
1828,RECAL 3 1 9999 -2365 64 4 80,1,9999,-2365,0,64,4,80,2733.000000,33,1,Ok,253847.000000,NonMono,15,-241153.000000,15.484634,15,2794.938538,17,[7]=-351610;[8]=-327009;[9]=-305625;[10]=-287260;[11]=-271972;[12]=-259708;[13]=-250461;[14]=-244225;[15]=-241153;[16]=-241190;[17]=-244312;[18]=-250567;[19]=-259898;[20]=-272224;[21]=-287309;[22]=-305443;[23]=-326156
1829,RECAL 3 0 9999 9999 64 4 80,0,9999,9999,0,64,4,80,2539.000000,33,1,Ok,106863.000000,NonMono,16,-233903.000000,15.903822,16,2602.615288,7,[13]=-237120;[14]=-235275;[15]=-234195;[16]=-233903;[17]=-234344;[18]=-235599;[19]=-237645
1830,RECAL 3 1 9999 2603 64 4 80,1,9999,2603,0,64,4,80,-3045.000000,33,1,Ok,260354.000000,NonMono,16,-233864.000000,16.417162,16,-2979.331354,17,[8]=-354632;[9]=-327199;[10]=-303487;[11]=-283017;[12]=-266303;[13]=-253065;[14]=-243291;[15]=-236910;[16]=-233864;[17]=-234093;[18]=-237611;[19]=-244247;[20]=-254045;[21]=-266924;[22]=-282582;[23]=-301112;[24]=-321937
1831,RECAL 3 0 9999 9999 64 4 80,0,9999,9999,0,64,4,80,2551.000000,33,1,Ok,113810.000000,NonMono,16,-228938.000000,15.828215,16,2614.312860,7,[13]=-232243;[14]=-230294;[15]=-229210;[16]=-228938;[17]=-229484;[18]=-230858;[19]=-233058
1832,RECAL 3 1 9999 2614 64 4 80,1,9999,2614,0,64,4,80,-2418.000000,33,1,Ok,244642.000000,NonMono,17,-228753.000000,16.575173,17,-2351.699308,5,[15]=-231244;[16]=-228927;[17]=-228753;[18]=-230740;[19]=-234825
1833,RECAL 3 0 9999 9999 64 4 80,0,9999,9999,0,64,4,80,2475.000000,33,1,Ok,107729.000000,NonMono,16,-226472.000000,15.867739,16,2538.470958,7,[13]=-229647;[14]=-227813;[15]=-226756;[16]=-226472;[17]=-226975;[18]=-228236;[19]=-230330
1834,RECAL 3 1 9999 2538 64 4 80,1,9999,2538,0,64,4,80,-1557.000000,33,1,Ok,114963.000000,NonMono,16,-226458.000000,16.039993,16,-1492.840027,7,[13]=-230575;[14]=-228313;[15]=-226942;[16]=-226458;[17]=-226858;[18]=-228159;[19]=-230289
1835,RECAL 3 0 9999 9999 64 4 80,0,9999,9999,0,64,4,80,2571.000000,33,1,Ok,121427.000000,NonMono,15,-226245.000000,15.431112,15,2632.724448,7,[12]=-231051;[13]=-228621;[14]=-227010;[15]=-226245;[16]=-226300;[17]=-227188;[18]=-228945
1836,RECAL 3 1 9999 2633 64 4 80,1,9999,2633,0,64,4,80,1036.000000,33,1,Ok,62622.000000,NonMono,16,-226163.000000,16.299043,16,1101.196171,9,[12]=-230400;[13]=-228684;[14]=-227371;[15]=-226533;[16]=-226163;[17]=-226265;[18]=-226836;[19]=-227886;[20]=-229432
1837,RECAL 3 0 9999 9999 64 4 80,0,9999,9999,0,64,4,80,2501.000000,33,1,Ok,109344.000000,NonMono,16,-229705.000000,15.535248,16,2563.140990,7,[13]=-232037;[14]=-230506;[15]=-229731;[16]=-229705;[17]=-230426;[18]=-231905;[19]=-234131
1838,RECAL 3 1 9999 2563 64 4 80,1,9999,2563,0,64,4,80,2059.000000,33,1,Ok,225274.000000,NonMono,15,-229471.000000,15.417764,15,2120.671055,5,[13]=-234266;[14]=-231046;[15]=-229471;[16]=-229622;[17]=-231547
1839,RECAL 3 0 9999 9999 64 4 80,0,9999,9999,0,64,4,80,2591.000000,33,1,Ok,104466.000000,NonMono,15,-234520.000000,15.447542,15,2652.790166,7,[12]=-238755;[13]=-236628;[14]=-235198;[15]=-234520;[16]=-234555;[17]=-235322;[18]=-236781
1840,RECAL 3 1 9999 2653 64 4 80,1,9999,2653,0,64,4,80,2730.000000,33,1,Ok,259623.000000,NonMono,16,-234435.000000,15.592729,16,2792.370917,5,[14]=-237838;[15]=-234690;[16]=-234435;[17]=-237111;[18]=-242842
1841,RECAL 3 0 9999 9999 64 4 80,0,9999,9999,0,64,4,80,1101.000000,33,1,Ok,20032.000000,NonMono,16,-237805.000000,16.115323,16,1165.461291,15,[9]=-241425;[10]=-240495;[11]=-239689;[12]=-239027;[13]=-238513;[14]=-238145;[15]=-237893;[16]=-237805;[17]=-237877;[18]=-238076;[19]=-238423;[20]=-238937;[21]=-239597;[22]=-240431;[23]=-241408
1842,RECAL 3 1 9999 1165 64 4 80,1,9999,1165,0,64,4,80,2724.000000,33,1,Ok,256045.000000,NonMono,16,-237791.000000,15.873498,16,2787.493991,5,[14]=-242794;[15]=-238887;[16]=-237791;[17]=-239655;[18]=-244506
1843,RECAL 3 0 9999 9999 64 4 80,0,9999,9999,0,64,4,80,857.000000,33,1,Ok,13622.000000,NonMono,16,-231366.000000,15.726215,16,919.904860,17,[8]=-234071;[9]=-233424;[10]=-232878;[11]=-232412;[12]=-232010;[13]=-231715;[14]=-231504;[15]=-231392;[16]=-231366;[17]=-231461;[18]=-231623;[19]=-231887;[20]=-232242;[21]=-232707;[22]=-233304;[23]=-233954;[24]=-234728
1844,RECAL 3 1 9999 920 64 4 80,1,9999,920,0,64,4,80,2054.000000,33,1,Ok,225687.000000,NonMono,15,-231341.000000,15.482091,15,2115.928362,5,[13]=-236359;[14]=-233008;[15]=-231341;[16]=-231365;[17]=-233146
1845,RECAL 3 0 9999 9999 64 4 80,0,9999,9999,0,64,4,80,1025.000000,33,1,Ok,24042.000000,NonMono,15,-227761.000000,14.497550,14,1082.990199,13,[9]=-229920;[10]=-229207;[11]=-228630;[12]=-228201;[13]=-227899;[14]=-227770;[15]=-227761;[16]=-227913;[17]=-228211;[18]=-228658;[19]=-229260;[20]=-230031;[21]=-230942
1846,RECAL 3 1 9999 1083 64 4 80,1,9999,1083,0,64,4,80,1029.000000,33,1,Ok,60707.000000,NonMono,16,-227744.000000,16.454876,16,1094.819504,9,[12]=-232249;[13]=-230440;[14]=-229092;[15]=-228203;[16]=-227744;[17]=-227765;[18]=-228260;[19]=-229239;[20]=-230689
1847,RECAL 3 0 9999 9999 64 4 80,0,9999,9999,0,64,4,80,786.000000,33,1,Ok,15905.000000,NonMono,13,-227323.000000,13.370671,13,839.482683,19,[4]=-230840;[5]=-230155;[6]=-229539;[7]=-228988;[8]=-228511;[9]=-228122;[10]=-227785;[11]=-227550;[12]=-227392;[13]=-227323;[14]=-227366;[15]=-227448;[16]=-227620;[17]=-227885;[18]=-228245;[19]=-228700;[20]=-229235;[21]=-229863;[22]=-230583
1848,RECAL 3 1 9999 839 64 4 80,1,9999,839,0,64,4,80,-1558.000000,33,1,Ok,118018.000000,NonMono,16,-227339.000000,16.163682,16,-1493.345272,7,[13]=-231831;[14]=-229416;[15]=-227933;[16]=-227339;[17]=-227636;[18]=-228800;[19]=-230833
1849,RECAL 3 0 9999 9999 64 4 80,0,9999,9999,0,64,4,80,999.000000,33,1,Ok,23547.000000,NonMono,14,-228963.000000,14.229558,14,1055.918230,15,[7]=-232428;[8]=-231550;[9]=-230790;[10]=-230163;[11]=-229670;[12]=-229300;[13]=-229071;[14]=-228963;[15]=-229013;[16]=-229180;[17]=-229487;[18]=-229958;[19]=-230570;[20]=-231300;[21]=-232215
1850,RECAL 3 1 9999 1056 64 4 80,1,9999,1056,0,64,4,80,-2417.000000,33,1,Ok,239764.000000,NonMono,16,-228960.000000,16.152682,16,-2352.389272,5,[14]=-233959;[15]=-230355;[16]=-228960;[17]=-229689;[18]=-232589
1851,RECAL 3 0 9999 9999 64 4 80,0,9999,9999,0,64,4,80,978.000000,33,1,Ok,16792.000000,NonMono,16,-231005.000000,16.008639,16,1042.034556,15,[9]=-233851;[10]=-233110;[11]=-232483;[12]=-231968;[13]=-231573;[14]=-231252;[15]=-231065;[16]=-231005;[17]=-231077;[18]=-231265;[19]=-231581;[20]=-231985;[21]=-232550;[22]=-233238;[23]=-234048
1852,RECAL 3 1 9999 1042 64 4 80,1,9999,1042,0,64,4,80,-3042.000000,33,1,Ok,262564.000000,NonMono,16,-230994.000000,16.159225,16,-2977.363099,5,[14]=-238683;[15]=-233181;[16]=-230994;[17]=-232121;[18]=-236492
1853,RECAL 3 0 9999 9999 64 4 80,0,9999,9999,0,64,4,80,-2251.000000,33,1,Ok,78166.000000,NonMono,16,-236839.000000,15.936209,16,-2187.255162,9,[12]=-241427;[13]=-239380;[14]=-237955;[15]=-237071;[16]=-236839;[17]=-237175;[18]=-238070;[19]=-239556;[20]=-241612
1854,RECAL 3 1 9999 -2187 64 4 80,1,9999,-2187,0,64,4,80,-3004.000000,33,1,Ok,257498.000000,NonMono,16,-236816.000000,16.418858,16,-2938.324569,17,[8]=-355818;[9]=-328894;[10]=-305352;[11]=-285266;[12]=-268840;[13]=-255779;[14]=-246133;[15]=-239827;[16]=-236816;[17]=-237053;[18]=-240503;[19]=-247139;[20]=-256923;[21]=-269903;[22]=-285842;[23]=-304834;[24]=-326387
1855,RECAL 3 0 9999 9999 64 4 80,0,9999,9999,0,64,4,80,-2233.000000,33,1,Ok,79072.000000,NonMono,16,-233665.000000,16.064477,16,-2168.742090,9,[12]=-238466;[13]=-236364;[14]=-234876;[15]=-233989;[16]=-233665;[17]=-233910;[18]=-234710;[19]=-236115;[20]=-238080
1856,RECAL 3 1 9999 -2169 64 4 80,1,9999,-2169,0,64,4,80,-2370.000000,33,1,Ok,237123.000000,NonMono,16,-233658.000000,16.309770,16,-2304.760920,5,[14]=-239178;[15]=-235359;[16]=-233658;[17]=-234056;[18]=-236501
1857,RECAL 3 0 9999 9999 64 4 80,0,9999,9999,0,64,4,80,-2313.000000,33,1,Ok,83654.000000,NonMono,16,-230812.000000,15.963944,16,-2249.144226,9,[12]=-235642;[13]=-233514;[14]=-232004;[15]=-231101;[16]=-230812;[17]=-231156;[18]=-232078;[19]=-233597;[20]=-235723
1858,RECAL 3 1 9999 -2249 64 4 80,1,9999,-2249,0,64,4,80,-1484.000000,33,1,Ok,108420.000000,NonMono,16,-230804.000000,16.319592,16,-1418.721631,7,[13]=-235230;[14]=-232958;[15]=-231490;[16]=-230804;[17]=-230968;[18]=-231928;[19]=-233674
1859,RECAL 3 0 9999 9999 64 4 80,0,9999,9999,0,64,4,80,-2211.000000,33,1,Ok,79607.000000,NonMono,16,-231842.000000,16.503990,17,-2144.984041,7,[13]=-235118;[14]=-233476;[15]=-232393;[16]=-231842;[17]=-231846;[18]=-232377;[19]=-233469
1860,RECAL 3 1 9999 -2145 64 4 80,1,9999,-2145,0,64,4,80,1126.000000,33,1,Ok,80201.000000,NonMono,16,-231790.000000,15.615729,16,1188.462917,7,[13]=-233646;[14]=-232475;[15]=-231845;[16]=-231790;[17]=-232273;[18]=-233333;[19]=-234936
1861,RECAL 3 0 9999 9999 64 4 80,0,9999,9999,0,64,4,80,-2289.000000,33,1,Ok,74140.000000,NonMono,16,-235244.000000,15.806676,16,-2225.773296,9,[12]=-239339;[13]=-237467;[14]=-236157;[15]=-235421;[16]=-235244;[17]=-235658;[18]=-236580;[19]=-238083;[20]=-240152
1862,RECAL 3 1 9999 -2226 64 4 80,1,9999,-2226,0,64,4,80,2105.000000,33,1,Ok,232110.000000,NonMono,16,-235230.000000,15.605247,16,2167.420987,5,[14]=-237414;[15]=-235416;[16]=-235230;[17]=-236866;[18]=-240365
1863,RECAL 3 0 9999 9999 64 4 80,0,9999,9999,0,64,4,80,-2187.000000,33,1,Ok,65412.000000,NonMono,16,-239823.000000,16.051741,16,-2122.793038,9,[12]=-243757;[13]=-242072;[14]=-240837;[15]=-240086;[16]=-239823;[17]=-240045;[18]=-240740;[19]=-241895;[20]=-243528
1864,RECAL 3 1 9999 -2123 64 4 80,1,9999,-2123,0,64,4,80,2764.000000,33,1,Ok,254960.000000,NonMono,16,-239788.000000,15.561553,16,2826.246212,5,[14]=-243054;[15]=-239984;[16]=-239788;[17]=-242574;[18]=-248325
1865,RECAL 3 0 9999 9999 64 4 80,0,9999,9999,0,64,4,80,2293.000000,33,1,Ok,90654.000000,NonMono,15,-234421.000000,15.442038,15,2354.768150,7,[12]=-237983;[13]=-236178;[14]=-234997;[15]=-234421;[16]=-234438;[17]=-235114;[18]=-236409
1866,RECAL 3 1 9999 2355 64 4 80,1,9999,2355,0,64,4,80,-2947.000000,33,1,Ok,257834.000000,NonMono,16,-234332.000000,15.664056,16,-2884.343777,5,[14]=-238422;[15]=-234794;[16]=-234332;[17]=-236837;[18]=-242419
1867,RECAL 3 0 9999 9999 64 4 80,0,9999,9999,0,64,4,80,2205.000000,33,1,Ok,79307.000000,NonMono,16,-230642.000000,16.193362,16,2269.773450,7,[13]=-233697;[14]=-232092;[15]=-231065;[16]=-230642;[17]=-230843;[18]=-231617;[19]=-232991
1868,RECAL 3 1 9999 2270 64 4 80,1,9999,2270,0,64,4,80,-2300.000000,33,1,Ok,227730.000000,NonMono,16,-230647.000000,16.036977,16,-2235.852091,5,[14]=-234680;[15]=-231695;[16]=-230647;[17]=-231542;[18]=-234308
1869,RECAL 3 0 9999 9999 64 4 80,0,9999,9999,0,64,4,80,2327.000000,33,1,Ok,95193.000000,NonMono,16,-229112.000000,15.760566,16,2390.042262,7,[13]=-231685;[14]=-230151;[15]=-229298;[16]=-229112;[17]=-229604;[18]=-230818;[19]=-232658
1870,RECAL 3 1 9999 2390 64 4 80,1,9999,2390,0,64,4,80,-1370.000000,33,1,Ok,84779.000000,NonMono,16,-229080.000000,15.651164,16,-1307.395344,7,[13]=-231477;[14]=-229978;[15]=-229195;[16]=-229080;[17]=-229668;[18]=-230909;[19]=-232830
1871,RECAL 3 0 9999 9999 64 4 80,0,9999,9999,0,64,4,80,2239.000000,33,1,Ok,95840.000000,NonMono,15,-230373.000000,15.089852,15,2299.359406,9,[11]=-235396;[12]=-233264;[13]=-231698;[14]=-230738;[15]=-230373;[16]=-230614;[17]=-231493;[18]=-232993;[19]=-235061
1872,RECAL 3 1 9999 2299 64 4 80,1,9999,2299,0,64,4,80,1252.000000,33,1,Ok,96871.000000,NonMono,15,-230331.000000,15.446959,15,1313.787834,7,[12]=-234364;[13]=-232334;[14]=-230985;[15]=-230331;[16]=-230385;[17]=-231087;[18]=-232512
1873,RECAL 3 0 9999 9999 64 4 80,0,9999,9999,0,64,4,80,2360.000000,33,1,Ok,88903.000000,NonMono,16,-232933.000000,16.248059,16,2424.992236,7,[13]=-236310;[14]=-234517;[15]=-233433;[16]=-232933;[17]=-233095;[18]=-233901;[19]=-235380
1874,RECAL 3 1 9999 2425 64 4 80,1,9999,2425,0,64,4,80,2174.000000,33,1,Ok,235280.000000,NonMono,15,-232697.000000,15.390697,15,2235.562786,5,[13]=-238013;[14]=-234404;[15]=-232697;[16]=-232916;[17]=-234990
1875,RECAL 3 0 9999 9999 64 4 80,0,9999,9999,0,64,4,80,2334.000000,33,1,Ok,87056.000000,NonMono,15,-241916.000000,15.463719,15,2395.854877,7,[12]=-245429;[13]=-243668;[14]=-242503;[15]=-241916;[16]=-241946;[17]=-242566;[18]=-243734
1876,RECAL 3 1 9999 2396 64 4 80,1,9999,2396,0,64,4,80,2819.000000,33,1,Ok,252434.000000,NonMono,16,-241838.000000,15.918639,16,2882.674554,5,[14]=-247128;[15]=-243031;[16]=-241838;[17]=-243543;[18]=-248342
1877,RECAL 3 0 9999 9999 64 4 80,0,9999,9999,0,64,4,80,-220.000000,33,0,ParabolaNotDownward,723.000000,Flat,4,-248624.000000,,,,0,
1878,RECAL 3 0 9999 9999 200 4 80,0,9999,9999,0,200,4,80,-356.000000,101,1,Ok,3857.000000,NonMono,35,-248596.000000,36.662996,37,-209.348015,33,[19]=-249292;[20]=-249203;[21]=-249101;[22]=-249043;[23]=-248989;[24]=-248923;[25]=-248858;[26]=-248838;[27]=-248782;[28]=-248735;[29]=-248710;[30]=-248686;[31]=-248654;[32]=-248615;[33]=-248618;[34]=-248611;[35]=-248596;[36]=-248609;[37]=-248605;[38]=-248602;[39]=-248606;[40]=-248614;[41]=-248618;[42]=-248633;[43]=-248647;[44]=-248664;[45]=-248685;[46]=-248720;[47]=-248732;[48]=-248759;[49]=-248802;[50]=-248810;[51]=-248821
1879,RECAL 3 0 9999 -209 64 4 80,0,9999,-209,0,64,4,80,-273.000000,33,0,ParabolaNotDownward,561.000000,Flat,15,-248562.000000,,,,0,
1880,RECAL 3 1 9999 -210 64 4 80,1,9999,-210,0,64,4,80,2840.000000,33,1,Ok,246453.000000,NonMono,16,-248570.000000,15.740150,16,2902.960599,5,[14]=-252982;[15]=-249304;[16]=-248570;[17]=-250894;[18]=-256285
1881,RECAL 3 0 9999 9999 64 4 80,0,9999,9999,0,64,4,80,229.000000,33,1,Ok,3071.000000,NonMono,30,-240750.000000,26.409965,26,334.639860,14,[22]=-241048;[23]=-240983;[24]=-240918;[25]=-240872;[26]=-240827;[27]=-240796;[28]=-240788;[29]=-240763;[30]=-240750;[31]=-240778;[32]=-240791;[36]=-485616;[37]=-475349;[38]=-457605
1882,RECAL 3 1 9999 346 64 4 80,1,9999,346,0,64,4,80,2202.000000,33,1,Ok,235340.000000,NonMono,16,-240780.000000,15.664101,16,2264.656405,5,[14]=-243359;[15]=-241091;[16]=-240780;[17]=-242434;[18]=-246131
1883,RECAL 3 0 9999 9999 64 4 80,0,9999,9999,0,64,4,80,-777.000000,33,1,Ok,8682.000000,NonMono,17,-235431.000000,17.144773,17,-708.420909,23,[6]=-238946;[7]=-238325;[8]=-237768;[9]=-237289;[10]=-236839;[11]=-236460;[12]=-236140;[13]=-235883;[14]=-235695;[15]=-235556;[16]=-235462;[17]=-235431;[18]=-235443;[19]=-235521;[20]=-235635;[21]=-235798;[22]=-236038;[23]=-236299;[24]=-236596;[25]=-236971;[26]=-237373;[27]=-237802;[28]=-238306
1884,RECAL 3 1 9999 -708 64 4 80,1,9999,-708,0,64,4,80,1302.000000,33,1,Ok,103386.000000,NonMono,16,-235422.000000,15.761693,16,1365.046772,7,[13]=-238172;[14]=-236550;[15]=-235631;[16]=-235422;[17]=-235990;[18]=-237301;[19]=-239382
1885,RECAL 3 0 9999 9999 64 4 80,0,9999,9999,0,64,4,80,-323.000000,33,0,ParabolaNotDownward,1268.000000,Flat,18,-234450.000000,,,,0,
1886,RECAL 3 0 9999 9999 200 4 80,0,9999,9999,0,200,4,80,-459.000000,101,1,Ok,16218.000000,NonMono,52,-234431.000000,52.120979,52,-250.516086,33,[36]=-235417;[37]=-235279;[38]=-235166;[39]=-235058;[40]=-234963;[41]=-234860;[42]=-234776;[43]=-234705;[44]=-234657;[45]=-234624;[46]=-234562;[47]=-234522;[48]=-234495;[49]=-234470;[50]=-234452;[51]=-234439;[52]=-234431;[53]=-234446;[54]=-234471;[55]=-234473;[56]=-234482;[57]=-234500;[58]=-234525;[59]=-234564;[60]=-234587;[61]=-234623;[62]=-234672;[63]=-234718;[64]=-234759;[65]=-234817;[66]=-234866;[67]=-234924;[68]=-234975
1887,RECAL 3 0 9999 -251 64 4 80,0,9999,-251,0,64,4,80,-315.000000,33,0,ParabolaNotDownward,1002.000000,Flat,16,-234437.000000,,,,0,
1888,RECAL 3 1 9999 -248 64 4 80,1,9999,-248,0,64,4,80,-1317.000000,33,1,Ok,81087.000000,NonMono,15,-234273.000000,15.216962,15,-1256.132150,7,[12]=-237613;[13]=-235842;[14]=-234745;[15]=-234273;[16]=-234453;[17]=-235270;[18]=-236684
1889,RECAL 3 0 9999 9999 64 4 80,0,9999,9999,0,64,4,80,-886.000000,33,1,Ok,10385.000000,NonMono,16,-237280.000000,16.385176,16,-820.459297,19,[7]=-240547;[8]=-239853;[9]=-239262;[10]=-238762;[11]=-238322;[12]=-237964;[13]=-237693;[14]=-237470;[15]=-237334;[16]=-237280;[17]=-237280;[18]=-237377;[19]=-237518;[20]=-237714;[21]=-238002;[22]=-238337;[23]=-238762;[24]=-239220;[25]=-239774
1890,RECAL 3 1 9999 -820 64 4 80,1,9999,-820,0,64,4,80,-2269.000000,33,1,Ok,224483.000000,NonMono,16,-237290.000000,16.138397,16,-2204.446411,5,[14]=-241679;[15]=-238542;[16]=-237290;[17]=-238010;[18]=-240616
1891,RECAL 3 0 9999 9999 64 4 80,0,9999,9999,0,64,4,80,-600.000000,33,1,Ok,4049.000000,NonMono,18,-237489.000000,17.523405,18,-529.906379,17,[10]=-238175;[11]=-237998;[12]=-237853;[13]=-237724;[14]=-237637;[15]=-237562;[16]=-237509;[17]=-237497;[18]=-237489;[19]=-237510;[20]=-237557;[21]=-237620;[22]=-237712;[23]=-237817;[24]=-237949;[25]=-238094;[26]=-238266
1892,RECAL 3 1 9999 -530 64 4 80,1,9999,-530,0,64,4,80,-2920.000000,33,1,Ok,254941.000000,NonMono,16,-237458.000000,15.691753,16,-2857.232988,5,[14]=-241793;[15]=-238056;[16]=-237458;[17]=-239939;[18]=-245436
1893,RECAL 3 0 9999 9999 64 4 80,0,9999,9999,0,64,4,80,-2503.000000,33,1,Ok,88763.000000,NonMono,16,-245592.000000,15.833493,16,-2439.666030,7,[13]=-248301;[14]=-246718;[15]=-245807;[16]=-245592;[17]=-246030;[18]=-247149;[19]=-248919
1894,RECAL 3 1 9999 -2440 64 4 80,1,9999,-2440,0,64,4,80,-2949.000000,33,1,Ok,248931.000000,NonMono,16,-245533.000000,15.906400,16,-2885.374399,5,[14]=-251130;[15]=-246779;[16]=-245533;[17]=-247323;[18]=-252071
1895,RECAL 3 0 9999 9999 64 4 80,0,9999,9999,0,64,4,80,-2577.000000,33,1,Ok,103101.000000,NonMono,16,-246027.000000,16.027091,16,-2512.891634,7,[13]=-249358;[14]=-247526;[15]=-246407;[16]=-246027;[17]=-246377;[18]=-247442;[19]=-249249
1896,RECAL 3 1 9999 -2513 64 4 80,1,9999,-2513,0,64,4,80,-2304.000000,33,1,Ok,225127.000000,NonMono,16,-246042.000000,15.817238,16,-2240.731049,5,[14]=-249201;[15]=-246645;[16]=-246042;[17]=-247350;[18]=-250602
1897,RECAL 3 0 9999 9999 64 4 80,0,9999,9999,0,64,4,80,-2465.000000,33,1,Ok,95484.000000,NonMono,16,-242924.000000,15.921037,16,-2401.315854,7,[13]=-245912;[14]=-244207;[15]=-243195;[16]=-242924;[17]=-243308;[18]=-244361;[19]=-246061
1898,RECAL 3 1 9999 -2401 64 4 80,1,9999,-2401,0,64,4,80,-1386.000000,33,1,Ok,89959.000000,NonMono,16,-242929.000000,15.829460,16,-1322.682160,7,[13]=-245683;[14]=-244060;[15]=-243138;[16]=-242929;[17]=-243375;[18]=-244518;[19]=-246356
1899,RECAL 3 0 9999 9999 64 4 80,0,9999,9999,0,64,4,80,-2545.000000,33,1,Ok,103618.000000,NonMono,16,-243528.000000,16.287675,16,-2479.849299,7,[13]=-247362;[14]=-245371;[15]=-244083;[16]=-243528;[17]=-243681;[18]=-244538;[19]=-246118
1900,RECAL 3 1 9999 -2480 64 4 80,1,9999,-2480,0,64,4,80,1232.000000,33,1,Ok,92402.000000,NonMono,16,-243480.000000,15.859544,16,1295.438174,7,[13]=-246183;[14]=-244628;[15]=-243721;[16]=-243480;[17]=-243921;[18]=-245063;[19]=-246936
1901,RECAL 3 0 9999 9999 64 4 80,0,9999,9999,0,64,4,80,-2432.000000,33,1,Ok,92193.000000,NonMono,16,-246976.000000,16.392419,16,-2366.430323,7,[13]=-250577;[14]=-248714;[15]=-247537;[16]=-246976;[17]=-247030;[18]=-247721;[19]=-249055
1902,RECAL 3 1 9999 -2366 64 4 80,1,9999,-2366,0,64,4,80,2159.000000,33,1,Ok,225404.000000,NonMono,16,-246908.000000,15.790956,16,2222.163826,5,[14]=-249887;[15]=-247453;[16]=-246908;[17]=-248262;[18]=-251571
1903,RECAL 3 0 9999 9999 64 4 80,0,9999,9999,0,64,4,80,-2465.000000,33,1,Ok,87357.000000,NonMono,16,-248687.000000,16.198310,16,-2400.206759,7,[13]=-251855;[14]=-250190;[15]=-249105;[16]=-248687;[17]=-248870;[18]=-249672;[19]=-251056
1904,RECAL 3 1 9999 -2400 64 4 80,1,9999,-2400,0,64,4,80,2807.000000,33,1,Ok,246293.000000,NonMono,16,-248617.000000,15.622377,16,2869.489508,5,[14]=-252266;[15]=-248986;[16]=-248617;[17]=-251234;[18]=-256843
1905,RECAL 3 0 9999 9999 64 4 80,0,9999,9999,0,64,4,80,2383.000000,33,1,Ok,109157.000000,NonMono,16,-229077.000000,15.483786,15,2444.935144,7,[13]=-231265;[14]=-229809;[15]=-229083;[16]=-229077;[17]=-229859;[18]=-231375;[19]=-233660
1906,RECAL 3 1 9999 2445 64 4 80,1,9999,2445,0,64,4,80,-2899.000000,33,1,Ok,267209.000000,NonMono,16,-228957.000000,15.684457,16,-2836.262171,5,[14]=-233382;[15]=-229550;[16]=-228957;[17]=-231636;[18]=-237665
1907,RECAL 3 0 9999 9999 64 4 80,0,9999,9999,0,64,4,80,2387.000000,33,1,Ok,107369.000000,NonMono,16,-225128.000000,15.928159,16,2450.712637,7,[13]=-228393;[14]=-226557;[15]=-225463;[16]=-225128;[17]=-225585;[18]=-226800;[19]=-228820
1908,RECAL 3 1 9999 2451 64 4 80,1,9999,2451,0,64,4,80,-2264.000000,33,1,Ok,247056.000000,NonMono,16,-225119.000000,15.712847,16,-2201.148612,5,[14]=-228008;[15]=-225564;[16]=-225119;[17]=-226734;[18]=-230372
1909,RECAL 3 0 9999 9999 64 4 80,0,9999,9999,0,64,4,80,2397.000000,33,1,Ok,107957.000000,NonMono,16,-221429.000000,16.037609,16,2461.150435,7,[13]=-224993;[14]=-223050;[15]=-221844;[16]=-221429;[17]=-221799;[18]=-222974;[19]=-224984
1910,RECAL 3 1 9999 2461 64 4 80,1,9999,2461,0,64,4,80,-1350.000000,33,1,Ok,88725.000000,NonMono,16,-221457.000000,15.740186,16,-1287.039257,7,[13]=-224060;[14]=-222487;[15]=-221623;[16]=-221457;[17]=-221987;[18]=-223202;[19]=-225123
1911,RECAL 3 0 9999 9999 64 4 80,0,9999,9999,0,64,4,80,2310.000000,33,1,Ok,100366.000000,NonMono,16,-220904.000000,15.924484,16,2373.697935,7,[13]=-223979;[14]=-222227;[15]=-221197;[16]=-220904;[17]=-221323;[18]=-222449;[19]=-224359
1912,RECAL 3 1 9999 2374 64 4 80,1,9999,2374,0,64,4,80,1228.000000,33,1,Ok,95624.000000,NonMono,16,-220877.000000,15.824143,16,1291.296573,7,[13]=-223653;[14]=-222036;[15]=-221124;[16]=-220877;[17]=-221372;[18]=-222570;[19]=-224506
1913,RECAL 3 0 9999 9999 64 4 80,0,9999,9999,0,64,4,80,2319.000000,33,1,Ok,104523.000000,NonMono,16,-222213.000000,15.575251,16,2381.301005,7,[13]=-224498;[14]=-223028;[15]=-222264;[16]=-222213;[17]=-222883;[18]=-224289;[19]=-226454
1914,RECAL 3 1 9999 2381 64 4 80,1,9999,2381,0,64,4,80,2141.000000,33,1,Ok,232157.000000,NonMono,16,-222114.000000,15.794402,16,2204.177610,5,[14]=-225321;[15]=-222704;[16]=-222114;[17]=-223518;[18]=-226897
1915,RECAL 3 0 9999 9999 64 4 80,0,9999,9999,0,64,4,80,2324.000000,33,1,Ok,102840.000000,NonMono,16,-226165.000000,15.520468,16,2386.081873,7,[13]=-228290;[14]=-226892;[15]=-226186;[16]=-226165;[17]=-226866;[18]=-228290;[19]=-230450
1916,RECAL 3 1 9999 2386 64 4 80,1,9999,2386,0,64,4,80,2776.000000,33,1,Ok,269717.000000,NonMono,15,-225390.000000,15.283199,15,2837.132796,5,[13]=-233911;[14]=-227967;[15]=-225390;[16]=-226086;[17]=-230057
1917,RECAL 3 0 9999 9999 64 4 80,0,9999,9999,0,64,4,80,152.000000,33,0,ParabolaNotDownward,971.000000,Flat,10,-233796.000000,,,,0,
1918,RECAL 3 0 9999 9999 200 4 80,0,9999,9999,0,200,4,80,16.000000,101,1,Ok,11383.000000,NonMono,42,-233784.000000,45.046408,45,196.185630,33,[26]=-234087;[27]=-234077;[28]=-234081;[29]=-234024;[30]=-234009;[31]=-233990;[32]=-233973;[33]=-233946;[34]=-233930;[35]=-233917;[36]=-233888;[37]=-233847;[38]=-233838;[39]=-233817;[40]=-233806;[41]=-233796;[42]=-233784;[43]=-233787;[44]=-233797;[45]=-233788;[46]=-233792;[47]=-233789;[48]=-233797;[49]=-233810;[50]=-233813;[51]=-233841;[52]=-233866;[53]=-233900;[54]=-233927;[55]=-233967;[56]=-234009;[57]=-234086;[58]=-234100
1919,RECAL 3 0 9999 196 64 4 80,0,9999,196,0,64,4,80,132.000000,33,0,ParabolaNotDownward,502.000000,Flat,16,-233757.000000,,,,0,
1920,RECAL 3 1 9999 193 64 4 80,1,9999,193,0,64,4,80,2812.000000,33,1,Ok,262190.000000,NonMono,16,-233780.000000,15.852579,16,2875.410316,5,[14]=-239440;[15]=-234938;[16]=-233780;[17]=-235911;[18]=-241361
1921,RECAL 3 0 9999 9999 64 4 80,0,9999,9999,0,64,4,80,74.000000,33,0,ParabolaNotDownward,331.000000,Flat,19,-227762.000000,,,,0,
1922,RECAL 3 0 9999 9999 200 4 80,0,9999,9999,0,200,4,80,-62.000000,101,1,Ok,6214.000000,NonMono,52,-227772.000000,51.451250,51,143.804998,33,[36]=-227883;[37]=-227883;[38]=-227856;[39]=-227864;[40]=-227842;[41]=-227832;[42]=-227819;[43]=-227820;[44]=-227816;[45]=-227830;[46]=-227809;[47]=-227791;[48]=-227786;[49]=-227782;[50]=-227779;[51]=-227778;[52]=-227772;[53]=-227781;[54]=-227782;[55]=-227778;[56]=-227810;[57]=-227823;[58]=-227827;[59]=-227863;[60]=-227861;[61]=-227881;[62]=-227911;[63]=-227939;[64]=-227978;[65]=-228009;[66]=-228064;[67]=-228120;[68]=-228176
1923,RECAL 3 0 9999 144 64 4 80,0,9999,144,0,64,4,80,80.000000,33,0,ParabolaNotDownward,402.000000,Flat,16,-227771.000000,,,,0,
1924,RECAL 3 1 9999 148 64 4 80,1,9999,148,0,64,4,80,2191.000000,33,1,Ok,243724.000000,NonMono,15,-227539.000000,15.383126,15,2252.532505,5,[13]=-233396;[14]=-229399;[15]=-227539;[16]=-227780;[17]=-230105
1925,RECAL 3 0 9999 9999 64 4 80,0,9999,9999,0,64,4,80,-213.000000,33,0,ParabolaNotDownward,337.000000,Flat,15,-225723.000000,,,,0,
1926,RECAL 3 0 9999 9999 200 4 80,0,9999,9999,0,200,4,80,-349.000000,101,1,Ok,6805.000000,NonMono,49,-225721.000000,48.460697,48,-155.157212,33,[33]=-226118;[34]=-226070;[35]=-226009;[36]=-225973;[37]=-225927;[38]=-225884;[39]=-225861;[40]=-225818;[41]=-225795;[42]=-225794;[43]=-225780;[44]=-225760;[45]=-225749;[46]=-225750;[47]=-225752;[48]=-225750;[49]=-225721;[50]=-225745;[51]=-225751;[52]=-225761;[53]=-225751;[54]=-225762;[55]=-225776;[56]=-225789;[57]=-225787;[58]=-225805;[59]=-225824;[60]=-225851;[61]=-225868;[62]=-225871;[63]=-225883;[64]=-225908;[65]=-225933
1927,RECAL 3 0 9999 -155 64 4 80,0,9999,-155,0,64,4,80,-219.000000,33,0,ParabolaNotDownward,432.000000,Flat,14,-225725.000000,,,,0,
1928,RECAL 3 1 9999 -154 64 4 80,1,9999,-154,0,64,4,80,1310.000000,33,1,Ok,105766.000000,NonMono,16,-225751.000000,15.583478,16,1372.333911,7,[13]=-228200;[14]=-226615;[15]=-225807;[16]=-225751;[17]=-226429;[18]=-227951;[19]=-230234
1929,RECAL 3 0 9999 9999 64 4 80,0,9999,9999,0,64,4,80,607.000000,33,1,Ok,8913.000000,NonMono,14,-228023.000000,14.035569,14,663.142275,23,[3]=-230682;[4]=-230261;[5]=-229846;[6]=-229469;[7]=-229160;[8]=-228874;[9]=-228621;[10]=-228417;[11]=-228245;[12]=-228140;[13]=-228045;[14]=-228023;[15]=-228026;[16]=-228133;[17]=-228244;[18]=-228419;[19]=-228656;[20]=-228943;[21]=-229273;[22]=-229683;[23]=-230103;[24]=-230616;[25]=-231194
1930,RECAL 3 1 9999 663 64 4 80,1,9999,663,0,64,4,80,-1266.000000,33,1,Ok,76052.000000,NonMono,16,-227999.000000,15.971003,16,-1202.115987,9,[12]=-232746;[13]=-230640;[14]=-229170;[15]=-228282;[16]=-227999;[17]=-228313;[18]=-229222;[19]=-230685;[20]=-232745
1931,RECAL 3 0 9999 9999 64 4 80,0,9999,9999,0,64,4,80,577.000000,33,1,Ok,7260.000000,NonMono,15,-227825.000000,14.423340,14,634.693362,23,[4]=-229903;[5]=-229522;[6]=-229212;[7]=-228928;[8]=-228643;[9]=-228428;[10]=-228234;[11]=-228068;[12]=-227962;[13]=-227877;[14]=-227842;[15]=-227825;[16]=-227886;[17]=-227965;[18]=-228111;[19]=-228291;[20]=-228518;[21]=-228782;[22]=-229088;[23]=-229452;[24]=-229879;[25]=-230335;[26]=-230838
1932,RECAL 3 1 9999 635 64 4 80,1,9999,635,0,64,4,80,-2217.000000,33,1,Ok,228716.000000,NonMono,16,-227808.000000,16.104620,16,-2152.581520,5,[14]=-231988;[15]=-228964;[16]=-227808;[17]=-228571;[18]=-231226
1933,RECAL 3 0 9999 9999 64 4 80,0,9999,9999,0,64,4,80,541.000000,33,1,Ok,4371.000000,NonMono,18,-230885.000000,17.468540,17,610.874159,27,[5]=-233210;[6]=-232875;[7]=-232556;[8]=-232267;[9]=-231995;[10]=-231755;[11]=-231547;[12]=-231374;[13]=-231198;[14]=-231079;[15]=-230965;[16]=-230915;[17]=-230894;[18]=-230885;[19]=-230918;[20]=-230972;[21]=-231103;[22]=-231246;[23]=-231427;[24]=-231629;[25]=-231879;[26]=-232180;[27]=-232497;[28]=-232883;[29]=-233314;[30]=-233760;[31]=-234253
1934,RECAL 3 1 9999 611 64 4 80,1,9999,611,0,64,4,80,-2865.000000,33,1,Ok,264146.000000,NonMono,16,-230822.000000,16.343644,16,-2799.625424,5,[14]=-239285;[15]=-233507;[16]=-230822;[17]=-231344;[18]=-235000
1935,RECAL 3 0 9999 9999 64 4 80,0,9999,9999,0,64,4,80,-2371.000000,33,1,Ok,81438.000000,NonMono,15,-243613.000000,15.502709,16,-2308.989163,7,[12]=-247144;[13]=-245390;[14]=-244212;[15]=-243613;[16]=-243622;[17]=-244212;[18]=-245431
1936,RECAL 3 1 9999 -2309 64 4 80,1,9999,-2309,0,64,4,80,-2894.000000,33,1,Ok,253047.000000,NonMono,16,-243509.000000,15.974608,16,-2830.101569,5,[14]=-249471;[15]=-244969;[16]=-243509;[17]=-245161;[18]=-250054
1937,RECAL 3 0 9999 9999 64 4 80,0,9999,9999,0,64,4,80,-2363.000000,33,1,Ok,77992.000000,NonMono,16,-240581.000000,16.282866,16,-2297.868538,7,[13]=-243718;[14]=-242082;[15]=-241046;[16]=-240581;[17]=-240708;[18]=-241438;[19]=-242799
1938,RECAL 3 1 9999 -2298 64 4 80,1,9999,-2298,0,64,4,80,-2260.000000,33,1,Ok,226954.000000,NonMono,16,-240567.000000,16.085262,16,-2195.658952,5,[14]=-244577;[15]=-241662;[16]=-240567;[17]=-241356;[18]=-244044
1939,RECAL 3 0 9999 9999 64 4 80,0,9999,9999,0,64,4,80,-2352.000000,33,1,Ok,76233.000000,NonMono,16,-239244.000000,16.144809,16,-2287.420762,9,[12]=-244262;[13]=-242178;[14]=-240602;[15]=-239627;[16]=-239244;[17]=-239475;[18]=-240285;[19]=-241707;[20]=-243740
1940,RECAL 3 1 9999 -2287 64 4 80,1,9999,-2287,0,64,4,80,-1340.000000,33,1,Ok,80067.000000,NonMono,16,-239247.000000,15.692770,16,-1277.228920,7,[13]=-241583;[14]=-240168;[15]=-239368;[16]=-239247;[17]=-239782;[18]=-240934;[19]=-242731
1941,RECAL 3 0 9999 9999 64 4 80,0,9999,9999,0,64,4,80,-2439.000000,33,1,Ok,88370.000000,NonMono,16,-237859.000000,15.579144,16,-2376.683424,7,[13]=-239894;[14]=-238592;[15]=-237896;[16]=-237859;[17]=-238458;[18]=-239681;[19]=-241604
1942,RECAL 3 1 9999 -2377 64 4 80,1,9999,-2377,0,64,4,80,1239.000000,33,1,Ok,91768.000000,NonMono,15,-237774.000000,15.440831,15,1300.763322,7,[12]=-241657;[13]=-239684;[14]=-238392;[15]=-237774;[16]=-237820;[17]=-238491;[18]=-239853
1943,RECAL 3 0 9999 9999 64 4 80,0,9999,9999,0,64,4,80,-2433.000000,33,1,Ok,87600.000000,NonMono,15,-241935.000000,15.487919,15,-2371.048323,7,[12]=-245665;[13]=-243785;[14]=-242558;[15]=-241935;[16]=-241947;[17]=-242565;[18]=-243801
1944,RECAL 3 1 9999 -2371 64 4 80,1,9999,-2371,0,64,4,80,2148.000000,33,1,Ok,233069.000000,NonMono,15,-241362.000000,15.231360,15,2208.925440,5,[13]=-245981;[14]=-242733;[15]=-241362;[16]=-241865;[17]=-244236
1945,RECAL 3 0 9999 9999 64 4 80,0,9999,9999,0,64,4,80,-2433.000000,33,1,Ok,79698.000000,NonMono,16,-243144.000000,16.004562,16,-2368.981752,9,[12]=-247975;[13]=-245868;[14]=-244354;[15]=-243438;[16]=-243144;[17]=-243429;[18]=-244363;[19]=-245904;[20]=-248080
1946,RECAL 3 1 9999 -2369 64 4 80,1,9999,-2369,0,64,4,80,2779.000000,33,1,Ok,252621.000000,NonMono,16,-243139.000000,15.525666,16,2841.102665,5,[14]=-246412;[15]=-243211;[16]=-243139;[17]=-246111;[18]=-252108
1947,RECAL 3 0 9999 9999 64 4 80,0,9999,9999,0,64,4,80,2257.000000,33,1,Ok,91955.000000,NonMono,16,-238403.000000,16.154746,16,2321.618983,7,[13]=-241727;[14]=-239954;[15]=-238848;[16]=-238403;[17]=-238641;[18]=-239553;[19]=-241157
1948,RECAL 3 1 9999 2322 64 4 80,1,9999,2322,0,64,4,80,-2865.000000,33,1,Ok,257875.000000,NonMono,16,-238337.000000,16.220845,16,-2800.116621,5,[14]=-245996;[15]=-240639;[16]=-238337;[17]=-239261;[18]=-243472
1949,RECAL 3 0 9999 9999 64 4 80,0,9999,9999,0,64,4,80,2271.000000,33,1,Ok,100150.000000,NonMono,16,-233754.000000,15.986138,16,2334.944553,7,[13]=-236856;[14]=-235134;[15]=-234100;[16]=-233754;[17]=-234121;[18]=-235243;[19]=-237129
1950,RECAL 3 1 9999 2335 64 4 80,1,9999,2335,0,64,4,80,-2231.000000,33,1,Ok,226775.000000,NonMono,16,-233748.000000,16.165648,16,-2166.337409,5,[14]=-238355;[15]=-235048;[16]=-233748;[17]=-234393;[18]=-237064
1951,RECAL 3 0 9999 9999 64 4 80,0,9999,9999,0,64,4,80,2194.000000,33,1,Ok,95646.000000,NonMono,16,-229884.000000,15.696579,16,2256.786318,7,[13]=-232336;[14]=-230842;[15]=-230012;[16]=-229884;[17]=-230443;[18]=-231706;[19]=-233690
1952,RECAL 3 1 9999 2257 64 4 80,1,9999,2257,0,64,4,80,-1315.000000,33,1,Ok,83618.000000,NonMono,16,-229850.000000,15.652176,16,-1252.391296,7,[13]=-232208;[14]=-230737;[15]=-229969;[16]=-229850;[17]=-230417;[18]=-231648;[19]=-233501
1953,RECAL 3 0 9999 9999 64 4 80,0,9999,9999,0,64,4,80,2301.000000,33,1,Ok,105867.000000,NonMono,16,-229098.000000,15.823407,16,2364.293627,7,[13]=-232131;[14]=-230362;[15]=-229329;[16]=-229098;[17]=-229614;[18]=-230906;[19]=-232982
1954,RECAL 3 1 9999 2364 64 4 80,1,9999,2364,0,64,4,80,1236.000000,33,1,Ok,106181.000000,NonMono,15,-228715.000000,15.023924,15,1296.095698,7,[12]=-232053;[13]=-230205;[14]=-229096;[15]=-228715;[16]=-229052;[17]=-230173;[18]=-232043
1955,RECAL 3 0 9999 9999 64 4 80,0,9999,9999,0,64,4,80,2307.000000,33,1,Ok,105852.000000,NonMono,16,-229502.000000,15.779123,16,2370.116491,7,[13]=-232399;[14]=-230695;[15]=-229716;[16]=-229502;[17]=-230064;[18]=-231389;[19]=-233497
1956,RECAL 3 1 9999 2370 64 4 80,1,9999,2370,0,64,4,80,2129.000000,33,1,Ok,235575.000000,NonMono,15,-229365.000000,15.440176,15,2190.760704,5,[13]=-235379;[14]=-231329;[15]=-229365;[16]=-229490;[17]=-231709
1957,RECAL 3 0 9999 9999 64 4 80,0,9999,9999,0,64,4,80,2314.000000,33,1,Ok,102786.000000,NonMono,16,-233162.000000,15.893082,16,2377.572328,7,[13]=-236182;[14]=-234455;[15]=-233472;[16]=-233162;[17]=-233632;[18]=-234827;[19]=-236831
1958,RECAL 3 1 9999 2378 64 4 80,1,9999,2378,0,64,4,80,2753.000000,33,1,Ok,262406.000000,NonMono,16,-233169.000000,15.490152,15,2814.960609,17,[8]=-329186;[9]=-305121;[10]=-284443;[11]=-267347;[12]=-253674;[13]=-243443;[14]=-236627;[15]=-233236;[16]=-233169;[17]=-236398;[18]=-242999;[19]=-252833;[20]=-265901;[21]=-282069;[22]=-301216;[23]=-322972;[24]=-346913
1959,RECAL 3 0 9999 9999 64 4 80,0,9999,9999,0,64,4,80,375.000000,33,0,ParabolaNotDownward,2368.000000,Flat,15,-238436.000000,,,,0,
1960,RECAL 3 0 9999 9999 200 4 80,0,9999,9999,0,200,4,80,239.000000,101,1,Ok,32377.000000,NonMono,50,-238424.000000,50.405701,50,440.622804,37,[32]=-240728;[33]=-240521;[34]=-240314;[35]=-240103;[36]=-239897;[37]=-239729;[38]=-239563;[39]=-239389;[40]=-239250;[41]=-239130;[42]=-238989;[43]=-238868;[44]=-238758;[45]=-238662;[46]=-238575;[47]=-238522;[48]=-238484;[49]=-238461;[50]=-238424;[51]=-238450;[52]=-238449;[53]=-238486;[54]=-238558;[55]=-238641;[56]=-238729;[57]=-238834;[58]=-238951;[59]=-239088;[60]=-239281;[61]=-239470;[62]=-239699;[63]=-239928;[64]=-240190;[65]=-240471;[66]=-240791;[67]=-241113;[68]=-241476
1961,RECAL 3 0 9999 441 64 4 80,0,9999,441,0,64,4,80,377.000000,33,0,ParabolaNotDownward,2510.000000,Flat,16,-238428.000000,,,,0,
1962,RECAL 3 1 9999 441 64 4 80,1,9999,441,0,64,4,80,2789.000000,33,1,Ok,257839.000000,NonMono,15,-238139.000000,15.425716,15,2850.702864,17,[7]=-358841;[8]=-331829;[9]=-308217;[10]=-287907;[11]=-271085;[12]=-257675;[13]=-247723;[14]=-241247;[15]=-238139;[16]=-238442;[17]=-242034;[18]=-248804;[19]=-258839;[20]=-271966;[21]=-288122;[22]=-307160;[23]=-328557
1963,RECAL 3 0 9999 9999 64 4 80,0,9999,9999,0,64,4,80,325.000000,33,0,ParabolaNotDownward,2722.000000,Flat,14,-233540.000000,,,,0,
1964,RECAL 3 0 9999 9999 200 4 80,0,9999,9999,0,200,4,80,189.000000,101,1,Ok,31908.000000,NonMono,47,-233546.000000,47.886018,48,380.544073,41,[27]=-235822;[28]=-235642;[29]=-235458;[30]=-235282;[31]=-235098;[32]=-234938;[33]=-234782;[34]=-234648;[35]=-234467;[36]=-234355;[37]=-234238;[38]=-234110;[39]=-234042;[40]=-233941;[41]=-233847;[42]=-233781;[43]=-233693;[44]=-233635;[45]=-233607;[46]=-233588;[47]=-233546;[48]=-233549;[49]=-233551;[50]=-233570;[51]=-233597;[52]=-233652;[53]=-233714;[54]=-233819;[55]=-233921;[56]=-234021;[57]=-234147;[58]=-234318;[59]=-234479;[60]=-234674;[61]=-234884;[62]=-235109;[63]=-235353;[64]=-235628;[65]=-235937;[66]=-236242;[67]=-236581
1965,RECAL 3 0 9999 381 64 4 80,0,9999,381,0,64,4,80,317.000000,33,0,ParabolaNotDownward,2087.000000,Flat,17,-233542.000000,,,,0,
1966,RECAL 3 1 9999 380 64 4 80,1,9999,380,0,64,4,80,2177.000000,33,1,Ok,244617.000000,NonMono,15,-232829.000000,15.154503,15,2237.618014,5,[13]=-237639;[14]=-234169;[15]=-232829;[16]=-233522;[17]=-236320
1967,RECAL 3 0 9999 9999 64 4 80,0,9999,9999,0,64,4,80,244.000000,33,0,ParabolaNotDownward,1721.000000,Flat,22,-230246.000000,,,,0,
1968,RECAL 3 0 9999 9999 200 4 80,0,9999,9999,0,200,4,80,108.000000,101,1,Ok,18405.000000,NonMono,54,-230243.000000,54.799756,55,327.199023,45,[32]=-232212;[33]=-232067;[34]=-231934;[35]=-231809;[36]=-231680;[37]=-231545;[38]=-231426;[39]=-231311;[40]=-231176;[41]=-231052;[42]=-230961;[43]=-230865;[44]=-230758;[45]=-230694;[46]=-230620;[47]=-230522;[48]=-230461;[49]=-230416;[50]=-230354;[51]=-230312;[52]=-230288;[53]=-230262;[54]=-230243;[55]=-230253;[56]=-230248;[57]=-230257;[58]=-230300;[59]=-230341;[60]=-230386;[61]=-230462;[62]=-230549;[63]=-230649;[64]=-230736;[65]=-230870;[66]=-230995;[67]=-231160;[68]=-231325;[69]=-231504;[70]=-231715;[71]=-231929;[72]=-232181;[73]=-232423;[74]=-232712;[75]=-233002;[76]=-233320
1969,RECAL 3 0 9999 327 64 4 80,0,9999,327,0,64,4,80,263.000000,33,0,ParabolaNotDownward,1650.000000,Flat,16,-230231.000000,,,,0,
1970,RECAL 3 1 9999 327 64 4 80,1,9999,327,0,64,4,80,1313.000000,33,1,Ok,115538.000000,NonMono,15,-229907.000000,15.109300,15,1373.437200,7,[12]=-233653;[13]=-231638;[14]=-230395;[15]=-229907;[16]=-230220;[17]=-231352;[18]=-233317
1971,RECAL 3 0 9999 9999 64 4 80,0,9999,9999,0,64,4,80,-735.000000,33,1,Ok,8552.000000,NonMono,18,-229955.000000,18.088844,18,-662.644623,23,[7]=-233044;[8]=-232500;[9]=-232010;[10]=-231584;[11]=-231191;[12]=-230866;[13]=-230572;[14]=-230348;[15]=-230174;[16]=-230052;[17]=-229973;[18]=-229955;[19]=-229963;[20]=-230036;[21]=-230141;[22]=-230307;[23]=-230507;[24]=-230767;[25]=-231059;[26]=-231399;[27]=-231788;[28]=-232220;[29]=-232672
1972,RECAL 3 1 9999 -663 64 4 80,1,9999,-663,0,64,4,80,-1232.000000,33,1,Ok,71089.000000,NonMono,16,-229973.000000,15.946873,16,-1168.212509,9,[12]=-234388;[13]=-232454;[14]=-231048;[15]=-230224;[16]=-229973;[17]=-230278;[18]=-231172;[19]=-232606;[20]=-234582
1973,RECAL 3 0 9999 9999 64 4 80,0,9999,9999,0,64,4,80,-304.000000,33,0,ParabolaNotDownward,1675.000000,Flat,23,-233426.000000,,,,0,
1974,RECAL 3 0 9999 9999 200 4 80,0,9999,9999,0,200,4,80,-440.000000,101,1,Ok,15589.000000,NonMono,59,-233404.000000,57.551463,58,-209.794149,33,[43]=-233947;[44]=-233869;[45]=-233799;[46]=-233745;[47]=-233671;[48]=-233631;[49]=-233576;[50]=-233547;[51]=-233500;[52]=-233474;[53]=-233440;[54]=-233446;[55]=-233425;[56]=-233406;[57]=-233424;[58]=-233410;[59]=-233404;[60]=-233404;[61]=-233440;[62]=-233431;[63]=-233477;[64]=-233474;[65]=-233504;[66]=-233536;[67]=-233558;[68]=-233600;[69]=-233638;[70]=-233653;[71]=-233685;[72]=-233730;[73]=-233777;[74]=-233807;[75]=-233844
1975,RECAL 3 0 9999 -210 64 4 80,0,9999,-210,0,64,4,80,-274.000000,33,0,ParabolaNotDownward,680.000000,Flat,18,-233400.000000,,,,0,
1976,RECAL 3 1 9999 -211 64 4 80,1,9999,-211,0,64,4,80,-2185.000000,33,1,Ok,219882.000000,NonMono,16,-233383.000000,16.408687,16,-2119.365253,5,[14]=-238390;[15]=-235001;[16]=-233383;[17]=-233540;[18]=-235548
1977,RECAL 3 0 9999 9999 64 4 80,0,9999,9999,0,64,4,80,-427.000000,33,0,ParabolaNotDownward,2566.000000,Flat,20,-236232.000000,,,,0,
1978,RECAL 3 0 9999 9999 200 4 80,0,9999,9999,0,200,4,80,-563.000000,101,1,Ok,24641.000000,NonMono,54,-236204.000000,54.268870,54,-345.924521,45,[32]=-239263;[33]=-238985;[34]=-238705;[35]=-238439;[36]=-238188;[37]=-237951;[38]=-237752;[39]=-237564;[40]=-237357;[41]=-237212;[42]=-237047;[43]=-236892;[44]=-236787;[45]=-236647;[46]=-236576;[47]=-236500;[48]=-236400;[49]=-236359;[50]=-236303;[51]=-236269;[52]=-236230;[53]=-236212;[54]=-236204;[55]=-236221;[56]=-236233;[57]=-236252;[58]=-236292;[59]=-236319;[60]=-236373;[61]=-236425;[62]=-236489;[63]=-236542;[64]=-236618;[65]=-236712;[66]=-236794;[67]=-236878;[68]=-236974;[69]=-237074;[70]=-237168;[71]=-237309;[72]=-237433;[73]=-237573;[74]=-237687;[75]=-237839;[76]=-237985
1979,RECAL 3 0 9999 -346 64 4 80,0,9999,-346,0,64,4,80,-410.000000,33,0,ParabolaNotDownward,1478.000000,Flat,15,-236187.000000,,,,0,
1980,RECAL 3 1 9999 -346 64 4 80,1,9999,-346,0,64,4,80,-2827.000000,33,1,Ok,259332.000000,NonMono,16,-236158.000000,16.443737,16,-2761.225053,5,[14]=-244718;[15]=-238986;[16]=-236158;[17]=-236339;[18]=-239585
1981,RECAL 3 0 9999 9999 64 4 80,0,9999,9999,0,64,4,80,-2429.000000,33,1,Ok,81184.000000,NonMono,16,-244047.000000,16.345061,16,-2363.619757,7,[13]=-247346;[14]=-245645;[15]=-244550;[16]=-244047;[17]=-244136;[18]=-244824;[19]=-246110
1982,RECAL 3 1 9999 -2364 64 4 80,1,9999,-2364,0,64,4,80,-2850.000000,33,1,Ok,252293.000000,NonMono,16,-243977.000000,16.093348,16,-2785.626608,5,[14]=-250417;[15]=-245718;[16]=-243977;[17]=-245174;[18]=-249390
1983,RECAL 3 0 9999 9999 64 4 80,0,9999,9999,0,64,4,80,-2415.000000,33,1,Ok,83205.000000,NonMono,17,-239081.000000,16.509930,17,-2348.960281,7,[14]=-240950;[15]=-239720;[16]=-239103;[17]=-239081;[18]=-239712;[19]=-240947;[20]=-242816
1984,RECAL 3 1 9999 -2349 64 4 80,1,9999,-2349,0,64,4,80,-2215.000000,33,1,Ok,217025.000000,NonMono,16,-239007.000000,16.023269,16,-2150.906924,5,[14]=-242691;[15]=-239958;[16]=-239007;[17]=-239882;[18]=-242590
1985,RECAL 3 0 9999 9999 64 4 80,0,9999,9999,0,64,4,80,-2491.000000,33,1,Ok,93596.000000,NonMono,17,-238423.000000,16.756284,17,-2423.974865,7,[14]=-240988;[15]=-239462;[16]=-238613;[17]=-238423;[18]=-238936;[19]=-240166;[20]=-242064
1986,RECAL 3 1 9999 -2424 64 4 80,1,9999,-2424,0,64,4,80,-1286.000000,33,1,Ok,74602.000000,NonMono,16,-238418.000000,15.531152,16,-1223.875392,7,[13]=-240211;[14]=-239024;[15]=-238433;[16]=-238418;[17]=-238984;[18]=-240087;[19]=-241807
1987,RECAL 3 0 9999 9999 64 4 80,0,9999,9999,0,64,4,80,-2387.000000,33,1,Ok,83896.000000,NonMono,17,-237876.000000,16.576219,17,-2320.695123,7,[14]=-239955;[15]=-238628;[16]=-237934;[17]=-237876;[18]=-238481;[19]=-239740;[20]=-241641
1988,RECAL 3 1 9999 -2321 64 4 80,1,9999,-2321,0,64,4,80,1262.000000,33,1,Ok,102900.000000,NonMono,15,-237450.000000,14.933497,15,1321.733987,7,[12]=-240437;[13]=-238743;[14]=-237759;[15]=-237450;[16]=-237845;[17]=-238947;[18]=-240753
1989,RECAL 3 0 9999 9999 64 4 80,0,9999,9999,0,64,4,80,-2381.000000,33,1,Ok,79835.000000,NonMono,16,-239924.000000,16.176061,16,-2316.295755,7,[13]=-243128;[14]=-241439;[15]=-240379;[16]=-239924;[17]=-240154;[18]=-241004;[19]=-242500
1990,RECAL 3 1 9999 -2316 64 4 80,1,9999,-2316,0,64,4,80,2145.000000,33,1,Ok,232374.000000,NonMono,15,-239628.000000,15.359930,15,2206.439721,5,[13]=-245000;[14]=-241341;[15]=-239628;[16]=-239918;[17]=-242198
1991,RECAL 3 0 9999 9999 64 4 80,0,9999,9999,0,64,4,80,-2375.000000,33,1,Ok,88023.000000,NonMono,17,-247401.000000,17.086004,17,-2306.655983,9,[13]=-252544;[14]=-250364;[15]=-248771;[16]=-247782;[17]=-247401;[18]=-247674;[19]=-248555;[20]=-250099;[21]=-252201
1992,RECAL 3 1 9999 -2307 64 4 80,1,9999,-2307,0,64,4,80,2765.000000,33,1,Ok,248939.000000,NonMono,15,-247158.000000,15.408640,15,2826.634561,17,[7]=-362442;[8]=-336527;[9]=-313983;[10]=-294765;[11]=-278656;[12]=-265890;[13]=-256497;[14]=-250207;[15]=-247158;[16]=-247382;[17]=-250883;[18]=-257573;[19]=-267447;[20]=-280347;[21]=-296203;[22]=-314445;[23]=-335225
1993,RECAL 3 0 9999 9999 64 4 80,0,9999,9999,0,64,4,80,2268.000000,33,1,Ok,102911.000000,NonMono,16,-228047.000000,16.302628,16,2333.210510,7,[13]=-232156;[14]=-230042;[15]=-228667;[16]=-228047;[17]=-228209;[18]=-229129;[19]=-230815
1994,RECAL 3 1 9999 2333 64 4 80,1,9999,2333,0,64,4,80,-2898.000000,33,1,Ok,266052.000000,NonMono,16,-227939.000000,15.932851,16,-2834.268595,5,[14]=-234497;[15]=-229471;[16]=-227939;[17]=-229928;[18]=-235343
1995,RECAL 3 0 9999 9999 64 4 80,0,9999,9999,0,64,4,80,2184.000000,33,1,Ok,99927.000000,NonMono,16,-223597.000000,16.202962,16,2248.811846,7,[13]=-227278;[14]=-225348;[15]=-224116;[16]=-223597;[17]=-223826;[18]=-224773;[19]=-226447
1996,RECAL 3 1 9999 2249 64 4 80,1,9999,2249,0,64,4,80,-2291.000000,33,1,Ok,233043.000000,NonMono,16,-223575.000000,16.186571,16,-2226.253716,5,[14]=-228991;[15]=-225139;[16]=-223575;[17]=-224287;[18]=-227283
1997,RECAL 3 0 9999 9999 64 4 80,0,9999,9999,0,64,4,80,2216.000000,33,1,Ok,104163.000000,NonMono,17,-224020.000000,16.605584,17,2282.422337,7,[14]=-226515;[15]=-224931;[16]=-224084;[17]=-224020;[18]=-224697;[19]=-226187;[20]=-228472
1998,RECAL 3 1 9999 2282 64 4 80,1,9999,2282,0,64,4,80,-1435.000000,33,1,Ok,109703.000000,NonMono,16,-223934.000000,15.916235,16,-1371.335058,7,[13]=-227619;[14]=-225524;[15]=-224301;[16]=-223934;[17]=-224445;[18]=-225825;[19]=-228081
1999,RECAL 3 0 9999 9999 64 4 80,0,9999,9999,0,64,4,80,2241.000000,33,1,Ok,103500.000000,NonMono,16,-222489.000000,16.218377,16,2305.873508,7,[13]=-226439;[14]=-224368;[15]=-223040;[16]=-222489;[17]=-222712;[18]=-223698;[19]=-225456
2000,RECAL 3 1 9999 2306 64 4 80,1,9999,2306,0,64,4,80,1082.000000,33,1,Ok,91999.000000,NonMono,16,-222463.000000,15.561687,16,1144.246748,7,[13]=-224348;[14]=-223122;[15]=-222495;[16]=-222463;[17]=-223020;[18]=-224193;[19]=-225982
2001,RECAL 3 0 9999 9999 64 4 80,0,9999,9999,0,64,4,80,2233.000000,33,1,Ok,100205.000000,NonMono,17,-226167.000000,16.589439,17,2299.357754,7,[14]=-228530;[15]=-227014;[16]=-226236;[17]=-226167;[18]=-226822;[19]=-228250;[20]=-230398
2002,RECAL 3 1 9999 2299 64 4 80,1,9999,2299,0,64,4,80,2026.000000,33,1,Ok,253794.000000,NonMono,16,-226091.000000,15.515431,16,2088.061725,5,[14]=-228112;[15]=-226119;[16]=-226091;[17]=-228087;[18]=-232168
2003,RECAL 3 0 9999 9999 64 4 80,0,9999,9999,0,64,4,80,2229.000000,33,1,Ok,91329.000000,NonMono,16,-229463.000000,16.491130,16,2294.964520,7,[13]=-233404;[14]=-231451;[15]=-230127;[16]=-229463;[17]=-229484;[18]=-230154;[19]=-231455
2004,RECAL 3 1 9999 2295 64 4 80,1,9999,2295,0,64,4,80,2664.000000,33,1,Ok,265596.000000,NonMono,15,-229231.000000,15.464844,15,2725.859375,5,[13]=-238003;[14]=-232196;[15]=-229231;[16]=-229371;[17]=-232730
2005,RECAL 3 0 9999 9999 64 4 80,0,9999,9999,0,64,4,80,-249.000000,33,0,ParabolaNotDownward,591.000000,Flat,18,-231238.000000,,,,0,
2006,RECAL 3 0 9999 9999 200 4 80,0,9999,9999,0,200,4,80,-385.000000,101,1,Ok,9186.000000,NonMono,48,-231204.000000,50.816313,51,-181.734747,33,[32]=-231971;[33]=-231863;[34]=-231799;[35]=-231710;[36]=-231647;[37]=-231578;[38]=-231533;[39]=-231470;[40]=-231415;[41]=-231395;[42]=-231345;[43]=-231317;[44]=-231280;[45]=-231282;[46]=-231234;[47]=-231228;[48]=-231204;[49]=-231208;[50]=-231216;[51]=-231205;[52]=-231223;[53]=-231227;[54]=-231215;[55]=-231234;[56]=-231244;[57]=-231257;[58]=-231247;[59]=-231283;[60]=-231317;[61]=-231332;[62]=-231359;[63]=-231384;[64]=-231405
2007,RECAL 3 0 9999 -182 64 4 80,0,9999,-182,0,64,4,80,-246.000000,33,0,ParabolaNotDownward,551.000000,Flat,16,-231191.000000,,,,0,
2008,RECAL 3 1 9999 -181 64 4 80,1,9999,-181,0,64,4,80,2624.000000,33,1,Ok,263592.000000,NonMono,15,-230957.000000,15.420424,15,2685.681694,5,[13]=-239340;[14]=-233715;[15]=-230957;[16]=-231222;[17]=-234515
2009,RECAL 3 0 9999 9999 64 4 80,0,9999,9999,0,64,4,80,-34.000000,33,0,ParabolaNotDownward,197.000000,Flat,32,-224882.000000,,,,0,
2010,RECAL 3 0 9999 9999 200 4 80,0,9999,9999,0,200,4,80,-170.000000,101,0,ParabolaNotDownward,1857.000000,Flat,77,-224795.000000,,,,0,
2011,RECAL 3 0 9999 -370 200 4 80,0,9999,-370,0,200,4,80,-570.000000,101,0,ParabolaNotDownward,102095.000000,StrictInc,100,-226634.000000,,,,0,
2012,RECAL 3 0 9999 430 200 4 80,0,9999,430,0,200,4,80,230.000000,101,0,ParabolaNotDownward,127629.000000,StrictDec,0,-225707.000000,,,,19,[0]=-225707;[1]=-225804;[2]=-225927;[3]=-226048;[4]=-226183;[5]=-226310;[6]=-226446;[7]=-226600;[8]=-226757;[9]=-226934;[10]=-227100;[11]=-227287;[12]=-227499;[13]=-227703;[14]=-227959;[15]=-228178;[16]=-228432;[17]=-228691;[18]=-228988
2013,RECAL 3 1 9999 -350 64 4 80,1,9999,-350,0,64,4,80,1976.000000,33,1,Ok,240945.000000,NonMono,15,-240632.000000,15.220004,15,2036.880015,5,[13]=-245080;[14]=-241963;[15]=-240632;[16]=-241164;[17]=-243564
2014,RECAL 3 0 9999 9999 64 4 80,0,9999,9999,0,64,4,80,141.000000,33,0,ParabolaNotDownward,1053.000000,Flat,25,-224887.000000,,,,0,
2015,RECAL 3 0 9999 9999 200 4 80,0,9999,9999,0,200,4,80,5.000000,101,1,Ok,10362.000000,NonMono,57,-224894.000000,57.624816,58,235.499262,33,[41]=-225508;[42]=-225442;[43]=-225372;[44]=-225326;[45]=-225268;[46]=-225223;[47]=-225174;[48]=-225125;[49]=-225069;[50]=-225048;[51]=-225036;[52]=-224979;[53]=-224958;[54]=-224945;[55]=-224912;[56]=-224906;[57]=-224894;[58]=-224909;[59]=-224896;[60]=-224917;[61]=-224939;[62]=-224953;[63]=-225001;[64]=-225033;[65]=-225075;[66]=-225133;[67]=-225198;[68]=-225279;[69]=-225387;[70]=-225483;[71]=-225576;[72]=-225696;[73]=-225833
2016,RECAL 3 0 9999 235 64 4 80,0,9999,235,0,64,4,80,171.000000,33,0,ParabolaNotDownward,1002.000000,Flat,16,-224903.000000,,,,0,
2017,RECAL 3 1 9999 234 64 4 80,1,9999,234,0,64,4,80,985.000000,33,1,Ok,82471.000000,NonMono,15,-224663.000000,15.058969,15,1045.235876,9,[11]=-228659;[12]=-226932;[13]=-225713;[14]=-224962;[15]=-224663;[16]=-224906;[17]=-225627;[18]=-226876;[19]=-228699
2018,RECAL 3 0 9999 9999 64 4 80,0,9999,9999,0,64,4,80,-363.000000,33,0,ParabolaNotDownward,2634.000000,Flat,20,-225370.000000,,,,0,
2019,RECAL 3 0 9999 9999 200 4 80,0,9999,9999,0,200,4,80,-499.000000,101,1,Ok,27168.000000,NonMono,55,-225353.000000,55.042170,55,-278.831322,47,[32]=-228583;[33]=-228275;[34]=-227971;[35]=-227692;[36]=-227436;[37]=-227202;[38]=-226985;[39]=-226790;[40]=-226584;[41]=-226421;[42]=-226264;[43]=-226114;[44]=-225974;[45]=-225865;[46]=-225764;[47]=-225674;[48]=-225598;[49]=-225532;[50]=-225482;[51]=-225449;[52]=-225407;[53]=-225394;[54]=-225369;[55]=-225353;[56]=-225366;[57]=-225364;[58]=-225395;[59]=-225428;[60]=-225466;[61]=-225503;[62]=-225547;[63]=-225594;[64]=-225654;[65]=-225722;[66]=-225801;[67]=-225875;[68]=-225974;[69]=-226050;[70]=-226119;[71]=-226207;[72]=-226303;[73]=-226417;[74]=-226504;[75]=-226613;[76]=-226710;[77]=-226817;[78]=-226943
2020,RECAL 3 0 9999 -279 64 4 80,0,9999,-279,0,64,4,80,-343.000000,33,0,ParabolaNotDownward,1450.000000,Flat,16,-225327.000000,,,,0,
2021,RECAL 3 1 9999 -279 64 4 80,1,9999,-279,0,64,4,80,-1510.000000,33,1,Ok,122202.000000,NonMono,16,-225339.000000,15.889449,16,-1446.442203,7,[13]=-229472;[14]=-227108;[15]=-225743;[16]=-225339;[17]=-225941;[18]=-227560;[19]=-230118
2022,RECAL 3 0 9999 9999 64 4 80,0,9999,9999,0,64,4,80,-581.000000,33,1,Ok,5554.000000,NonMono,18,-225222.000000,17.915222,18,-509.339110,17,[10]=-226206;[11]=-225976;[12]=-225754;[13]=-225588;[14]=-225452;[15]=-225351;[16]=-225280;[17]=-225235;[18]=-225222;[19]=-225229;[20]=-225288;[21]=-225365;[22]=-225456;[23]=-225561;[24]=-225739;[25]=-225915;[26]=-226101
2023,RECAL 3 1 9999 -509 64 4 80,1,9999,-509,0,64,4,80,-2336.000000,33,1,Ok,244911.000000,NonMono,16,-225203.000000,15.978080,16,-2272.087681,5,[14]=-229827;[15]=-226343;[16]=-225203;[17]=-226460;[18]=-230135
2024,RECAL 3 0 9999 9999 64 4 80,0,9999,9999,0,64,4,80,299.000000,33,0,ParabolaNotDownward,9024.000000,StrictInc,32,-228589.000000,,,,0,
2025,RECAL 3 0 9999 9999 200 4 80,0,9999,9999,0,200,4,80,163.000000,101,1,Ok,22541.000000,NonMono,71,-228322.000000,71.112470,71,447.449881,35,[54]=-230756;[55]=-230511;[56]=-230259;[57]=-230032;[58]=-229801;[59]=-229591;[60]=-229396;[61]=-229231;[62]=-229056;[63]=-228907;[64]=-228784;[65]=-228667;[66]=-228547;[67]=-228473;[68]=-228403;[69]=-228372;[70]=-228324;[71]=-228322;[72]=-228333;[73]=-228363;[74]=-228400;[75]=-228470;[76]=-228572;[77]=-228676;[78]=-228806;[79]=-228960;[80]=-229159;[81]=-229357;[82]=-229584;[83]=-229850;[84]=-230143;[85]=-230449;[86]=-230810;[87]=-231199;[88]=-231564
2026,RECAL 3 0 9999 447 64 4 80,0,9999,447,0,64,4,80,383.000000,33,0,ParabolaNotDownward,2905.000000,Flat,16,-228287.000000,,,,0,
2027,RECAL 3 1 9999 448 64 4 80,1,9999,448,0,64,4,80,-2934.000000,33,1,Ok,266676.000000,NonMono,16,-228267.000000,16.070083,16,-2869.719667,5,[14]=-236113;[15]=-230369;[16]=-228267;[17]=-229857;[18]=-235101
2028,RECAL 3 0 9999 9999 64 4 80,0,9999,9999,0,64,4,80,-2321.000000,33,1,Ok,104966.000000,NonMono,16,-239510.000000,16.355799,16,-2255.576804,7,[13]=-243592;[14]=-241504;[15]=-240160;[16]=-239510;[17]=-239618;[18]=-240483;[19]=-242046
2029,RECAL 3 1 9999 -2256 64 4 80,1,9999,-2256,0,64,4,80,-2905.000000,33,1,Ok,256113.000000,NonMono,16,-239435.000000,15.734619,16,-2842.061524,5,[14]=-244637;[15]=-240284;[16]=-239435;[17]=-242149;[18]=-248338
2030,RECAL 3 0 9999 9999 64 4 80,0,9999,9999,0,64,4,80,-2401.000000,33,1,Ok,120172.000000,NonMono,16,-231737.000000,16.422349,16,-2335.310602,7,[13]=-236408;[14]=-234033;[15]=-232488;[16]=-231737;[17]=-231812;[18]=-232651;[19]=-234258
2031,RECAL 3 1 9999 -2335 64 4 80,1,9999,-2335,0,64,4,80,-2299.000000,33,1,Ok,243350.000000,NonMono,16,-231686.000000,15.721480,16,-2236.114080,5,[14]=-234972;[15]=-232223;[16]=-231686;[17]=-233516;[18]=-237641
2032,RECAL 3 0 9999 9999 64 4 80,0,9999,9999,0,64,4,80,-2370.000000,33,1,Ok,117058.000000,NonMono,17,-231162.000000,16.497046,16,-2304.011815,7,[14]=-233520;[15]=-231945;[16]=-231173;[17]=-231162;[18]=-231945;[19]=-233460;[20]=-235728
2033,RECAL 3 1 9999 -2304 64 4 80,1,9999,-2304,0,64,4,80,-1456.000000,33,1,Ok,118346.000000,NonMono,16,-231066.000000,15.834478,16,-1392.662089,7,[13]=-234619;[14]=-232568;[15]=-231388;[16]=-231066;[17]=-231677;[18]=-233179;[19]=-235554
2034,RECAL 3 0 9999 9999 64 4 80,0,9999,9999,0,64,4,80,-2348.000000,33,1,Ok,110854.000000,NonMono,16,-229836.000000,16.494339,16,-2282.022645,7,[13]=-234311;[14]=-232096;[15]=-230589;[16]=-229836;[17]=-229870;[18]=-230605;[19]=-232088
2035,RECAL 3 1 9999 -2282 64 4 80,1,9999,-2282,0,64,4,80,1055.000000,33,1,Ok,95075.000000,NonMono,15,-229432.000000,14.934621,15,1114.738486,9,[11]=-233826;[12]=-231893;[13]=-230507;[14]=-229676;[15]=-229432;[16]=-229766;[17]=-230678;[18]=-232201;[19]=-234326
2036,RECAL 3 0 9999 9999 64 4 80,0,9999,9999,0,64,4,80,-2351.000000,33,1,Ok,104830.000000,NonMono,16,-232695.000000,16.419885,16,-2285.320459,7,[13]=-236825;[14]=-234723;[15]=-233346;[16]=-232695;[17]=-232739;[18]=-233516;[19]=-234972
2037,RECAL 3 1 9999 -2285 64 4 80,1,9999,-2285,0,64,4,80,2010.000000,33,1,Ok,255342.000000,NonMono,15,-231883.000000,15.130596,15,2070.522385,5,[13]=-236061;[14]=-233080;[15]=-231883;[16]=-232612;[17]=-235291
2038,RECAL 3 0 9999 9999 64 4 80,0,9999,9999,0,64,4,80,-2360.000000,33,1,Ok,94722.000000,NonMono,16,-235679.000000,16.302953,16,-2294.788186,7,[13]=-239236;[14]=-237390;[15]=-236198;[16]=-235679;[17]=-235810;[18]=-236584;[19]=-238044
2039,RECAL 3 1 9999 -2295 64 4 80,1,9999,-2295,0,64,4,80,2649.000000,33,1,Ok,260247.000000,NonMono,15,-235474.000000,15.450369,15,2710.801477,5,[13]=-244028;[14]=-238303;[15]=-235474;[16]=-235624;[17]=-238870
2040,RECAL 3 0 9999 9999 64 4 80,0,9999,9999,0,64,4,80,2316.000000,33,1,Ok,101653.000000,NonMono,17,-240595.000000,16.789302,17,2383.157206,7,[14]=-243364;[15]=-241734;[16]=-240793;[17]=-240595;[18]=-241115;[19]=-242335;[20]=-244306
2041,RECAL 3 1 9999 2383 64 4 80,1,9999,2383,0,64,4,80,-2852.000000,33,1,Ok,254638.000000,NonMono,16,-240491.000000,15.810848,16,-2788.756606,5,[14]=-245905;[15]=-241505;[16]=-240491;[17]=-242756;[18]=-248358
2042,RECAL 3 0 9999 9999 64 4 80,0,9999,9999,0,64,4,80,2265.000000,33,1,Ok,98799.000000,NonMono,16,-234265.000000,16.249659,16,2329.998636,7,[13]=-237978;[14]=-236020;[15]=-234785;[16]=-234265;[17]=-234427;[18]=-235334;[19]=-237008
2043,RECAL 3 1 9999 2330 64 4 80,1,9999,2330,0,64,4,80,-2223.000000,33,1,Ok,223871.000000,NonMono,16,-234218.000000,16.297388,16,-2157.810448,5,[14]=-239667;[15]=-235891;[16]=-234218;[17]=-234642;[18]=-237163
2044,RECAL 3 0 9999 9999 64 4 80,0,9999,9999,0,64,4,80,2234.000000,33,1,Ok,94021.000000,NonMono,16,-231861.000000,16.394621,16,2299.578484,7,[13]=-235768;[14]=-233800;[15]=-232471;[16]=-231861;[17]=-231934;[18]=-232715;[19]=-234189
2045,RECAL 3 1 9999 2300 64 4 80,1,9999,2300,0,64,4,80,-1307.000000,33,1,Ok,86918.000000,NonMono,16,-231822.000000,16.062126,16,-1242.751495,7,[13]=-235012;[14]=-233260;[15]=-232213;[16]=-231822;[17]=-232118;[18]=-233090;[19]=-234725
2046,RECAL 3 0 9999 9999 64 4 80,0,9999,9999,0,64,4,80,2210.000000,33,1,Ok,91748.000000,NonMono,16,-233489.000000,16.287462,16,2275.149848,7,[13]=-237196;[14]=-235267;[15]=-234024;[16]=-233489;[17]=-233644;[18]=-234454;[19]=-235987
2047,RECAL 3 1 9999 2275 64 4 80,1,9999,2275,0,64,4,80,1246.000000,33,1,Ok,128017.000000,NonMono,15,-233021.000000,14.912297,15,1305.649188,7,[12]=-236190;[13]=-234382;[14]=-233340;[15]=-233021;[16]=-233472;[17]=-234703;[18]=-236747
2048,RECAL 3 0 9999 9999 64 4 80,0,9999,9999,0,64,4,80,2257.000000,33,1,Ok,94365.000000,NonMono,17,-235008.000000,16.623406,17,2323.493625,7,[14]=-237321;[15]=-235869;[16]=-235100;[17]=-235008;[18]=-235620;[19]=-236933;[20]=-238945
2049,RECAL 3 1 9999 2323 64 4 80,1,9999,2323,0,64,4,80,2129.000000,33,1,Ok,253918.000000,NonMono,16,-234984.000000,15.535128,16,2191.140513,5,[14]=-237179;[15]=-235062;[16]=-234984;[17]=-237074;[18]=-241403
2050,RECAL 3 0 9999 9999 64 4 80,0,9999,9999,0,64,4,80,2268.000000,33,1,Ok,87274.000000,NonMono,16,-243246.000000,16.464381,16,2333.857523,7,[13]=-247009;[14]=-245112;[15]=-243873;[16]=-243246;[17]=-243266;[18]=-243940;[19]=-245248
2051,RECAL 3 1 9999 2334 64 4 80,1,9999,2334,0,64,4,80,2752.000000,33,1,Ok,253120.000000,NonMono,16,-243150.000000,15.867317,16,2815.469268,5,[14]=-248499;[15]=-244284;[16]=-243150;[17]=-245171;[18]=-250534
2052,RECAL 3 0 9999 9999 64 4 80,0,9999,9999,0,64,4,80,-336.000000,33,0,ParabolaNotDownward,1595.000000,Flat,21,-238207.000000,,,,0,
2053,RECAL 3 0 9999 9999 200 4 80,0,9999,9999,0,200,4,80,-472.000000,101,1,Ok,16451.000000,NonMono,54,-238204.000000,55.341176,55,-250.635295,33,[38]=-239182;[39]=-239079;[40]=-238969;[41]=-238857;[42]=-238773;[43]=-238687;[44]=-238606;[45]=-238530;[46]=-238459;[47]=-238416;[48]=-238358;[49]=-238325;[50]=-238295;[51]=-238255;[52]=-238241;[53]=-238239;[54]=-238204;[55]=-238212;[56]=-238209;[57]=-238231;[58]=-238229;[59]=-238244;[60]=-238259;[61]=-238285;[62]=-238306;[63]=-238342;[64]=-238385;[65]=-238419;[66]=-238464;[67]=-238507;[68]=-238546;[69]=-238590;[70]=-238639
2054,RECAL 3 0 9999 -251 64 4 80,0,9999,-251,0,64,4,80,-315.000000,33,0,ParabolaNotDownward,835.000000,Flat,18,-238206.000000,,,,0,
2055,RECAL 3 1 9999 -252 64 4 80,1,9999,-252,0,64,4,80,2776.000000,33,1,Ok,257281.000000,NonMono,16,-238219.000000,15.633764,16,2838.535056,5,[14]=-242222;[15]=-238645;[16]=-238219;[17]=-241076;[18]=-247348
2056,RECAL 3 0 9999 9999 64 4 80,0,9999,9999,0,64,4,80,-391.000000,33,0,ParabolaNotDownward,2360.000000,Flat,20,-235011.000000,,,,0,
2057,RECAL 3 0 9999 9999 200 4 80,0,9999,9999,0,200,4,80,-527.000000,101,1,Ok,25249.000000,NonMono,56,-235006.000000,53.990437,54,-311.038251,51,[31]=-238264;[32]=-237948;[33]=-237664;[34]=-237389;[35]=-237110;[36]=-236869;[37]=-236651;[38]=-236442;[39]=-236259;[40]=-236080;[41]=-235904;[42]=-235779;[43]=-235642;[44]=-235540;[45]=-235426;[46]=-235330;[47]=-235249;[48]=-235204;[49]=-235140;[50]=-235100;[51]=-235065;[52]=-235031;[53]=-235036;[54]=-235019;[55]=-235016;[56]=-235006;[57]=-235039;[58]=-235072;[59]=-235096;[60]=-235164;[61]=-235224;[62]=-235257;[63]=-235344;[64]=-235396;[65]=-235507;[66]=-235563;[67]=-235673;[68]=-235759;[69]=-235873;[70]=-235980;[71]=-236077;[72]=-236190;[73]=-236308;[74]=-236434;[75]=-236554;[76]=-236689;[77]=-236817;[78]=-236933;[79]=-237053;[80]=-237174;[81]=-237311
2058,RECAL 3 0 9999 -311 64 4 80,0,9999,-311,0,64,4,80,-375.000000,33,0,ParabolaNotDownward,1427.000000,Flat,16,-235021.000000,,,,0,
2059,RECAL 3 1 9999 -312 64 4 80,1,9999,-312,0,64,4,80,2162.000000,33,1,Ok,254697.000000,NonMono,15,-234781.000000,15.376453,15,2223.505813,5,[13]=-240585;[14]=-236635;[15]=-234781;[16]=-235037;[17]=-237518
2060,RECAL 3 0 9999 9999 64 4 80,0,9999,9999,0,64,4,80,-652.000000,33,1,Ok,8363.000000,NonMono,20,-229664.000000,19.643462,20,-573.426150,17,[12]=-230803;[13]=-230532;[14]=-230282;[15]=-230086;[16]=-229932;[17]=-229799;[18]=-229727;[19]=-229676;[20]=-229664;[21]=-229691;[22]=-229766;[23]=-229880;[24]=-230038;[25]=-230175;[26]=-230365;[27]=-230607;[28]=-230871
2061,RECAL 3 1 9999 -573 64 4 80,1,9999,-573,0,64,4,80,1294.000000,33,1,Ok,123739.000000,NonMono,16,-229688.000000,15.881206,16,1357.524823,7,[13]=-233064;[14]=-231156;[15]=-230006;[16]=-229688;[17]=-230211;[18]=-231592;[19]=-233802
2062,RECAL 3 0 9999 9999 64 4 80,0,9999,9999,0,64,4,80,-532.000000,33,1,Ok,5280.000000,NonMono,20,-228705.000000,19.799404,20,-452.802385,17,[12]=-229421;[13]=-229239;[14]=-229099;[15]=-228965;[16]=-228865;[17]=-228792;[18]=-228748;[19]=-228726;[20]=-228705;[21]=-228722;[22]=-228774;[23]=-228831;[24]=-228877;[25]=-228988;[26]=-229108;[27]=-229255;[28]=-229407
2063,RECAL 3 1 9999 -453 64 4 80,1,9999,-453,0,64,4,80,-1249.000000,33,1,Ok,80504.000000,NonMono,16,-228705.000000,16.099420,16,-1184.602320,9,[12]=-233931;[13]=-231703;[14]=-230070;[15]=-229083;[16]=-228705;[17]=-228957;[18]=-229838;[19]=-231360;[20]=-233522
2064,RECAL 3 0 9999 9999 64 4 80,0,9999,9999,0,64,4,80,-313.000000,33,0,ParabolaNotDownward,1998.000000,Flat,25,-230528.000000,,,,0,
2065,RECAL 3 0 9999 9999 200 4 80,0,9999,9999,0,200,4,80,-449.000000,101,1,Ok,18755.000000,NonMono,57,-230481.000000,57.442245,57,-219.231022,33,[41]=-231389;[42]=-231260;[43]=-231184;[44]=-231053;[45]=-230967;[46]=-230871;[47]=-230823;[48]=-230758;[49]=-230688;[50]=-230639;[51]=-230602;[52]=-230571;[53]=-230541;[54]=-230525;[55]=-230523;[56]=-230497;[57]=-230481;[58]=-230486;[59]=-230487;[60]=-230501;[61]=-230511;[62]=-230549;[63]=-230562;[64]=-230597;[65]=-230606;[66]=-230630;[67]=-230663;[68]=-230694;[69]=-230726;[70]=-230761;[71]=-230813;[72]=-230849;[73]=-230899
2066,RECAL 3 0 9999 -219 64 4 80,0,9999,-219,0,64,4,80,-283.000000,33,0,ParabolaNotDownward,835.000000,Flat,16,-230473.000000,,,,0,
2067,RECAL 3 1 9999 -220 64 4 80,1,9999,-220,0,64,4,80,-2186.000000,33,1,Ok,226626.000000,NonMono,16,-230470.000000,16.156728,16,-2121.373087,5,[14]=-235044;[15]=-231784;[16]=-230470;[17]=-231170;[18]=-233895
2068,RECAL 3 0 9999 9999 64 4 80,0,9999,9999,0,64,4,80,419.000000,33,1,Ok,3486.000000,NonMono,18,-232378.000000,18.594614,19,493.378457,17,[10]=-233201;[11]=-233041;[12]=-232850;[13]=-232728;[14]=-232605;[15]=-232527;[16]=-232477;[17]=-232420;[18]=-232378;[19]=-232380;[20]=-232393;[21]=-232431;[22]=-232523;[23]=-232610;[24]=-232728;[25]=-232856;[26]=-233029
2069,RECAL 3 1 9999 493 64 4 80,1,9999,493,0,64,4,80,-2823.000000,33,1,Ok,261777.000000,NonMono,16,-232321.000000,16.057134,16,-2758.771462,5,[14]=-239309;[15]=-234167;[16]=-232321;[17]=-233780;[18]=-238460
2070,RECAL 3 0 9999 9999 64 4 80,0,9999,9999,0,64,4,80,-2365.000000,33,1,Ok,100107.000000,NonMono,17,-240592.000000,16.691313,17,-2298.234749,7,[14]=-243024;[15]=-241521;[16]=-240725;[17]=-240592;[18]=-241132;[19]=-242346;[20]=-244224
2071,RECAL 3 1 9999 -2298 64 4 80,1,9999,-2298,0,64,4,80,-2850.000000,33,1,Ok,254807.000000,NonMono,16,-240536.000000,15.773306,16,-2786.906776,5,[14]=-245604;[15]=-241426;[16]=-240536;[17]=-242925;[18]=-248639
2072,RECAL 3 0 9999 9999 64 4 80,0,9999,9999,0,64,4,80,-2414.000000,33,1,Ok,108314.000000,NonMono,17,-235942.000000,16.761100,17,-2346.955599,7,[14]=-238701;[15]=-237050;[16]=-236138;[17]=-235942;[18]=-236484;[19]=-237730;[20]=-239703
2073,RECAL 3 1 9999 -2347 64 4 80,1,9999,-2347,0,64,4,80,-2224.000000,33,1,Ok,236932.000000,NonMono,16,-235928.000000,16.043495,16,-2159.826022,5,[14]=-240393;[15]=-237102;[16]=-235928;[17]=-236911;[18]=-239973
2074,RECAL 3 0 9999 9999 64 4 80,0,9999,9999,0,64,4,80,-2443.000000,33,1,Ok,111714.000000,NonMono,17,-233321.000000,16.601323,17,-2376.594706,7,[14]=-235776;[15]=-234206;[16]=-233399;[17]=-233321;[18]=-233982;[19]=-235357;[20]=-237465
2075,RECAL 3 1 9999 -2377 64 4 80,1,9999,-2377,0,64,4,80,-1312.000000,33,1,Ok,90666.000000,NonMono,16,-233260.000000,15.866910,16,-1248.532362,7,[13]=-236136;[14]=-234463;[15]=-233523;[16]=-233260;[17]=-233708;[18]=-234809;[19]=-236622
2076,RECAL 3 0 9999 9999 64 4 80,0,9999,9999,0,64,4,80,-2464.000000,33,1,Ok,111259.000000,NonMono,16,-233814.000000,16.443241,16,-2398.227038,7,[13]=-238308;[14]=-236011;[15]=-234503;[16]=-233814;[17]=-233844;[18]=-234608;[19]=-236137
2077,RECAL 3 1 9999 -2398 64 4 80,1,9999,-2398,0,64,4,80,1229.000000,33,1,Ok,111974.000000,NonMono,16,-233732.000000,15.826334,16,1292.305335,7,[13]=-236653;[14]=-234924;[15]=-233967;[16]=-233732;[17]=-234219;[18]=-235502;[19]=-237580
2078,RECAL 3 0 9999 9999 64 4 80,0,9999,9999,0,64,4,80,-2421.000000,33,1,Ok,104376.000000,NonMono,17,-233543.000000,16.658640,17,-2354.365441,7,[14]=-235957;[15]=-234429;[16]=-233641;[17]=-233543;[18]=-234094;[19]=-235395;[20]=-237369
2079,RECAL 3 1 9999 -2354 64 4 80,1,9999,-2354,0,64,4,80,2122.000000,33,1,Ok,257504.000000,NonMono,15,-233424.000000,15.475001,15,2183.900002,5,[13]=-239351;[14]=-235411;[15]=-233424;[16]=-233487;[17]=-235637
2080,RECAL 3 0 9999 9999 64 4 80,0,9999,9999,0,64,4,80,-2416.000000,33,1,Ok,92604.000000,NonMono,16,-240026.000000,16.385098,16,-2350.459606,7,[13]=-243698;[14]=-241829;[15]=-240596;[16]=-240026;[17]=-240089;[18]=-240836;[19]=-242224
2081,RECAL 3 1 9999 -2350 64 4 80,1,9999,-2350,0,64,4,80,2745.000000,33,1,Ok,256558.000000,NonMono,15,-239859.000000,15.467440,15,2806.869758,5,[13]=-248698;[14]=-242816;[15]=-239859;[16]=-239975;[17]=-243241
2082,RECAL 3 0 9999 9999 64 4 80,0,9999,9999,0,64,4,80,2430.000000,33,1,Ok,112485.000000,NonMono,16,-239811.000000,15.922041,16,2493.688163,7,[13]=-243151;[14]=-241264;[15]=-240154;[16]=-239811;[17]=-240285;[18]=-241517;[19]=-243565
2083,RECAL 3 1 9999 2494 64 4 80,1,9999,2494,0,64,4,80,-2818.000000,33,1,Ok,255751.000000,NonMono,16,-239725.000000,15.899068,16,-2754.403729,5,[14]=-245971;[15]=-241108;[16]=-239725;[17]=-241825;[18]=-247470
2084,RECAL 3 0 9999 9999 64 4 80,0,9999,9999,0,64,4,80,2466.000000,33,1,Ok,137264.000000,NonMono,15,-231462.000000,15.146726,15,2526.586902,7,[12]=-235701;[13]=-233443;[14]=-232030;[15]=-231462;[16]=-231771;[17]=-232964;[18]=-235014
2085,RECAL 3 1 9999 2527 64 4 80,1,9999,2527,0,64,4,80,-2199.000000,33,1,Ok,231169.000000,NonMono,16,-231450.000000,16.169669,16,-2134.321325,5,[14]=-236307;[15]=-232852;[16]=-231450;[17]=-232151;[18]=-234958
2086,RECAL 3 0 9999 9999 64 4 80,0,9999,9999,0,64,4,80,2368.000000,33,1,Ok,128389.000000,NonMono,15,-229801.000000,15.065993,15,2428.263971,7,[12]=-233688;[13]=-231575;[14]=-230258;[15]=-229801;[16]=-230158;[17]=-231359;[18]=-233396
2087,RECAL 3 1 9999 2428 64 4 80,1,9999,2428,0,64,4,80,-1305.000000,33,1,Ok,94187.000000,NonMono,16,-229803.000000,16.063711,16,-1240.745154,7,[13]=-233131;[14]=-231338;[15]=-230209;[16]=-229803;[17]=-230125;[18]=-231193;[19]=-232997
2088,RECAL 3 0 9999 9999 64 4 80,0,9999,9999,0,64,4,80,2399.000000,33,1,Ok,118721.000000,NonMono,16,-229643.000000,15.786562,16,2462.146248,7,[13]=-232948;[14]=-230986;[15]=-229902;[16]=-229643;[17]=-230258;[18]=-231697;[19]=-233979
2089,RECAL 3 1 9999 2462 64 4 80,1,9999,2462,0,64,4,80,1205.000000,33,1,Ok,124276.000000,NonMono,15,-229519.000000,15.383131,15,1266.532523,7,[12]=-233574;[13]=-231545;[14]=-230177;[15]=-229519;[16]=-229610;[17]=-230492;[18]=-232174
2090,RECAL 3 0 9999 9999 64 4 80,0,9999,9999,0,64,4,80,2397.000000,33,1,Ok,113819.000000,NonMono,16,-231997.000000,15.832200,16,2460.328800,7,[13]=-235241;[14]=-233357;[15]=-232270;[16]=-231997;[17]=-232537;[18]=-233892;[19]=-236022
2091,RECAL 3 1 9999 2460 64 4 80,1,9999,2460,0,64,4,80,2089.000000,33,1,Ok,256457.000000,NonMono,16,-231981.000000,15.639301,16,2151.557203,5,[14]=-234525;[15]=-232250;[16]=-231981;[17]=-233784;[18]=-237809
2092,RECAL 3 0 9999 9999 64 4 80,0,9999,9999,0,64,4,80,2383.000000,33,1,Ok,104516.000000,NonMono,16,-236110.000000,15.734789,16,2445.939158,7,[13]=-238861;[14]=-237213;[15]=-236290;[16]=-236110;[17]=-236695;[18]=-237998;[19]=-240062
2093,RECAL 3 1 9999 2446 64 4 80,1,9999,2446,0,64,4,80,2705.000000,33,1,Ok,260575.000000,NonMono,16,-236082.000000,15.658330,16,2767.633319,17,[8]=-318591;[9]=-299432;[10]=-282297;[11]=-267653;[12]=-255679;[13]=-246341;[14]=-239864;[15]=-236368;[16]=-236082;[17]=-239105;[18]=-245631;[19]=-255858;[20]=-270034;[21]=-288412;[22]=-311610;[23]=-340353;[24]=-375831
2094,RECAL 3 0 9999 9999 64 4 80,0,9999,9999,0,64,4,80,767.000000,33,1,Ok,10481.000000,NonMono,16,-236769.000000,16.190872,16,831.763488,19,[7]=-239821;[8]=-239216;[9]=-238666;[10]=-238191;[11]=-237776;[12]=-237430;[13]=-237151;[14]=-236938;[15]=-236826;[16]=-236769;[17]=-236791;[18]=-236883;[19]=-237080;[20]=-237336;[21]=-237686;[22]=-238105;[23]=-238606;[24]=-239198;[25]=-239863
2095,RECAL 3 1 9999 832 64 4 80,1,9999,832,0,64,4,80,2704.000000,33,1,Ok,259845.000000,NonMono,16,-236755.000000,15.639555,16,2766.558220,17,[8]=-319999;[9]=-300628;[10]=-283290;[11]=-268533;[12]=-256464;[13]=-247012;[14]=-240529;[15]=-237045;[16]=-236755;[17]=-239873;[18]=-246516;[19]=-256926;[20]=-271327;[21]=-290020;[22]=-313406;[23]=-342255;[24]=-377967
2096,RECAL 3 0 9999 9999 64 4 80,0,9999,9999,0,64,4,80,805.000000,33,1,Ok,15689.000000,NonMono,15,-233706.000000,14.991479,15,864.965915,17,[7]=-236717;[8]=-236027;[9]=-235418;[10]=-234888;[11]=-234465;[12]=-234119;[13]=-233913;[14]=-233758;[15]=-233706;[16]=-233766;[17]=-233914;[18]=-234139;[19]=-234487;[20]=-234973;[21]=-235541;[22]=-236205;[23]=-236984
2097,RECAL 3 1 9999 865 64 4 80,1,9999,865,0,64,4,80,2089.000000,33,1,Ok,255874.000000,NonMono,15,-233605.000000,15.435903,15,2150.743613,5,[13]=-239390;[14]=-235504;[15]=-233605;[16]=-233733;[17]=-235982
2098,RECAL 3 0 9999 9999 64 4 80,0,9999,9999,0,64,4,80,798.000000,33,1,Ok,17330.000000,NonMono,15,-230219.000000,14.482417,14,855.929669,15,[8]=-232341;[9]=-231737;[10]=-231242;[11]=-230837;[12]=-230519;[13]=-230319;[14]=-230225;[15]=-230219;[16]=-230332;[17]=-230536;[18]=-230854;[19]=-231295;[20]=-231821;[21]=-232472;[22]=-233221
2099,RECAL 3 1 9999 856 64 4 80,1,9999,856,0,64,4,80,1210.000000,33,1,Ok,131115.000000,NonMono,15,-229877.000000,15.032649,15,1270.130595,7,[12]=-233276;[13]=-231425;[14]=-230284;[15]=-229877;[16]=-230230;[17]=-231379;[18]=-233276
2100,RECAL 3 0 9999 9999 64 4 80,0,9999,9999,0,64,4,80,698.000000,33,1,Ok,13058.000000,NonMono,15,-229808.000000,14.630565,15,756.522260,19,[6]=-232581;[7]=-232002;[8]=-231474;[9]=-231002;[10]=-230622;[11]=-230311;[12]=-230078;[13]=-229911;[14]=-229823;[15]=-229808;[16]=-229886;[17]=-230027;[18]=-230257;[19]=-230571;[20]=-230972;[21]=-231475;[22]=-232058;[23]=-232706;[24]=-233463
2101,RECAL 3 1 9999 757 64 4 80,1,9999,757,0,64,4,80,-1301.000000,33,1,Ok,96142.000000,NonMono,16,-229769.000000,15.919595,16,-1237.321621,7,[13]=-232842;[14]=-231117;[15]=-230101;[16]=-229769;[17]=-230208;[18]=-231391;[19]=-233287
2102,RECAL 3 0 9999 9999 64 4 80,0,9999,9999,0,64,4,80,969.000000,33,1,Ok,20890.000000,NonMono,16,-233097.000000,16.056845,16,1033.227381,15,[9]=-236862;[10]=-235861;[11]=-235020;[12]=-234345;[13]=-233781;[14]=-233409;[15]=-233169;[16]=-233097;[17]=-233156;[18]=-233375;[19]=-233759;[20]=-234293;[21]=-235003;[22]=-235875;[23]=-236928
2103,RECAL 3 1 9999 1033 64 4 80,1,9999,1033,0,64,4,80,-2195.000000,33,1,Ok,236996.000000,NonMono,16,-233051.000000,15.990751,16,-2131.036997,5,[14]=-237179;[15]=-234078;[16]=-233051;[17]=-234138;[18]=-237423
2104,RECAL 3 0 9999 9999 64 4 80,0,9999,9999,0,64,4,80,908.000000,33,1,Ok,17250.000000,NonMono,16,-235454.000000,15.747480,16,970.989921,15,[9]=-238092;[10]=-237371;[11]=-236761;[12]=-236260;[13]=-235904;[14]=-235640;[15]=-235494;[16]=-235454;[17]=-235553;[18]=-235770;[19]=-236082;[20]=-236545;[21]=-237148;[22]=-237859;[23]=-238713
2105,RECAL 3 1 9999 971 64 4 80,1,9999,971,0,64,4,80,-2815.000000,33,1,Ok,259875.000000,NonMono,16,-235434.000000,15.882539,16,-2751.469844,5,[14]=-241680;[15]=-236779;[16]=-235434;[17]=-237616;[18]=-243374
2106,RECAL 3 0 9999 9999 64 4 80,0,9999,9999,0,64,4,80,-2181.000000,33,1,Ok,89304.000000,NonMono,16,-241903.000000,16.137011,16,-2116.451957,7,[13]=-245068;[14]=-243337;[15]=-242301;[16]=-241903;[17]=-242128;[18]=-242952;[19]=-244432
2107,RECAL 3 1 9999 -2116 64 4 80,1,9999,-2116,0,64,4,80,-2804.000000,33,1,Ok,253589.000000,NonMono,16,-241869.000000,16.219229,16,-2739.123083,5,[14]=-250425;[15]=-244385;[16]=-241869;[17]=-242845;[18]=-247294
2108,RECAL 3 0 9999 9999 64 4 80,0,9999,9999,0,64,4,80,-2137.000000,33,1,Ok,87602.000000,NonMono,15,-237906.000000,14.880245,15,-2077.479021,9,[11]=-242690;[12]=-240541;[13]=-239018;[14]=-238135;[15]=-237906;[16]=-238288;[17]=-239283;[18]=-240874;[19]=-243032
2109,RECAL 3 1 9999 -2077 64 4 80,1,9999,-2077,0,64,4,80,-2181.000000,33,1,Ok,237937.000000,NonMono,16,-237927.000000,16.031726,16,-2116.873095,5,[14]=-242237;[15]=-239041;[16]=-237927;[17]=-238914;[18]=-242021
2110,RECAL 3 0 9999 9999 64 4 80,0,9999,9999,0,64,4,80,-2251.000000,33,1,Ok,96845.000000,NonMono,16,-233416.000000,15.880031,16,-2187.479875,7,[13]=-236282;[14]=-234612;[15]=-233670;[16]=-233416;[17]=-233843;[18]=-234885;[19]=-236639
2111,RECAL 3 1 9999 -2187 64 4 80,1,9999,-2187,0,64,4,80,-1279.000000,33,1,Ok,90891.000000,NonMono,16,-233407.000000,16.049563,16,-1214.801747,7,[13]=-236631;[14]=-234860;[15]=-233795;[16]=-233407;[17]=-233728;[18]=-234739;[19]=-236483
2112,RECAL 3 0 9999 9999 64 4 80,0,9999,9999,0,64,4,80,-2215.000000,33,1,Ok,92808.000000,NonMono,16,-235118.000000,16.017272,16,-2150.930911,7,[13]=-238141;[14]=-236453;[15]=-235460;[16]=-235118;[17]=-235432;[18]=-236388;[19]=-237999
2113,RECAL 3 1 9999 -2151 64 4 80,1,9999,-2151,0,64,4,80,1227.000000,33,1,Ok,132496.000000,NonMono,15,-234927.000000,15.277203,15,1288.108814,7,[12]=-238956;[13]=-236867;[14]=-235517;[15]=-234927;[16]=-235097;[17]=-236065;[18]=-237887
2114,RECAL 3 0 9999 9999 64 4 80,0,9999,9999,0,64,4,80,-2214.000000,33,1,Ok,87535.000000,NonMono,16,-240459.000000,15.516631,16,-2151.933474,7,[13]=-242397;[14]=-241122;[15]=-240470;[16]=-240459;[17]=-241088;[18]=-242356;[19]=-244258
2115,RECAL 3 1 9999 -2152 64 4 80,1,9999,-2152,0,64,4,80,2100.000000,33,1,Ok,252332.000000,NonMono,16,-240396.000000,15.552097,16,2162.208389,5,[14]=-242605;[15]=-240485;[16]=-240396;[17]=-242398;[18]=-246650
2116,RECAL 3 0 9999 9999 64 4 80,0,9999,9999,0,64,4,80,-2238.000000,33,1,Ok,85111.000000,NonMono,16,-242603.000000,15.648436,16,-2175.406257,7,[13]=-244751;[14]=-243399;[15]=-242704;[16]=-242603;[17]=-243135;[18]=-244269;[19]=-246040
2117,RECAL 3 1 9999 -2175 64 4 80,1,9999,-2175,0,64,4,80,2711.000000,33,1,Ok,253917.000000,NonMono,16,-242588.000000,15.605754,16,2773.423016,5,[14]=-246389;[15]=-242912;[16]=-242588;[17]=-245547;[18]=-251993
2118,RECAL 3 0 9999 9999 64 4 80,0,9999,9999,0,64,4,80,2120.000000,33,1,Ok,115719.000000,NonMono,16,-237132.000000,15.962307,16,2183.849230,7,[13]=-240789;[14]=-238752;[15]=-237532;[16]=-237132;[17]=-237599;[18]=-238936;[19]=-241158
2119,RECAL 3 1 9999 2184 64 4 80,1,9999,2184,0,64,4,80,-2870.000000,33,1,Ok,259434.000000,NonMono,16,-237063.000000,16.356770,16,-2804.572919,17,[8]=-365655;[9]=-337803;[10]=-312819;[11]=-291118;[12]=-272769;[13]=-258169;[14]=-247416;[15]=-240321;[16]=-237063;[17]=-237698;[18]=-242233;[19]=-250663;[20]=-263034;[21]=-279340;[22]=-299697;[23]=-323967;[24]=-352324
2120,RECAL 3 0 9999 9999 64 4 80,0,9999,9999,0,64,4,80,2114.000000,33,1,Ok,124983.000000,NonMono,16,-228938.000000,15.594062,16,2176.376248,7,[13]=-231777;[14]=-229970;[15]=-229026;[16]=-228938;[17]=-229731;[18]=-231441;[19]=-234030
2121,RECAL 3 1 9999 2176 64 4 80,1,9999,2176,0,64,4,80,-2307.000000,33,1,Ok,261174.000000,NonMono,16,-228866.000000,16.011676,16,-2242.953297,5,[14]=-234289;[15]=-230243;[16]=-228866;[17]=-230189;[18]=-234235
2122,RECAL 3 0 9999 9999 64 4 80,0,9999,9999,0,64,4,80,2168.000000,33,1,Ok,134599.000000,NonMono,15,-226711.000000,15.496931,15,2229.987725,7,[12]=-232281;[13]=-229504;[14]=-227639;[15]=-226711;[16]=-226726;[17]=-227648;[18]=-229497
2123,RECAL 3 1 9999 2230 64 4 80,1,9999,2230,0,64,4,80,-1546.000000,33,1,Ok,149345.000000,NonMono,16,-226599.000000,16.026428,16,-1481.894286,7,[13]=-232145;[14]=-229082;[15]=-227235;[16]=-226599;[17]=-227166;[18]=-228913;[19]=-231810
2124,RECAL 3 0 9999 9999 64 4 80,0,9999,9999,0,64,4,80,2184.000000,33,1,Ok,133054.000000,NonMono,16,-226916.000000,15.790644,16,2247.162576,7,[13]=-230503;[14]=-228398;[15]=-227181;[16]=-226916;[17]=-227589;[18]=-229206;[19]=-231788
2125,RECAL 3 1 9999 2247 64 4 80,1,9999,2247,0,64,4,80,818.000000,33,1,Ok,64929.000000,NonMono,15,-226519.000000,14.511512,15,876.046049,9,[11]=-228810;[12]=-227660;[13]=-226894;[14]=-226522;[15]=-226519;[16]=-226899;[17]=-227665;[18]=-228857;[19]=-230451
2126,RECAL 3 0 9999 9999 64 4 80,0,9999,9999,0,64,4,80,2209.000000,33,1,Ok,146591.000000,NonMono,15,-229327.000000,15.165464,15,2269.661855,7,[12]=-233986;[13]=-231511;[14]=-229928;[15]=-229327;[16]=-229625;[17]=-230910;[18]=-233151
2127,RECAL 3 1 9999 2270 64 4 80,1,9999,2270,0,64,4,80,1832.000000,33,1,Ok,235906.000000,NonMono,16,-229297.000000,15.654798,16,1894.619190,5,[14]=-231768;[15]=-229581;[16]=-229297;[17]=-230892;[18]=-234404
2128,RECAL 3 0 9999 9999 64 4 80,0,9999,9999,0,64,4,80,2211.000000,33,1,Ok,137961.000000,NonMono,15,-235332.000000,15.310273,15,2272.241090,7,[12]=-240182;[13]=-237708;[14]=-236080;[15]=-235332;[16]=-235532;[17]=-236619;[18]=-238641
2129,RECAL 3 1 9999 2272 64 4 80,1,9999,2272,0,64,4,80,2472.000000,33,1,Ok,260921.000000,NonMono,15,-234672.000000,15.311362,15,2533.245449,5,[13]=-243411;[14]=-237362;[15]=-234672;[16]=-235283;[17]=-239299
2130,RECAL 3 0 9999 9999 64 4 80,0,9999,9999,0,64,4,80,653.000000,33,1,Ok,9739.000000,NonMono,16,-241637.000000,16.038554,16,717.154217,21,[6]=-244804;[7]=-244209;[8]=-243680;[9]=-243194;[10]=-242821;[11]=-242453;[12]=-242166;[13]=-241953;[14]=-241793;[15]=-241673;[16]=-241637;[17]=-241674;[18]=-241780;[19]=-241934;[20]=-242174;[21]=-242499;[22]=-242896;[23]=-243336;[24]=-243903;[25]=-244512;[26]=-245252
2131,RECAL 3 1 9999 717 64 4 80,1,9999,717,0,64,4,80,2482.000000,33,1,Ok,254170.000000,NonMono,16,-241615.000000,16.027130,16,2546.108520,5,[14]=-248425;[15]=-243357;[16]=-241615;[17]=-243185;[18]=-248135
2132,RECAL 3 0 9999 9999 64 4 80,0,9999,9999,0,64,4,80,650.000000,33,1,Ok,13512.000000,NonMono,14,-235484.000000,14.129915,14,706.519659,19,[5]=-238408;[6]=-237823;[7]=-237302;[8]=-236815;[9]=-236446;[10]=-236127;[11]=-235853;[12]=-235651;[13]=-235519;[14]=-235484;[15]=-235510;[16]=-235621;[17]=-235809;[18]=-236069;[19]=-236402;[20]=-236830;[21]=-237347;[22]=-237928;[23]=-238611
2133,RECAL 3 1 9999 707 64 4 80,1,9999,707,0,64,4,80,1852.000000,33,1,Ok,243811.000000,NonMono,15,-234779.000000,15.128790,15,1912.515161,5,[13]=-239076;[14]=-235980;[15]=-234779;[16]=-235491;[17]=-238111
2134,RECAL 3 0 9999 9999 64 4 80,0,9999,9999,0,64,4,80,547.000000,33,1,Ok,8020.000000,NonMono,16,-237583.000000,16.192055,16,611.768219,23,[5]=-240773;[6]=-240259;[7]=-239768;[8]=-239346;[9]=-238953;[10]=-238595;[11]=-238295;[12]=-238052;[13]=-237881;[14]=-237724;[15]=-237632;[16]=-237583;[17]=-237605;[18]=-237672;[19]=-237809;[20]=-238008;[21]=-238264;[22]=-238589;[23]=-238978;[24]=-239409;[25]=-239962;[26]=-240574;[27]=-241214
2135,RECAL 3 1 9999 612 64 4 80,1,9999,612,0,64,4,80,857.000000,33,1,Ok,63127.000000,NonMono,15,-237595.000000,15.527848,16,919.111393,9,[11]=-241832;[12]=-240172;[13]=-238889;[14]=-238030;[15]=-237595;[16]=-237603;[17]=-238009;[18]=-238866;[19]=-240211
2136,RECAL 3 0 9999 9999 64 4 80,0,9999,9999,0,64,4,80,481.000000,33,1,Ok,6817.000000,NonMono,15,-232234.000000,15.093477,15,541.373909,25,[3]=-234999;[4]=-234582;[5]=-234186;[6]=-233855;[7]=-233514;[8]=-233243;[9]=-232959;[10]=-232743;[11]=-232555;[12]=-232420;[13]=-232314;[14]=-232249;[15]=-232234;[16]=-232258;[17]=-232298;[18]=-232399;[19]=-232549;[20]=-232743;[21]=-232983;[22]=-233275;[23]=-233627;[24]=-233978;[25]=-234416;[26]=-234890;[27]=-235425
2137,RECAL 3 1 9999 541 64 4 80,1,9999,541,0,64,4,80,-1524.000000,33,1,Ok,153342.000000,NonMono,16,-232211.000000,16.480070,16,-1458.079720,5,[14]=-235588;[15]=-233342;[16]=-232211;[17]=-232246;[18]=-233416
2138,RECAL 3 0 9999 9999 64 4 80,0,9999,9999,0,64,4,80,128.000000,33,0,ParabolaNotDownward,874.000000,Flat,17,-234674.000000,,,,0,
2139,RECAL 3 0 9999 9999 200 4 80,0,9999,9999,0,200,4,80,-8.000000,101,1,Ok,13378.000000,NonMono,49,-234622.000000,49.062284,49,188.249135,33,[33]=-234997;[34]=-234952;[35]=-234925;[36]=-234911;[37]=-234853;[38]=-234833;[39]=-234792;[40]=-234769;[41]=-234747;[42]=-234731;[43]=-234697;[44]=-234681;[45]=-234663;[46]=-234648;[47]=-234630;[48]=-234631;[49]=-234622;[50]=-234636;[51]=-234644;[52]=-234667;[53]=-234670;[54]=-234703;[55]=-234735;[56]=-234751;[57]=-234775;[58]=-234833;[59]=-234885;[60]=-234944;[61]=-235018;[62]=-235109;[63]=-235181;[64]=-235282;[65]=-235391
2140,RECAL 3 0 9999 188 64 4 80,0,9999,188,0,64,4,80,124.000000,33,0,ParabolaNotDownward,747.000000,Flat,15,-234619.000000,,,,0,
2141,RECAL 3 1 9999 187 64 4 80,1,9999,187,0,64,4,80,-2289.000000,33,1,Ok,257248.000000,NonMono,15,-234564.000000,15.475260,15,-2227.098961,5,[13]=-242408;[14]=-237149;[15]=-234564;[16]=-234621;[17]=-237349
2142,RECAL 3 0 9999 9999 64 4 80,0,9999,9999,0,64,4,80,179.000000,33,0,ParabolaNotDownward,1015.000000,Flat,16,-236760.000000,,,,0,
2143,RECAL 3 0 9999 9999 200 4 80,0,9999,9999,0,200,4,80,43.000000,101,1,Ok,15990.000000,NonMono,49,-236696.000000,50.101232,50,243.404926,33,[33]=-237374;[34]=-237318;[35]=-237259;[36]=-237201;[37]=-237141;[38]=-237092;[39]=-237022;[40]=-236964;[41]=-236916;[42]=-236878;[43]=-236844;[44]=-236802;[45]=-236780;[46]=-236767;[47]=-236736;[48]=-236716;[49]=-236696;[50]=-236711;[51]=-236708;[52]=-236713;[53]=-236723;[54]=-236750;[55]=-236781;[56]=-236831;[57]=-236878;[58]=-236920;[59]=-236986;[60]=-237069;[61]=-237151;[62]=-237239;[63]=-237353;[64]=-237462;[65]=-237589
2144,RECAL 3 0 9999 243 64 4 80,0,9999,243,0,64,4,80,179.000000,33,0,ParabolaNotDownward,1036.000000,Flat,17,-236659.000000,,,,0,
2145,RECAL 3 1 9999 245 64 4 80,1,9999,245,0,64,4,80,-2856.000000,33,1,Ok,259751.000000,NonMono,16,-236688.000000,16.092722,16,-2791.629111,5,[14]=-244984;[15]=-238957;[16]=-236688;[17]=-238263;[18]=-243685
2146,RECAL 3 0 9999 9999 64 4 80,0,9999,9999,0,64,4,80,-2230.000000,33,1,Ok,93855.000000,NonMono,16,-245690.000000,15.837156,16,-2166.651374,7,[13]=-248474;[14]=-246851;[15]=-245912;[16]=-245690;[17]=-246163;[18]=-247323;[19]=-249257
2147,RECAL 3 1 9999 -2167 64 4 80,1,9999,-2167,0,64,4,80,-2870.000000,33,1,Ok,250882.000000,NonMono,16,-245661.000000,16.068984,16,-2805.724064,5,[14]=-253504;[15]=-247759;[16]=-245661;[17]=-247264;[18]=-252605
2148,RECAL 3 0 9999 9999 64 4 80,0,9999,9999,0,64,4,80,-2231.000000,33,1,Ok,96809.000000,NonMono,16,-242232.000000,16.057241,16,-2166.771034,7,[13]=-245623;[14]=-243767;[15]=-242641;[16]=-242232;[17]=-242563;[18]=-243597;[19]=-245375
2149,RECAL 3 1 9999 -2167 64 4 80,1,9999,-2167,0,64,4,80,-2307.000000,33,1,Ok,251132.000000,NonMono,16,-242244.000000,15.802665,16,-2243.789338,5,[14]=-246333;[15]=-242995;[16]=-242244;[17]=-244018;[18]=-248427
2150,RECAL 3 0 9999 9999 64 4 80,0,9999,9999,0,64,4,80,-2176.000000,33,1,Ok,92678.000000,NonMono,16,-243870.000000,15.925453,16,-2112.298187,7,[13]=-246963;[14]=-245194;[15]=-244163;[16]=-243870;[17]=-244274;[18]=-245408;[19]=-247288
2151,RECAL 3 1 9999 -2112 64 4 80,1,9999,-2112,0,64,4,80,-1552.000000,33,1,Ok,145464.000000,NonMono,16,-243880.000000,16.050631,16,-1487.797475,7,[13]=-249263;[14]=-246291;[15]=-244517;[16]=-243880;[17]=-244394;[18]=-246052;[19]=-248880
2152,RECAL 3 0 9999 9999 64 4 80,0,9999,9999,0,64,4,80,-2161.000000,33,1,Ok,94691.000000,NonMono,16,-245201.000000,16.140120,16,-2096.439521,7,[13]=-248797;[14]=-246863;[15]=-245665;[16]=-245201;[17]=-245452;[18]=-246437;[19]=-248095
2153,RECAL 3 1 9999 -2096 64 4 80,1,9999,-2096,0,64,4,80,804.000000,33,1,Ok,52958.000000,NonMono,15,-245201.000000,15.519641,16,866.078566,9,[11]=-248808;[12]=-247396;[13]=-246293;[14]=-245576;[15]=-245201;[16]=-245204;[17]=-245561;[18]=-246279;[19]=-247369
2154,RECAL 3 0 9999 9999 64 4 80,0,9999,9999,0,64,4,80,-2132.000000,33,1,Ok,89894.000000,NonMono,16,-246847.000000,15.725321,16,-2069.098715,7,[13]=-249366;[14]=-247830;[15]=-247010;[16]=-246847;[17]=-247384;[18]=-248582;[19]=-250491
2155,RECAL 3 1 9999 -2069 64 4 80,1,9999,-2069,0,64,4,80,1825.000000,33,1,Ok,222253.000000,NonMono,16,-246780.000000,15.850926,16,1888.403704,5,[14]=-249910;[15]=-247412;[16]=-246780;[17]=-247960;[18]=-251000
2156,RECAL 3 0 9999 9999 64 4 80,0,9999,9999,0,64,4,80,-2135.000000,33,1,Ok,87982.000000,NonMono,16,-251034.000000,15.973973,16,-2071.104106,7,[13]=-253967;[14]=-252299;[15]=-251345;[16]=-251034;[17]=-251370;[18]=-252365;[19]=-254037
2157,RECAL 3 1 9999 -2071 64 4 80,1,9999,-2071,0,64,4,80,2465.000000,33,1,Ok,244949.000000,NonMono,16,-250998.000000,15.518605,16,2527.074422,17,[8]=-341525;[9]=-319196;[10]=-299876;[11]=-283585;[12]=-270635;[13]=-260851;[14]=-254307;[15]=-251029;[16]=-250998;[17]=-254172;[18]=-260593;[19]=-270206;[20]=-282956;[21]=-299105;[22]=-318350;[23]=-340779;[24]=-366293
2158,RECAL 3 0 9999 9999 64 4 80,0,9999,9999,0,64,4,80,2341.000000,33,1,Ok,120030.000000,NonMono,15,-241390.000000,15.320683,15,2402.282732,7,[12]=-245764;[13]=-243500;[14]=-242061;[15]=-241390;[16]=-241538;[17]=-242482;[18]=-244220
2159,RECAL 3 1 9999 2402 64 4 80,1,9999,2402,0,64,4,80,-2851.000000,33,1,Ok,255008.000000,NonMono,16,-241278.000000,16.041860,16,-2786.832560,5,[14]=-248169;[15]=-243069;[16]=-241278;[17]=-242798;[18]=-247670
2160,RECAL 3 0 9999 9999 64 4 80,0,9999,9999,0,64,4,80,2255.000000,33,1,Ok,119611.000000,NonMono,15,-234427.000000,15.151287,15,2315.605149,7,[12]=-238151;[13]=-236160;[14]=-234908;[15]=-234427;[16]=-234686;[17]=-235725;[18]=-237567
2161,RECAL 3 1 9999 2316 64 4 80,1,9999,2316,0,64,4,80,-2217.000000,33,1,Ok,233593.000000,NonMono,16,-234404.000000,16.137491,16,-2152.450036,5,[14]=-239102;[15]=-235715;[16]=-234404;[17]=-235145;[18]=-237937
2162,RECAL 3 0 9999 9999 64 4 80,0,9999,9999,0,64,4,80,2326.000000,33,1,Ok,125320.000000,NonMono,15,-230541.000000,15.355093,15,2387.420372,7,[12]=-235184;[13]=-232817;[14]=-231260;[15]=-230541;[16]=-230657;[17]=-231652;[18]=-233487
2163,RECAL 3 1 9999 2387 64 4 80,1,9999,2387,0,64,4,80,-1284.000000,33,1,Ok,85914.000000,NonMono,16,-230502.000000,15.922002,16,-1220.311991,7,[13]=-233312;[14]=-231728;[15]=-230801;[16]=-230502;[17]=-230892;[18]=-231931;[19]=-233587
2164,RECAL 3 0 9999 9999 64 4 80,0,9999,9999,0,64,4,80,2232.000000,33,1,Ok,111127.000000,NonMono,16,-227619.000000,15.629543,16,2294.518171,7,[13]=-230184;[14]=-228581;[15]=-227717;[16]=-227619;[17]=-228302;[18]=-229723;[19]=-231959
2165,RECAL 3 1 9999 2295 64 4 80,1,9999,2295,0,64,4,80,1274.000000,33,1,Ok,116207.000000,NonMono,15,-227216.000000,15.038295,15,1334.153179,7,[12]=-230845;[13]=-228860;[14]=-227641;[15]=-227216;[16]=-227586;[17]=-228749;[18]=-230709
2166,RECAL 3 0 9999 9999 64 4 80,0,9999,9999,0,64,4,80,2217.000000,33,1,Ok,102349.000000,NonMono,16,-228984.000000,16.086360,16,2281.345438,7,[13]=-232521;[14]=-230607;[15]=-229431;[16]=-228984;[17]=-229298;[18]=-230372;[19]=-232196
2167,RECAL 3 1 9999 2281 64 4 80,1,9999,2281,0,64,4,80,2159.000000,33,1,Ok,250590.000000,NonMono,15,-227845.000000,14.979701,15,2218.918802,5,[13]=-232094;[14]=-228888;[15]=-227845;[16]=-228978;[17]=-232285
2168,RECAL 3 0 9999 9999 64 4 80,0,9999,9999,0,64,4,80,2287.000000,33,1,Ok,121197.000000,NonMono,15,-230780.000000,15.281419,15,2348.125675,7,[12]=-234934;[13]=-232788;[14]=-231405;[15]=-230780;[16]=-230956;[17]=-231946;[18]=-233738
2169,RECAL 3 1 9999 2348 64 4 80,1,9999,2348,0,64,4,80,2776.000000,33,1,Ok,264916.000000,NonMono,16,-230722.000000,15.722066,16,2838.888263,5,[14]=-235736;[15]=-231502;[16]=-230722;[17]=-233438;[18]=-239629
2170,RECAL 3 0 9999 9999 64 4 80,0,9999,9999,0,64,4,80,211.000000,33,0,ParabolaNotDownward,1376.000000,Flat,14,-236428.000000,,,,0,
2171,RECAL 3 0 9999 9999 200 4 80,0,9999,9999,0,200,4,80,75.000000,101,1,Ok,17868.000000,NonMono,49,-236411.000000,47.913835,48,266.655340,51,[24]=-237697;[25]=-237593;[26]=-237524;[27]=-237461;[28]=-237385;[29]=-237298;[30]=-237208;[31]=-237147;[32]=-237065;[33]=-236984;[34]=-236906;[35]=-236865;[36]=-236794;[37]=-236734;[38]=-236688;[39]=-236639;[40]=-236589;[41]=-236554;[42]=-236516;[43]=-236483;[44]=-236479;[45]=-236456;[46]=-236431;[47]=-236416;[48]=-236426;[49]=-236411;[50]=-236434;[51]=-236454;[52]=-236470;[53]=-236507;[54]=-236554;[55]=-236602;[56]=-236676;[57]=-236739;[58]=-236804;[59]=-236895;[60]=-236996;[61]=-237086;[62]=-237212;[63]=-237343;[64]=-237487;[65]=-237626;[66]=-237809;[67]=-237998;[68]=-238195;[69]=-238383;[70]=-238614;[71]=-238857;[72]=-239097;[73]=-239371;[74]=-239626
2172,RECAL 3 0 9999 267 64 4 80,0,9999,267,0,64,4,80,203.000000,33,0,ParabolaNotDownward,1072.000000,Flat,15,-236399.000000,,,,0,
2173,RECAL 3 1 9999 267 64 4 80,1,9999,267,0,64,4,80,2742.000000,33,1,Ok,260926.000000,NonMono,15,-234878.000000,15.053083,15,2802.212333,5,[13]=-242141;[14]=-236778;[15]=-234878;[16]=-236402;[17]=-241314
2174,RECAL 3 0 9999 9999 64 4 80,0,9999,9999,0,64,4,80,-601.000000,33,1,Ok,4057.000000,NonMono,15,-230548.000000,14.824678,15,-541.701287,29,[1]=-233817;[2]=-233351;[3]=-232912;[4]=-232526;[5]=-232161;[6]=-231846;[7]=-231570;[8]=-231323;[9]=-231121;[10]=-230909;[11]=-230792;[12]=-230680;[13]=-230625;[14]=-230570;[15]=-230548;[16]=-230580;[17]=-230617;[18]=-230703;[19]=-230810;[20]=-230967;[21]=-231132;[22]=-231331;[23]=-231559;[24]=-231796;[25]=-232074;[26]=-232366;[27]=-232702;[28]=-233033;[29]=-233415
2175,RECAL 3 1 9999 -542 64 4 80,1,9999,-542,0,64,4,80,2110.000000,33,1,Ok,235232.000000,NonMono,16,-230550.000000,15.535767,16,2172.143068,5,[14]=-232762;[15]=-230618;[16]=-230550;[17]=-232534;[18]=-236588
2176,RECAL 3 0 9999 9999 64 4 80,0,9999,9999,0,64,4,80,-531.000000,33,1,Ok,4087.000000,NonMono,17,-230156.000000,17.523562,18,-460.905752,17,[9]=-231035;[10]=-230852;[11]=-230659;[12]=-230506;[13]=-230387;[14]=-230296;[15]=-230214;[16]=-230172;[17]=-230156;[18]=-230158;[19]=-230171;[20]=-230216;[21]=-230273;[22]=-230359;[23]=-230488;[24]=-230611;[25]=-230759
2177,RECAL 3 1 9999 -461 64 4 80,1,9999,-461,0,64,4,80,1196.000000,33,1,Ok,105927.000000,NonMono,15,-229538.000000,14.675390,15,1254.701559,7,[12]=-232002;[13]=-230494;[14]=-229679;[15]=-229538;[16]=-230124;[17]=-231419;[18]=-233391
2178,RECAL 3 0 9999 9999 64 4 80,0,9999,9999,0,64,4,80,463.000000,33,1,Ok,5700.000000,NonMono,14,-233503.000000,14.286445,14,520.145780,17,[6]=-234432;[7]=-234220;[8]=-234038;[9]=-233888;[10]=-233748;[11]=-233632;[12]=-233577;[13]=-233516;[14]=-233503;[15]=-233508;[16]=-233530;[17]=-233601;[18]=-233697;[19]=-233849;[20]=-233999;[21]=-234191;[22]=-234458
2179,RECAL 3 1 9999 520 64 4 80,1,9999,520,0,64,4,80,-1366.000000,33,1,Ok,96903.000000,NonMono,16,-233487.000000,16.195910,16,-1301.216359,7,[13]=-237250;[14]=-235242;[15]=-233991;[16]=-233487;[17]=-233704;[18]=-234657;[19]=-236372
2180,RECAL 3 0 9999 9999 64 4 80,0,9999,9999,0,64,4,80,-376.000000,33,0,ParabolaNotDownward,1723.000000,Flat,17,-232431.000000,,,,0,
2181,RECAL 3 0 9999 9999 200 4 80,0,9999,9999,0,200,4,80,-512.000000,101,1,Ok,21620.000000,NonMono,51,-232417.000000,51.491998,51,-306.032008,45,[29]=-235460;[30]=-235148;[31]=-234865;[32]=-234601;[33]=-234372;[34]=-234145;[35]=-233948;[36]=-233745;[37]=-233561;[38]=-233414;[39]=-233249;[40]=-233099;[41]=-232986;[42]=-232864;[43]=-232772;[44]=-232707;[45]=-232645;[46]=-232553;[47]=-232509;[48]=-232471;[49]=-232439;[50]=-232436;[51]=-232417;[52]=-232419;[53]=-232422;[54]=-232433;[55]=-232463;[56]=-232493;[57]=-232544;[58]=-232593;[59]=-232651;[60]=-232724;[61]=-232786;[62]=-232851;[63]=-232934;[64]=-233008;[65]=-233112;[66]=-233196;[67]=-233297;[68]=-233419;[69]=-233530;[70]=-233642;[71]=-233763;[72]=-233862;[73]=-233994
2182,RECAL 3 0 9999 -306 64 4 80,0,9999,-306,0,64,4,80,-370.000000,33,0,ParabolaNotDownward,1403.000000,Flat,16,-232401.000000,,,,0,
2183,RECAL 3 1 9999 -306 64 4 80,1,9999,-306,0,64,4,80,-2264.000000,33,1,Ok,239762.000000,NonMono,16,-232398.000000,16.279739,16,-2198.881045,5,[14]=-237742;[15]=-234036;[16]=-232398;[17]=-232867;[18]=-235486
2184,RECAL 3 0 9999 9999 64 4 80,0,9999,9999,0,64,4,80,555.000000,33,1,Ok,6783.000000,NonMono,14,-242564.000000,14.113485,14,611.453940,27,[1]=-245398;[2]=-245006;[3]=-244637;[4]=-244281;[5]=-243952;[6]=-243677;[7]=-243419;[8]=-243200;[9]=-243030;[10]=-242871;[11]=-242741;[12]=-242633;[13]=-242591;[14]=-242564;[15]=-242575;[16]=-242613;[17]=-242724;[18]=-242849;[19]=-243022;[20]=-243205;[21]=-243449;[22]=-243780;[23]=-244097;[24]=-244464;[25]=-244912;[26]=-245397;[27]=-245907
2185,RECAL 3 1 9999 611 64 4 80,1,9999,611,0,64,4,80,-2887.000000,33,1,Ok,253050.000000,NonMono,16,-242514.000000,16.128525,16,-2822.485898,5,[14]=-250149;[15]=-244625;[16]=-242514;[17]=-243755;[18]=-248416
2186,RECAL 3 0 9999 9999 64 4 80,0,9999,9999,0,64,4,80,-2344.000000,33,1,Ok,78241.000000,NonMono,16,-247634.000000,16.075396,16,-2279.698415,9,[12]=-252734;[13]=-250558;[14]=-248956;[15]=-247994;[16]=-247634;[17]=-247898;[18]=-248776;[19]=-250307;[20]=-252419
2187,RECAL 3 1 9999 -2280 64 4 80,1,9999,-2280,0,64,4,80,-2886.000000,33,1,Ok,248408.000000,NonMono,16,-247603.000000,16.013908,16,-2821.944367,5,[14]=-254224;[15]=-249304;[16]=-247603;[17]=-249219;[18]=-254090
2188,RECAL 3 0 9999 9999 64 4 80,0,9999,9999,0,64,4,80,-2428.000000,33,1,Ok,90370.000000,NonMono,16,-244766.000000,15.830342,16,-2364.678634,7,[13]=-247398;[14]=-245868;[15]=-244984;[16]=-244766;[17]=-245218;[18]=-246340;[19]=-248154
2189,RECAL 3 1 9999 -2365 64 4 80,1,9999,-2365,0,64,4,80,-2263.000000,33,1,Ok,228209.000000,NonMono,17,-244517.000000,16.613612,17,-2196.545551,5,[15]=-246996;[16]=-244739;[17]=-244517;[18]=-246324;[19]=-250212
2190,RECAL 3 0 9999 9999 64 4 80,0,9999,9999,0,64,4,80,-2360.000000,33,1,Ok,85238.000000,NonMono,16,-238894.000000,16.472270,16,-2294.110920,7,[13]=-242748;[14]=-240815;[15]=-239537;[16]=-238894;[17]=-238922;[18]=-239589;[19]=-240942
2191,RECAL 3 1 9999 -2294 64 4 80,1,9999,-2294,0,64,4,80,-1367.000000,33,1,Ok,93317.000000,NonMono,16,-238803.000000,16.317807,16,-1301.728773,7,[13]=-242703;[14]=-240679;[15]=-239386;[16]=-238803;[17]=-238927;[18]=-239779;[19]=-241377
2192,RECAL 3 0 9999 9999 64 4 80,0,9999,9999,0,64,4,80,-2455.000000,33,1,Ok,95394.000000,NonMono,17,-237685.000000,16.645057,17,-2388.419773,7,[14]=-240083;[15]=-238585;[16]=-237784;[17]=-237685;[18]=-238294;[19]=-239616;[20]=-241684
2193,RECAL 3 1 9999 -2388 64 4 80,1,9999,-2388,0,64,4,80,1196.000000,33,1,Ok,93626.000000,NonMono,15,-237526.000000,15.378614,15,1257.514454,7,[12]=-241331;[13]=-239407;[14]=-238137;[15]=-237526;[16]=-237637;[17]=-238384;[18]=-239832
2194,RECAL 3 0 9999 9999 64 4 80,0,9999,9999,0,64,4,80,-2465.000000,33,1,Ok,91061.000000,NonMono,16,-238343.000000,16.139578,16,-2400.441687,7,[13]=-241850;[14]=-239964;[15]=-238783;[16]=-238343;[17]=-238597;[18]=-239572;[19]=-241322
2195,RECAL 3 1 9999 -2400 64 4 80,1,9999,-2400,0,64,4,80,2109.000000,33,1,Ok,230980.000000,NonMono,16,-238323.000000,15.615906,16,2171.463625,5,[14]=-240800;[15]=-238538;[16]=-238323;[17]=-240070;[18]=-243824
2196,RECAL 3 0 9999 9999 64 4 80,0,9999,9999,0,64,4,80,-2400.000000,33,1,Ok,85752.000000,NonMono,16,-241004.000000,16.354874,16,-2334.580503,7,[13]=-244652;[14]=-242789;[15]=-241580;[16]=-241004;[17]=-241106;[18]=-241878;[19]=-243329
2197,RECAL 3 1 9999 -2335 64 4 80,1,9999,-2335,0,64,4,80,2740.000000,33,1,Ok,255338.000000,NonMono,15,-239978.000000,15.199593,15,2800.798373,5,[13]=-247959;[14]=-242305;[15]=-239978;[16]=-240975;[17]=-245225
2198,RECAL 3 0 9999 9999 64 4 80,0,9999,9999,0,64,4,80,2337.000000,33,1,Ok,96503.000000,NonMono,16,-240103.000000,15.490321,15,2398.961286,7,[13]=-242039;[14]=-240771;[15]=-240107;[16]=-240103;[17]=-240779;[18]=-242140;[19]=-244131
2199,RECAL 3 1 9999 2399 64 4 80,1,9999,2399,0,64,4,80,-2868.000000,33,1,Ok,253759.000000,NonMono,16,-239929.000000,15.655803,16,-2805.376787,5,[14]=-243930;[15]=-240415;[16]=-239929;[17]=-242524;[18]=-248176
2200,RECAL 3 0 9999 9999 64 4 80,0,9999,9999,0,64,4,80,2239.000000,33,1,Ok,90962.000000,NonMono,15,-231821.000000,15.459234,15,2300.836935,7,[12]=-235376;[13]=-233599;[14]=-232407;[15]=-231821;[16]=-231855;[17]=-232491;[18]=-233776
2201,RECAL 3 1 9999 2301 64 4 80,1,9999,2301,0,64,4,80,-2197.000000,33,1,Ok,218352.000000,NonMono,16,-231779.000000,15.527038,16,-2134.891846,5,[14]=-233658;[15]=-231828;[16]=-231779;[17]=-233504;[18]=-236992
2202,RECAL 3 0 9999 9999 64 4 80,0,9999,9999,0,64,4,80,2219.000000,33,1,Ok,83341.000000,NonMono,16,-229065.000000,16.186148,16,2283.744592,7,[13]=-232197;[14]=-230543;[15]=-229499;[16]=-229065;[17]=-229269;[18]=-230098;[19]=-231571
2203,RECAL 3 1 9999 2284 64 4 80,1,9999,2284,0,64,4,80,-1161.000000,33,1,Ok,58009.000000,NonMono,16,-229083.000000,15.534637,16,-1098.861452,9,[12]=-231947;[13]=-230514;[14]=-229565;[15]=-229101;[16]=-229083;[17]=-229520;[18]=-230408;[19]=-231767;[20]=-233562
2204,RECAL 3 0 9999 9999 64 4 80,0,9999,9999,0,64,4,80,2306.000000,33,1,Ok,92234.000000,NonMono,16,-229518.000000,16.020234,16,2370.080937,9,[12]=-234750;[13]=-232492;[14]=-230842;[15]=-229846;[16]=-229518;[17]=-229817;[18]=-230807;[19]=-232487;[20]=-234805
2205,RECAL 3 1 9999 2370 64 4 80,1,9999,2370,0,64,4,80,1453.000000,33,1,Ok,126272.000000,NonMono,15,-229332.000000,15.278033,15,1514.112133,7,[12]=-234024;[13]=-231565;[14]=-230006;[15]=-229332;[16]=-229520;[17]=-230587;[18]=-232580
2206,RECAL 3 0 9999 9999 64 4 80,0,9999,9999,0,64,4,80,2294.000000,33,1,Ok,88239.000000,NonMono,16,-229098.000000,16.171810,16,2358.687238,7,[13]=-232326;[14]=-230606;[15]=-229522;[16]=-229098;[17]=-229301;[18]=-230169;[19]=-231688
2207,RECAL 3 1 9999 2359 64 4 80,1,9999,2359,0,64,4,80,2311.000000,33,1,Ok,247583.000000,NonMono,15,-228918.000000,15.420941,15,2372.683766,5,[13]=-235250;[14]=-230983;[15]=-228918;[16]=-229107;[17]=-231519
2208,RECAL 3 0 9999 9999 64 4 80,0,9999,9999,0,64,4,80,2282.000000,33,1,Ok,89418.000000,NonMono,16,-230347.000000,15.713239,16,2344.852954,7,[13]=-232601;[14]=-231238;[15]=-230479;[16]=-230347;[17]=-230832;[18]=-231986;[19]=-233747
2209,RECAL 3 1 9999 2345 64 4 80,1,9999,2345,0,64,4,80,2926.000000,33,1,Ok,265295.000000,NonMono,16,-230310.000000,15.746430,16,2988.985719,5,[14]=-235559;[15]=-231173;[16]=-230310;[17]=-232950;[18]=-239094
2210,RECAL 3 0 9999 9999 64 4 80,0,9999,9999,0,64,4,80,-806.000000,33,1,Ok,5722.000000,NonMono,16,-243963.000000,15.474760,15,-744.100961,25,[4]=-247026;[5]=-246497;[6]=-246016;[7]=-245601;[8]=-245231;[9]=-244918;[10]=-244650;[11]=-244404;[12]=-244230;[13]=-244105;[14]=-244012;[15]=-243967;[16]=-243963;[17]=-244019;[18]=-244085;[19]=-244225;[20]=-244399;[21]=-244620;[22]=-244854;[23]=-245174;[24]=-245499;[25]=-245874;[26]=-246274;[27]=-246716;[28]=-247204
2211,RECAL 3 1 9999 -744 64 4 80,1,9999,-744,0,64,4,80,2954.000000,33,1,Ok,252227.000000,NonMono,15,-243505.000000,15.371463,15,3015.485850,17,[7]=-366826;[8]=-339230;[9]=-315010;[10]=-294213;[11]=-276940;[12]=-263246;[13]=-253113;[14]=-246588;[15]=-243505;[16]=-243931;[17]=-247843;[18]=-255191;[19]=-266026;[20]=-280222;[21]=-297726;[22]=-318156;[23]=-341410
2212,RECAL 3 0 9999 9999 64 4 80,0,9999,9999,0,64,4,80,-731.000000,33,1,Ok,5688.000000,NonMono,14,-239536.000000,14.083683,14,-674.665268,25,[2]=-242703;[3]=-242175;[4]=-241724;[5]=-241299;[6]=-240929;[7]=-240611;[8]=-240318;[9]=-240066;[10]=-239895;[11]=-239751;[12]=-239637;[13]=-239555;[14]=-239536;[15]=-239557;[16]=-239600;[17]=-239696;[18]=-239840;[19]=-239998;[20]=-240242;[21]=-240469;[22]=-240755;[23]=-241053;[24]=-241412;[25]=-241762;[26]=-242164
2213,RECAL 3 1 9999 -675 64 4 80,1,9999,-675,0,64,4,80,2344.000000,33,1,Ok,244787.000000,NonMono,16,-239519.000000,16.017157,16,2408.068628,5,[14]=-244106;[15]=-240710;[16]=-239519;[17]=-240627;[18]=-243902
2214,RECAL 3 0 9999 9999 64 4 80,0,9999,9999,0,64,4,80,-682.000000,33,1,Ok,4858.000000,NonMono,15,-234422.000000,14.640944,15,-623.436224,27,[2]=-237557;[3]=-237055;[4]=-236602;[5]=-236199;[6]=-235856;[7]=-235520;[8]=-235262;[9]=-235029;[10]=-234837;[11]=-234675;[12]=-234575;[13]=-234490;[14]=-234439;[15]=-234422;[16]=-234460;[17]=-234529;[18]=-234629;[19]=-234764;[20]=-234930;[21]=-235128;[22]=-235360;[23]=-235624;[24]=-235905;[25]=-236257;[26]=-236591;[27]=-236971;[28]=-237371
2215,RECAL 3 1 9999 -623 64 4 80,1,9999,-623,0,64,4,80,1506.000000,33,1,Ok,124957.000000,NonMono,16,-234450.000000,15.875731,16,1569.502925,7,[13]=-238309;[14]=-236086;[15]=-234786;[16]=-234450;[17]=-235018;[18]=-236602;[19]=-239137
2216,RECAL 3 0 9999 9999 64 4 80,0,9999,9999,0,64,4,80,-962.000000,33,1,Ok,11011.000000,NonMono,15,-236037.000000,15.190944,15,-901.236226,19,[6]=-239723;[7]=-238950;[8]=-238246;[9]=-237668;[10]=-237184;[11]=-236772;[12]=-236457;[13]=-236228;[14]=-236073;[15]=-236037;[16]=-236046;[17]=-236141;[18]=-236334;[19]=-236616;[20]=-236969;[21]=-237403;[22]=-237896;[23]=-238485;[24]=-239127
2217,RECAL 3 1 9999 -901 64 4 80,1,9999,-901,0,64,4,80,-1076.000000,33,1,Ok,49533.000000,NonMono,15,-235881.000000,15.148993,15,-1015.404027,9,[11]=-239126;[12]=-237751;[13]=-236734;[14]=-236126;[15]=-235881;[16]=-236002;[17]=-236510;[18]=-237371;[19]=-238579
2218,RECAL 3 0 9999 9999 64 4 80,0,9999,9999,0,64,4,80,-933.000000,33,1,Ok,10105.000000,NonMono,16,-240515.000000,16.032822,16,-868.868712,19,[7]=-243600;[8]=-242953;[9]=-242368;[10]=-241898;[11]=-241451;[12]=-241109;[13]=-240847;[14]=-240658;[15]=-240552;[16]=-240515;[17]=-240547;[18]=-240647;[19]=-240820;[20]=-241074;[21]=-241400;[22]=-241785;[23]=-242241;[24]=-242774;[25]=-243337
2219,RECAL 3 1 9999 -869 64 4 80,1,9999,-869,0,64,4,80,-2156.000000,33,1,Ok,205368.000000,NonMono,16,-240490.000000,15.793529,16,-2092.825882,5,[14]=-243173;[15]=-240983;[16]=-240490;[17]=-241679;[18]=-244557
2220,RECAL 3 0 9999 9999 64 4 80,0,9999,9999,0,64,4,80,-572.000000,33,0,ParabolaNotDownward,2892.000000,Flat,15,-245441.000000,,,,0,
2221,RECAL 3 0 9999 9999 200 4 80,0,9999,9999,0,200,4,80,-708.000000,101,1,Ok,35023.000000,NonMono,49,-245310.000000,49.919956,50,-508.320178,33,[33]=-248491;[34]=-248127;[35]=-247762;[36]=-247415;[37]=-247110;[38]=-246822;[39]=-246584;[40]=-246351;[41]=-246134;[42]=-245955;[43]=-245810;[44]=-245687;[45]=-245562;[46]=-245462;[47]=-245412;[48]=-245355;[49]=-245310;[50]=-245336;[51]=-245340;[52]=-245352;[53]=-245417;[54]=-245466;[55]=-245561;[56]=-245657;[57]=-245765;[58]=-245897;[59]=-246056;[60]=-246211;[61]=-246396;[62]=-246599;[63]=-246808;[64]=-247015;[65]=-247268
2222,RECAL 3 0 9999 -508 64 4 80,0,9999,-508,0,64,4,80,-572.000000,33,0,ParabolaNotDownward,2797.000000,Flat,16,-245274.000000,,,,0,
2223,RECAL 3 1 9999 -509 64 4 80,1,9999,-509,0,64,4,80,-2836.000000,33,1,Ok,248742.000000,NonMono,16,-245252.000000,15.711294,16,-2773.154822,5,[14]=-249586;[15]=-245896;[16]=-245252;[17]=-247667;[18]=-253159
2224,RECAL 3 0 9999 9999 64 4 80,0,9999,9999,0,64,4,80,-2544.000000,33,1,Ok,78781.000000,NonMono,16,-246921.000000,16.117081,16,-2479.531677,9,[12]=-252056;[13]=-249911;[14]=-248307;[15]=-247294;[16]=-246921;[17]=-247165;[18]=-248041;[19]=-249527;[20]=-251632
2225,RECAL 3 1 9999 -2480 64 4 80,1,9999,-2480,0,64,4,80,-2874.000000,33,1,Ok,247190.000000,NonMono,16,-246884.000000,15.932492,16,-2810.270030,5,[14]=-252205;[15]=-248136;[16]=-246884;[17]=-248539;[18]=-253097
2226,RECAL 3 0 9999 9999 64 4 80,0,9999,9999,0,64,4,80,-2628.000000,33,1,Ok,93775.000000,NonMono,15,-244050.000000,15.383268,15,-2566.466929,7,[12]=-247835;[13]=-245893;[14]=-244625;[15]=-244050;[16]=-244106;[17]=-244865;[18]=-246282
2227,RECAL 3 1 9999 -2566 64 4 80,1,9999,-2566,0,64,4,80,-2206.000000,33,1,Ok,209326.000000,NonMono,16,-244002.000000,15.753582,16,-2142.985671,5,[14]=-246488;[15]=-244419;[16]=-244002;[17]=-245249;[18]=-248196
2228,RECAL 3 0 9999 9999 64 4 80,0,9999,9999,0,64,4,80,-2646.000000,33,1,Ok,89801.000000,NonMono,16,-239897.000000,16.005064,16,-2581.979746,7,[13]=-243055;[14]=-241309;[15]=-240250;[16]=-239897;[17]=-240244;[18]=-241293;[19]=-243031
2229,RECAL 3 1 9999 -2582 64 4 80,1,9999,-2582,0,64,4,80,-1178.000000,33,1,Ok,56686.000000,NonMono,15,-239897.000000,15.471342,15,-1116.114630,9,[11]=-244272;[12]=-242529;[13]=-241209;[14]=-240346;[15]=-239897;[16]=-239920;[17]=-240385;[18]=-241277;[19]=-242607
2230,RECAL 3 0 9999 9999 64 4 80,0,9999,9999,0,64,4,80,-2566.000000,33,1,Ok,90831.000000,NonMono,16,-239678.000000,15.512449,16,-2503.950202,7,[13]=-241716;[14]=-240378;[15]=-239690;[16]=-239678;[17]=-240349;[18]=-241661;[19]=-243640
2231,RECAL 3 1 9999 -2504 64 4 80,1,9999,-2504,0,64,4,80,1441.000000,33,1,Ok,116949.000000,NonMono,15,-239310.000000,15.163374,15,1501.653497,7,[12]=-243408;[13]=-241247;[14]=-239864;[15]=-239310;[16]=-239590;[17]=-240727;[18]=-242648
2232,RECAL 3 0 9999 9999 64 4 80,0,9999,9999,0,64,4,80,-2580.000000,33,1,Ok,84982.000000,NonMono,16,-237910.000000,16.109052,16,-2515.563790,7,[13]=-241181;[14]=-239412;[15]=-238326;[16]=-237910;[17]=-238183;[18]=-239108;[19]=-240721
2233,RECAL 3 1 9999 -2516 64 4 80,1,9999,-2516,0,64,4,80,2300.000000,33,1,Ok,237571.000000,NonMono,16,-237922.000000,15.914609,16,2363.658437,5,[14]=-241778;[15]=-238775;[16]=-237922;[17]=-239132;[18]=-242474
2234,RECAL 3 0 9999 9999 64 4 80,0,9999,9999,0,64,4,80,-2589.000000,33,1,Ok,90346.000000,NonMono,15,-243425.000000,15.391573,15,-2527.433709,7,[12]=-247042;[13]=-245202;[14]=-243991;[15]=-243425;[16]=-243482;[17]=-244213;[18]=-245567
2235,RECAL 3 1 9999 -2527 64 4 80,1,9999,-2527,0,64,4,80,2918.000000,33,1,Ok,252995.000000,NonMono,16,-243334.000000,15.721195,16,2980.884782,5,[14]=-248048;[15]=-244060;[16]=-243334;[17]=-245907;[18]=-251809
2236,RECAL 3 0 9999 9999 64 4 80,0,9999,9999,0,64,4,80,2328.000000,33,1,Ok,101070.000000,NonMono,15,-238757.000000,15.383961,15,2389.535844,7,[12]=-242474;[13]=-240577;[14]=-239346;[15]=-238757;[16]=-238833;[17]=-239588;[18]=-241075
2237,RECAL 3 1 9999 2390 64 4 80,1,9999,2390,0,64,4,80,-2798.000000,33,1,Ok,255939.000000,NonMono,16,-238696.000000,16.097895,16,-2733.608420,5,[14]=-245157;[15]=-240466;[16]=-238696;[17]=-239897;[18]=-244086
2238,RECAL 3 0 9999 9999 64 4 80,0,9999,9999,0,64,4,80,2260.000000,33,1,Ok,96172.000000,NonMono,15,-232514.000000,15.430860,15,2321.723441,7,[12]=-236355;[13]=-234404;[14]=-233144;[15]=-232514;[16]=-232558;[17]=-233275;[18]=-234640
2239,RECAL 3 1 9999 2322 64 4 80,1,9999,2322,0,64,4,80,-2119.000000,33,1,Ok,201377.000000,NonMono,16,-232448.000000,16.393919,16,-2053.424325,5,[14]=-237014;[15]=-233911;[16]=-232448;[17]=-232622;[18]=-234421
2240,RECAL 3 0 9999 9999 64 4 80,0,9999,9999,0,64,4,80,2268.000000,33,1,Ok,96362.000000,NonMono,16,-229550.000000,15.523299,16,2330.093197,7,[13]=-231654;[14]=-230276;[15]=-229553;[16]=-229550;[17]=-230209;[18]=-231566;[19]=-233579
2241,RECAL 3 1 9999 2330 64 4 80,1,9999,2330,0,64,4,80,-1042.000000,33,1,Ok,50584.000000,NonMono,16,-229457.000000,16.341234,16,-976.635063,9,[12]=-232937;[13]=-231526;[14]=-230463;[15]=-229778;[16]=-229457;[17]=-229545;[18]=-229954;[19]=-230745;[20]=-231901
2242,RECAL 3 0 9999 9999 64 4 80,0,9999,9999,0,64,4,80,2377.000000,33,1,Ok,105959.000000,NonMono,16,-229158.000000,15.664962,16,2439.659848,7,[13]=-231768;[14]=-230169;[15]=-229288;[16]=-229158;[17]=-229794;[18]=-231221;[19]=-233395
2243,RECAL 3 1 9999 2440 64 4 80,1,9999,2440,0,64,4,80,1500.000000,33,1,Ok,138638.000000,NonMono,15,-228708.000000,15.070869,15,1560.283478,7,[12]=-233204;[13]=-230744;[14]=-229257;[15]=-228708;[16]=-229123;[17]=-230498;[18]=-232884
2244,RECAL 3 0 9999 9999 64 4 80,0,9999,9999,0,64,4,80,2387.000000,33,1,Ok,101209.000000,NonMono,16,-229727.000000,15.956084,16,2450.824335,7,[13]=-232991;[14]=-231161;[15]=-230069;[16]=-229727;[17]=-230132;[18]=-231313;[19]=-233241
2245,RECAL 3 1 9999 2451 64 4 80,1,9999,2451,0,64,4,80,2325.000000,33,1,Ok,248162.000000,NonMono,15,-229655.000000,15.471654,15,2386.886615,5,[13]=-236382;[14]=-231861;[15]=-229655;[16]=-229701;[17]=-232070
2246,RECAL 3 0 9999 9999 64 4 80,0,9999,9999,0,64,4,80,2398.000000,33,1,Ok,94008.000000,NonMono,16,-234076.000000,16.257896,16,2463.031584,7,[13]=-237832;[14]=-235864;[15]=-234607;[16]=-234076;[17]=-234237;[18]=-235138;[19]=-236770
2247,RECAL 3 1 9999 2463 64 4 80,1,9999,2463,0,64,4,80,2934.000000,33,1,Ok,261511.000000,NonMono,15,-233562.000000,15.355055,15,2995.420219,5,[13]=-242815;[14]=-236451;[15]=-233562;[16]=-234030;[17]=-237865
2248,RECAL 3 0 9999 9999 64 4 80,0,9999,9999,0,64,4,80,573.000000,33,1,Ok,5006.000000,NonMono,16,-235582.000000,15.841357,16,636.365427,27,[3]=-238098;[4]=-237733;[5]=-237411;[6]=-237108;[7]=-236820;[8]=-236572;[9]=-236343;[10]=-236136;[11]=-235978;[12]=-235838;[13]=-235720;[14]=-235647;[15]=-235606;[16]=-235582;[17]=-235628;[18]=-235678;[19]=-235756;[20]=-235889;[21]=-236058;[22]=-236258;[23]=-236503;[24]=-236798;[25]=-237129;[26]=-237508;[27]=-237897;[28]=-238348;[29]=-238831
2249,RECAL 3 1 9999 636 64 4 80,1,9999,636,0,64,4,80,2966.000000,33,1,Ok,260245.000000,NonMono,15,-235360.000000,15.441250,15,3027.765001,17,[7]=-356932;[8]=-329763;[9]=-305874;[10]=-285331;[11]=-268578;[12]=-255064;[13]=-245048;[14]=-238495;[15]=-235360;[16]=-235574;[17]=-239128;[18]=-245869;[19]=-255694;[20]=-268523;[21]=-284105;[22]=-302608;[23]=-323519
2250,RECAL 3 0 9999 9999 64 4 80,0,9999,9999,0,64,4,80,518.000000,33,1,Ok,5334.000000,NonMono,14,-231066.000000,14.617993,15,576.471972,17,[6]=-232116;[7]=-231879;[8]=-231713;[9]=-231520;[10]=-231361;[11]=-231278;[12]=-231170;[13]=-231120;[14]=-231066;[15]=-231075;[16]=-231105;[17]=-231157;[18]=-231225;[19]=-231381;[20]=-231541;[21]=-231718;[22]=-231943
2251,RECAL 3 1 9999 576 64 4 80,1,9999,576,0,64,4,80,2365.000000,33,1,Ok,247323.000000,NonMono,16,-231079.000000,15.680809,16,2427.723235,5,[14]=-234153;[15]=-231499;[16]=-231079;[17]=-232943;[18]=-237055
2252,RECAL 3 0 9999 9999 64 4 80,0,9999,9999,0,64,4,80,459.000000,33,1,Ok,4595.000000,NonMono,15,-228495.000000,14.649837,15,517.599349,17,[7]=-229217;[8]=-229050;[9]=-228874;[10]=-228765;[11]=-228667;[12]=-228588;[13]=-228544;[14]=-228519;[15]=-228495;[16]=-228523;[17]=-228581;[18]=-228647;[19]=-228742;[20]=-228890;[21]=-229065;[22]=-229239;[23]=-229483
2253,RECAL 3 1 9999 518 64 4 80,1,9999,518,0,64,4,80,1559.000000,33,1,Ok,133732.000000,NonMono,16,-228501.000000,15.534992,16,1621.139969,5,[14]=-229608;[15]=-228542;[16]=-228501;[17]=-229508;[18]=-231551
2254,RECAL 3 0 9999 9999 64 4 80,0,9999,9999,0,64,4,80,-633.000000,33,1,Ok,5063.000000,NonMono,17,-229693.000000,16.986693,17,-565.053226,29,[3]=-233077;[4]=-232588;[5]=-232131;[6]=-231737;[7]=-231377;[8]=-231033;[9]=-230732;[10]=-230479;[11]=-230266;[12]=-230089;[13]=-229938;[14]=-229853;[15]=-229757;[16]=-229721;[17]=-229693;[18]=-229702;[19]=-229754;[20]=-229814;[21]=-229917;[22]=-230063;[23]=-230222;[24]=-230406;[25]=-230624;[26]=-230872;[27]=-231137;[28]=-231422;[29]=-231725;[30]=-232064;[31]=-232410
2255,RECAL 3 1 9999 -565 64 4 80,1,9999,-565,0,64,4,80,-931.000000,33,1,Ok,34627.000000,NonMono,16,-229687.000000,15.695383,16,-868.218467,11,[11]=-232631;[12]=-231505;[13]=-230640;[14]=-230054;[15]=-229736;[16]=-229687;[17]=-229882;[18]=-230354;[19]=-231144;[20]=-232134;[21]=-233392
2256,RECAL 3 0 9999 9999 64 4 80,0,9999,9999,0,64,4,80,-665.000000,33,1,Ok,5518.000000,NonMono,17,-231228.000000,17.315856,17,-595.736575,27,[4]=-234395;[5]=-233922;[6]=-233485;[7]=-233084;[8]=-232735;[9]=-232433;[10]=-232153;[11]=-231894;[12]=-231708;[13]=-231535;[14]=-231412;[15]=-231321;[16]=-231260;[17]=-231228;[18]=-231247;[19]=-231276;[20]=-231352;[21]=-231432;[22]=-231577;[23]=-231746;[24]=-231933;[25]=-232149;[26]=-232390;[27]=-232688;[28]=-233007;[29]=-233341;[30]=-233684
2257,RECAL 3 1 9999 -596 64 4 80,1,9999,-596,0,64,4,80,-2068.000000,33,1,Ok,196318.000000,NonMono,16,-231231.000000,15.757355,16,-2004.970580,5,[14]=-233579;[15]=-231629;[16]=-231231;[17]=-232387;[18]=-235111
2258,RECAL 3 0 9999 9999 64 4 80,0,9999,9999,0,64,4,80,-140.000000,33,0,ParabolaNotDownward,92.000000,Flat,10,-233958.000000,,,,0,
2259,RECAL 3 0 9999 9999 200 4 80,0,9999,9999,0,200,4,80,-276.000000,101,0,ParabolaNotDownward,2503.000000,Flat,43,-233890.000000,,,,0,
2260,RECAL 3 0 9999 -476 200 4 80,0,9999,-476,0,200,4,80,-676.000000,101,0,ParabolaNotDownward,116236.000000,StrictInc,100,-236291.000000,,,,0,
2261,RECAL 3 0 9999 324 200 4 80,0,9999,324,0,200,4,80,124.000000,101,0,ParabolaNotDownward,53065.000000,StrictDec,0,-234332.000000,,,,33,[0]=-234332;[1]=-234362;[2]=-234398;[3]=-234449;[4]=-234500;[5]=-234544;[6]=-234593;[7]=-234642;[8]=-234689;[9]=-234745;[10]=-234821;[11]=-234892;[12]=-234951;[13]=-235032;[14]=-235122;[15]=-235204;[16]=-235306;[17]=-235371;[18]=-235478;[19]=-235574;[20]=-235713;[21]=-235798;[22]=-235921;[23]=-236053;[24]=-236189;[25]=-236324;[26]=-236473;[27]=-236610;[28]=-236772;[29]=-236934;[30]=-237111;[31]=-237289;[32]=-237490
2262,RECAL 3 1 9999 -455 64 4 80,1,9999,-455,0,64,4,80,-2760.000000,33,1,Ok,238234.000000,NonMono,16,-256417.000000,15.744292,16,-2697.022834,5,[14]=-260424;[15]=-257094;[16]=-256417;[17]=-258481;[18]=-263237
2263,RECAL 3 0 9999 9999 64 4 80,0,9999,9999,0,64,4,80,-2460.000000,33,1,Ok,80162.000000,NonMono,17,-243931.000000,16.532735,17,-2393.869060,7,[14]=-245798;[15]=-244572;[16]=-243952;[17]=-243931;[18]=-244518;[19]=-245707;[20]=-247511
2264,RECAL 3 1 9999 -2394 64 4 80,1,9999,-2394,0,64,4,80,-2785.000000,33,1,Ok,250925.000000,NonMono,16,-243853.000000,15.944776,16,-2721.220897,5,[14]=-249083;[15]=-245082;[16]=-243853;[17]=-245395;[18]=-249744
2265,RECAL 3 0 9999 9999 64 4 80,0,9999,9999,0,64,4,80,-2521.000000,33,1,Ok,85417.000000,NonMono,16,-237735.000000,16.333890,16,-2455.664440,7,[13]=-241305;[14]=-239448;[15]=-238290;[16]=-237735;[17]=-237850;[18]=-238584;[19]=-239971
2266,RECAL 3 1 9999 -2456 64 4 80,1,9999,-2456,0,64,4,80,-2101.000000,33,1,Ok,195846.000000,NonMono,16,-237713.000000,15.645169,16,-2038.419324,5,[14]=-239682;[15]=-237933;[16]=-237713;[17]=-239019;[18]=-241860
2267,RECAL 3 0 9999 9999 64 4 80,0,9999,9999,0,64,4,80,-2514.000000,33,1,Ok,85775.000000,NonMono,16,-237372.000000,15.723447,16,-2451.106213,7,[13]=-239734;[14]=-238307;[15]=-237513;[16]=-237372;[17]=-237878;[18]=-239028;[19]=-240841
2268,RECAL 3 1 9999 -2451 64 4 80,1,9999,-2451,0,64,4,80,-1010.000000,33,1,Ok,43541.000000,NonMono,16,-237344.000000,16.320955,16,-944.716178,11,[11]=-241856;[12]=-240302;[13]=-239080;[14]=-238200;[15]=-237596;[16]=-237344;[17]=-237406;[18]=-237777;[19]=-238449;[20]=-239452;[21]=-240748
2269,RECAL 3 0 9999 9999 64 4 80,0,9999,9999,0,64,4,80,-2408.000000,33,1,Ok,76585.000000,NonMono,16,-234541.000000,16.168643,16,-2343.325430,7,[13]=-237553;[14]=-235930;[15]=-234918;[16]=-234541;[17]=-234709;[18]=-235525;[19]=-236937
2270,RECAL 3 1 9999 -2343 64 4 80,1,9999,-2343,0,64,4,80,1516.000000,33,1,Ok,121103.000000,NonMono,16,-234515.000000,15.717444,16,1578.869777,7,[13]=-237956;[14]=-235880;[15]=-234736;[16]=-234515;[17]=-235262;[18]=-236950;[19]=-239557
2271,RECAL 3 0 9999 9999 64 4 80,0,9999,9999,0,64,4,80,-2394.000000,33,1,Ok,74119.000000,NonMono,16,-237366.000000,15.959718,16,-2330.161128,9,[12]=-241944;[13]=-239927;[14]=-238490;[15]=-237621;[16]=-237366;[17]=-237684;[18]=-238579;[19]=-240071;[20]=-242148
2272,RECAL 3 1 9999 -2330 64 4 80,1,9999,-2330,0,64,4,80,2336.000000,33,1,Ok,239141.000000,NonMono,16,-237356.000000,15.655665,16,2398.622660,5,[14]=-240211;[15]=-237680;[16]=-237356;[17]=-239149;[18]=-243069
2273,RECAL 3 0 9999 9999 64 4 80,0,9999,9999,0,64,4,80,-2386.000000,33,1,Ok,72981.000000,NonMono,16,-242338.000000,16.091719,16,-2321.633123,9,[12]=-246997;[13]=-244998;[14]=-243540;[15]=-242660;[16]=-242338;[17]=-242580;[18]=-243334;[19]=-244701;[20]=-246637
2274,RECAL 3 1 9999 -2322 64 4 80,1,9999,-2322,0,64,4,80,2943.000000,33,1,Ok,253642.000000,NonMono,15,-241563.000000,15.264652,15,3004.058608,5,[13]=-249894;[14]=-244053;[15]=-241563;[16]=-242310;[17]=-246161
2275,RECAL 3 0 9999 9999 64 4 80,0,9999,9999,0,64,4,80,2282.000000,33,1,Ok,130790.000000,NonMono,16,-234990.000000,15.546725,16,2344.186899,7,[13]=-237834;[14]=-235987;[15]=-235046;[16]=-234990;[17]=-235869;[18]=-237642;[19]=-240334
2276,RECAL 3 1 9999 2344 64 4 80,1,9999,2344,0,64,4,80,-2701.000000,33,1,Ok,260794.000000,NonMono,16,-234836.000000,16.145632,16,-2636.417471,5,[14]=-242899;[15]=-237115;[16]=-234836;[17]=-236089;[18]=-240823
2277,RECAL 3 0 9999 9999 64 4 80,0,9999,9999,0,64,4,80,2246.000000,33,1,Ok,135299.000000,NonMono,15,-231241.000000,15.397129,15,2307.588515,7,[12]=-236311;[13]=-233744;[14]=-232033;[15]=-231241;[16]=-231333;[17]=-232326;[18]=-234229
2278,RECAL 3 1 9999 2308 64 4 80,1,9999,2308,0,64,4,80,-2084.000000,33,1,Ok,237562.000000,NonMono,16,-231168.000000,16.015986,16,-2019.936057,5,[14]=-235474;[15]=-232280;[16]=-231168;[17]=-232209;[18]=-235310
2279,RECAL 3 0 9999 9999 64 4 80,0,9999,9999,0,64,4,80,2282.000000,33,1,Ok,141874.000000,NonMono,16,-227770.000000,15.537202,16,2344.148809,7,[13]=-230822;[14]=-228845;[15]=-227809;[16]=-227770;[17]=-228740;[18]=-230666;[19]=-233603
2280,RECAL 3 1 9999 2344 64 4 80,1,9999,2344,0,64,4,80,-1158.000000,33,1,Ok,79523.000000,NonMono,16,-227683.000000,15.687908,16,-1095.248367,7,[13]=-229853;[14]=-228523;[15]=-227776;[16]=-227683;[17]=-228162;[18]=-229236;[19]=-230893
2281,RECAL 3 0 9999 9999 64 4 80,0,9999,9999,0,64,4,80,2199.000000,33,1,Ok,120712.000000,NonMono,16,-224605.000000,16.013981,16,2263.055925,7,[13]=-228707;[14]=-226430;[15]=-225064;[16]=-224605;[17]=-225037;[18]=-226387;[19]=-228650
2282,RECAL 3 1 9999 2263 64 4 80,1,9999,2263,0,64,4,80,1290.000000,33,1,Ok,132797.000000,NonMono,16,-224614.000000,15.580155,16,1352.320622,7,[13]=-227633;[14]=-225695;[15]=-224692;[16]=-224614;[17]=-225476;[18]=-227347;[19]=-230164
2283,RECAL 3 0 9999 9999 64 4 80,0,9999,9999,0,64,4,80,2273.000000,33,1,Ok,130399.000000,NonMono,16,-229204.000000,16.048721,16,2337.194885,7,[13]=-233523;[14]=-231165;[15]=-229706;[16]=-229204;[17]=-229635;[18]=-231025;[19]=-233441
2284,RECAL 3 1 9999 2337 64 4 80,1,9999,2337,0,64,4,80,2106.000000,33,1,Ok,258203.000000,NonMono,15,-229096.000000,15.457727,15,2167.830906,5,[13]=-236193;[14]=-231436;[15]=-229096;[16]=-229204;[17]=-231765
2285,RECAL 3 0 9999 9999 64 4 80,0,9999,9999,0,64,4,80,2277.000000,33,1,Ok,132893.000000,NonMono,16,-233258.000000,15.609676,16,2339.438704,7,[13]=-236237;[14]=-234344;[15]=-233365;[16]=-233258;[17]=-234063;[18]=-235814;[19]=-238488
2286,RECAL 3 1 9999 2339 64 4 80,1,9999,2339,0,64,4,80,2690.000000,33,1,Ok,262903.000000,NonMono,15,-233108.000000,15.492976,15,2751.971905,17,[7]=-365062;[8]=-336561;[9]=-311120;[10]=-289066;[11]=-270350;[12]=-255432;[13]=-244222;[14]=-236766;[15]=-233108;[16]=-233185;[17]=-237025;[18]=-244693;[19]=-256206;[20]=-271604;[21]=-290888;[22]=-313875;[23]=-340438
2287,RECAL 3 0 9999 9999 64 4 80,0,9999,9999,0,64,4,80,753.000000,33,1,Ok,11266.000000,NonMono,17,-238228.000000,16.631015,17,819.524061,17,[9]=-240611;[10]=-240044;[11]=-239540;[12]=-239129;[13]=-238762;[14]=-238500;[15]=-238328;[16]=-238243;[17]=-238228;[18]=-238312;[19]=-238474;[20]=-238711;[21]=-239069;[22]=-239523;[23]=-240040;[24]=-240718;[25]=-241447
2288,RECAL 3 1 9999 820 64 4 80,1,9999,820,0,64,4,80,2718.000000,33,1,Ok,259058.000000,NonMono,15,-237064.000000,15.200530,15,2778.802120,5,[13]=-246233;[14]=-239744;[15]=-237064;[16]=-238214;[17]=-243212
2289,RECAL 3 0 9999 9999 64 4 80,0,9999,9999,0,64,4,80,734.000000,33,1,Ok,12907.000000,NonMono,16,-231485.000000,16.026446,16,798.105786,17,[8]=-234276;[9]=-233665;[10]=-233086;[11]=-232606;[12]=-232212;[13]=-231902;[14]=-231683;[15]=-231539;[16]=-231485;[17]=-231539;[18]=-231679;[19]=-231898;[20]=-232220;[21]=-232649;[22]=-233164;[23]=-233785;[24]=-234489
2290,RECAL 3 1 9999 798 64 4 80,1,9999,798,0,64,4,80,2137.000000,33,1,Ok,255239.000000,NonMono,16,-231472.000000,15.661695,16,2199.646780,5,[14]=-234828;[15]=-231905;[16]=-231472;[17]=-233615;[18]=-238249
2291,RECAL 3 0 9999 9999 64 4 80,0,9999,9999,0,64,4,80,481.000000,33,1,Ok,9105.000000,NonMono,12,-230380.000000,11.827184,12,528.308736,17,[4]=-231439;[5]=-231197;[6]=-230970;[7]=-230791;[8]=-230651;[9]=-230519;[10]=-230434;[11]=-230404;[12]=-230380;[13]=-230400;[14]=-230468;[15]=-230578;[16]=-230724;[17]=-230900;[18]=-231144;[19]=-231421;[20]=-231748
2292,RECAL 3 1 9999 528 64 4 80,1,9999,528,0,64,4,80,1342.000000,33,1,Ok,144627.000000,NonMono,15,-230189.000000,15.314201,15,1403.256805,7,[12]=-235699;[13]=-232863;[14]=-231022;[15]=-230189;[16]=-230390;[17]=-231589;[18]=-233791
2293,RECAL 3 0 9999 9999 64 4 80,0,9999,9999,0,64,4,80,759.000000,33,1,Ok,18471.000000,NonMono,14,-228379.000000,14.009611,14,815.038445,17,[6]=-231526;[7]=-230809;[8]=-230185;[9]=-229641;[10]=-229188;[11]=-228830;[12]=-228589;[13]=-228424;[14]=-228379;[15]=-228433;[16]=-228607;[17]=-228868;[18]=-229222;[19]=-229695;[20]=-230288;[21]=-231012;[22]=-231851
2294,RECAL 3 1 9999 815 64 4 80,1,9999,815,0,64,4,80,-1087.000000,33,1,Ok,67343.000000,NonMono,16,-228383.000000,15.597292,16,-1024.610833,9,[12]=-231863;[13]=-230147;[14]=-229034;[15]=-228427;[16]=-228383;[17]=-228848;[18]=-229847;[19]=-231370;[20]=-233367
2295,RECAL 3 0 9999 9999 64 4 80,0,9999,9999,0,64,4,80,642.000000,33,1,Ok,8909.000000,NonMono,17,-228888.000000,16.810527,17,709.242109,19,[8]=-231435;[9]=-230900;[10]=-230429;[11]=-230008;[12]=-229655;[13]=-229359;[14]=-229138;[15]=-228988;[16]=-228900;[17]=-228888;[18]=-228937;[19]=-229053;[20]=-229236;[21]=-229509;[22]=-229842;[23]=-230273;[24]=-230797;[25]=-231367;[26]=-232059
2296,RECAL 3 1 9999 709 64 4 80,1,9999,709,0,64,4,80,-2048.000000,33,1,Ok,234170.000000,NonMono,16,-228856.000000,16.135756,16,-1983.456976,5,[14]=-233311;[15]=-230107;[16]=-228856;[17]=-229576;[18]=-232266
2297,RECAL 3 0 9999 9999 64 4 80,0,9999,9999,0,64,4,80,774.000000,33,1,Ok,12387.000000,NonMono,16,-234428.000000,16.382647,16,839.530586,17,[8]=-237576;[9]=-236871;[10]=-236254;[11]=-235737;[12]=-235311;[13]=-234937;[14]=-234684;[15]=-234525;[16]=-234428;[17]=-234440;[18]=-234552;[19]=-234742;[20]=-235038;[21]=-235451;[22]=-235946;[23]=-236538;[24]=-237264
2298,RECAL 3 1 9999 840 64 4 80,1,9999,840,0,64,4,80,-2670.000000,33,1,Ok,261390.000000,NonMono,16,-234382.000000,15.590137,16,-2607.639451,17,[8]=-330183;[9]=-306937;[10]=-286702;[11]=-269626;[12]=-255978;[13]=-245457;[14]=-238376;[15]=-234663;[16]=-234382;[17]=-237560;[18]=-244122;[19]=-254154;[20]=-267670;[21]=-284741;[22]=-305428;[23]=-329559;[24]=-357252
2299,RECAL 3 0 9999 9999 64 4 80,0,9999,9999,0,64,4,80,-2127.000000,33,1,Ok,84608.000000,NonMono,16,-238455.000000,15.539373,16,-2064.842510,7,[13]=-240439;[14]=-239155;[15]=-238479;[16]=-238455;[17]=-239065;[18]=-240313;[19]=-242168
2300,RECAL 3 1 9999 -2065 64 4 80,1,9999,-2065,0,64,4,80,-2676.000000,33,1,Ok,257814.000000,NonMono,16,-238372.000000,15.605225,16,-2613.579101,5,[14]=-242376;[15]=-238712;[16]=-238372;[17]=-241326;[18]=-247603
2301,RECAL 3 0 9999 9999 64 4 80,0,9999,9999,0,64,4,80,-2171.000000,33,1,Ok,87032.000000,NonMono,16,-235674.000000,15.854844,16,-2107.580624,7,[13]=-238364;[14]=-236799;[15]=-235922;[16]=-235674;[17]=-236101;[18]=-237185;[19]=-238917
2302,RECAL 3 1 9999 -2108 64 4 80,1,9999,-2108,0,64,4,80,-2056.000000,33,1,Ok,237394.000000,NonMono,16,-235677.000000,15.783557,16,-1992.865771,5,[14]=-238693;[15]=-236227;[16]=-235677;[17]=-237067;[18]=-240396
2303,RECAL 3 0 9999 9999 64 4 80,0,9999,9999,0,64,4,80,-2126.000000,33,1,Ok,92893.000000,NonMono,15,-231706.000000,15.177115,15,-2065.291539,7,[12]=-235009;[13]=-233268;[14]=-232152;[15]=-231706;[16]=-231923;[17]=-232802;[18]=-234319
2304,RECAL 3 1 9999 -2065 64 4 80,1,9999,-2065,0,64,4,80,-1107.000000,33,1,Ok,70687.000000,NonMono,15,-231528.000000,15.152539,15,-1046.389845,9,[11]=-236212;[12]=-234214;[13]=-232784;[14]=-231878;[15]=-231528;[16]=-231713;[17]=-232432;[18]=-233700;[19]=-235467
2305,RECAL 3 0 9999 9999 64 4 80,0,9999,9999,0,64,4,80,-2217.000000,33,1,Ok,92081.000000,NonMono,16,-233586.000000,15.824811,16,-2153.700755,7,[13]=-236422;[14]=-234753;[15]=-233827;[16]=-233586;[17]=-234062;[18]=-235255;[19]=-237145
2306,RECAL 3 1 9999 -2154 64 4 80,1,9999,-2154,0,64,4,80,1324.000000,33,1,Ok,134539.000000,NonMono,15,-233512.000000,15.428530,15,1385.714119,7,[12]=-239036;[13]=-236244;[14]=-234378;[15]=-233512;[16]=-233561;[17]=-234606;[18]=-236636
2307,RECAL 3 0 9999 9999 64 4 80,0,9999,9999,0,64,4,80,-2134.000000,33,1,Ok,89218.000000,NonMono,16,-235813.000000,15.598050,16,-2071.607801,7,[13]=-238012;[14]=-236622;[15]=-235869;[16]=-235813;[17]=-236419;[18]=-237684;[19]=-239621
2308,RECAL 3 1 9999 -2072 64 4 80,1,9999,-2072,0,64,4,80,2129.000000,33,1,Ok,256322.000000,NonMono,15,-235123.000000,15.233093,15,2189.932373,5,[13]=-241132;[14]=-236916;[15]=-235123;[16]=-235781;[17]=-238888
2309,RECAL 3 0 9999 9999 64 4 80,0,9999,9999,0,64,4,80,-2134.000000,33,1,Ok,87162.000000,NonMono,16,-240065.000000,15.622990,16,-2071.508041,7,[13]=-242302;[14]=-240903;[15]=-240172;[16]=-240065;[17]=-240659;[18]=-241861;[19]=-243696
2310,RECAL 3 1 9999 -2072 64 4 80,1,9999,-2072,0,64,4,80,2707.000000,33,1,Ok,255934.000000,NonMono,16,-240019.000000,15.738567,16,2769.954270,5,[14]=-245412;[15]=-240920;[16]=-240019;[17]=-242841;[18]=-249303
2311,RECAL 3 0 9999 9999 64 4 80,0,9999,9999,0,64,4,80,2399.000000,33,1,Ok,98806.000000,NonMono,16,-233953.000000,16.212000,16,2463.847998,7,[13]=-237873;[14]=-235795;[15]=-234502;[16]=-233953;[17]=-234167;[18]=-235154;[19]=-236886
2312,RECAL 3 1 9999 2464 64 4 80,1,9999,2464,0,64,4,80,-2858.000000,33,1,Ok,261378.000000,NonMono,16,-233932.000000,16.208501,16,-2793.165998,5,[14]=-241760;[15]=-236215;[16]=-233932;[17]=-234865;[18]=-239139
2313,RECAL 3 0 9999 9999 64 4 80,0,9999,9999,0,64,4,80,2388.000000,33,1,Ok,102313.000000,NonMono,16,-228807.000000,16.032780,16,2452.131118,7,[13]=-232398;[14]=-230409;[15]=-229222;[16]=-228807;[17]=-229172;[18]=-230307;[19]=-232249
2314,RECAL 3 1 9999 2452 64 4 80,1,9999,2452,0,64,4,80,-2219.000000,33,1,Ok,235128.000000,NonMono,16,-228810.000000,16.021188,16,-2154.915246,5,[14]=-232830;[15]=-229842;[16]=-228810;[17]=-229767;[18]=-232735
2315,RECAL 3 0 9999 9999 64 4 80,0,9999,9999,0,64,4,80,2401.000000,33,1,Ok,111097.000000,NonMono,16,-227739.000000,15.505440,16,2463.021758,7,[13]=-230107;[14]=-228529;[15]=-227742;[16]=-227739;[17]=-228525;[18]=-230090;[19]=-232464
2316,RECAL 3 1 9999 2463 64 4 80,1,9999,2463,0,64,4,80,-1288.000000,33,1,Ok,84255.000000,NonMono,16,-227614.000000,15.841471,16,-1224.634115,7,[13]=-230323;[14]=-228760;[15]=-227855;[16]=-227614;[17]=-228060;[18]=-229152;[19]=-230858
2317,RECAL 3 0 9999 9999 64 4 80,0,9999,9999,0,64,4,80,2310.000000,33,1,Ok,104156.000000,NonMono,15,-229099.000000,15.433813,15,2371.735254,7,[12]=-233171;[13]=-231116;[14]=-229739;[15]=-229099;[16]=-229143;[17]=-229887;[18]=-231373
2318,RECAL 3 1 9999 2372 64 4 80,1,9999,2372,0,64,4,80,1267.000000,33,1,Ok,109167.000000,NonMono,15,-228985.000000,15.451306,15,1328.805224,7,[12]=-233584;[13]=-231285;[14]=-229735;[15]=-228985;[16]=-229028;[17]=-229871;[18]=-231533
2319,RECAL 3 0 9999 9999 64 4 80,0,9999,9999,0,64,4,80,2387.000000,33,1,Ok,101253.000000,NonMono,16,-233388.000000,16.004816,16,2451.019265,7,[13]=-236822;[14]=-234915;[15]=-233776;[16]=-233388;[17]=-233776;[18]=-234910;[19]=-236849
2320,RECAL 3 1 9999 2451 64 4 80,1,9999,2451,0,64,4,80,2154.000000,33,1,Ok,244030.000000,NonMono,15,-232799.000000,15.218151,15,2214.872603,5,[13]=-238013;[14]=-234326;[15]=-232799;[16]=-233391;[17]=-236129
2321,RECAL 3 0 9999 9999 64 4 80,0,9999,9999,0,64,4,80,2357.000000,33,1,Ok,90408.000000,NonMono,17,-238739.000000,16.486654,16,2422.946615,7,[14]=-240890;[15]=-239443;[16]=-238741;[17]=-238739;[18]=-239458;[19]=-240926;[20]=-243061
2322,RECAL 3 1 9999 2423 64 4 80,1,9999,2423,0,64,4,80,2775.000000,33,1,Ok,256551.000000,NonMono,15,-238530.000000,15.465325,15,2836.861300,17,[7]=-356339;[8]=-330144;[9]=-307115;[10]=-287339;[11]=-271091;[12]=-257962;[13]=-248165;[14]=-241716;[15]=-238530;[16]=-238633;[17]=-242016;[18]=-248590;[19]=-258527;[20]=-271704;[21]=-288051;[22]=-307491;[23]=-329651
2323,RECAL 3 0 9999 9999 64 4 80,0,9999,9999,0,64,4,80,312.000000,33,0,ParabolaNotDownward,1584.000000,Flat,19,-238489.000000,,,,0,
2324,RECAL 3 0 9999 9999 200 4 80,0,9999,9999,0,200,4,80,176.000000,101,1,Ok,22246.000000,NonMono,52,-238509.000000,52.222599,52,384.890397,43,[31]=-240626;[32]=-240448;[33]=-240277;[34]=-240089;[35]=-239942;[36]=-239796;[37]=-239661;[38]=-239543;[39]=-239417;[40]=-239283;[41]=-239164;[42]=-239079;[43]=-238972;[44]=-238875;[45]=-238796;[46]=-238724;[47]=-238660;[48]=-238616;[49]=-238565;[50]=-238555;[51]=-238525;[52]=-238509;[53]=-238519;[54]=-238528;[55]=-238555;[56]=-238584;[57]=-238643;[58]=-238700;[59]=-238794;[60]=-238882;[61]=-239017;[62]=-239135;[63]=-239302;[64]=-239440;[65]=-239624;[66]=-239827;[67]=-240058;[68]=-240305;[69]=-240532;[70]=-240801;[71]=-241096;[72]=-241385;[73]=-241718
2325,RECAL 3 0 9999 385 64 4 80,0,9999,385,0,64,4,80,321.000000,33,0,ParabolaNotDownward,1803.000000,Flat,15,-238510.000000,,,,0,
2326,RECAL 3 1 9999 385 64 4 80,1,9999,385,0,64,4,80,2740.000000,33,1,Ok,257224.000000,NonMono,16,-238500.000000,15.785751,16,2803.143002,5,[14]=-243617;[15]=-239435;[16]=-238500;[17]=-240810;[18]=-246307
2327,RECAL 3 0 9999 9999 64 4 80,0,9999,9999,0,64,4,80,484.000000,33,1,Ok,4225.000000,NonMono,16,-234313.000000,16.037891,16,548.151563,29,[2]=-236888;[3]=-236544;[4]=-236233;[5]=-235953;[6]=-235668;[7]=-235425;[8]=-235188;[9]=-234992;[10]=-234813;[11]=-234668;[12]=-234560;[13]=-234442;[14]=-234383;[15]=-234338;[16]=-234313;[17]=-234337;[18]=-234358;[19]=-234443;[20]=-234561;[21]=-234705;[22]=-234856;[23]=-235047;[24]=-235300;[25]=-235563;[26]=-235881;[27]=-236225;[28]=-236606;[29]=-237027;[30]=-237492
2328,RECAL 3 1 9999 548 64 4 80,1,9999,548,0,64,4,80,2111.000000,33,1,Ok,234713.000000,NonMono,15,-234094.000000,15.380873,15,2172.523490,5,[13]=-239611;[14]=-235829;[15]=-234094;[16]=-234308;[17]=-236518
2329,RECAL 3 0 9999 9999 64 4 80,0,9999,9999,0,64,4,80,-445.000000,33,0,ParabolaNotDownward,2663.000000,Flat,18,-231416.000000,,,,0,
2330,RECAL 3 0 9999 9999 200 4 80,0,9999,9999,0,200,4,80,-581.000000,101,1,Ok,29930.000000,NonMono,53,-231427.000000,52.235344,52,-372.058623,43,[32]=-234738;[33]=-234393;[34]=-234082;[35]=-233767;[36]=-233473;[37]=-233220;[38]=-232984;[39]=-232756;[40]=-232543;[41]=-232356;[42]=-232188;[43]=-232028;[44]=-231902;[45]=-231808;[46]=-231683;[47]=-231605;[48]=-231536;[49]=-231481;[50]=-231453;[51]=-231455;[52]=-231437;[53]=-231427;[54]=-231470;[55]=-231470;[56]=-231510;[57]=-231568;[58]=-231630;[59]=-231714;[60]=-231786;[61]=-231879;[62]=-231991;[63]=-232106;[64]=-232219;[65]=-232348;[66]=-232480;[67]=-232631;[68]=-232807;[69]=-232969;[70]=-233121;[71]=-233304;[72]=-233481;[73]=-233670;[74]=-233862
2331,RECAL 3 0 9999 -372 64 4 80,0,9999,-372,0,64,4,80,-436.000000,33,0,ParabolaNotDownward,2001.000000,Flat,16,-231408.000000,,,,0,
2332,RECAL 3 1 9999 -371 64 4 80,1,9999,-371,0,64,4,80,1197.000000,33,1,Ok,95947.000000,NonMono,16,-231441.000000,15.508676,16,1259.034705,7,[13]=-233503;[14]=-232129;[15]=-231447;[16]=-231441;[17]=-232108;[18]=-233506;[19]=-235569
2333,RECAL 3 0 9999 9999 64 4 80,0,9999,9999,0,64,4,80,517.000000,33,1,Ok,4914.000000,NonMono,17,-228810.000000,16.621673,17,583.486690,25,[5]=-231006;[6]=-230649;[7]=-230327;[8]=-230045;[9]=-229773;[10]=-229541;[11]=-229341;[12]=-229174;[13]=-229036;[14]=-228927;[15]=-228862;[16]=-228822;[17]=-228810;[18]=-228837;[19]=-228905;[20]=-229020;[21]=-229177;[22]=-229347;[23]=-229578;[24]=-229857;[25]=-230182;[26]=-230550;[27]=-230963;[28]=-231427;[29]=-231933
2334,RECAL 3 1 9999 583 64 4 80,1,9999,583,0,64,4,80,-1359.000000,33,1,Ok,95015.000000,NonMono,16,-228792.000000,16.039293,16,-1294.842828,7,[13]=-232158;[14]=-230316;[15]=-229188;[16]=-228792;[17]=-229135;[18]=-230213;[19]=-232035
2335,RECAL 3 0 9999 9999 64 4 80,0,9999,9999,0,64,4,80,484.000000,33,1,Ok,4303.000000,NonMono,18,-231820.000000,18.036587,18,556.146346,29,[4]=-234496;[5]=-234145;[6]=-233823;[7]=-233542;[8]=-233257;[9]=-232982;[10]=-232760;[11]=-232557;[12]=-232358;[13]=-232196;[14]=-232035;[15]=-231947;[16]=-231881;[17]=-231838;[18]=-231820;[19]=-231840;[20]=-231889;[21]=-231960;[22]=-232074;[23]=-232207;[24]=-232411;[25]=-232610;[26]=-232841;[27]=-233129;[28]=-233473;[29]=-233831;[30]=-234201;[31]=-234639;[32]=-235121
2336,RECAL 3 1 9999 556 64 4 80,1,9999,556,0,64,4,80,-2261.000000,33,1,Ok,241136.000000,NonMono,16,-231787.000000,15.983084,16,-2197.067663,5,[14]=-235812;[15]=-232788;[16]=-231787;[17]=-232860;[18]=-235972
2337,RECAL 3 0 9999 9999 64 4 80,0,9999,9999,0,64,4,80,520.000000,33,1,Ok,4535.000000,NonMono,18,-236198.000000,18.157698,18,592.630793,29,[4]=-239033;[5]=-238645;[6]=-238303;[7]=-237987;[8]=-237683;[9]=-237397;[10]=-237159;[11]=-236934;[12]=-236734;[13]=-236576;[14]=-236459;[15]=-236342;[16]=-236253;[17]=-236200;[18]=-236198;[19]=-236220;[20]=-236241;[21]=-236299;[22]=-236420;[23]=-236533;[24]=-236749;[25]=-236954;[26]=-237216;[27]=-237500;[28]=-237832;[29]=-238220;[30]=-238633;[31]=-239086;[32]=-239586
2338,RECAL 3 1 9999 593 64 4 80,1,9999,593,0,64,4,80,-2891.000000,33,1,Ok,259540.000000,NonMono,16,-236176.000000,16.261887,16,-2825.952453,5,[14]=-244520;[15]=-238714;[16]=-236176;[17]=-236982;[18]=-241244
2339,RECAL 3 0 9999 9999 64 4 80,0,9999,9999,0,64,4,80,-2403.000000,33,1,Ok,89771.000000,NonMono,17,-240807.000000,17.011741,17,-2334.953036,9,[13]=-245944;[14]=-243693;[15]=-242089;[16]=-241155;[17]=-240807;[18]=-241131;[19]=-242059;[20]=-243622;[21]=-245827
2340,RECAL 3 1 9999 -2335 64 4 80,1,9999,-2335,0,64,4,80,-2889.000000,33,1,Ok,254947.000000,NonMono,16,-240816.000000,16.333788,16,-2823.664847,5,[14]=-249556;[15]=-243532;[16]=-240816;[17]=-241340;[18]=-245211
2341,RECAL 3 0 9999 9999 64 4 80,0,9999,9999,0,64,4,80,-2412.000000,33,1,Ok,85045.000000,NonMono,16,-236999.000000,16.476651,16,-2346.093395,7,[13]=-240922;[14]=-238942;[15]=-237647;[16]=-236999;[17]=-237022;[18]=-237676;[19]=-239006
2342,RECAL 3 1 9999 -2346 64 4 80,1,9999,-2346,0,64,4,80,-2259.000000,33,1,Ok,234356.000000,NonMono,16,-236937.000000,16.118672,16,-2194.525313,5,[14]=-241416;[15]=-238186;[16]=-236937;[17]=-237718;[18]=-240558
2343,RECAL 3 0 9999 9999 64 4 80,0,9999,9999,0,64,4,80,-2397.000000,33,1,Ok,81052.000000,NonMono,16,-234777.000000,16.145778,16,-2332.416889,7,[13]=-237970;[14]=-236243;[15]=-235180;[16]=-234777;[17]=-234987;[18]=-235850;[19]=-237333
2344,RECAL 3 1 9999 -2332 64 4 80,1,9999,-2332,0,64,4,80,-1355.000000,33,1,Ok,88789.000000,NonMono,16,-234795.000000,15.716271,16,-1292.134915,7,[13]=-237414;[14]=-235822;[15]=-234948;[16]=-234795;[17]=-235351;[18]=-236600;[19]=-238543
2345,RECAL 3 0 9999 9999 64 4 80,0,9999,9999,0,64,4,80,-2486.000000,33,1,Ok,88511.000000,NonMono,16,-234315.000000,15.934186,16,-2422.263257,7,[13]=-237162;[14]=-235558;[15]=-234592;[16]=-234315;[17]=-234691;[18]=-235753;[19]=-237510
2346,RECAL 3 1 9999 -2422 64 4 80,1,9999,-2422,0,64,4,80,1197.000000,33,1,Ok,91266.000000,NonMono,16,-234307.000000,15.628594,16,1259.514376,7,[13]=-236532;[14]=-235134;[15]=-234394;[16]=-234307;[17]=-234896;[18]=-236150;[19]=-238110
2347,RECAL 3 0 9999 9999 64 4 80,0,9999,9999,0,64,4,80,-2406.000000,33,1,Ok,78540.000000,NonMono,16,-233737.000000,15.978433,16,-2342.086268,9,[12]=-238732;[13]=-236533;[14]=-234970;[15]=-234059;[16]=-233737;[17]=-234076;[18]=-235013;[19]=-236596;[20]=-238771
2348,RECAL 3 1 9999 -2342 64 4 80,1,9999,-2342,0,64,4,80,2108.000000,33,1,Ok,228202.000000,NonMono,16,-233739.000000,15.723086,16,2170.892343,5,[14]=-236522;[15]=-234145;[16]=-233739;[17]=-235219;[18]=-238679
2349,RECAL 3 0 9999 9999 64 4 80,0,9999,9999,0,64,4,80,-2442.000000,33,1,Ok,85386.000000,NonMono,17,-240711.000000,16.882638,17,-2374.469448,7,[14]=-243266;[15]=-241824;[16]=-240955;[17]=-240711;[18]=-241123;[19]=-242108;[20]=-243743
2350,RECAL 3 1 9999 -2374 64 4 80,1,9999,-2374,0,64,4,80,2741.000000,33,1,Ok,255098.000000,NonMono,15,-240669.000000,15.484433,15,2802.937731,17,[7]=-356878;[8]=-330777;[9]=-307998;[10]=-288475;[11]=-272367;[12]=-259673;[13]=-250138;[14]=-243785;[15]=-240669;[16]=-240713;[17]=-243869;[18]=-250132;[19]=-259281;[20]=-271479;[21]=-286526;[22]=-304353;[23]=-324662
2351,RECAL 3 0 9999 9999 64 4 80,0,9999,9999,0,64,4,80,2338.000000,33,1,Ok,93526.000000,NonMono,16,-233040.000000,16.180920,16,2402.723680,7,[13]=-236531;[14]=-234664;[15]=-233516;[16]=-233040;[17]=-233270;[18]=-234158;[19]=-235772
2352,RECAL 3 1 9999 2403 64 4 80,1,9999,2403,0,64,4,80,-2907.000000,33,1,Ok,260500.000000,NonMono,16,-232975.000000,15.870931,16,-2843.516276,5,[14]=-238485;[15]=-234129;[16]=-232975;[17]=-234961;[18]=-240202
2353,RECAL 3 0 9999 9999 64 4 80,0,9999,9999,0,64,4,80,2249.000000,33,1,Ok,94548.000000,NonMono,16,-230582.000000,16.006161,16,2313.024645,7,[13]=-233537;[14]=-231916;[15]=-230906;[16]=-230582;[17]=-230913;[18]=-231925;[19]=-233630
2354,RECAL 3 1 9999 2313 64 4 80,1,9999,2313,0,64,4,80,-2261.000000,33,1,Ok,223273.000000,NonMono,16,-230580.000000,15.859228,16,-2197.563087,5,[14]=-234022;[15]=-231319;[16]=-230580;[17]=-231869;[18]=-235077
2355,RECAL 3 0 9999 9999 64 4 80,0,9999,9999,0,64,4,80,2327.000000,33,1,Ok,96624.000000,NonMono,16,-227523.000000,16.283775,16,2392.135101,7,[13]=-231489;[14]=-229433;[15]=-228122;[16]=-227523;[17]=-227700;[18]=-228596;[19]=-230229
2356,RECAL 3 1 9999 2392 64 4 80,1,9999,2392,0,64,4,80,-1326.000000,33,1,Ok,82454.000000,NonMono,16,-227517.000000,15.857068,16,-1262.571726,7,[13]=-230266;[14]=-228669;[15]=-227739;[16]=-227517;[17]=-227943;[18]=-229019;[19]=-230774
2357,RECAL 3 0 9999 9999 64 4 80,0,9999,9999,0,64,4,80,2317.000000,33,1,Ok,100293.000000,NonMono,16,-228788.000000,15.837767,16,2380.351068,7,[13]=-231654;[14]=-229999;[15]=-229026;[16]=-228788;[17]=-229271;[18]=-230468;[19]=-232393
2358,RECAL 3 1 9999 2380 64 4 80,1,9999,2380,0,64,4,80,1279.000000,33,1,Ok,120171.000000,NonMono,15,-228308.000000,14.861740,15,1338.446960,7,[12]=-231222;[13]=-229541;[14]=-228571;[15]=-228308;[16]=-228789;[17]=-229971;[18]=-231955
2359,RECAL 3 0 9999 9999 64 4 80,0,9999,9999,0,64,4,80,2298.000000,33,1,Ok,92441.000000,NonMono,16,-231727.000000,15.960992,16,2361.843968,7,[13]=-234617;[14]=-233010;[15]=-232021;[16]=-231727;[17]=-232095;[18]=-233106;[19]=-234808
2360,RECAL 3 1 9999 2362 64 4 80,1,9999,2362,0,64,4,80,2184.000000,33,1,Ok,254083.000000,NonMono,15,-231652.000000,15.479203,15,2245.916813,5,[13]=-237251;[14]=-233543;[15]=-231652;[16]=-231708;[17]=-233762
2361,RECAL 3 0 9999 9999 64 4 80,0,9999,9999,0,64,4,80,2285.000000,33,1,Ok,84670.000000,NonMono,17,-237670.000000,16.705512,17,2351.822049,7,[14]=-239845;[15]=-238517;[16]=-237777;[17]=-237670;[18]=-238161;[19]=-239222;[20]=-240957
2362,RECAL 3 1 9999 2352 64 4 80,1,9999,2352,0,64,4,80,2819.000000,33,1,Ok,258107.000000,NonMono,16,-237606.000000,15.749960,16,2881.999838,5,[14]=-241912;[15]=-238311;[16]=-237606;[17]=-239801;[18]=-245039
2363,RECAL 3 0 9999 9999 64 4 80,0,9999,9999,0,64,4,80,-327.000000,33,0,ParabolaNotDownward,1327.000000,Flat,20,-245451.000000,,,,0,
2364,RECAL 3 0 9999 9999 200 4 80,0,9999,9999,0,200,4,80,-463.000000,101,1,Ok,14465.000000,NonMono,54,-245442.000000,54.266959,54,-245.932166,33,[38]=-246238;[39]=-246149;[40]=-246048;[41]=-245957;[42]=-245880;[43]=-245797;[44]=-245735;[45]=-245689;[46]=-245636;[47]=-245590;[48]=-245548;[49]=-245518;[50]=-245498;[51]=-245484;[52]=-245459;[53]=-245446;[54]=-245442;[55]=-245452;[56]=-245458;[57]=-245464;[58]=-245471;[59]=-245500;[60]=-245514;[61]=-245555;[62]=-245571;[63]=-245602;[64]=-245645;[65]=-245677;[66]=-245711;[67]=-245758;[68]=-245796;[69]=-245842;[70]=-245892
2365,RECAL 3 0 9999 -246 64 4 80,0,9999,-246,0,64,4,80,-310.000000,33,0,ParabolaNotDownward,781.000000,Flat,15,-245429.000000,,,,0,
2366,RECAL 3 1 9999 -245 64 4 80,1,9999,-245,0,64,4,80,2778.000000,33,1,Ok,250788.000000,NonMono,15,-244935.000000,15.331169,15,2839.324675,5,[13]=-252811;[14]=-247418;[15]=-244935;[16]=-245453;[17]=-249033
2367,RECAL 3 0 9999 9999 64 4 80,0,9999,9999,0,64,4,80,-147.000000,33,0,ParabolaNotDownward,830.000000,Flat,32,-233300.000000,,,,0,
2368,RECAL 3 0 9999 9999 200 4 80,0,9999,9999,0,200,4,80,-283.000000,101,0,VertexOutOfRange,6511.000000,NonMono,99,-233178.000000,,,,27,[83]=-233264;[84]=-233264;[85]=-233260;[86]=-233250;[87]=-233243;[88]=-233251;[89]=-233246;[90]=-233229;[91]=-233224;[92]=-233219;[93]=-233201;[94]=-233203;[95]=-233199;[96]=-233197;[97]=-233182;[98]=-233179;[99]=-233178;[100]=-233180;[101]=6.85315e-310;[102]=1.91991e-305;[103]=4.66629e-62;[104]=1.05751e+141;[105]=2.11061e-52;[106]=5.4228e-67;[107]=2.64782e-61;[109]=4.1529e-13;[111]=4.41852e-62
2369,RECAL 3 0 9999 -483 200 4 80,0,9999,-483,0,200,4,80,-683.000000,101,0,ParabolaNotDownward,183068.000000,StrictInc,100,-239703.000000,,,,0,
2370,RECAL 3 0 9999 317 200 4 80,0,9999,317,0,200,4,80,117.000000,101,0,ParabolaNotDownward,47353.000000,NonMono,0,-233185.000000,,,,43,[0]=-233185;[1]=-233185;[2]=-233193;[3]=-233205;[4]=-233206;[5]=-233213;[6]=-233198;[7]=-233234;[8]=-233221;[9]=-233248;[10]=-233255;[11]=-233270;[12]=-233292;[13]=-233347;[14]=-233359;[15]=-233396;[16]=-233424;[17]=-233460;[18]=-233511;[19]=-233550;[20]=-233599;[21]=-233665;[22]=-233726;[23]=-233786;[24]=-233845;[25]=-233915;[26]=-234001;[27]=-234091;[28]=-234181;[29]=-234268;[30]=-234388;[31]=-234487;[32]=-234616;[33]=-234737;[34]=-234888;[35]=-235031;[36]=-235183;[37]=-235345;[38]=-235515;[39]=-235689;[40]=-235886;[41]=-236063;[42]=-236288
2371,RECAL 3 1 9999 -463 64 4 80,1,9999,-463,0,64,4,80,2131.000000,33,1,Ok,218740.000000,NonMono,15,-270417.000000,15.052404,15,2191.209616,5,[13]=-274484;[14]=-271517;[15]=-270417;[16]=-271332;[17]=-274242
2372,RECAL 3 0 9999 9999 64 4 80,0,9999,9999,0,64,4,80,284.000000,33,0,ParabolaNotDownward,1640.000000,Flat,18,-232665.000000,,,,0,
2373,RECAL 3 0 9999 9999 200 4 80,0,9999,9999,0,200,4,80,148.000000,101,1,Ok,24782.000000,NonMono,52,-232654.000000,52.060116,52,356.240464,41,[32]=-234660;[33]=-234474;[34]=-234332;[35]=-234174;[36]=-234031;[37]=-233860;[38]=-233725;[39]=-233581;[40]=-233468;[41]=-233335;[42]=-233226;[43]=-233124;[44]=-233039;[45]=-232961;[46]=-232862;[47]=-232791;[48]=-232750;[49]=-232706;[50]=-232680;[51]=-232661;[52]=-232654;[53]=-232686;[54]=-232695;[55]=-232721;[56]=-232768;[57]=-232832;[58]=-232916;[59]=-232998;[60]=-233101;[61]=-233225;[62]=-233368;[63]=-233529;[64]=-233712;[65]=-233887;[66]=-234095;[67]=-234336;[68]=-234594;[69]=-234860;[70]=-235198;[71]=-235512;[72]=-235861
2374,RECAL 3 0 9999 356 64 4 80,0,9999,356,0,64,4,80,292.000000,33,0,ParabolaNotDownward,1947.000000,Flat,15,-232648.000000,,,,0,
2375,RECAL 3 1 9999 356 64 4 80,1,9999,356,0,64,4,80,1191.000000,33,1,Ok,98992.000000,NonMono,15,-232668.000000,15.496443,15,1252.985772,7,[12]=-236460;[13]=-234566;[14]=-233326;[15]=-232668;[16]=-232674;[17]=-233337;[18]=-234696
2376,RECAL 3 0 9999 9999 64 4 80,0,9999,9999,0,64,4,80,348.000000,33,0,ParabolaNotDownward,2306.000000,Flat,17,-229499.000000,,,,0,
2377,RECAL 3 0 9999 9999 200 4 80,0,9999,9999,0,200,4,80,212.000000,101,1,Ok,34507.000000,NonMono,52,-229512.000000,51.447295,51,417.789181,35,[35]=-231564;[36]=-231325;[37]=-231144;[38]=-230918;[39]=-230726;[40]=-230552;[41]=-230378;[42]=-230244;[43]=-230108;[44]=-229970;[45]=-229862;[46]=-229760;[47]=-229677;[48]=-229622;[49]=-229573;[50]=-229543;[51]=-229516;[52]=-229512;[53]=-229533;[54]=-229575;[55]=-229622;[56]=-229701;[57]=-229810;[58]=-229931;[59]=-230076;[60]=-230228;[61]=-230433;[62]=-230634;[63]=-230881;[64]=-231158;[65]=-231458;[66]=-231765;[67]=-232116;[68]=-232480;[69]=-232886
2378,RECAL 3 0 9999 418 64 4 80,0,9999,418,0,64,4,80,354.000000,33,0,ParabolaNotDownward,2795.000000,Flat,17,-229509.000000,,,,0,
2379,RECAL 3 1 9999 418 64 4 80,1,9999,418,0,64,4,80,-1410.000000,33,1,Ok,97010.000000,NonMono,16,-229489.000000,15.720571,16,-1347.117716,7,[13]=-232231;[14]=-230570;[15]=-229656;[16]=-229489;[17]=-230063;[18]=-231423;[19]=-233499
2380,RECAL 3 0 9999 9999 64 4 80,0,9999,9999,0,64,4,80,-563.000000,33,1,Ok,4322.000000,NonMono,18,-231574.000000,17.472232,17,-493.111073,17,[10]=-232297;[11]=-232122;[12]=-231954;[13]=-231829;[14]=-231745;[15]=-231673;[16]=-231605;[17]=-231579;[18]=-231574;[19]=-231608;[20]=-231647;[21]=-231735;[22]=-231835;[23]=-231936;[24]=-232080;[25]=-232232;[26]=-232403
2381,RECAL 3 1 9999 -493 64 4 80,1,9999,-493,0,64,4,80,-2311.000000,33,1,Ok,231368.000000,NonMono,16,-231538.000000,15.707945,16,-2248.168222,5,[14]=-234398;[15]=-231953;[16]=-231538;[17]=-233127;[18]=-236728
2382,RECAL 3 0 9999 9999 64 4 80,0,9999,9999,0,64,4,80,416.000000,33,1,Ok,3105.000000,NonMono,18,-234808.000000,18.152446,18,488.609785,17,[10]=-235488;[11]=-235320;[12]=-235184;[13]=-235083;[14]=-234984;[15]=-234918;[16]=-234855;[17]=-234827;[18]=-234808;[19]=-234824;[20]=-234844;[21]=-234898;[22]=-234969;[23]=-235063;[24]=-235176;[25]=-235344;[26]=-235505
2383,RECAL 3 1 9999 489 64 4 80,1,9999,489,0,64,4,80,-2945.000000,33,1,Ok,259058.000000,NonMono,16,-234778.000000,16.049282,16,-2880.802871,5,[14]=-241544;[15]=-236536;[16]=-234778;[17]=-236218;[18]=-240909
2384,RECAL 3 0 9999 9999 64 4 80,0,9999,9999,0,64,4,80,-2375.000000,33,1,Ok,95800.000000,NonMono,16,-238540.000000,16.342220,16,-2309.631118,7,[13]=-242368;[14]=-240398;[15]=-239129;[16]=-238540;[17]=-238661;[18]=-239441;[19]=-240909
2385,RECAL 3 1 9999 -2310 64 4 80,1,9999,-2310,0,64,4,80,-2914.000000,33,1,Ok,256076.000000,NonMono,16,-238486.000000,15.735285,16,-2851.058861,5,[14]=-243136;[15]=-239233;[16]=-238486;[17]=-240901;[18]=-246457
2386,RECAL 3 0 9999 9999 64 4 80,0,9999,9999,0,64,4,80,-2451.000000,33,1,Ok,100763.000000,NonMono,15,-233700.000000,15.386382,15,-2389.454470,7,[12]=-237897;[13]=-235710;[14]=-234340;[15]=-233700;[16]=-233764;[17]=-234549;[18]=-236062
2387,RECAL 3 1 9999 -2389 64 4 80,1,9999,-2389,0,64,4,80,-2273.000000,33,1,Ok,231813.000000,NonMono,16,-233638.000000,15.836061,16,-2209.655756,5,[14]=-236878;[15]=-234288;[16]=-233638;[17]=-234947;[18]=-238278
2388,RECAL 3 0 9999 9999 64 4 80,0,9999,9999,0,64,4,80,-2380.000000,33,1,Ok,98061.000000,NonMono,16,-232725.000000,16.270970,16,-2314.916121,7,[13]=-236516;[14]=-234524;[15]=-233292;[16]=-232725;[17]=-232878;[18]=-233769;[19]=-235326
2389,RECAL 3 1 9999 -2315 64 4 80,1,9999,-2315,0,64,4,80,-1350.000000,33,1,Ok,97245.000000,NonMono,15,-232367.000000,15.021700,15,-1289.913202,7,[12]=-235585;[13]=-233807;[14]=-232742;[15]=-232367;[16]=-232696;[17]=-233732;[18]=-235408
2390,RECAL 3 0 9999 9999 64 4 80,0,9999,9999,0,64,4,80,-2388.000000,33,1,Ok,92008.000000,NonMono,16,-232020.000000,15.768752,16,-2324.924991,7,[13]=-234689;[14]=-233096;[15]=-232219;[16]=-232020;[17]=-232533;[18]=-233744;[19]=-235641
2391,RECAL 3 1 9999 -2325 64 4 80,1,9999,-2325,0,64,4,80,1250.000000,33,1,Ok,108526.000000,NonMono,15,-231835.000000,15.258555,15,1311.034221,7,[12]=-235546;[13]=-233609;[14]=-232362;[15]=-231835;[16]=-231993;[17]=-232884;[18]=-234451
2392,RECAL 3 0 9999 9999 64 4 80,0,9999,9999,0,64,4,80,-2409.000000,33,1,Ok,94836.000000,NonMono,16,-237025.000000,16.385626,16,-2343.457496,7,[13]=-240805;[14]=-238857;[15]=-237624;[16]=-237025;[17]=-237099;[18]=-237832;[19]=-239232
2393,RECAL 3 1 9999 -2343 64 4 80,1,9999,-2343,0,64,4,80,2162.000000,33,1,Ok,251780.000000,NonMono,15,-236710.000000,15.364899,15,2223.459596,5,[13]=-241858;[14]=-238355;[15]=-236710;[16]=-236972;[17]=-239200
2394,RECAL 3 0 9999 9999 64 4 80,0,9999,9999,0,64,4,80,-2423.000000,33,1,Ok,84798.000000,NonMono,16,-240378.000000,15.760199,16,-2359.959203,7,[13]=-242650;[14]=-241315;[15]=-240532;[16]=-240378;[17]=-240820;[18]=-241887;[19]=-243503
2395,RECAL 3 1 9999 -2360 64 4 80,1,9999,-2360,0,64,4,80,2802.000000,33,1,Ok,255724.000000,NonMono,16,-240312.000000,15.763879,16,2865.055516,5,[14]=-244612;[15]=-241048;[16]=-240312;[17]=-242426;[18]=-247507
2396,RECAL 3 0 9999 9999 64 4 80,0,9999,9999,0,64,4,80,2216.000000,33,1,Ok,87450.000000,NonMono,16,-238401.000000,15.839450,16,2279.357799,7,[13]=-240910;[14]=-239438;[15]=-238623;[16]=-238401;[17]=-238818;[18]=-239869;[19]=-241577
2397,RECAL 3 1 9999 2279 64 4 80,1,9999,2279,0,64,4,80,-2895.000000,33,1,Ok,257068.000000,NonMono,15,-238187.000000,15.490449,15,-2833.038204,17,[7]=-350531;[8]=-325945;[9]=-304179;[10]=-285279;[11]=-269562;[12]=-256966;[13]=-247532;[14]=-241274;[15]=-238187;[16]=-238292;[17]=-241546;[18]=-247873;[19]=-257320;[20]=-269643;[21]=-285138;[22]=-303679;[23]=-325117
2398,RECAL 3 0 9999 9999 64 4 80,0,9999,9999,0,64,4,80,2206.000000,33,1,Ok,88290.000000,NonMono,16,-231765.000000,16.021189,16,2270.084756,9,[12]=-236969;[13]=-234713;[14]=-233094;[15]=-232116;[16]=-231765;[17]=-232089;[18]=-233061;[19]=-234678;[20]=-236988
2399,RECAL 3 1 9999 2270 64 4 80,1,9999,2270,0,64,4,80,-2260.000000,33,1,Ok,239882.000000,NonMono,15,-231478.000000,15.351035,15,-2198.595859,5,[13]=-236834;[14]=-233163;[15]=-231478;[16]=-231771;[17]=-234051
2400,RECAL 3 0 9999 9999 64 4 80,0,9999,9999,0,64,4,80,2110.000000,33,1,Ok,89622.000000,NonMono,15,-228348.000000,15.352881,15,2171.411525,7,[12]=-231695;[13]=-229959;[14]=-228867;[15]=-228348;[16]=-228438;[17]=-229115;[18]=-230433
2401,RECAL 3 1 9999 2171 64 4 80,1,9999,2171,0,64,4,80,-1348.000000,33,1,Ok,87045.000000,NonMono,15,-228240.000000,15.404323,15,-1286.382706,7,[12]=-232259;[13]=-230205;[14]=-228869;[15]=-228240;[16]=-228297;[17]=-229060;[18]=-230474
2402,RECAL 3 0 9999 9999 64 4 80,0,9999,9999,0,64,4,80,2204.000000,33,1,Ok,90791.000000,NonMono,16,-224912.000000,15.992280,16,2267.969120,7,[13]=-227895;[14]=-226223;[15]=-225233;[16]=-224912;[17]=-225234;[18]=-226261;[19]=-227954
2403,RECAL 3 1 9999 2268 64 4 80,1,9999,2268,0,64,4,80,1232.000000,33,1,Ok,107603.000000,NonMono,14,-224163.000000,14.474234,14,1289.896935,7,[11]=-228339;[12]=-226247;[13]=-224863;[14]=-224163;[15]=-224193;[16]=-224914;[17]=-226333
2404,RECAL 3 0 9999 9999 64 4 80,0,9999,9999,0,64,4,80,2165.000000,33,1,Ok,91578.000000,NonMono,16,-227113.000000,15.701705,16,2227.806822,7,[13]=-229443;[14]=-228041;[15]=-227241;[16]=-227113;[17]=-227628;[18]=-228814;[19]=-230606
2405,RECAL 3 1 9999 2228 64 4 80,1,9999,2228,0,64,4,80,2143.000000,33,1,Ok,242710.000000,NonMono,15,-226189.000000,15.057703,15,2203.230812,5,[13]=-230418;[14]=-227299;[15]=-226189;[16]=-227067;[17]=-229945
2406,RECAL 3 0 9999 9999 64 4 80,0,9999,9999,0,64,4,80,2176.000000,33,1,Ok,88928.000000,NonMono,16,-232060.000000,15.933108,16,2239.732432,7,[13]=-234743;[14]=-233229;[15]=-232321;[16]=-232060;[17]=-232416;[18]=-233421;[19]=-235091
2407,RECAL 3 1 9999 2240 64 4 80,1,9999,2240,0,64,4,80,2778.000000,33,1,Ok,262948.000000,NonMono,15,-231478.000000,15.317387,15,2839.269548,5,[13]=-240156;[14]=-234143;[15]=-231478;[16]=-232057;[17]=-235816
2408,RECAL 3 0 9999 9999 64 4 80,0,9999,9999,0,64,4,80,-898.000000,33,1,Ok,9565.000000,NonMono,15,-232932.000000,14.757034,15,-838.971863,21,[5]=-236395;[6]=-235724;[7]=-235089;[8]=-234552;[9]=-234106;[10]=-233750;[11]=-233435;[12]=-233176;[13]=-233035;[14]=-232948;[15]=-232932;[16]=-232979;[17]=-233085;[18]=-233297;[19]=-233542;[20]=-233858;[21]=-234241;[22]=-234673;[23]=-235176;[24]=-235758;[25]=-236387
2409,RECAL 3 1 9999 -839 64 4 80,1,9999,-839,0,64,4,80,2812.000000,33,1,Ok,261430.000000,NonMono,16,-232914.000000,15.580689,16,2874.322756,5,[14]=-236674;[15]=-233146;[16]=-232914;[17]=-235872;[18]=-242126
2410,RECAL 3 0 9999 9999 64 4 80,0,9999,9999,0,64,4,80,-913.000000,33,1,Ok,11262.000000,NonMono,16,-234014.000000,16.095800,16,-848.616801,19,[7]=-237490;[8]=-236748;[9]=-236107;[10]=-235539;[11]=-235068;[12]=-234680;[13]=-234388;[14]=-234176;[15]=-234066;[16]=-234014;[17]=-234036;[18]=-234129;[19]=-234331;[20]=-234602;[21]=-234944;[22]=-235359;[23]=-235822;[24]=-236399;[25]=-237031
2411,RECAL 3 1 9999 -849 64 4 80,1,9999,-849,0,64,4,80,2190.000000,33,1,Ok,246679.000000,NonMono,15,-232801.000000,14.900158,15,2249.600631,5,[13]=-236558;[14]=-233623;[15]=-232801;[16]=-234019;[17]=-237260
2412,RECAL 3 0 9999 9999 64 4 80,0,9999,9999,0,64,4,80,-784.000000,33,1,Ok,8129.000000,NonMono,16,-230840.000000,16.075829,16,-719.696685,21,[6]=-233914;[7]=-233325;[8]=-232780;[9]=-232330;[10]=-231935;[11]=-231610;[12]=-231336;[13]=-231139;[14]=-230960;[15]=-230875;[16]=-230840;[17]=-230876;[18]=-230943;[19]=-231074;[20]=-231293;[21]=-231515;[22]=-231829;[23]=-232193;[24]=-232583;[25]=-233035;[26]=-233550
2413,RECAL 3 1 9999 -720 64 4 80,1,9999,-720,0,64,4,80,1309.000000,33,1,Ok,114768.000000,NonMono,15,-230149.000000,14.586010,15,1367.344042,7,[12]=-232635;[13]=-231025;[14]=-230217;[15]=-230149;[16]=-230819;[17]=-232313;[18]=-234522
2414,RECAL 3 0 9999 9999 64 4 80,0,9999,9999,0,64,4,80,-1045.000000,33,1,Ok,15664.000000,NonMono,16,-230676.000000,15.861344,16,-981.554623,17,[8]=-234404;[9]=-233529;[10]=-232747;[11]=-232110;[12]=-231565;[13]=-231155;[14]=-230878;[15]=-230708;[16]=-230676;[17]=-230744;[18]=-230946;[19]=-231248;[20]=-231670;[21]=-232190;[22]=-232814;[23]=-233560;[24]=-234393
2415,RECAL 3 1 9999 -982 64 4 80,1,9999,-982,0,64,4,80,-1265.000000,33,1,Ok,75438.000000,NonMono,15,-230436.000000,15.116110,15,-1204.535559,9,[11]=-235530;[12]=-233334;[13]=-231795;[14]=-230801;[15]=-230436;[16]=-230678;[17]=-231469;[18]=-232831;[19]=-234725
2416,RECAL 3 0 9999 9999 64 4 80,0,9999,9999,0,64,4,80,-782.000000,33,1,Ok,8084.000000,NonMono,17,-237737.000000,16.709361,17,-715.162557,23,[6]=-240971;[7]=-240381;[8]=-239831;[9]=-239378;[10]=-238987;[11]=-238628;[12]=-238322;[13]=-238086;[14]=-237946;[15]=-237825;[16]=-237760;[17]=-237737;[18]=-237796;[19]=-237886;[20]=-238017;[21]=-238214;[22]=-238462;[23]=-238738;[24]=-239063;[25]=-239436;[26]=-239867;[27]=-240366;[28]=-240878
2417,RECAL 3 1 9999 -715 64 4 80,1,9999,-715,0,64,4,80,-2215.000000,33,1,Ok,222437.000000,NonMono,16,-237726.000000,15.624019,16,-2152.503924,5,[14]=-240040;[15]=-237944;[16]=-237726;[17]=-239331;[18]=-242790
2418,RECAL 3 0 9999 9999 64 4 80,0,9999,9999,0,64,4,80,-774.000000,33,1,Ok,8139.000000,NonMono,18,-242117.000000,18.286305,18,-700.854779,25,[6]=-245619;[7]=-245050;[8]=-244518;[9]=-244046;[10]=-243645;[11]=-243285;[12]=-242997;[13]=-242740;[14]=-242524;[15]=-242355;[16]=-242231;[17]=-242145;[18]=-242117;[19]=-242121;[20]=-242164;[21]=-242252;[22]=-242395;[23]=-242574;[24]=-242806;[25]=-243055;[26]=-243337;[27]=-243645;[28]=-244041;[29]=-244461;[30]=-244910
2419,RECAL 3 1 9999 -701 64 4 80,1,9999,-701,0,64,4,80,-2860.000000,33,1,Ok,253661.000000,NonMono,16,-242093.000000,15.692801,16,-2797.228796,5,[14]=-246298;[15]=-242667;[16]=-242093;[17]=-244525;[18]=-249991
2420,RECAL 3 0 9999 9999 64 4 80,0,9999,9999,0,64,4,80,-2507.000000,33,1,Ok,88485.000000,NonMono,16,-247241.000000,16.348763,16,-2441.604946,7,[13]=-250892;[14]=-249009;[15]=-247819;[16]=-247241;[17]=-247340;[18]=-248106;[19]=-249489
2421,RECAL 3 1 9999 -2442 64 4 80,1,9999,-2442,0,64,4,80,-2895.000000,33,1,Ok,248596.000000,NonMono,16,-247175.000000,15.621850,16,-2832.512599,5,[14]=-250897;[15]=-247538;[16]=-247175;[17]=-249754;[18]=-255225
2422,RECAL 3 0 9999 9999 64 4 80,0,9999,9999,0,64,4,80,-2514.000000,33,1,Ok,92546.000000,NonMono,16,-239133.000000,16.308398,16,-2448.766408,7,[13]=-242878;[14]=-240943;[15]=-239678;[16]=-239133;[17]=-239263;[18]=-240092;[19]=-241668
2423,RECAL 3 1 9999 -2449 64 4 80,1,9999,-2449,0,64,4,80,-2261.000000,33,1,Ok,224419.000000,NonMono,16,-239098.000000,15.665780,16,-2198.336879,5,[14]=-241577;[15]=-239424;[16]=-239098;[17]=-240649;[18]=-243992
2424,RECAL 3 0 9999 9999 64 4 80,0,9999,9999,0,64,4,80,-2601.000000,33,1,Ok,101512.000000,NonMono,16,-236206.000000,16.196513,16,-2536.213947,7,[13]=-240091;[14]=-238038;[15]=-236746;[16]=-236206;[17]=-236445;[18]=-237448;[19]=-239227
2425,RECAL 3 1 9999 -2536 64 4 80,1,9999,-2536,0,64,4,80,-1348.000000,33,1,Ok,83505.000000,NonMono,15,-235895.000000,15.007062,15,-1287.971751,9,[11]=-241169;[12]=-238825;[13]=-237200;[14]=-236217;[15]=-235895;[16]=-236196;[17]=-237159;[18]=-238743;[19]=-240974
2426,RECAL 3 0 9999 9999 64 4 80,0,9999,9999,0,64,4,80,-2517.000000,33,1,Ok,94474.000000,NonMono,16,-232591.000000,16.123179,16,-2452.507284,7,[13]=-236161;[14]=-234223;[15]=-233057;[16]=-232591;[17]=-232861;[18]=-233863;[19]=-235574
2427,RECAL 3 1 9999 -2453 64 4 80,1,9999,-2453,0,64,4,80,1227.000000,33,1,Ok,89257.000000,NonMono,15,-232540.000000,15.430072,15,1288.720288,7,[12]=-236392;[13]=-234425;[14]=-233161;[15]=-232540;[16]=-232586;[17]=-233279;[18]=-234625
2428,RECAL 3 0 9999 9999 64 4 80,0,9999,9999,0,64,4,80,-2552.000000,33,1,Ok,98349.000000,NonMono,16,-232510.000000,16.243772,16,-2487.024912,7,[13]=-236330;[14]=-234309;[15]=-233074;[16]=-232510;[17]=-232698;[18]=-233621;[19]=-235288
2429,RECAL 3 1 9999 -2487 64 4 80,1,9999,-2487,0,64,4,80,2141.000000,33,1,Ok,236443.000000,NonMono,15,-232061.000000,15.284543,15,2202.138172,5,[13]=-236966;[14]=-233551;[15]=-232061;[16]=-232465;[17]=-234741
2430,RECAL 3 0 9999 9999 64 4 80,0,9999,9999,0,64,4,80,-2544.000000,33,1,Ok,96007.000000,NonMono,16,-235778.000000,15.921718,16,-2480.313128,7,[13]=-238836;[14]=-237113;[15]=-236075;[16]=-235778;[17]=-236196;[18]=-237346;[19]=-239217
2431,RECAL 3 1 9999 -2480 64 4 80,1,9999,-2480,0,64,4,80,2775.000000,33,1,Ok,258913.000000,NonMono,15,-235263.000000,15.343820,15,2836.375278,5,[13]=-243735;[14]=-237909;[15]=-235263;[16]=-235747;[17]=-239299
2432,RECAL 3 0 9999 9999 64 4 80,0,9999,9999,0,64,4,80,2468.000000,33,1,Ok,96533.000000,NonMono,16,-230853.000000,16.101075,16,2532.404300,7,[13]=-234094;[14]=-232360;[15]=-231281;[16]=-230853;[17]=-231141;[18]=-232144;[19]=-233872
2433,RECAL 3 1 9999 2532 64 4 80,1,9999,2532,0,64,4,80,-2965.000000,33,1,Ok,263583.000000,NonMono,16,-230773.000000,15.970788,16,-2901.116846,5,[14]=-236960;[15]=-232291;[16]=-230773;[17]=-232490;[18]=-237428
2434,RECAL 3 0 9999 9999 64 4 80,0,9999,9999,0,64,4,80,2376.000000,33,1,Ok,94522.000000,NonMono,16,-228480.000000,15.577654,16,2438.310616,7,[13]=-230555;[14]=-229232;[15]=-228530;[16]=-228480;[17]=-229107;[18]=-230368;[19]=-232357
2435,RECAL 3 1 9999 2438 64 4 80,1,9999,2438,0,64,4,80,-2313.000000,33,1,Ok,226807.000000,NonMono,16,-228424.000000,15.769402,16,-2249.922391,5,[14]=-231337;[15]=-228930;[16]=-228424;[17]=-229801;[18]=-233071
2436,RECAL 3 0 9999 9999 64 4 80,0,9999,9999,0,64,4,80,2366.000000,33,1,Ok,96923.000000,NonMono,15,-226019.000000,15.392119,15,2427.568475,7,[12]=-229681;[13]=-227822;[14]=-226599;[15]=-226019;[16]=-226091;[17]=-226820;[18]=-228230
2437,RECAL 3 1 9999 2428 64 4 80,1,9999,2428,0,64,4,80,-1342.000000,33,1,Ok,75705.000000,NonMono,16,-226003.000000,15.523349,16,-1279.906604,7,[13]=-227823;[14]=-226617;[15]=-226016;[16]=-226003;[17]=-226571;[18]=-227729;[19]=-229462
2438,RECAL 3 0 9999 9999 64 4 80,0,9999,9999,0,64,4,80,2459.000000,33,1,Ok,100169.000000,NonMono,16,-227730.000000,15.920370,16,2522.681481,7,[13]=-230647;[14]=-228995;[15]=-228010;[16]=-227730;[17]=-228137;[18]=-229254;[19]=-231130
2439,RECAL 3 1 9999 2523 64 4 80,1,9999,2523,0,64,4,80,1325.000000,33,1,Ok,103531.000000,NonMono,15,-227238.000000,14.828502,15,1384.314008,7,[12]=-230013;[13]=-228396;[14]=-227469;[15]=-227238;[16]=-227723;[17]=-228875;[18]=-230768
2440,RECAL 3 0 9999 9999 64 4 80,0,9999,9999,0,64,4,80,2448.000000,33,1,Ok,99069.000000,NonMono,16,-227047.000000,15.856088,16,2511.424354,7,[13]=-229753;[14]=-228208;[15]=-227291;[16]=-227047;[17]=-227496;[18]=-228639;[19]=-230484
2441,RECAL 3 1 9999 2511 64 4 80,1,9999,2511,0,64,4,80,2249.000000,33,1,Ok,239073.000000,NonMono,15,-226328.000000,15.133310,15,2309.533238,5,[13]=-230751;[14]=-227556;[15]=-226328;[16]=-227036;[17]=-229722
2442,RECAL 3 0 9999 9999 64 4 80,0,9999,9999,0,64,4,80,2436.000000,33,1,Ok,88114.000000,NonMono,16,-232087.000000,16.404542,16,2501.618168,7,[13]=-235711;[14]=-233881;[15]=-232681;[16]=-232087;[17]=-232149;[18]=-232879;[19]=-234228
2443,RECAL 3 1 9999 2502 64 4 80,1,9999,2502,0,64,4,80,2886.000000,33,1,Ok,262464.000000,NonMono,15,-231986.000000,15.488446,15,2947.953783,17,[7]=-349805;[8]=-323506;[9]=-300493;[10]=-280673;[11]=-264295;[12]=-251299;[13]=-241577;[14]=-235118;[15]=-231986;[16]=-232025;[17]=-235260;[18]=-241661;[19]=-251168;[20]=-263681;[21]=-279239;[22]=-297760;[23]=-319232
2444,RECAL 3 0 9999 9999 64 4 80,0,9999,9999,0,64,4,80,-74.000000,33,0,ParabolaNotDownward,119.000000,Flat,2,-235219.000000,,,,0,
2445,RECAL 3 0 9999 9999 200 4 80,0,9999,9999,0,200,4,80,-210.000000,101,0,ParabolaNotDownward,1392.000000,Flat,35,-235165.000000,,,,0,
2446,RECAL 3 0 9999 -410 200 4 80,0,9999,-410,0,200,4,80,-610.000000,101,0,ParabolaNotDownward,66085.000000,StrictInc,100,-235790.000000,,,,0,
2447,RECAL 3 0 9999 390 200 4 80,0,9999,390,0,200,4,80,190.000000,101,0,ParabolaNotDownward,73390.000000,StrictDec,0,-236542.000000,,,,23,[0]=-236542;[1]=-236632;[2]=-236721;[3]=-236816;[4]=-236909;[5]=-237013;[6]=-237130;[7]=-237257;[8]=-237360;[9]=-237500;[10]=-237625;[11]=-237778;[12]=-237909;[13]=-238066;[14]=-238222;[15]=-238394;[16]=-238558;[17]=-238725;[18]=-238909;[19]=-239110;[20]=-239324;[21]=-239527;[22]=-239733
2448,RECAL 3 1 9999 -389 64 4 80,1,9999,-389,0,64,4,80,2854.000000,33,1,Ok,249841.000000,NonMono,15,-244843.000000,15.302351,15,2915.209405,5,[13]=-252912;[14]=-247310;[15]=-244843;[16]=-245441;[17]=-249008
2449,RECAL 3 0 9999 9999 64 4 80,0,9999,9999,0,64,4,80,141.000000,33,0,ParabolaNotDownward,647.000000,Flat,16,-231831.000000,,,,0,
2450,RECAL 3 0 9999 9999 200 4 80,0,9999,9999,0,200,4,80,5.000000,101,1,Ok,9478.000000,NonMono,47,-231824.000000,48.170870,48,197.683479,33,[31]=-232145;[32]=-232123;[33]=-232082;[34]=-232063;[35]=-232025;[36]=-231994;[37]=-231973;[38]=-231959;[39]=-231924;[40]=-231898;[41]=-231884;[42]=-231870;[43]=-231875;[44]=-231872;[45]=-231840;[46]=-231834;[47]=-231824;[48]=-231834;[49]=-231830;[50]=-231835;[51]=-231849;[52]=-231856;[53]=-231855;[54]=-231877;[55]=-231896;[56]=-231927;[57]=-231970;[58]=-231999;[59]=-232018;[60]=-232093;[61]=-232150;[62]=-232198;[63]=-232278
2451,RECAL 3 0 9999 198 64 4 80,0,9999,198,0,64,4,80,134.000000,33,0,ParabolaNotDownward,544.000000,Flat,15,-231815.000000,,,,0,
2452,RECAL 3 1 9999 196 64 4 80,1,9999,196,0,64,4,80,2206.000000,33,1,Ok,223145.000000,NonMono,15,-231597.000000,15.386076,15,2267.544302,5,[13]=-236924;[14]=-233306;[15]=-231597;[16]=-231828;[17]=-233919
2453,RECAL 3 0 9999 9999 64 4 80,0,9999,9999,0,64,4,80,279.000000,33,0,ParabolaNotDownward,1972.000000,Flat,13,-229198.000000,,,,0,
2454,RECAL 3 0 9999 9999 200 4 80,0,9999,9999,0,200,4,80,143.000000,101,1,Ok,22730.000000,NonMono,47,-229191.000000,47.268914,47,332.075655,47,[24]=-230997;[25]=-230860;[26]=-230730;[27]=-230620;[28]=-230505;[29]=-230393;[30]=-230276;[31]=-230150;[32]=-230076;[33]=-229941;[34]=-229849;[35]=-229775;[36]=-229694;[37]=-229620;[38]=-229559;[39]=-229491;[40]=-229429;[41]=-229374;[42]=-229325;[43]=-229285;[44]=-229245;[45]=-229228;[46]=-229211;[47]=-229191;[48]=-229205;[49]=-229213;[50]=-229237;[51]=-229275;[52]=-229301;[53]=-229362;[54]=-229426;[55]=-229495;[56]=-229596;[57]=-229681;[58]=-229800;[59]=-229916;[60]=-230052;[61]=-230212;[62]=-230389;[63]=-230566;[64]=-230748;[65]=-230937;[66]=-231191;[67]=-231436;[68]=-231698;[69]=-231975;[70]=-232282
2455,RECAL 3 0 9999 332 64 4 80,0,9999,332,0,64,4,80,268.000000,33,0,ParabolaNotDownward,1393.000000,Flat,18,-229199.000000,,,,0,
2456,RECAL 3 1 9999 332 64 4 80,1,9999,332,0,64,4,80,1256.000000,33,1,Ok,91241.000000,NonMono,15,-228923.000000,15.059054,15,1316.236214,9,[11]=-234084;[12]=-231891;[13]=-230277;[14]=-229295;[15]=-228923;[16]=-229214;[17]=-230150;[18]=-231732;[19]=-233936
2457,RECAL 3 0 9999 9999 64 4 80,0,9999,9999,0,64,4,80,-728.000000,33,1,Ok,6324.000000,NonMono,18,-228224.000000,17.376585,17,-658.493659,27,[5]=-231346;[6]=-230840;[7]=-230391;[8]=-229990;[9]=-229601;[10]=-229279;[11]=-229004;[12]=-228771;[13]=-228571;[14]=-228444;[15]=-228341;[16]=-228255;[17]=-228234;[18]=-228224;[19]=-228240;[20]=-228325;[21]=-228453;[22]=-228611;[23]=-228792;[24]=-229002;[25]=-229256;[26]=-229532;[27]=-229833;[28]=-230196;[29]=-230567;[30]=-230955;[31]=-231399
2458,RECAL 3 1 9999 -658 64 4 80,1,9999,-658,0,64,4,80,-1424.000000,33,1,Ok,93857.000000,NonMono,16,-228219.000000,16.437716,16,-1358.249136,7,[13]=-232222;[14]=-230192;[15]=-228858;[16]=-228219;[17]=-228260;[18]=-228978;[19]=-230373
2459,RECAL 3 0 9999 9999 64 4 80,0,9999,9999,0,64,4,80,-696.000000,33,1,Ok,4958.000000,NonMono,16,-231037.000000,16.653759,17,-629.384965,27,[3]=-234277;[4]=-233827;[5]=-233384;[6]=-232965;[7]=-232623;[8]=-232300;[9]=-232034;[10]=-231796;[11]=-231583;[12]=-231407;[13]=-231271;[14]=-231161;[15]=-231108;[16]=-231037;[17]=-231053;[18]=-231067;[19]=-231138;[20]=-231222;[21]=-231342;[22]=-231505;[23]=-231667;[24]=-231878;[25]=-232109;[26]=-232353;[27]=-232639;[28]=-232969;[29]=-233305
2460,RECAL 3 1 9999 -629 64 4 80,1,9999,-629,0,64,4,80,-2356.000000,33,1,Ok,228279.000000,NonMono,16,-231037.000000,15.883442,16,-2292.466230,5,[14]=-234383;[15]=-231783;[16]=-231037;[17]=-232225;[18]=-235275
2461,RECAL 3 0 9999 9999 64 4 80,0,9999,9999,0,64,4,80,364.000000,33,0,ParabolaNotDownward,2126.000000,Flat,15,-236121.000000,,,,0,
2462,RECAL 3 0 9999 9999 200 4 80,0,9999,9999,0,200,4,80,228.000000,101,1,Ok,26686.000000,NonMono,48,-236049.000000,49.126514,49,424.506057,43,[27]=-238522;[28]=-238317;[29]=-238151;[30]=-237963;[31]=-237800;[32]=-237640;[33]=-237458;[34]=-237314;[35]=-237166;[36]=-236997;[37]=-236886;[38]=-236748;[39]=-236635;[40]=-236531;[41]=-236441;[42]=-236346;[43]=-236279;[44]=-236190;[45]=-236156;[46]=-236109;[47]=-236081;[48]=-236049;[49]=-236061;[50]=-236053;[51]=-236074;[52]=-236110;[53]=-236151;[54]=-236209;[55]=-236281;[56]=-236369;[57]=-236480;[58]=-236607;[59]=-236731;[60]=-236885;[61]=-237069;[62]=-237267;[63]=-237476;[64]=-237701;[65]=-237962;[66]=-238204;[67]=-238499;[68]=-238822;[69]=-239143
2463,RECAL 3 0 9999 425 64 4 80,0,9999,425,0,64,4,80,361.000000,33,0,ParabolaNotDownward,1940.000000,Flat,16,-236023.000000,,,,0,
2464,RECAL 3 1 9999 423 64 4 80,1,9999,423,0,64,4,80,-2998.000000,33,1,Ok,259423.000000,NonMono,16,-235998.000000,16.080193,16,-2933.679229,5,[14]=-242918;[15]=-237861;[16]=-235998;[17]=-237349;[18]=-241908
2465,RECAL 3 0 9999 9999 64 4 80,0,9999,9999,0,64,4,80,-2540.000000,33,1,Ok,77709.000000,NonMono,16,-240166.000000,16.333007,16,-2474.667973,7,[13]=-243454;[14]=-241757;[15]=-240661;[16]=-240166;[17]=-240257;[18]=-240972;[19]=-242310
2466,RECAL 3 1 9999 -2475 64 4 80,1,9999,-2475,0,64,4,80,-3002.000000,33,1,Ok,255303.000000,NonMono,16,-240064.000000,16.241028,16,-2937.035888,5,[14]=-247780;[15]=-242399;[16]=-240064;[17]=-240904;[18]=-244844
2467,RECAL 3 0 9999 9999 64 4 80,0,9999,9999,0,64,4,80,-2629.000000,33,1,Ok,94056.000000,NonMono,15,-236337.000000,15.268203,15,-2567.927189,7,[12]=-239786;[13]=-237994;[14]=-236846;[15]=-236337;[16]=-236493;[17]=-237295;[18]=-238707
2468,RECAL 3 1 9999 -2568 64 4 80,1,9999,-2568,0,64,4,80,-2362.000000,33,1,Ok,218805.000000,NonMono,16,-236338.000000,16.149420,16,-2297.402318,5,[14]=-240629;[15]=-237552;[16]=-236338;[17]=-236996;[18]=-239544
2469,RECAL 3 0 9999 9999 64 4 80,0,9999,9999,0,64,4,80,-2644.000000,33,1,Ok,85004.000000,NonMono,16,-235897.000000,16.199778,16,-2579.200887,7,[13]=-239207;[14]=-237469;[15]=-236343;[16]=-235897;[17]=-236095;[18]=-236962;[19]=-238524
2470,RECAL 3 1 9999 -2579 64 4 80,1,9999,-2579,0,64,4,80,-1435.000000,33,1,Ok,88509.000000,NonMono,16,-235868.000000,16.091609,16,-1370.633564,7,[13]=-239059;[14]=-237340;[15]=-236277;[16]=-235868;[17]=-236159;[18]=-237093;[19]=-238695
2471,RECAL 3 0 9999 9999 64 4 80,0,9999,9999,0,64,4,80,-2548.000000,33,1,Ok,83059.000000,NonMono,16,-237146.000000,15.697266,16,-2485.210936,7,[13]=-239330;[14]=-237998;[15]=-237260;[16]=-237146;[17]=-237648;[18]=-238771;[19]=-240556
2472,RECAL 3 1 9999 -2485 64 4 80,1,9999,-2485,0,64,4,80,1239.000000,33,1,Ok,81150.000000,NonMono,15,-237077.000000,15.470972,15,1300.883890,7,[12]=-240568;[13]=-238807;[14]=-237647;[15]=-237077;[16]=-237099;[17]=-237687;[18]=-238880
2473,RECAL 3 0 9999 9999 64 4 80,0,9999,9999,0,64,4,80,-2559.000000,33,1,Ok,85867.000000,NonMono,15,-236110.000000,15.458690,15,-2497.165240,7,[12]=-239745;[13]=-237930;[14]=-236718;[15]=-236110;[16]=-236154;[17]=-236799;[18]=-238085
2474,RECAL 3 1 9999 -2497 64 4 80,1,9999,-2497,0,64,4,80,2195.000000,33,1,Ok,219201.000000,NonMono,16,-236049.000000,15.565288,16,2257.261151,5,[14]=-238168;[15]=-236178;[16]=-236049;[17]=-237786;[18]=-241347
2475,RECAL 3 0 9999 9999 64 4 80,0,9999,9999,0,64,4,80,-2567.000000,33,1,Ok,81804.000000,NonMono,16,-239746.000000,15.712286,16,-2504.150857,7,[13]=-241953;[14]=-240614;[15]=-239889;[16]=-239746;[17]=-240245;[18]=-241311;[19]=-243017
2476,RECAL 3 1 9999 -2504 64 4 80,1,9999,-2504,0,64,4,80,2845.000000,33,1,Ok,255806.000000,NonMono,16,-239677.000000,15.674165,16,2907.696660,5,[14]=-243907;[15]=-240231;[16]=-239677;[17]=-242204;[18]=-247686
2477,RECAL 3 0 9999 9999 64 4 80,0,9999,9999,0,64,4,80,2380.000000,33,1,Ok,106779.000000,NonMono,16,-238865.000000,15.788028,16,2443.152113,7,[13]=-241731;[14]=-240033;[15]=-239066;[16]=-238865;[17]=-239378;[18]=-240675;[19]=-242697
2478,RECAL 3 1 9999 2443 64 4 80,1,9999,2443,0,64,4,80,-2872.000000,33,1,Ok,256927.000000,NonMono,16,-238735.000000,16.215526,16,-2807.137898,5,[14]=-246473;[15]=-241072;[16]=-238735;[17]=-239711;[18]=-244034
2479,RECAL 3 0 9999 9999 64 4 80,0,9999,9999,0,64,4,80,2311.000000,33,1,Ok,96344.000000,NonMono,16,-233178.000000,16.287806,16,2376.151223,7,[13]=-236980;[14]=-234993;[15]=-233739;[16]=-233178;[17]=-233323;[18]=-234203;[19]=-235865
2480,RECAL 3 1 9999 2376 64 4 80,1,9999,2376,0,64,4,80,-2233.000000,33,1,Ok,230968.000000,NonMono,16,-233149.000000,16.245959,16,-2168.016166,5,[14]=-237976;[15]=-234595;[16]=-233149;[17]=-233642;[18]=-236142
2481,RECAL 3 0 9999 9999 64 4 80,0,9999,9999,0,64,4,80,2390.000000,33,1,Ok,113529.000000,NonMono,16,-231164.000000,15.636547,16,2452.546189,7,[13]=-233801;[14]=-232158;[15]=-231270;[16]=-231164;[17]=-231846;[18]=-233318;[19]=-235592
2482,RECAL 3 1 9999 2453 64 4 80,1,9999,2453,0,64,4,80,-1297.000000,33,1,Ok,83404.000000,NonMono,16,-231143.000000,15.878538,16,-1233.485850,7,[13]=-233811;[14]=-232270;[15]=-231386;[16]=-231143;[17]=-231538;[18]=-232563;[19]=-234216
2483,RECAL 3 0 9999 9999 64 4 80,0,9999,9999,0,64,4,80,2299.000000,33,1,Ok,107022.000000,NonMono,15,-227226.000000,15.409563,15,2360.638251,7,[12]=-231376;[13]=-229270;[14]=-227882;[15]=-227226;[16]=-227267;[17]=-228102;[18]=-229631
2484,RECAL 3 1 9999 2361 64 4 80,1,9999,2361,0,64,4,80,1270.000000,33,1,Ok,107937.000000,NonMono,15,-227094.000000,15.430551,15,1331.722204,7,[12]=-231456;[13]=-229267;[14]=-227801;[15]=-227094;[16]=-227147;[17]=-227981;[18]=-229578
2485,RECAL 3 0 9999 9999 64 4 80,0,9999,9999,0,64,4,80,2395.000000,33,1,Ok,119434.000000,NonMono,15,-230584.000000,15.159376,15,2455.637505,7,[12]=-234353;[13]=-232364;[14]=-231084;[15]=-230584;[16]=-230843;[17]=-231910;[18]=-233744
2486,RECAL 3 1 9999 2456 64 4 80,1,9999,2456,0,64,4,80,2160.000000,33,1,Ok,235344.000000,NonMono,16,-230584.000000,15.754796,16,2223.019182,5,[14]=-233721;[15]=-231127;[16]=-230584;[17]=-232150;[18]=-235785
2487,RECAL 3 0 9999 9999 64 4 80,0,9999,9999,0,64,4,80,2332.000000,33,1,Ok,97041.000000,NonMono,16,-232264.000000,16.077099,16,2396.308396,7,[13]=-235566;[14]=-233777;[15]=-232658;[16]=-232264;[17]=-232548;[18]=-233578;[19]=-235293
2488,RECAL 3 1 9999 2396 64 4 80,1,9999,2396,0,64,4,80,2789.000000,33,1,Ok,262457.000000,NonMono,16,-232251.000000,15.503610,16,2851.014442,17,[8]=-327784;[9]=-303975;[10]=-283456;[11]=-266408;[12]=-252743;[13]=-242535;[14]=-235698;[15]=-232314;[16]=-232251;[17]=-235441;[18]=-241920;[19]=-251580;[20]=-264388;[21]=-280204;[22]=-299022;[23]=-320094;[24]=-343774
2489,RECAL 3 0 9999 9999 64 4 80,0,9999,9999,0,64,4,80,239.000000,33,0,ParabolaNotDownward,1388.000000,Flat,15,-233120.000000,,,,0,
2490,RECAL 3 0 9999 9999 200 4 80,0,9999,9999,0,200,4,80,103.000000,101,1,Ok,17938.000000,NonMono,50,-233110.000000,48.388682,48,296.554726,49,[26]=-234329;[27]=-234244;[28]=-234143;[29]=-234090;[30]=-234009;[31]=-233904;[32]=-233831;[33]=-233772;[34]=-233692;[35]=-233616;[36]=-233557;[37]=-233476;[38]=-233424;[39]=-233375;[40]=-233324;[41]=-233281;[42]=-233233;[43]=-233195;[44]=-233151;[45]=-233137;[46]=-233130;[47]=-233112;[48]=-233116;[49]=-233120;[50]=-233110;[51]=-233141;[52]=-233158;[53]=-233189;[54]=-233237;[55]=-233277;[56]=-233348;[57]=-233406;[58]=-233496;[59]=-233566;[60]=-233668;[61]=-233775;[62]=-233890;[63]=-234022;[64]=-234143;[65]=-234310;[66]=-234469;[67]=-234661;[68]=-234846;[69]=-235050;[70]=-235266;[71]=-235517;[72]=-235775;[73]=-236042;[74]=-236300
2491,RECAL 3 0 9999 297 64 4 80,0,9999,297,0,64,4,80,233.000000,33,0,ParabolaNotDownward,1122.000000,Flat,15,-233112.000000,,,,0,
2492,RECAL 3 1 9999 297 64 4 80,1,9999,297,0,64,4,80,2796.000000,33,1,Ok,262161.000000,NonMono,16,-233112.000000,15.757812,16,2859.031246,5,[14]=-238080;[15]=-233945;[16]=-233112;[17]=-235531;[18]=-241241
2493,RECAL 3 0 9999 9999 64 4 80,0,9999,9999,0,64,4,80,564.000000,33,1,Ok,6342.000000,NonMono,15,-232647.000000,15.245919,15,624.983678,27,[2]=-235735;[3]=-235316;[4]=-234913;[5]=-234525;[6]=-234189;[7]=-233890;[8]=-233625;[9]=-233373;[10]=-233162;[11]=-232987;[12]=-232848;[13]=-232741;[14]=-232679;[15]=-232647;[16]=-232649;[17]=-232705;[18]=-232807;[19]=-232927;[20]=-233115;[21]=-233337;[22]=-233588;[23]=-233902;[24]=-234233;[25]=-234647;[26]=-235114;[27]=-235604;[28]=-236191
2494,RECAL 3 1 9999 625 64 4 80,1,9999,625,0,64,4,80,2171.000000,33,1,Ok,239732.000000,NonMono,15,-232479.000000,15.419301,15,2232.677206,5,[13]=-238350;[14]=-234368;[15]=-232479;[16]=-232640;[17]=-234821
2495,RECAL 3 0 9999 9999 64 4 80,0,9999,9999,0,64,4,80,-382.000000,33,0,ParabolaNotDownward,1433.000000,Flat,15,-230423.000000,,,,0,
2496,RECAL 3 0 9999 9999 200 4 80,0,9999,9999,0,200,4,80,-518.000000,101,1,Ok,20232.000000,NonMono,50,-230416.000000,49.517965,50,-319.928142,47,[27]=-233610;[28]=-233298;[29]=-233009;[30]=-232757;[31]=-232469;[32]=-232228;[33]=-232001;[34]=-231804;[35]=-231637;[36]=-231456;[37]=-231309;[38]=-231159;[39]=-231020;[40]=-230911;[41]=-230802;[42]=-230715;[43]=-230660;[44]=-230582;[45]=-230519;[46]=-230471;[47]=-230443;[48]=-230419;[49]=-230418;[50]=-230416;[51]=-230436;[52]=-230460;[53]=-230485;[54]=-230526;[55]=-230556;[56]=-230616;[57]=-230663;[58]=-230722;[59]=-230809;[60]=-230874;[61]=-230958;[62]=-231057;[63]=-231145;[64]=-231261;[65]=-231359;[66]=-231484;[67]=-231601;[68]=-231724;[69]=-231829;[70]=-231974;[71]=-232096;[72]=-232234;[73]=-232368
2497,RECAL 3 0 9999 -320 64 4 80,0,9999,-320,0,64,4,80,-384.000000,33,0,ParabolaNotDownward,1492.000000,Flat,15,-230425.000000,,,,0,
2498,RECAL 3 1 9999 -320 64 4 80,1,9999,-320,0,64,4,80,1292.000000,33,1,Ok,112240.000000,NonMono,15,-230079.000000,15.051389,15,1352.205554,7,[12]=-233583;[13]=-231684;[14]=-230480;[15]=-230079;[16]=-230408;[17]=-231549;[18]=-233432
2499,RECAL 3 0 9999 9999 64 4 80,0,9999,9999,0,64,4,80,547.000000,33,1,Ok,5673.000000,NonMono,17,-231121.000000,16.262604,16,612.050417,23,[6]=-233086;[7]=-232743;[8]=-232428;[9]=-232140;[10]=-231867;[11]=-231646;[12]=-231484;[13]=-231338;[14]=-231225;[15]=-231160;[16]=-231123;[17]=-231121;[18]=-231182;[19]=-231282;[20]=-231411;[21]=-231591;[22]=-231826;[23]=-232080;[24]=-232415;[25]=-232762;[26]=-233168;[27]=-233640;[28]=-234158
2500,RECAL 3 1 9999 612 64 4 80,1,9999,612,0,64,4,80,-1280.000000,33,1,Ok,81382.000000,NonMono,16,-231110.000000,16.252057,16,-1214.991770,7,[13]=-234258;[14]=-232609;[15]=-231577;[16]=-231110;[17]=-231266;[18]=-232018;[19]=-233369
2501,RECAL 3 0 9999 9999 64 4 80,0,9999,9999,0,64,4,80,-179.000000,33,0,ParabolaNotDownward,691.000000,Flat,1,-233335.000000,,,,0,
2502,RECAL 3 0 9999 9999 200 4 80,0,9999,9999,0,200,4,80,-315.000000,101,0,ParabolaNotDownward,2841.000000,Flat,33,-233306.000000,,,,0,
2503,RECAL 3 0 9999 -515 200 4 80,0,9999,-515,0,200,4,80,-715.000000,101,0,ParabolaNotDownward,156447.000000,StrictInc,100,-236112.000000,,,,0,
2504,RECAL 3 0 9999 285 200 4 80,0,9999,285,0,200,4,80,85.000000,101,0,ParabolaNotDownward,53696.000000,StrictDec,0,-234558.000000,,,,32,[0]=-234558;[1]=-234569;[2]=-234607;[3]=-234653;[4]=-234692;[5]=-234757;[6]=-234822;[7]=-234879;[8]=-234938;[9]=-235000;[10]=-235080;[11]=-235156;[12]=-235234;[13]=-235301;[14]=-235384;[15]=-235503;[16]=-235568;[17]=-235690;[18]=-235792;[19]=-235903;[20]=-236032;[21]=-236142;[22]=-236287;[23]=-236417;[24]=-236556;[25]=-236697;[26]=-236849;[27]=-236998;[28]=-237175;[29]=-237322;[30]=-237498;[31]=-237705
2505,RECAL 3 1 9999 -495 64 4 80,1,9999,-495,0,64,4,80,-2223.000000,33,1,Ok,205309.000000,NonMono,16,-263435.000000,16.193383,16,-2158.226466,5,[14]=-267822;[15]=-264705;[16]=-263435;[17]=-263994;[18]=-266410
2506,RECAL 3 0 9999 9999 64 4 80,0,9999,9999,0,64,4,80,530.000000,33,1,Ok,4138.000000,NonMono,17,-234805.000000,17.071341,17,598.285363,27,[4]=-237304;[5]=-236951;[6]=-236631;[7]=-236320;[8]=-236041;[9]=-235786;[10]=-235568;[11]=-235368;[12]=-235214;[13]=-235071;[14]=-234959;[15]=-234864;[16]=-234823;[17]=-234805;[18]=-234818;[19]=-234853;[20]=-234945;[21]=-235067;[22]=-235213;[23]=-235405;[24]=-235625;[25]=-235907;[26]=-236228;[27]=-236559;[28]=-236933;[29]=-237398;[30]=-237864
2507,RECAL 3 1 9999 598 64 4 80,1,9999,598,0,64,4,80,-2863.000000,33,1,Ok,261090.000000,NonMono,16,-234764.000000,15.893985,16,-2799.424058,5,[14]=-240554;[15]=-236057;[16]=-234764;[17]=-236761;[18]=-242038
2508,RECAL 3 0 9999 9999 64 4 80,0,9999,9999,0,64,4,80,-2374.000000,33,1,Ok,80439.000000,NonMono,16,-244700.000000,15.873735,16,-2310.505059,7,[13]=-247223;[14]=-245768;[15]=-244940;[16]=-244700;[17]=-245100;[18]=-246077;[19]=-247701
2509,RECAL 3 1 9999 -2311 64 4 80,1,9999,-2311,0,64,4,80,-2898.000000,33,1,Ok,251620.000000,NonMono,16,-244658.000000,15.791222,16,-2834.835111,5,[14]=-249638;[15]=-245577;[16]=-244658;[17]=-246947;[18]=-252553
2510,RECAL 3 0 9999 9999 64 4 80,0,9999,9999,0,64,4,80,-2445.000000,33,1,Ok,85262.000000,NonMono,16,-235925.000000,16.300305,16,-2379.798778,7,[13]=-239403;[14]=-237620;[15]=-236424;[16]=-235925;[17]=-236045;[18]=-236842;[19]=-238268
2511,RECAL 3 1 9999 -2380 64 4 80,1,9999,-2380,0,64,4,80,-2270.000000,33,1,Ok,231409.000000,NonMono,16,-235884.000000,16.175817,16,-2205.296731,5,[14]=-240379;[15]=-237200;[16]=-235884;[17]=-236534;[18]=-239138
2512,RECAL 3 0 9999 9999 64 4 80,0,9999,9999,0,64,4,80,-2367.000000,33,1,Ok,84478.000000,NonMono,16,-233905.000000,15.555724,16,-2304.777104,7,[13]=-235788;[14]=-234554;[15]=-233932;[16]=-233905;[17]=-234470;[18]=-235683;[19]=-237535
2513,RECAL 3 1 9999 -2305 64 4 80,1,9999,-2305,0,64,4,80,-1368.000000,33,1,Ok,89245.000000,NonMono,16,-233825.000000,16.388836,16,-1302.444657,7,[13]=-237690;[14]=-235717;[15]=-234415;[16]=-233825;[17]=-233895;[18]=-234644;[19]=-236092
2514,RECAL 3 0 9999 9999 64 4 80,0,9999,9999,0,64,4,80,-2453.000000,33,1,Ok,90279.000000,NonMono,16,-233807.000000,15.577702,16,-2390.689192,7,[13]=-235895;[14]=-234549;[15]=-233852;[16]=-233807;[17]=-234394;[18]=-235682;[19]=-237608
2515,RECAL 3 1 9999 -2391 64 4 80,1,9999,-2391,0,64,4,80,1205.000000,33,1,Ok,92297.000000,NonMono,15,-233614.000000,15.288427,15,1266.153709,7,[12]=-237032;[13]=-235266;[14]=-234095;[15]=-233614;[16]=-233747;[17]=-234513;[18]=-235933
2516,RECAL 3 0 9999 9999 64 4 80,0,9999,9999,0,64,4,80,-2364.000000,33,1,Ok,77792.000000,NonMono,16,-233930.000000,16.041934,16,-2299.832262,9,[12]=-238804;[13]=-236683;[14]=-235194;[15]=-234250;[16]=-233930;[17]=-234198;[18]=-235091;[19]=-236594;[20]=-238699
2517,RECAL 3 1 9999 -2300 64 4 80,1,9999,-2300,0,64,4,80,2122.000000,33,1,Ok,230507.000000,NonMono,15,-233746.000000,15.403623,15,2183.614491,5,[13]=-238990;[14]=-235443;[15]=-233746;[16]=-233930;[17]=-236025
2518,RECAL 3 0 9999 9999 64 4 80,0,9999,9999,0,64,4,80,-2425.000000,33,1,Ok,82168.000000,NonMono,16,-236791.000000,16.450614,16,-2359.197545,7,[13]=-240318;[14]=-238531;[15]=-237372;[16]=-236791;[17]=-236800;[18]=-237471;[19]=-238738
2519,RECAL 3 1 9999 -2359 64 4 80,1,9999,-2359,0,64,4,80,2756.000000,33,1,Ok,259113.000000,NonMono,16,-236691.000000,15.787850,16,2819.151402,5,[14]=-241540;[15]=-237591;[16]=-236691;[17]=-238905;[18]=-244200
2520,RECAL 3 0 9999 9999 64 4 80,0,9999,9999,0,64,4,80,2203.000000,33,1,Ok,102050.000000,NonMono,15,-234390.000000,15.366368,15,2264.465472,7,[12]=-238125;[13]=-236219;[14]=-234978;[15]=-234390;[16]=-234482;[17]=-235255;[18]=-236706
2521,RECAL 3 1 9999 2264 64 4 80,1,9999,2264,0,64,4,80,-2881.000000,33,1,Ok,260568.000000,NonMono,16,-234260.000000,15.856290,16,-2817.574841,5,[14]=-239934;[15]=-235420;[16]=-234260;[17]=-236372;[18]=-241830
2522,RECAL 3 0 9999 9999 64 4 80,0,9999,9999,0,64,4,80,2161.000000,33,1,Ok,94398.000000,NonMono,16,-229844.000000,15.683561,16,2223.734244,7,[13]=-232191;[14]=-230750;[15]=-229973;[16]=-229844;[17]=-230394;[18]=-231624;[19]=-233537
2523,RECAL 3 1 9999 2224 64 4 80,1,9999,2224,0,64,4,80,-2249.000000,33,1,Ok,245126.000000,NonMono,16,-229846.000000,15.702236,16,-2186.191057,5,[14]=-232730;[15]=-230265;[16]=-229846;[17]=-231478;[18]=-235133
2524,RECAL 3 0 9999 9999 64 4 80,0,9999,9999,0,64,4,80,2130.000000,33,1,Ok,88376.000000,NonMono,16,-228653.000000,15.994113,16,2193.976451,7,[13]=-231601;[14]=-229974;[15]=-228995;[16]=-228653;[17]=-228998;[18]=-230013;[19]=-231683
2525,RECAL 3 1 9999 2194 64 4 80,1,9999,2194,0,64,4,80,-1335.000000,33,1,Ok,96727.000000,NonMono,15,-228467.000000,15.197227,15,-1274.211092,7,[12]=-232035;[13]=-230137;[14]=-228948;[15]=-228467;[16]=-228672;[17]=-229587;[18]=-231223
2526,RECAL 3 0 9999 9999 64 4 80,0,9999,9999,0,64,4,80,2199.000000,33,1,Ok,92262.000000,NonMono,16,-228172.000000,16.271125,16,2264.084500,7,[13]=-231795;[14]=-229909;[15]=-228706;[16]=-228172;[17]=-228334;[18]=-229188;[19]=-230768
2527,RECAL 3 1 9999 2264 64 4 80,1,9999,2264,0,64,4,80,1235.000000,33,1,Ok,110059.000000,NonMono,15,-227945.000000,15.205860,15,1295.823441,7,[12]=-231622;[13]=-229687;[14]=-228473;[15]=-227945;[16]=-228161;[17]=-229126;[18]=-230802
2528,RECAL 3 0 9999 9999 64 4 80,0,9999,9999,0,64,4,80,2172.000000,33,1,Ok,86446.000000,NonMono,16,-230457.000000,16.427780,16,2237.711120,7,[13]=-234264;[14]=-232352;[15]=-231083;[16]=-230457;[17]=-230516;[18]=-231237;[19]=-232632
2529,RECAL 3 1 9999 2238 64 4 80,1,9999,2238,0,64,4,80,2136.000000,33,1,Ok,246256.000000,NonMono,16,-230372.000000,15.505238,16,2198.020951,5,[14]=-232473;[15]=-230391;[16]=-230372;[17]=-232449;[18]=-236597
2530,RECAL 3 0 9999 9999 64 4 80,0,9999,9999,0,64,4,80,2153.000000,33,1,Ok,85794.000000,NonMono,16,-234870.000000,16.147991,16,2217.591963,7,[13]=-238024;[14]=-236311;[15]=-235289;[16]=-234870;[17]=-235075;[18]=-235966;[19]=-237502
2531,RECAL 3 1 9999 2218 64 4 80,1,9999,2218,0,64,4,80,2763.000000,33,1,Ok,260629.000000,NonMono,16,-234820.000000,15.859717,16,2826.438868,5,[14]=-240578;[15]=-236021;[16]=-234820;[17]=-236966;[18]=-242487
2532,RECAL 3 0 9999 9999 64 4 80,0,9999,9999,0,64,4,80,-926.000000,33,1,Ok,11873.000000,NonMono,17,-240972.000000,16.757425,17,-858.970299,19,[8]=-244094;[9]=-243396;[10]=-242824;[11]=-242313;[12]=-241875;[13]=-241546;[14]=-241284;[15]=-241101;[16]=-240997;[17]=-240972;[18]=-241031;[19]=-241165;[20]=-241376;[21]=-241676;[22]=-242045;[23]=-242441;[24]=-242944;[25]=-243497;[26]=-244152
2533,RECAL 3 1 9999 -859 64 4 80,1,9999,-859,0,64,4,80,2745.000000,33,1,Ok,254193.000000,NonMono,16,-240963.000000,15.903800,16,2808.615202,5,[14]=-246865;[15]=-242298;[16]=-240963;[17]=-242907;[18]=-248006
2534,RECAL 3 0 9999 9999 64 4 80,0,9999,9999,0,64,4,80,-859.000000,33,1,Ok,9791.000000,NonMono,15,-237087.000000,14.895773,15,-799.416907,19,[6]=-240221;[7]=-239539;[8]=-238952;[9]=-238441;[10]=-238019;[11]=-237685;[12]=-237420;[13]=-237225;[14]=-237113;[15]=-237087;[16]=-237147;[17]=-237256;[18]=-237443;[19]=-237709;[20]=-238046;[21]=-238425;[22]=-238880;[23]=-239416;[24]=-239996
2535,RECAL 3 1 9999 -799 64 4 80,1,9999,-799,0,64,4,80,2114.000000,33,1,Ok,236373.000000,NonMono,16,-237134.000000,15.678122,16,2176.712488,5,[14]=-239804;[15]=-237490;[16]=-237134;[17]=-238789;[18]=-242482
2536,RECAL 3 0 9999 9999 64 4 80,0,9999,9999,0,64,4,80,-758.000000,33,1,Ok,7670.000000,NonMono,15,-232584.000000,14.779289,15,-698.882844,23,[4]=-236174;[5]=-235501;[6]=-234916;[7]=-234398;[8]=-233979;[9]=-233576;[10]=-233258;[11]=-233004;[12]=-232810;[13]=-232677;[14]=-232602;[15]=-232584;[16]=-232620;[17]=-232728;[18]=-232872;[19]=-233091;[20]=-233353;[21]=-233661;[22]=-234007;[23]=-234394;[24]=-234893;[25]=-235385;[26]=-235967
2537,RECAL 3 1 9999 -699 64 4 80,1,9999,-699,0,64,4,80,1194.000000,33,1,Ok,98581.000000,NonMono,16,-232575.000000,15.510330,16,1256.041320,7,[13]=-234578;[14]=-233263;[15]=-232587;[16]=-232575;[17]=-233268;[18]=-234597;[19]=-236666
2538,RECAL 3 0 9999 9999 64 4 80,0,9999,9999,0,64,4,80,-963.000000,33,1,Ok,16372.000000,NonMono,17,-229709.000000,17.244546,17,-894.021817,17,[9]=-233315;[10]=-232490;[11]=-231760;[12]=-231179;[13]=-230660;[14]=-230286;[15]=-229995;[16]=-229805;[17]=-229709;[18]=-229758;[19]=-229896;[20]=-230115;[21]=-230435;[22]=-230866;[23]=-231365;[24]=-231998;[25]=-232678
2539,RECAL 3 1 9999 -894 64 4 80,1,9999,-894,0,64,4,80,-1374.000000,33,1,Ok,96316.000000,NonMono,16,-229746.000000,15.674114,16,-1311.303544,7,[13]=-232376;[14]=-230732;[15]=-229886;[16]=-229746;[17]=-230350;[18]=-231705;[19]=-233792
2540,RECAL 3 0 9999 9999 64 4 80,0,9999,9999,0,64,4,80,-902.000000,33,1,Ok,13819.000000,NonMono,18,-233303.000000,17.566740,18,-831.733038,19,[9]=-236453;[10]=-235756;[11]=-235118;[12]=-234597;[13]=-234166;[14]=-233845;[15]=-233575;[16]=-233395;[17]=-233310;[18]=-233303;[19]=-233380;[20]=-233544;[21]=-233785;[22]=-234078;[23]=-234464;[24]=-234936;[25]=-235483;[26]=-236101;[27]=-236778
2541,RECAL 3 1 9999 -832 64 4 80,1,9999,-832,0,64,4,80,-2268.000000,33,1,Ok,247137.000000,NonMono,16,-233280.000000,15.641224,16,-2205.435104,5,[14]=-235875;[15]=-233550;[16]=-233280;[17]=-235047;[18]=-238960
2542,RECAL 3 0 9999 9999 64 4 80,0,9999,9999,0,64,4,80,-805.000000,33,1,Ok,8702.000000,NonMono,17,-234731.000000,16.906081,17,-737.375674,23,[6]=-238234;[7]=-237598;[8]=-237037;[9]=-236532;[10]=-236110;[11]=-235732;[12]=-235417;[13]=-235161;[14]=-234982;[15]=-234835;[16]=-234766;[17]=-234731;[18]=-234772;[19]=-234854;[20]=-235001;[21]=-235191;[22]=-235435;[23]=-235733;[24]=-236076;[25]=-236470;[26]=-236919;[27]=-237427;[28]=-237960
2543,RECAL 3 1 9999 -737 64 4 80,1,9999,-737,0,64,4,80,-2896.000000,33,1,Ok,260260.000000,NonMono,16,-234695.000000,15.761157,16,-2832.955374,5,[14]=-239775;[15]=-235565;[16]=-234695;[17]=-237160;[18]=-242967
2544,RECAL 3 0 9999 9999 64 4 80,0,9999,9999,0,64,4,80,-2505.000000,33,1,Ok,97762.000000,NonMono,16,-247682.000000,16.123610,16,-2440.505562,7,[13]=-251345;[14]=-249381;[15]=-248155;[16]=-247682;[17]=-247965;[18]=-249016;[19]=-250799
2545,RECAL 3 1 9999 -2441 64 4 80,1,9999,-2441,0,64,4,80,-2870.000000,33,1,Ok,248529.000000,NonMono,16,-247632.000000,15.518112,16,-2807.927550,17,[8]=-336954;[9]=-314922;[10]=-295911;[11]=-279913;[12]=-267119;[13]=-257457;[14]=-251057;[15]=-247711;[16]=-247632;[17]=-250830;[18]=-257296;[19]=-267151;[20]=-280404;[21]=-297172;[22]=-317313;[23]=-340969;[24]=-367850
2546,RECAL 3 0 9999 9999 64 4 80,0,9999,9999,0,64,4,80,-2544.000000,33,1,Ok,104206.000000,NonMono,16,-240307.000000,16.219824,16,-2479.120706,7,[13]=-244433;[14]=-242257;[15]=-240885;[16]=-240307;[17]=-240527;[18]=-241559;[19]=-243377
2547,RECAL 3 1 9999 -2479 64 4 80,1,9999,-2479,0,64,4,80,-2239.000000,33,1,Ok,240881.000000,NonMono,16,-240288.000000,15.749871,16,-2176.000516,5,[14]=-243189;[15]=-240785;[16]=-240288;[17]=-241781;[18]=-245268
2548,RECAL 3 0 9999 9999 64 4 80,0,9999,9999,0,64,4,80,-2566.000000,33,1,Ok,107084.000000,NonMono,16,-239766.000000,16.071149,16,-2501.715405,7,[13]=-243594;[14]=-241516;[15]=-240236;[16]=-239766;[17]=-240118;[18]=-241311;[19]=-243328
2549,RECAL 3 1 9999 -2502 64 4 80,1,9999,-2502,0,64,4,80,-1323.000000,33,1,Ok,87812.000000,NonMono,16,-239770.000000,15.798160,16,-1259.807360,7,[13]=-242372;[14]=-240853;[15]=-239958;[16]=-239770;[17]=-240235;[18]=-241398;[19]=-243208
2550,RECAL 3 0 9999 9999 64 4 80,0,9999,9999,0,64,4,80,-2505.000000,33,1,Ok,102919.000000,NonMono,16,-238417.000000,16.433441,16,-2439.266238,7,[13]=-242876;[14]=-240634;[15]=-239133;[16]=-238417;[17]=-238477;[18]=-239295;[19]=-240900
2551,RECAL 3 1 9999 -2439 64 4 80,1,9999,-2439,0,64,4,80,1245.000000,33,1,Ok,106316.000000,NonMono,16,-238343.000000,15.569141,16,1307.276564,7,[13]=-240655;[14]=-239173;[15]=-238412;[16]=-238343;[17]=-239031;[18]=-240500;[19]=-242696
2552,RECAL 3 0 9999 9999 64 4 80,0,9999,9999,0,64,4,80,-2533.000000,33,1,Ok,101172.000000,NonMono,16,-238125.000000,16.231516,16,-2468.073938,7,[13]=-242183;[14]=-240034;[15]=-238699;[16]=-238125;[17]=-238319;[18]=-239323;[19]=-241086
2553,RECAL 3 1 9999 -2468 64 4 80,1,9999,-2468,0,64,4,80,2142.000000,33,1,Ok,244968.000000,NonMono,15,-237406.000000,15.163242,15,2202.652968,5,[13]=-242103;[14]=-238750;[15]=-237406;[16]=-238095;[17]=-240864
2554,RECAL 3 0 9999 9999 64 4 80,0,9999,9999,0,64,4,80,-2544.000000,33,1,Ok,98934.000000,NonMono,16,-244277.000000,15.887511,16,-2480.449955,7,[13]=-247442;[14]=-245643;[15]=-244583;[16]=-244277;[17]=-244762;[18]=-245975;[19]=-247949
2555,RECAL 3 1 9999 -2480 64 4 80,1,9999,-2480,0,64,4,80,2766.000000,33,1,Ok,250960.000000,NonMono,16,-244235.000000,15.775608,16,2829.102433,5,[14]=-249315;[15]=-245144;[16]=-244235;[17]=-246606;[18]=-252219
2556,RECAL 3 0 9999 9999 64 4 80,0,9999,9999,0,64,4,80,2181.000000,33,1,Ok,95493.000000,NonMono,16,-244882.000000,16.054820,16,2245.219278,7,[13]=-248129;[14]=-246354;[15]=-245267;[16]=-244882;[17]=-245187;[18]=-246239;[19]=-248014
2557,RECAL 3 1 9999 2245 64 4 80,1,9999,2245,0,64,4,80,-2722.000000,33,1,Ok,250914.000000,NonMono,16,-244784.000000,16.122267,16,-2657.510932,5,[14]=-252348;[15]=-246868;[16]=-244784;[17]=-246033;[18]=-250553
2558,RECAL 3 0 9999 9999 64 4 80,0,9999,9999,0,64,4,80,2211.000000,33,1,Ok,103086.000000,NonMono,16,-234595.000000,15.926649,16,2274.706597,7,[13]=-237870;[14]=-236018;[15]=-234936;[16]=-234595;[17]=-235048;[18]=-236221;[19]=-238148
2559,RECAL 3 1 9999 2275 64 4 80,1,9999,2275,0,64,4,80,-2123.000000,33,1,Ok,235542.000000,NonMono,16,-234545.000000,16.002799,16,-2058.988804,5,[14]=-238820;[15]=-235625;[16]=-234545;[17]=-235606;[18]=-238739
2560,RECAL 3 0 9999 9999 64 4 80,0,9999,9999,0,64,4,80,2134.000000,33,1,Ok,97114.000000,NonMono,16,-233977.000000,16.124451,16,2198.497803,7,[13]=-237406;[14]=-235553;[15]=-234397;[16]=-233977;[17]=-234225;[18]=-235221;[19]=-236963
2561,RECAL 3 1 9999 2198 64 4 80,1,9999,2198,0,64,4,80,-1260.000000,33,1,Ok,94903.000000,NonMono,16,-233859.000000,16.028828,16,-1195.884688,7,[13]=-237141;[14]=-235305;[15]=-234207;[16]=-233859;[17]=-234155;[18]=-235199;[19]=-236915
2562,RECAL 3 0 9999 9999 64 4 80,0,9999,9999,0,64,4,80,2098.000000,33,1,Ok,93321.000000,NonMono,16,-225090.000000,16.045996,16,2162.183986,7,[13]=-228272;[14]=-226525;[15]=-225465;[16]=-225090;[17]=-225414;[18]=-226399;[19]=-228117
2563,RECAL 3 1 9999 2162 64 4 80,1,9999,2162,0,64,4,80,1149.000000,33,1,Ok,97325.000000,NonMono,16,-225042.000000,15.997304,16,1212.989215,7,[13]=-228301;[14]=-226479;[15]=-225406;[16]=-225042;[17]=-225395;[18]=-226543;[19]=-228444
2564,RECAL 3 0 9999 9999 64 4 80,0,9999,9999,0,64,4,80,2102.000000,33,1,Ok,93324.000000,NonMono,16,-229954.000000,15.947269,16,2165.789077,7,[13]=-232882;[14]=-231248;[15]=-230247;[16]=-229954;[17]=-230311;[18]=-231391;[19]=-233079
2565,RECAL 3 1 9999 2166 64 4 80,1,9999,2166,0,64,4,80,2004.000000,33,1,Ok,231824.000000,NonMono,16,-229850.000000,16.059535,16,2068.238141,5,[14]=-234320;[15]=-231029;[16]=-229850;[17]=-230788;[18]=-233920
2566,RECAL 3 0 9999 9999 64 4 80,0,9999,9999,0,64,4,80,2148.000000,33,1,Ok,94489.000000,NonMono,16,-242171.000000,15.984186,16,2211.936743,7,[13]=-245113;[14]=-243472;[15]=-242497;[16]=-242171;[17]=-242533;[18]=-243548;[19]=-245317
2567,RECAL 3 1 9999 2212 64 4 80,1,9999,2212,0,64,4,80,2599.000000,33,1,Ok,252418.000000,NonMono,16,-242128.000000,15.994557,16,2662.978228,5,[14]=-248736;[15]=-243760;[16]=-242128;[17]=-243824;[18]=-249027
2568,RECAL 3 0 9999 9999 64 4 80,0,9999,9999,0,64,4,80,-235.000000,33,0,ParabolaNotDownward,640.000000,Flat,21,-235977.000000,,,,0,
2569,RECAL 3 0 9999 9999 200 4 80,0,9999,9999,0,200,4,80,-371.000000,101,1,Ok,8582.000000,NonMono,49,-235877.000000,50.312296,50,-169.750815,33,[33]=-236464;[34]=-236389;[35]=-236315;[36]=-236252;[37]=-236194;[38]=-236164;[39]=-236102;[40]=-236056;[41]=-236030;[42]=-235997;[43]=-235957;[44]=-235935;[45]=-235921;[46]=-235894;[47]=-235905;[48]=-235899;[49]=-235877;[50]=-235882;[51]=-235888;[52]=-235878;[53]=-235893;[54]=-235899;[55]=-235914;[56]=-235912;[57]=-235940;[58]=-235947;[59]=-235957;[60]=-235961;[61]=-235982;[62]=-235999;[63]=-236027;[64]=-236042;[65]=-236066
2570,RECAL 3 0 9999 -170 64 4 80,0,9999,-170,0,64,4,80,-234.000000,33,0,ParabolaNotDownward,505.000000,Flat,16,-235821.000000,,,,0,
2571,RECAL 3 1 9999 -167 64 4 80,1,9999,-167,0,64,4,80,2591.000000,33,1,Ok,258550.000000,NonMono,16,-235800.000000,15.996645,16,2654.986581,5,[14]=-242356;[15]=-237450;[16]=-235800;[17]=-237493;[18]=-242566
2572,RECAL 3 0 9999 9999 64 4 80,0,9999,9999,0,64,4,80,-557.000000,33,1,Ok,4060.000000,NonMono,17,-233807.000000,16.003389,16,-492.986445,31,[2]=-236834;[3]=-236407;[4]=-235998;[5]=-235626;[6]=-235295;[7]=-235010;[8]=-234741;[9]=-234523;[10]=-234337;[11]=-234158;[12]=-234059;[13]=-233945;[14]=-233873;[15]=-233817;[16]=-233818;[17]=-233807;[18]=-233870;[19]=-233915;[20]=-234024;[21]=-234145;[22]=-234269;[23]=-234452;[24]=-234627;[25]=-234826;[26]=-235051;[27]=-235300;[28]=-235572;[29]=-235843;[30]=-236156;[31]=-236459;[32]=-236821
2573,RECAL 3 1 9999 -493 64 4 80,1,9999,-493,0,64,4,80,1996.000000,33,1,Ok,230146.000000,NonMono,16,-233768.000000,16.105248,16,2060.420992,5,[14]=-238406;[15]=-235036;[16]=-233768;[17]=-234601;[18]=-237609
2574,RECAL 3 0 9999 9999 64 4 80,0,9999,9999,0,64,4,80,-557.000000,33,1,Ok,4612.000000,NonMono,16,-234430.000000,16.238165,16,-492.047342,29,[2]=-237894;[3]=-237394;[4]=-236950;[5]=-236532;[6]=-236163;[7]=-235833;[8]=-235525;[9]=-235283;[10]=-235047;[11]=-234860;[12]=-234710;[13]=-234597;[14]=-234517;[15]=-234469;[16]=-234430;[17]=-234446;[18]=-234483;[19]=-234536;[20]=-234651;[21]=-234771;[22]=-234891;[23]=-235065;[24]=-235261;[25]=-235480;[26]=-235714;[27]=-235988;[28]=-236244;[29]=-236545;[30]=-236871
2575,RECAL 3 1 9999 -492 64 4 80,1,9999,-492,0,64,4,80,1136.000000,33,1,Ok,95682.000000,NonMono,16,-234374.000000,15.943892,16,1199.775566,7,[13]=-237444;[14]=-235714;[15]=-234682;[16]=-234374;[17]=-234770;[18]=-235891;[19]=-237754
2576,RECAL 3 0 9999 9999 64 4 80,0,9999,9999,0,64,4,80,-322.000000,33,0,ParabolaNotDownward,1283.000000,Flat,17,-232790.000000,,,,0,
2577,RECAL 3 0 9999 9999 200 4 80,0,9999,9999,0,200,4,80,-458.000000,101,1,Ok,18426.000000,NonMono,51,-232683.000000,49.891238,50,-258.435047,53,[25]=-235996;[26]=-235669;[27]=-235385;[28]=-235120;[29]=-234869;[30]=-234650;[31]=-234425;[32]=-234234;[33]=-234080;[34]=-233897;[35]=-233720;[36]=-233592;[37]=-233452;[38]=-233315;[39]=-233213;[40]=-233100;[41]=-233037;[42]=-232957;[43]=-232895;[44]=-232834;[45]=-232794;[46]=-232768;[47]=-232738;[48]=-232714;[49]=-232692;[50]=-232693;[51]=-232683;[52]=-232705;[53]=-232718;[54]=-232772;[55]=-232793;[56]=-232826;[57]=-232875;[58]=-232921;[59]=-232979;[60]=-233000;[61]=-233080;[62]=-233132;[63]=-233224;[64]=-233289;[65]=-233352;[66]=-233438;[67]=-233506;[68]=-233607;[69]=-233687;[70]=-233771;[71]=-233857;[72]=-233962;[73]=-234029;[74]=-234105;[75]=-234193;[76]=-234284;[77]=-234386
2578,RECAL 3 0 9999 -258 64 4 80,0,9999,-258,0,64,4,80,-322.000000,33,0,ParabolaNotDownward,1194.000000,Flat,16,-232629.000000,,,,0,
2579,RECAL 3 1 9999 -258 64 4 80,1,9999,-258,0,64,4,80,-1272.000000,33,1,Ok,98084.000000,NonMono,16,-232638.000000,16.069955,16,-1207.720181,7,[13]=-236044;[14]=-234162;[15]=-233062;[16]=-232638;[17]=-232946;[18]=-233958;[19]=-235691
2580,RECAL 3 0 9999 9999 64 4 80,0,9999,9999,0,64,4,80,495.000000,33,1,Ok,5609.000000,NonMono,16,-231289.000000,16.032598,16,559.130390,25,[4]=-233817;[5]=-233452;[6]=-233093;[7]=-232758;[8]=-232462;[9]=-232204;[10]=-231981;[11]=-231776;[12]=-231606;[13]=-231490;[14]=-231394;[15]=-231318;[16]=-231289;[17]=-231309;[18]=-231369;[19]=-231479;[20]=-231622;[21]=-231809;[22]=-232040;[23]=-232301;[24]=-232624;[25]=-232975;[26]=-233403;[27]=-233861;[28]=-234362
2581,RECAL 3 1 9999 559 64 4 80,1,9999,559,0,64,4,80,-2128.000000,33,1,Ok,238852.000000,NonMono,16,-231240.000000,16.074566,16,-2063.701735,5,[14]=-235804;[15]=-232451;[16]=-231240;[17]=-232128;[18]=-235106
2582,RECAL 3 0 9999 9999 64 4 80,0,9999,9999,0,64,4,80,344.000000,33,0,ParabolaNotDownward,2494.000000,Flat,16,-234098.000000,,,,0,
2583,RECAL 3 0 9999 9999 200 4 80,0,9999,9999,0,200,4,80,208.000000,101,1,Ok,34355.000000,NonMono,51,-233981.000000,50.085307,50,408.341227,35,[34]=-235835;[35]=-235602;[36]=-235409;[37]=-235232;[38]=-235058;[39]=-234881;[40]=-234740;[41]=-234601;[42]=-234483;[43]=-234356;[44]=-234258;[45]=-234164;[46]=-234117;[47]=-234050;[48]=-234032;[49]=-233998;[50]=-233995;[51]=-233981;[52]=-234007;[53]=-234049;[54]=-234102;[55]=-234183;[56]=-234278;[57]=-234408;[58]=-234544;[59]=-234720;[60]=-234888;[61]=-235103;[62]=-235326;[63]=-235592;[64]=-235866;[65]=-236174;[66]=-236496;[67]=-236866;[68]=-237243
2584,RECAL 3 0 9999 408 64 4 80,0,9999,408,0,64,4,80,344.000000,33,0,ParabolaNotDownward,2517.000000,Flat,15,-233949.000000,,,,0,
2585,RECAL 3 1 9999 407 64 4 80,1,9999,407,0,64,4,80,-2727.000000,33,1,Ok,260450.000000,NonMono,16,-233912.000000,16.115970,16,-2662.536118,5,[14]=-241497;[15]=-235981;[16]=-233912;[17]=-235181;[18]=-239776
2586,RECAL 3 0 9999 9999 64 4 80,0,9999,9999,0,64,4,80,-2232.000000,33,1,Ok,86055.000000,NonMono,16,-233706.000000,15.922671,16,-2168.309315,7,[13]=-236462;[14]=-234886;[15]=-233990;[16]=-233706;[17]=-234089;[18]=-235105;[19]=-236814
2587,RECAL 3 1 9999 -2168 64 4 80,1,9999,-2168,0,64,4,80,-2706.000000,33,1,Ok,260709.000000,NonMono,16,-233641.000000,16.059195,16,-2641.763219,5,[14]=-240390;[15]=-235381;[16]=-233641;[17]=-234993;[18]=-239538
2588,RECAL 3 0 9999 9999 64 4 80,0,9999,9999,0,64,4,80,-2202.000000,33,1,Ok,87541.000000,NonMono,16,-228741.000000,15.922134,16,-2138.311464,7,[13]=-231536;[14]=-229934;[15]=-228992;[16]=-228741;[17]=-229098;[18]=-230120;[19]=-231799
2589,RECAL 3 1 9999 -2138 64 4 80,1,9999,-2138,0,64,4,80,-2106.000000,33,1,Ok,237202.000000,NonMono,16,-228658.000000,16.009745,16,-2041.961019,5,[14]=-232727;[15]=-229690;[16]=-228658;[17]=-229649;[18]=-232634
2590,RECAL 3 0 9999 9999 64 4 80,0,9999,9999,0,64,4,80,-2277.000000,33,1,Ok,94073.000000,NonMono,16,-236715.000000,15.951133,16,-2213.195468,7,[13]=-239848;[14]=-238100;[15]=-237042;[16]=-236715;[17]=-237121;[18]=-238226;[19]=-240039
2591,RECAL 3 1 9999 -2213 64 4 80,1,9999,-2213,0,64,4,80,-1234.000000,33,1,Ok,89274.000000,NonMono,16,-236650.000000,15.967033,16,-1170.131870,7,[13]=-239703;[14]=-237996;[15]=-236973;[16]=-236650;[17]=-237020;[18]=-238063;[19]=-239772
2592,RECAL 3 0 9999 9999 64 4 80,0,9999,9999,0,64,4,80,-2312.000000,33,1,Ok,100174.000000,NonMono,16,-241429.000000,16.089279,16,-2247.642883,7,[13]=-244883;[14]=-243003;[15]=-241850;[16]=-241429;[17]=-241715;[18]=-242729;[19]=-244426
2593,RECAL 3 1 9999 -2248 64 4 80,1,9999,-2248,0,64,4,80,1168.000000,33,1,Ok,100839.000000,NonMono,16,-241354.000000,15.929047,16,1231.716186,7,[13]=-244516;[14]=-242728;[15]=-241674;[16]=-241354;[17]=-241765;[18]=-242950;[19]=-244832
2594,RECAL 3 0 9999 9999 64 4 80,0,9999,9999,0,64,4,80,-2310.000000,33,1,Ok,96699.000000,NonMono,16,-229101.000000,16.029309,16,-2245.882766,7,[13]=-232381;[14]=-230567;[15]=-229477;[16]=-229101;[17]=-229442;[18]=-230468;[19]=-232226
2595,RECAL 3 1 9999 -2246 64 4 80,1,9999,-2246,0,64,4,80,2013.000000,33,1,Ok,237633.000000,NonMono,16,-229046.000000,16.122754,16,2077.491016,5,[14]=-233745;[15]=-230343;[16]=-229046;[17]=-229827;[18]=-232690
2596,RECAL 3 0 9999 9999 64 4 80,0,9999,9999,0,64,4,80,2101.000000,33,1,Ok,110656.000000,NonMono,16,-233634.000000,16.091001,16,2165.364004,7,[13]=-237536;[14]=-235408;[15]=-234108;[16]=-233634;[17]=-233961;[18]=-235094;[19]=-237039
2597,RECAL 3 1 9999 2165 64 4 80,1,9999,2165,0,64,4,80,-2723.000000,33,1,Ok,261294.000000,NonMono,16,-233633.000000,16.049816,16,-2658.800737,5,[14]=-240937;[15]=-235513;[16]=-233633;[17]=-235147;[18]=-240064
2598,RECAL 3 0 9999 9999 64 4 80,0,9999,9999,0,64,4,80,2092.000000,33,1,Ok,114397.000000,NonMono,16,-234472.000000,15.977574,16,2155.910295,7,[13]=-238247;[14]=-236116;[15]=-234869;[16]=-234472;[17]=-234903;[18]=-236198;[19]=-238367
2599,RECAL 3 1 9999 2156 64 4 80,1,9999,2156,0,64,4,80,-2125.000000,33,1,Ok,225045.000000,NonMono,16,-234400.000000,15.941452,16,-2061.234191,5,[14]=-238432;[15]=-235342;[16]=-234400;[17]=-235582;[18]=-238860
2600,RECAL 3 0 9999 9999 64 4 80,0,9999,9999,0,64,4,80,2004.000000,33,1,Ok,104492.000000,NonMono,16,-228823.000000,16.006349,16,2068.025397,7,[13]=-232407;[14]=-230402;[15]=-229231;[16]=-228823;[17]=-229209;[18]=-230389;[19]=-232367
2601,RECAL 3 1 9999 2068 64 4 80,1,9999,2068,0,64,4,80,-1258.000000,33,1,Ok,88730.000000,NonMono,16,-228813.000000,15.886916,16,-1194.452336,7,[13]=-231747;[14]=-230052;[15]=-229084;[16]=-228813;[17]=-229237;[18]=-230353;[19]=-232162
2602,RECAL 3 0 9999 9999 64 4 80,0,9999,9999,0,64,4,80,2084.000000,33,1,Ok,112557.000000,NonMono,16,-238426.000000,16.086905,16,2148.347618,7,[13]=-242477;[14]=-240269;[15]=-238892;[16]=-238426;[17]=-238763;[18]=-239966;[19]=-242069
2603,RECAL 3 1 9999 2148 64 4 80,1,9999,2148,0,64,4,80,1178.000000,33,1,Ok,103084.000000,NonMono,16,-238338.000000,15.975499,16,1241.901996,7,[13]=-241644;[14]=-239792;[15]=-238681;[16]=-238338;[17]=-238727;[18]=-239902;[19]=-241886
2604,RECAL 3 0 9999 9999 64 4 80,0,9999,9999,0,64,4,80,2077.000000,33,1,Ok,109383.000000,NonMono,16,-228116.000000,16.131795,16,2141.527179,7,[13]=-232180;[14]=-230003;[15]=-228654;[16]=-228116;[17]=-228444;[18]=-229570;[19]=-231565
2605,RECAL 3 1 9999 2142 64 4 80,1,9999,2142,0,64,4,80,2029.000000,33,1,Ok,242845.000000,NonMono,16,-228008.000000,15.899606,16,2092.598424,5,[14]=-231800;[15]=-228870;[16]=-228008;[17]=-229302;[18]=-232706
2606,RECAL 3 0 9999 9999 64 4 80,0,9999,9999,0,64,4,80,2078.000000,33,1,Ok,107543.000000,NonMono,16,-240830.000000,15.946639,16,2141.786557,7,[13]=-244232;[14]=-242317;[15]=-241186;[16]=-240830;[17]=-241265;[18]=-242477;[19]=-244451
2607,RECAL 3 1 9999 2142 64 4 80,1,9999,2142,0,64,4,80,2619.000000,33,1,Ok,254381.000000,NonMono,16,-240745.000000,16.075073,16,2683.300292,5,[14]=-247959;[15]=-242691;[16]=-240745;[17]=-242192;[18]=-246997
2608,RECAL 3 0 9999 9999 64 4 80,0,9999,9999,0,64,4,80,191.000000,33,0,ParabolaNotDownward,1098.000000,Flat,17,-239845.000000,,,,0,
2609,RECAL 3 0 9999 9999 200 4 80,0,9999,9999,0,200,4,80,55.000000,101,1,Ok,17254.000000,NonMono,50,-239743.000000,50.748780,51,257.995119,51,[25]=-241287;[26]=-241201;[27]=-241107;[28]=-241015;[29]=-240928;[30]=-240860;[31]=-240782;[32]=-240680;[33]=-240611;[34]=-240509;[35]=-240435;[36]=-240380;[37]=-240310;[38]=-240224;[39]=-240165;[40]=-240089;[41]=-240039;[42]=-239992;[43]=-239932;[44]=-239887;[45]=-239839;[46]=-239818;[47]=-239803;[48]=-239779;[49]=-239756;[50]=-239743;[51]=-239751;[52]=-239757;[53]=-239763;[54]=-239793;[55]=-239805;[56]=-239852;[57]=-239908;[58]=-239946;[59]=-240006;[60]=-240100;[61]=-240194;[62]=-240306;[63]=-240416;[64]=-240522;[65]=-240662;[66]=-240792;[67]=-240954;[68]=-241138;[69]=-241335;[70]=-241527;[71]=-241766;[72]=-241988;[73]=-242216;[74]=-242494;[75]=-242778
2610,RECAL 3 0 9999 258 64 4 80,0,9999,258,0,64,4,80,194.000000,33,0,ParabolaNotDownward,1184.000000,Flat,14,-239696.000000,,,,0,
2611,RECAL 3 1 9999 258 64 4 80,1,9999,258,0,64,4,80,2584.000000,33,1,Ok,255682.000000,NonMono,16,-239652.000000,15.964004,16,2647.856015,5,[14]=-245909;[15]=-241184;[16]=-239652;[17]=-241445;[18]=-246576
2612,RECAL 3 0 9999 9999 64 4 80,0,9999,9999,0,64,4,80,180.000000,33,0,ParabolaNotDownward,1177.000000,Flat,16,-237132.000000,,,,0,
2613,RECAL 3 0 9999 9999 200 4 80,0,9999,9999,0,200,4,80,44.000000,101,1,Ok,18708.000000,NonMono,51,-237027.000000,50.105022,50,244.420087,47,[28]=-238256;[29]=-238166;[30]=-238085;[31]=-238000;[32]=-237928;[33]=-237846;[34]=-237769;[35]=-237664;[36]=-237634;[37]=-237543;[38]=-237455;[39]=-237406;[40]=-237347;[41]=-237290;[42]=-237240;[43]=-237209;[44]=-237165;[45]=-237126;[46]=-237087;[47]=-237060;[48]=-237052;[49]=-237037;[50]=-237028;[51]=-237027;[52]=-237056;[53]=-237050;[54]=-237075;[55]=-237128;[56]=-237179;[57]=-237232;[58]=-237299;[59]=-237368;[60]=-237471;[61]=-237569;[62]=-237671;[63]=-237787;[64]=-237937;[65]=-238081;[66]=-238250;[67]=-238400;[68]=-238619;[69]=-238803;[70]=-239033;[71]=-239283;[72]=-239535;[73]=-239800;[74]=-240085
2614,RECAL 3 0 9999 244 64 4 80,0,9999,244,0,64,4,80,180.000000,33,0,ParabolaNotDownward,1214.000000,Flat,15,-236999.000000,,,,0,
2615,RECAL 3 1 9999 243 64 4 80,1,9999,243,0,64,4,80,1985.000000,33,1,Ok,233002.000000,NonMono,16,-236989.000000,15.925953,16,2048.703812,5,[14]=-240768;[15]=-237858;[16]=-236989;[17]=-238171;[18]=-241443
2616,RECAL 3 0 9999 9999 64 4 80,0,9999,9999,0,64,4,80,236.000000,33,0,ParabolaNotDownward,1869.000000,Flat,15,-241555.000000,,,,0,
2617,RECAL 3 0 9999 9999 200 4 80,0,9999,9999,0,200,4,80,100.000000,101,1,Ok,27610.000000,NonMono,51,-241414.000000,50.029809,50,300.119237,39,[32]=-242938;[33]=-242801;[34]=-242662;[35]=-242527;[36]=-242394;[37]=-242272;[38]=-242169;[39]=-242060;[40]=-241967;[41]=-241852;[42]=-241787;[43]=-241704;[44]=-241621;[45]=-241570;[46]=-241514;[47]=-241460;[48]=-241430;[49]=-241420;[50]=-241418;[51]=-241414;[52]=-241444;[53]=-241467;[54]=-241525;[55]=-241583;[56]=-241669;[57]=-241744;[58]=-241841;[59]=-241971;[60]=-242122;[61]=-242275;[62]=-242446;[63]=-242638;[64]=-242852;[65]=-243092;[66]=-243306;[67]=-243584;[68]=-243878;[69]=-244204;[70]=-244547
2618,RECAL 3 0 9999 300 64 4 80,0,9999,300,0,64,4,80,236.000000,33,0,ParabolaNotDownward,1898.000000,Flat,17,-241369.000000,,,,0,
2619,RECAL 3 1 9999 301 64 4 80,1,9999,301,0,64,4,80,1106.000000,33,1,Ok,90774.000000,NonMono,16,-241377.000000,15.971388,16,1169.885551,7,[13]=-244354;[14]=-242710;[15]=-241705;[16]=-241377;[17]=-241742;[18]=-242796;[19]=-244492
2620,RECAL 3 0 9999 9999 64 4 80,0,9999,9999,0,64,4,80,-607.000000,33,1,Ok,6722.000000,NonMono,17,-240152.000000,16.264346,16,-541.942617,25,[5]=-243189;[6]=-242668;[7]=-242188;[8]=-241765;[9]=-241391;[10]=-241077;[11]=-240784;[12]=-240566;[13]=-240372;[14]=-240261;[15]=-240184;[16]=-240155;[17]=-240152;[18]=-240221;[19]=-240312;[20]=-240442;[21]=-240639;[22]=-240849;[23]=-241103;[24]=-241403;[25]=-241718;[26]=-242082;[27]=-242475;[28]=-242917;[29]=-243377
2621,RECAL 3 1 9999 -542 64 4 80,1,9999,-542,0,64,4,80,-1327.000000,33,1,Ok,104077.000000,NonMono,16,-240001.000000,16.105680,16,-1262.577280,7,[13]=-243886;[14]=-241811;[15]=-240515;[16]=-240001;[17]=-240358;[18]=-241447;[19]=-243327
2622,RECAL 3 0 9999 9999 64 4 80,0,9999,9999,0,64,4,80,302.000000,33,0,ParabolaNotDownward,2570.000000,Flat,16,-238866.000000,,,,0,
2623,RECAL 3 0 9999 9999 200 4 80,0,9999,9999,0,200,4,80,166.000000,101,1,Ok,36043.000000,NonMono,50,-238809.000000,50.104721,50,366.418886,37,[32]=-241086;[33]=-240881;[34]=-240676;[35]=-240483;[36]=-240290;[37]=-240085;[38]=-239927;[39]=-239752;[40]=-239599;[41]=-239464;[42]=-239324;[43]=-239212;[44]=-239100;[45]=-239028;[46]=-238973;[47]=-238913;[48]=-238857;[49]=-238829;[50]=-238809;[51]=-238810;[52]=-238839;[53]=-238889;[54]=-238953;[55]=-239042;[56]=-239139;[57]=-239274;[58]=-239409;[59]=-239575;[60]=-239768;[61]=-239967;[62]=-240223;[63]=-240475;[64]=-240747;[65]=-241063;[66]=-241414;[67]=-241795;[68]=-242177
2624,RECAL 3 0 9999 366 64 4 80,0,9999,366,0,64,4,80,302.000000,33,0,ParabolaNotDownward,2629.000000,Flat,16,-238786.000000,,,,0,
2625,RECAL 3 1 9999 367 64 4 80,1,9999,367,0,64,4,80,-2165.000000,33,1,Ok,230681.000000,NonMono,16,-238785.000000,15.892914,16,-2101.428343,5,[14]=-242599;[15]=-239618;[16]=-238785;[17]=-240079;[18]=-243534
2626,RECAL 3 0 9999 9999 64 4 80,0,9999,9999,0,64,4,80,372.000000,33,1,Ok,3199.000000,NonMono,16,-234988.000000,16.388641,16,437.554563,17,[8]=-235698;[9]=-235559;[10]=-235410;[11]=-235286;[12]=-235217;[13]=-235103;[14]=-235069;[15]=-235017;[16]=-234988;[17]=-234991;[18]=-235037;[19]=-235074;[20]=-235144;[21]=-235259;[22]=-235359;[23]=-235528;[24]=-235712
2627,RECAL 3 1 9999 438 64 4 80,1,9999,438,0,64,4,80,-2753.000000,33,1,Ok,259578.000000,NonMono,16,-234928.000000,15.983191,16,-2689.067234,5,[14]=-241964;[15]=-236645;[16]=-234928;[17]=-236752;[18]=-242103
2628,RECAL 3 0 9999 9999 64 4 80,0,9999,9999,0,64,4,80,-2158.000000,33,1,Ok,96910.000000,NonMono,16,-233994.000000,15.979047,16,-2094.083813,7,[13]=-237193;[14]=-235369;[15]=-234315;[16]=-233994;[17]=-234330;[18]=-235411;[19]=-237189
2629,RECAL 3 1 9999 -2094 64 4 80,1,9999,-2094,0,64,4,80,-2724.000000,33,1,Ok,261063.000000,NonMono,16,-233965.000000,15.979772,16,-2660.080912,5,[14]=-240687;[15]=-235576;[16]=-233965;[17]=-235692;[18]=-240791
2630,RECAL 3 0 9999 9999 64 4 80,0,9999,9999,0,64,4,80,-2170.000000,33,1,Ok,101024.000000,NonMono,16,-233076.000000,15.895922,16,-2106.416314,7,[13]=-236184;[14]=-234381;[15]=-233366;[16]=-233076;[17]=-233521;[18]=-234678;[19]=-236616
2631,RECAL 3 1 9999 -2106 64 4 80,1,9999,-2106,0,64,4,80,-2129.000000,33,1,Ok,228919.000000,NonMono,16,-232997.000000,15.901273,16,-2065.394909,5,[14]=-236750;[15]=-233829;[16]=-232997;[17]=-234247;[18]=-237614
2632,RECAL 3 0 9999 9999 64 4 80,0,9999,9999,0,64,4,80,-2255.000000,33,1,Ok,112076.000000,NonMono,16,-238386.000000,15.917181,16,-2191.331276,7,[13]=-241986;[14]=-239947;[15]=-238759;[16]=-238386;[17]=-238887;[18]=-240199;[19]=-242301
2633,RECAL 3 1 9999 -2191 64 4 80,1,9999,-2191,0,64,4,80,-1269.000000,33,1,Ok,93654.000000,NonMono,16,-238284.000000,16.118219,16,-1204.527125,7,[13]=-241690;[14]=-239866;[15]=-238727;[16]=-238284;[17]=-238566;[18]=-239544;[19]=-241241
2634,RECAL 3 0 9999 9999 64 4 80,0,9999,9999,0,64,4,80,-2176.000000,33,1,Ok,104459.000000,NonMono,16,-230839.000000,16.032529,16,-2111.869885,7,[13]=-234308;[14]=-232414;[15]=-231240;[16]=-230839;[17]=-231204;[18]=-232289;[19]=-234111
2635,RECAL 3 1 9999 -2112 64 4 80,1,9999,-2112,0,64,4,80,1161.000000,33,1,Ok,99903.000000,NonMono,16,-230773.000000,15.979542,16,1224.918168,7,[13]=-233984;[14]=-232202;[15]=-231137;[16]=-230773;[17]=-231153;[18]=-232279;[19]=-234091
2636,RECAL 3 0 9999 9999 64 4 80,0,9999,9999,0,64,4,80,-2183.000000,33,1,Ok,102098.000000,NonMono,16,-238830.000000,15.987688,16,-2119.049246,7,[13]=-242200;[14]=-240328;[15]=-239190;[16]=-238830;[17]=-239225;[18]=-240314;[19]=-242145
2637,RECAL 3 1 9999 -2119 64 4 80,1,9999,-2119,0,64,4,80,2015.000000,33,1,Ok,236602.000000,NonMono,16,-238754.000000,16.074948,16,2079.299793,5,[14]=-243167;[15]=-239937;[16]=-238754;[17]=-239635;[18]=-242612
2638,RECAL 3 0 9999 9999 64 4 80,0,9999,9999,0,64,4,80,2048.000000,33,1,Ok,106682.000000,NonMono,16,-233926.000000,15.956929,16,2111.827717,7,[13]=-237366;[14]=-235417;[15]=-234263;[16]=-233926;[17]=-234330;[18]=-235545;[19]=-237544
2639,RECAL 3 1 9999 2112 64 4 80,1,9999,2112,0,64,4,80,-2783.000000,33,1,Ok,261154.000000,NonMono,16,-233927.000000,15.890768,16,-2719.436927,5,[14]=-240105;[15]=-235258;[16]=-233927;[17]=-236001;[18]=-241525
2640,RECAL 3 0 9999 9999 64 4 80,0,9999,9999,0,64,4,80,2063.000000,33,1,Ok,112031.000000,NonMono,16,-241866.000000,16.105609,16,2127.422435,7,[13]=-245884;[14]=-243697;[15]=-242412;[16]=-241866;[17]=-242217;[18]=-243379;[19]=-245414
2641,RECAL 3 1 9999 2127 64 4 80,1,9999,2127,0,64,4,80,-2207.000000,33,1,Ok,245473.000000,NonMono,16,-241878.000000,16.011270,16,-2142.954919,5,[14]=-246485;[15]=-243022;[16]=-241878;[17]=-242948;[18]=-246195
2642,RECAL 3 0 9999 9999 64 4 80,0,9999,9999,0,64,4,80,1982.000000,33,1,Ok,105947.000000,NonMono,16,-232132.000000,16.104394,16,2046.417575,7,[13]=-235885;[14]=-233855;[15]=-232606;[16]=-232132;[17]=-232438;[18]=-233541;[19]=-235422
2643,RECAL 3 1 9999 2046 64 4 80,1,9999,2046,0,64,4,80,-1397.000000,33,1,Ok,121732.000000,NonMono,16,-232115.000000,16.000938,16,-1332.996250,7,[13]=-236038;[14]=-233880;[15]=-232570;[16]=-232115;[17]=-232566;[18]=-233864;[19]=-235988
2644,RECAL 3 0 9999 9999 64 4 80,0,9999,9999,0,64,4,80,2055.000000,33,1,Ok,113752.000000,NonMono,16,-234542.000000,16.119627,16,2119.478509,7,[13]=-238720;[14]=-236461;[15]=-235100;[16]=-234542;[17]=-234883;[18]=-236075;[19]=-238156
2645,RECAL 3 1 9999 2119 64 4 80,1,9999,2119,0,64,4,80,1015.000000,33,1,Ok,73606.000000,NonMono,16,-234543.000000,16.003012,16,1079.012050,9,[12]=-239007;[13]=-237072;[14]=-235661;[15]=-234814;[16]=-234543;[17]=-234820;[18]=-235668;[19]=-237060;[20]=-239035
2646,RECAL 3 0 9999 9999 64 4 80,0,9999,9999,0,64,4,80,2048.000000,33,1,Ok,112285.000000,NonMono,16,-225707.000000,16.081544,16,2112.326175,7,[13]=-229693;[14]=-227527;[15]=-226198;[16]=-225707;[17]=-226059;[18]=-227269;[19]=-229331
2647,RECAL 3 1 9999 2112 64 4 80,1,9999,2112,0,64,4,80,1931.000000,33,1,Ok,223175.000000,NonMono,16,-225700.000000,16.059672,16,1995.238688,5,[14]=-229823;[15]=-226794;[16]=-225700;[17]=-226561;[18]=-229349
2648,RECAL 3 0 9999 9999 64 4 80,0,9999,9999,0,64,4,80,2037.000000,33,1,Ok,108813.000000,NonMono,16,-231341.000000,16.034111,16,2101.136445,7,[13]=-235078;[14]=-233047;[15]=-231780;[16]=-231341;[17]=-231728;[18]=-232915;[19]=-234853
2649,RECAL 3 1 9999 2101 64 4 80,1,9999,2101,0,64,4,80,2539.000000,33,1,Ok,262453.000000,NonMono,16,-231335.000000,16.097626,16,2603.390506,5,[14]=-238618;[15]=-233319;[16]=-231335;[17]=-232671;[18]=-237319
2650,RECAL 3 0 9999 9999 64 4 80,0,9999,9999,0,64,4,80,155.000000,33,0,ParabolaNotDownward,976.000000,Flat,17,-236625.000000,,,,0,
2651,RECAL 3 0 9999 9999 200 4 80,0,9999,9999,0,200,4,80,19.000000,101,1,Ok,16080.000000,NonMono,51,-236623.000000,50.354148,50,220.416594,33,[35]=-237189;[36]=-237137;[37]=-237055;[38]=-237001;[39]=-236945;[40]=-236882;[41]=-236874;[42]=-236815;[43]=-236784;[44]=-236739;[45]=-236717;[46]=-236681;[47]=-236683;[48]=-236655;[49]=-236647;[50]=-236642;[51]=-236623;[52]=-236632;[53]=-236667;[54]=-236687;[55]=-236729;[56]=-236751;[57]=-236782;[58]=-236823;[59]=-236903;[60]=-236989;[61]=-237044;[62]=-237134;[63]=-237251;[64]=-237353;[65]=-237494;[66]=-237620;[67]=-237789
2652,RECAL 3 0 9999 220 64 4 80,0,9999,220,0,64,4,80,156.000000,33,0,ParabolaNotDownward,1032.000000,Flat,15,-236624.000000,,,,0,
2653,RECAL 3 1 9999 221 64 4 80,1,9999,221,0,64,4,80,2567.000000,33,1,Ok,257895.000000,NonMono,16,-236619.000000,16.095074,16,2631.380297,5,[14]=-243798;[15]=-238608;[16]=-236619;[17]=-238003;[18]=-242752
2654,RECAL 3 0 9999 9999 64 4 80,0,9999,9999,0,64,4,80,247.000000,33,0,ParabolaNotDownward,2136.000000,Flat,17,-234928.000000,,,,0,
2655,RECAL 3 0 9999 9999 200 4 80,0,9999,9999,0,200,4,80,111.000000,101,1,Ok,31219.000000,NonMono,50,-234912.000000,50.134178,50,311.536712,39,[31]=-236853;[32]=-236663;[33]=-236516;[34]=-236348;[35]=-236221;[36]=-236065;[37]=-235909;[38]=-235773;[39]=-235645;[40]=-235545;[41]=-235407;[42]=-235329;[43]=-235233;[44]=-235164;[45]=-235094;[46]=-235038;[47]=-234997;[48]=-234944;[49]=-234923;[50]=-234912;[51]=-234935;[52]=-234943;[53]=-234967;[54]=-235023;[55]=-235090;[56]=-235195;[57]=-235271;[58]=-235392;[59]=-235533;[60]=-235682;[61]=-235853;[62]=-236052;[63]=-236266;[64]=-236506;[65]=-236755;[66]=-237040;[67]=-237365;[68]=-237685;[69]=-238032
2656,RECAL 3 0 9999 312 64 4 80,0,9999,312,0,64,4,80,248.000000,33,0,ParabolaNotDownward,2220.000000,Flat,16,-234919.000000,,,,0,
2657,RECAL 3 1 9999 312 64 4 80,1,9999,312,0,64,4,80,1969.000000,33,1,Ok,227005.000000,NonMono,16,-234911.000000,15.891061,16,2032.564243,5,[14]=-238627;[15]=-235735;[16]=-234911;[17]=-236187;[18]=-239524
2658,RECAL 3 0 9999 9999 64 4 80,0,9999,9999,0,64,4,80,291.000000,33,1,Ok,3028.000000,NonMono,17,-229051.000000,15.970318,16,354.881273,17,[9]=-229482;[10]=-229380;[11]=-229280;[12]=-229193;[13]=-229132;[14]=-229087;[15]=-229064;[16]=-229061;[17]=-229051;[18]=-229108;[19]=-229159;[20]=-229208;[21]=-229304;[22]=-229432;[23]=-229587;[24]=-229746;[25]=-229939
2659,RECAL 3 1 9999 355 64 4 80,1,9999,355,0,64,4,80,1084.000000,33,1,Ok,83738.000000,NonMono,16,-229028.000000,15.995435,16,1147.981740,7,[13]=-231974;[14]=-230349;[15]=-229364;[16]=-229028;[17]=-229374;[18]=-230376;[19]=-232048
2660,RECAL 3 0 9999 9999 64 4 80,0,9999,9999,0,64,4,80,-518.000000,33,1,Ok,4692.000000,NonMono,16,-234505.000000,15.923472,16,-454.306112,27,[3]=-237524;[4]=-237051;[5]=-236610;[6]=-236219;[7]=-235888;[8]=-235573;[9]=-235314;[10]=-235096;[11]=-234917;[12]=-234769;[13]=-234642;[14]=-234579;[15]=-234525;[16]=-234505;[17]=-234533;[18]=-234575;[19]=-234660;[20]=-234742;[21]=-234887;[22]=-235045;[23]=-235246;[24]=-235445;[25]=-235679;[26]=-235956;[27]=-236226;[28]=-236531;[29]=-236839
2661,RECAL 3 1 9999 -454 64 4 80,1,9999,-454,0,64,4,80,-1338.000000,33,1,Ok,109633.000000,NonMono,16,-234502.000000,15.902573,16,-1274.389707,7,[13]=-237998;[14]=-235992;[15]=-234841;[16]=-234502;[17]=-235006;[18]=-236277;[19]=-238387
2662,RECAL 3 0 9999 9999 64 4 80,0,9999,9999,0,64,4,80,353.000000,33,1,Ok,3872.000000,NonMono,16,-231955.000000,15.958978,16,416.835911,17,[8]=-232679;[9]=-232527;[10]=-232371;[11]=-232240;[12]=-232138;[13]=-232049;[14]=-231994;[15]=-231963;[16]=-231955;[17]=-231968;[18]=-232011;[19]=-232077;[20]=-232146;[21]=-232305;[22]=-232458;[23]=-232660;[24]=-232881
2663,RECAL 3 1 9999 417 64 4 80,1,9999,417,0,64,4,80,-2168.000000,33,1,Ok,248785.000000,NonMono,16,-231952.000000,16.076256,16,-2103.694977,5,[14]=-236474;[15]=-233162;[16]=-231952;[17]=-232840;[18]=-235816
2664,RECAL 3 0 9999 9999 64 4 80,0,9999,9999,0,64,4,80,242.000000,33,0,ParabolaNotDownward,1812.000000,Flat,16,-228178.000000,,,,0,
2665,RECAL 3 0 9999 9999 200 4 80,0,9999,9999,0,200,4,80,106.000000,101,1,Ok,26167.000000,NonMono,49,-228188.000000,50.006047,50,306.024189,45,[27]=-230348;[28]=-230186;[29]=-230041;[30]=-229903;[31]=-229744;[32]=-229628;[33]=-229472;[34]=-229344;[35]=-229229;[36]=-229104;[37]=-228988;[38]=-228878;[39]=-228782;[40]=-228689;[41]=-228596;[42]=-228519;[43]=-228442;[44]=-228369;[45]=-228317;[46]=-228271;[47]=-228232;[48]=-228198;[49]=-228188;[50]=-228189;[51]=-228189;[52]=-228204;[53]=-228237;[54]=-228272;[55]=-228323;[56]=-228397;[57]=-228472;[58]=-228586;[59]=-228709;[60]=-228856;[61]=-228981;[62]=-229152;[63]=-229340;[64]=-229537;[65]=-229739;[66]=-229990;[67]=-230243;[68]=-230530;[69]=-230825;[70]=-231162;[71]=-231491
2666,RECAL 3 0 9999 306 64 4 80,0,9999,306,0,64,4,80,242.000000,33,0,ParabolaNotDownward,1799.000000,Flat,15,-228182.000000,,,,0,
2667,RECAL 3 1 9999 306 64 4 80,1,9999,306,0,64,4,80,-2752.000000,33,1,Ok,266512.000000,NonMono,16,-228187.000000,15.937691,16,-2688.249236,5,[14]=-234644;[15]=-229660;[16]=-228187;[17]=-230055;[18]=-235267
2668,RECAL 3 0 9999 9999 64 4 80,0,9999,9999,0,64,4,80,-2125.000000,33,1,Ok,101178.000000,NonMono,16,-232905.000000,16.057376,16,-2060.770495,7,[13]=-236435;[14]=-234463;[15]=-233329;[16]=-232905;[17]=-233232;[18]=-234287;[19]=-236137
2669,RECAL 3 1 9999 -2061 64 4 80,1,9999,-2061,0,64,4,80,-2784.000000,33,1,Ok,262332.000000,NonMono,16,-232891.000000,16.046660,16,-2719.813361,5,[14]=-239917;[15]=-234693;[16]=-232891;[17]=-234374;[18]=-239242
2670,RECAL 3 0 9999 9999 64 4 80,0,9999,9999,0,64,4,80,-2105.000000,33,1,Ok,104502.000000,NonMono,16,-236531.000000,15.969832,16,-2041.120671,7,[13]=-239978;[14]=-238043;[15]=-236900;[16]=-236531;[17]=-236951;[18]=-238129;[19]=-240105
2671,RECAL 3 1 9999 -2041 64 4 80,1,9999,-2041,0,64,4,80,-2210.000000,33,1,Ok,250315.000000,NonMono,16,-236537.000000,15.958596,16,-2146.165618,5,[14]=-240848;[15]=-237551;[16]=-236537;[17]=-237717;[18]=-241075
2672,RECAL 3 0 9999 9999 64 4 80,0,9999,9999,0,64,4,80,-2184.000000,33,1,Ok,116361.000000,NonMono,16,-226155.000000,15.989398,16,-2120.042408,7,[13]=-229940;[14]=-227827;[15]=-226561;[16]=-226155;[17]=-226579;[18]=-227833;[19]=-229904
2673,RECAL 3 1 9999 -2120 64 4 80,1,9999,-2120,0,64,4,80,-1407.000000,33,1,Ok,122273.000000,NonMono,16,-226155.000000,16.118556,16,-1342.525775,7,[13]=-230414;[14]=-228103;[15]=-226667;[16]=-226155;[17]=-226458;[18]=-227656;[19]=-229680
2674,RECAL 3 0 9999 9999 64 4 80,0,9999,9999,0,64,4,80,-2116.000000,33,1,Ok,109447.000000,NonMono,16,-233211.000000,16.041140,16,-2051.835439,7,[13]=-236978;[14]=-234903;[15]=-233651;[16]=-233211;[17]=-233603;[18]=-234744;[19]=-236749
2675,RECAL 3 1 9999 -2052 64 4 80,1,9999,-2052,0,64,4,80,1001.000000,33,1,Ok,72300.000000,NonMono,16,-233222.000000,15.880482,16,1064.521928,9,[12]=-237281;[13]=-235448;[14]=-234146;[15]=-233432;[16]=-233222;[17]=-233546;[18]=-234418;[19]=-235852;[20]=-237830
2676,RECAL 3 0 9999 9999 64 4 80,0,9999,9999,0,64,4,80,-2121.000000,33,1,Ok,106519.000000,NonMono,16,-232808.000000,15.894527,16,-2057.421892,7,[13]=-236184;[14]=-234239;[15]=-233127;[16]=-232808;[17]=-233291;[18]=-234550;[19]=-236601
2677,RECAL 3 1 9999 -2057 64 4 80,1,9999,-2057,0,64,4,80,1920.000000,33,1,Ok,227060.000000,NonMono,16,-232835.000000,16.066959,16,1984.267835,5,[14]=-236797;[15]=-233874;[16]=-232835;[17]=-233622;[18]=-236269
2678,RECAL 3 0 9999 9999 64 4 80,0,9999,9999,0,64,4,80,2316.000000,33,1,Ok,103625.000000,NonMono,16,-232274.000000,16.081720,16,2380.326878,7,[13]=-235907;[14]=-233948;[15]=-232710;[16]=-232274;[17]=-232592;[18]=-233710;[19]=-235596
2679,RECAL 3 1 9999 2380 64 4 80,1,9999,2380,0,64,4,80,-2161.000000,33,1,Ok,244027.000000,NonMono,16,-232283.000000,16.040647,16,-2096.837412,5,[14]=-236195;[15]=-233304;[16]=-232283;[17]=-233148;[18]=-235859
2680,RECAL 3 0 9999 9999 64 4 80,0,9999,9999,0,64,4,80,2397.000000,33,1,Ok,117921.000000,NonMono,16,-237588.000000,15.910801,16,2460.643203,7,[13]=-241159;[14]=-239130;[15]=-237945;[16]=-237588;[17]=-238098;[18]=-239456;[19]=-241686
2681,RECAL 3 1 9999 2461 64 4 80,1,9999,2461,0,64,4,80,-1272.000000,33,1,Ok,88961.000000,NonMono,16,-237607.000000,15.930557,16,-1208.277773,7,[13]=-240419;[14]=-238802;[15]=-237896;[16]=-237607;[17]=-237976;[18]=-238963;[19]=-240607
2682,RECAL 3 0 9999 9999 64 4 80,0,9999,9999,0,64,4,80,2311.000000,33,1,Ok,106452.000000,NonMono,16,-233229.000000,15.937451,16,2374.749805,7,[13]=-236567;[14]=-234673;[15]=-233581;[16]=-233229;[17]=-233681;[18]=-234902;[19]=-236966
2683,RECAL 3 1 9999 2375 64 4 80,1,9999,2375,0,64,4,80,1202.000000,33,1,Ok,93562.000000,NonMono,16,-233264.000000,16.030926,16,1266.123703,7,[13]=-236554;[14]=-234722;[15]=-233640;[16]=-233264;[17]=-233588;[18]=-234649;[19]=-236450
2684,RECAL 3 0 9999 9999 64 4 80,0,9999,9999,0,64,4,80,2346.000000,33,1,Ok,105965.000000,NonMono,16,-243560.000000,16.070162,16,2410.280649,7,[13]=-247234;[14]=-245224;[15]=-244009;[16]=-243560;[17]=-243888;[18]=-245040;[19]=-246990
2685,RECAL 3 1 9999 2410 64 4 80,1,9999,2410,0,64,4,80,2067.000000,33,1,Ok,228900.000000,NonMono,16,-243547.000000,15.980337,16,2130.921349,5,[14]=-247369;[15]=-244482;[16]=-243547;[17]=-244565;[18]=-247570
2686,RECAL 3 0 9999 9999 64 4 80,0,9999,9999,0,64,4,80,2393.000000,33,1,Ok,103881.000000,NonMono,16,-239844.000000,16.088789,16,2457.355155,7,[13]=-243446;[14]=-241511;[15]=-240320;[16]=-239844;[17]=-240192;[18]=-241264;[19]=-243131
2687,RECAL 3 1 9999 2457 64 4 80,1,9999,2457,0,64,4,80,2672.000000,33,1,Ok,253708.000000,NonMono,16,-239844.000000,16.041001,16,2736.164003,5,[14]=-246327;[15]=-241545;[16]=-239844;[17]=-241302;[18]=-245928
2688,RECAL 3 0 9999 9999 64 4 80,0,9999,9999,0,64,4,80,956.000000,33,1,Ok,17545.000000,NonMono,16,-238804.000000,16.051577,16,1020.206309,15,[9]=-241849;[10]=-241054;[11]=-240372;[12]=-239790;[13]=-239381;[14]=-239049;[15]=-238869;[16]=-238804;[17]=-238838;[18]=-239023;[19]=-239345;[20]=-239782;[21]=-240388;[22]=-241122;[23]=-241951
2689,RECAL 3 1 9999 1020 64 4 80,1,9999,1020,0,64,4,80,2635.000000,33,1,Ok,255803.000000,NonMono,16,-238784.000000,16.051808,16,2699.207233,5,[14]=-245342;[15]=-240526;[16]=-238784;[17]=-240211;[18]=-244769
2690,RECAL 3 0 9999 9999 64 4 80,0,9999,9999,0,64,4,80,819.000000,33,1,Ok,13750.000000,NonMono,16,-241772.000000,16.022884,16,883.091537,17,[8]=-244832;[9]=-244115;[10]=-243482;[11]=-242978;[12]=-242548;[13]=-242224;[14]=-241970;[15]=-241812;[16]=-241772;[17]=-241815;[18]=-241962;[19]=-242205;[20]=-242551;[21]=-243011;[22]=-243569;[23]=-244236;[24]=-245009
2691,RECAL 3 1 9999 883 64 4 80,1,9999,883,0,64,4,80,2020.000000,33,1,Ok,230484.000000,NonMono,16,-241762.000000,16.091204,16,2084.364817,5,[14]=-245867;[15]=-242867;[16]=-241762;[17]=-242521;[18]=-245150
2692,RECAL 3 0 9999 9999 64 4 80,0,9999,9999,0,64,4,80,706.000000,33,1,Ok,10755.000000,NonMono,16,-239254.000000,15.946882,16,769.787528,19,[7]=-242130;[8]=-241542;[9]=-241025;[10]=-240555;[11]=-240166;[12]=-239809;[13]=-239574;[14]=-239374;[15]=-239284;[16]=-239254;[17]=-239302;[18]=-239418;[19]=-239607;[20]=-239883;[21]=-240254;[22]=-240686;[23]=-241207;[24]=-241818;[25]=-242520
2693,RECAL 3 1 9999 770 64 4 80,1,9999,770,0,64,4,80,1126.000000,33,1,Ok,83387.000000,NonMono,16,-239236.000000,15.928417,16,1189.713669,7,[13]=-241921;[14]=-240410;[15]=-239497;[16]=-239236;[17]=-239595;[18]=-240601;[19]=-242242
2694,RECAL 3 0 9999 9999 64 4 80,0,9999,9999,0,64,4,80,929.000000,33,1,Ok,18426.000000,NonMono,16,-242622.000000,16.082083,16,993.328331,15,[9]=-245963;[10]=-245071;[11]=-244326;[12]=-243711;[13]=-243244;[14]=-242912;[15]=-242694;[16]=-242622;[17]=-242661;[18]=-242866;[19]=-243165;[20]=-243665;[21]=-244276;[22]=-245026;[23]=-245940
2695,RECAL 3 1 9999 993 64 4 80,1,9999,993,0,64,4,80,-1346.000000,33,1,Ok,101157.000000,NonMono,16,-242624.000000,16.071357,16,-1281.714570,7,[13]=-246131;[14]=-244193;[15]=-243030;[16]=-242624;[17]=-242935;[18]=-243947;[19]=-245733
2696,RECAL 3 0 9999 9999 64 4 80,0,9999,9999,0,64,4,80,730.000000,33,1,Ok,10848.000000,NonMono,16,-239521.000000,16.011860,16,794.047440,19,[7]=-242446;[8]=-241864;[9]=-241325;[10]=-240860;[11]=-240459;[12]=-240108;[13]=-239854;[14]=-239669;[15]=-239572;[16]=-239521;[17]=-239556;[18]=-239672;[19]=-239872;[20]=-240147;[21]=-240518;[22]=-240945;[23]=-241495;[24]=-242115;[25]=-242820
2697,RECAL 3 1 9999 794 64 4 80,1,9999,794,0,64,4,80,-2204.000000,33,1,Ok,245540.000000,NonMono,16,-239519.000000,15.968757,16,-2140.124971,5,[14]=-243337;[15]=-240459;[16]=-239519;[17]=-240572;[18]=-243511
2698,RECAL 3 0 9999 9999 64 4 80,0,9999,9999,0,64,4,80,969.000000,33,1,Ok,17917.000000,NonMono,16,-238945.000000,16.091368,16,1033.365473,15,[9]=-242061;[10]=-241273;[11]=-240574;[12]=-239987;[13]=-239548;[14]=-239226;[15]=-239015;[16]=-238945;[17]=-238999;[18]=-239186;[19]=-239482;[20]=-239952;[21]=-240567;[22]=-241288;[23]=-242172
2699,RECAL 3 1 9999 1033 64 4 80,1,9999,1033,0,64,4,80,-2806.000000,33,1,Ok,256442.000000,NonMono,16,-238947.000000,15.915208,16,-2742.339169,5,[14]=-244661;[15]=-240264;[16]=-238947;[17]=-240772;[18]=-245588
2700,RECAL 3 0 9999 9999 64 4 80,0,9999,9999,0,64,4,80,-2103.000000,33,1,Ok,71180.000000,NonMono,16,-238216.000000,16.111155,16,-2038.555380,9,[12]=-242718;[13]=-240805;[14]=-239392;[15]=-238535;[16]=-238216;[17]=-238420;[18]=-239151;[19]=-240448;[20]=-242239
2701,RECAL 3 1 9999 -2039 64 4 80,1,9999,-2039,0,64,4,80,-2788.000000,33,1,Ok,258232.000000,NonMono,16,-238206.000000,16.073183,16,-2723.707268,5,[14]=-244660;[15]=-239926;[16]=-238206;[17]=-239490;[18]=-243825
2702,RECAL 3 0 9999 9999 64 4 80,0,9999,9999,0,64,4,80,-2196.000000,33,1,Ok,77172.000000,NonMono,16,-241871.000000,15.875967,16,-2132.496134,9,[12]=-246300;[13]=-244269;[14]=-242909;[15]=-242090;[16]=-241871;[17]=-242249;[18]=-243159;[19]=-244704;[20]=-246810
2703,RECAL 3 1 9999 -2132 64 4 80,1,9999,-2132,0,64,4,80,-2183.000000,33,1,Ok,242069.000000,NonMono,16,-241888.000000,16.019937,16,-2118.920253,5,[14]=-245717;[15]=-242865;[16]=-241888;[17]=-242783;[18]=-245506
2704,RECAL 3 0 9999 9999 64 4 80,0,9999,9999,0,64,4,80,-2103.000000,33,1,Ok,72874.000000,NonMono,16,-235227.000000,15.990342,16,-2039.038632,9,[12]=-239635;[13]=-237680;[14]=-236332;[15]=-235506;[16]=-235227;[17]=-235510;[18]=-236331;[19]=-237718;[20]=-239628
2705,RECAL 3 1 9999 -2039 64 4 80,1,9999,-2039,0,64,4,80,-1314.000000,33,1,Ok,94876.000000,NonMono,16,-235226.000000,16.050814,16,-1249.796743,7,[13]=-238486;[14]=-236688;[15]=-235604;[16]=-235226;[17]=-235534;[18]=-236507;[19]=-238150
2706,RECAL 3 0 9999 9999 64 4 80,0,9999,9999,0,64,4,80,-2197.000000,33,1,Ok,79082.000000,NonMono,16,-243496.000000,15.888511,16,-2133.445954,9,[12]=-248058;[13]=-245999;[14]=-244559;[15]=-243741;[16]=-243496;[17]=-243859;[18]=-244819;[19]=-246336;[20]=-248455
2707,RECAL 3 1 9999 -2133 64 4 80,1,9999,-2133,0,64,4,80,1157.000000,33,1,Ok,88505.000000,NonMono,16,-243528.000000,15.956137,16,1220.824549,7,[13]=-246314;[14]=-244742;[15]=-243803;[16]=-243528;[17]=-243865;[18]=-244873;[19]=-246551
2708,RECAL 3 0 9999 9999 64 4 80,0,9999,9999,0,64,4,80,-2155.000000,33,1,Ok,74915.000000,NonMono,16,-232361.000000,15.955109,16,-2091.179565,9,[12]=-236791;[13]=-234809;[14]=-233448;[15]=-232632;[16]=-232361;[17]=-232675;[18]=-233540;[19]=-234964;[20]=-236967
2709,RECAL 3 1 9999 -2091 64 4 80,1,9999,-2091,0,64,4,80,2040.000000,33,1,Ok,232768.000000,NonMono,16,-232389.000000,15.890721,16,2103.562885,5,[14]=-235728;[15]=-233122;[16]=-232389;[17]=-233522;[18]=-236489
2710,RECAL 3 0 9999 9999 64 4 80,0,9999,9999,0,64,4,80,2091.000000,33,1,Ok,108037.000000,NonMono,16,-241783.000000,15.981752,16,2154.927006,7,[13]=-245189;[14]=-243278;[15]=-242156;[16]=-241783;[17]=-242170;[18]=-243373;[19]=-245353
2711,RECAL 3 1 9999 2155 64 4 80,1,9999,2155,0,64,4,80,-2802.000000,33,1,Ok,253091.000000,NonMono,16,-241787.000000,15.903882,16,-2738.384472,5,[14]=-248067;[15]=-243164;[16]=-241787;[17]=-243818;[18]=-249310
2712,RECAL 3 0 9999 9999 64 4 80,0,9999,9999,0,64,4,80,2088.000000,33,1,Ok,112650.000000,NonMono,16,-232081.000000,15.914209,16,2151.656837,7,[13]=-235504;[14]=-233559;[15]=-232417;[16]=-232081;[17]=-232550;[18]=-233850;[19]=-235945
2713,RECAL 3 1 9999 2152 64 4 80,1,9999,2152,0,64,4,80,-2222.000000,33,1,Ok,248894.000000,NonMono,16,-232081.000000,16.024709,16,-2157.901164,5,[14]=-236625;[15]=-233243;[16]=-232081;[17]=-233127;[18]=-236350
2714,RECAL 3 0 9999 9999 64 4 80,0,9999,9999,0,64,4,80,2088.000000,33,1,Ok,113508.000000,NonMono,16,-234440.000000,15.966826,16,2151.867305,7,[13]=-238032;[14]=-236018;[15]=-234805;[16]=-234440;[17]=-234870;[18]=-236154;[19]=-238302
2715,RECAL 3 1 9999 2152 64 4 80,1,9999,2152,0,64,4,80,-1410.000000,33,1,Ok,115836.000000,NonMono,16,-234432.000000,15.928867,16,-1346.284532,7,[13]=-238212;[14]=-236068;[15]=-234800;[16]=-234432;[17]=-234922;[18]=-236296;[19]=-238515
2716,RECAL 3 0 9999 9999 64 4 80,0,9999,9999,0,64,4,80,1991.000000,33,1,Ok,99420.000000,NonMono,16,-225649.000000,15.934120,16,2054.736480,7,[13]=-228831;[14]=-227026;[15]=-225969;[16]=-225649;[17]=-226063;[18]=-227226;[19]=-229129
2717,RECAL 3 1 9999 2055 64 4 80,1,9999,2055,0,64,4,80,1008.000000,33,1,Ok,73879.000000,NonMono,16,-225667.000000,15.864376,16,1071.457503,9,[12]=-229717;[13]=-227890;[14]=-226609;[15]=-225870;[16]=-225667;[17]=-226009;[18]=-226913;[19]=-228373;[20]=-230375
2718,RECAL 3 0 9999 9999 64 4 80,0,9999,9999,0,64,4,80,1995.000000,33,1,Ok,96872.000000,NonMono,16,-231267.000000,16.044632,16,2059.178528,7,[13]=-234528;[14]=-232754;[15]=-231656;[16]=-231267;[17]=-231599;[18]=-232644;[19]=-234406
2719,RECAL 3 1 9999 2059 64 4 80,1,9999,2059,0,64,4,80,1931.000000,33,1,Ok,218011.000000,NonMono,16,-231243.000000,16.019135,16,1995.076540,5,[14]=-235065;[15]=-232219;[16]=-231243;[17]=-232154;[18]=-234979
2720,RECAL 3 0 9999 9999 64 4 80,0,9999,9999,0,64,4,80,2071.000000,33,1,Ok,102570.000000,NonMono,16,-236597.000000,15.911404,16,2134.645614,7,[13]=-239661;[14]=-237921;[15]=-236896;[16]=-236597;[17]=-237012;[18]=-238199;[19]=-240075
2721,RECAL 3 1 9999 2135 64 4 80,1,9999,2135,0,64,4,80,2544.000000,33,1,Ok,257838.000000,NonMono,16,-236597.000000,15.999507,16,2607.998027,5,[14]=-242939;[15]=-238197;[16]=-236597;[17]=-238220;[18]=-243104
2722,RECAL 3 0 9999 9999 64 4 80,0,9999,9999,0,64,4,80,-183.000000,33,0,ParabolaNotDownward,428.000000,Flat,19,-234836.000000,,,,0,
2723,RECAL 3 0 9999 9999 200 4 80,0,9999,9999,0,200,4,80,-319.000000,101,1,Ok,6669.000000,NonMono,56,-234849.000000,53.840319,54,-103.638724,33,[40]=-235029;[41]=-235013;[42]=-234981;[43]=-234950;[44]=-234944;[45]=-234934;[46]=-234894;[47]=-234876;[48]=-234882;[49]=-234869;[50]=-234863;[51]=-234885;[52]=-234856;[53]=-234851;[54]=-234854;[55]=-234856;[56]=-234849;[57]=-234875;[58]=-234866;[59]=-234883;[60]=-234875;[61]=-234880;[62]=-234890;[63]=-234879;[64]=-234888;[65]=-234908;[66]=-234900;[67]=-234896;[68]=-234917;[69]=-234910;[70]=-234901;[71]=-234928;[72]=-234918
2724,RECAL 3 0 9999 -104 64 4 80,0,9999,-104,0,64,4,80,-168.000000,33,0,ParabolaNotDownward,259.000000,Flat,17,-234846.000000,,,,0,
2725,RECAL 3 1 9999 -109 64 4 80,1,9999,-109,0,64,4,80,2574.000000,33,1,Ok,258791.000000,NonMono,16,-234855.000000,16.009844,16,2638.039377,5,[14]=-241410;[15]=-236510;[16]=-234855;[17]=-236456;[18]=-241364
2726,RECAL 3 0 9999 9999 64 4 80,0,9999,9999,0,64,4,80,-667.000000,33,1,Ok,7075.000000,NonMono,16,-233235.000000,16.039683,16,-602.841268,23,[5]=-236422;[6]=-235839;[7]=-235344;[8]=-234903;[9]=-234489;[10]=-234130;[11]=-233865;[12]=-233624;[13]=-233465;[14]=-233327;[15]=-233253;[16]=-233235;[17]=-233250;[18]=-233312;[19]=-233433;[20]=-233588;[21]=-233807;[22]=-234050;[23]=-234350;[24]=-234682;[25]=-235062;[26]=-235487;[27]=-235927
2727,RECAL 3 1 9999 -603 64 4 80,1,9999,-603,0,64,4,80,1972.000000,33,1,Ok,225844.000000,NonMono,16,-233236.000000,15.933801,16,2035.735203,5,[14]=-236792;[15]=-234054;[16]=-233236;[17]=-234324;[18]=-237414
2728,RECAL 3 0 9999 9999 64 4 80,0,9999,9999,0,64,4,80,-664.000000,33,1,Ok,7494.000000,NonMono,16,-232364.000000,15.934519,16,-600.261925,23,[5]=-235757;[6]=-235126;[7]=-234569;[8]=-234094;[9]=-233687;[10]=-233321;[11]=-233014;[12]=-232785;[13]=-232590;[14]=-232469;[15]=-232402;[16]=-232364;[17]=-232391;[18]=-232484;[19]=-232594;[20]=-232770;[21]=-233004;[22]=-233281;[23]=-233594;[24]=-233936;[25]=-234337;[26]=-234793;[27]=-235278
2729,RECAL 3 1 9999 -600 64 4 80,1,9999,-600,0,64,4,80,1083.000000,33,1,Ok,85226.000000,NonMono,16,-232344.000000,15.910476,16,1146.641903,7,[13]=-234930;[14]=-233448;[15]=-232605;[16]=-232344;[17]=-232715;[18]=-233705;[19]=-235365
2730,RECAL 3 0 9999 9999 64 4 80,0,9999,9999,0,64,4,80,237.000000,33,0,ParabolaNotDownward,1822.000000,Flat,15,-228590.000000,,,,0,
2731,RECAL 3 0 9999 9999 200 4 80,0,9999,9999,0,200,4,80,101.000000,101,1,Ok,26111.000000,NonMono,51,-228592.000000,49.650077,50,299.600310,41,[31]=-230074;[32]=-229965;[33]=-229826;[34]=-229693;[35]=-229578;[36]=-229438;[37]=-229328;[38]=-229235;[39]=-229119;[40]=-229036;[41]=-228940;[42]=-228880;[43]=-228812;[44]=-228734;[45]=-228703;[46]=-228644;[47]=-228634;[48]=-228604;[49]=-228597;[50]=-228601;[51]=-228592;[52]=-228621;[53]=-228662;[54]=-228709;[55]=-228769;[56]=-228829;[57]=-228918;[58]=-229032;[59]=-229138;[60]=-229259;[61]=-229426;[62]=-229575;[63]=-229762;[64]=-229949;[65]=-230177;[66]=-230410;[67]=-230683;[68]=-230951;[69]=-231261;[70]=-231586;[71]=-231902
2732,RECAL 3 0 9999 300 64 4 80,0,9999,300,0,64,4,80,236.000000,33,0,ParabolaNotDownward,1777.000000,Flat,16,-228583.000000,,,,0,
2733,RECAL 3 1 9999 299 64 4 80,1,9999,299,0,64,4,80,-1350.000000,33,1,Ok,108161.000000,NonMono,16,-228600.000000,16.054838,16,-1285.780647,7,[13]=-232361;[14]=-230291;[15]=-229037;[16]=-228600;[17]=-228962;[18]=-230084;[19]=-232035
2734,RECAL 3 0 9999 9999 64 4 80,0,9999,9999,0,64,4,80,220.000000,33,0,ParabolaNotDownward,1576.000000,Flat,16,-228980.000000,,,,0,
2735,RECAL 3 0 9999 9999 200 4 80,0,9999,9999,0,200,4,80,84.000000,101,1,Ok,22574.000000,NonMono,50,-229005.000000,49.580856,50,282.323425,45,[28]=-230534;[29]=-230435;[30]=-230302;[31]=-230194;[32]=-230092;[33]=-229989;[34]=-229883;[35]=-229774;[36]=-229684;[37]=-229576;[38]=-229510;[39]=-229433;[40]=-229357;[41]=-229288;[42]=-229241;[43]=-229186;[44]=-229144;[45]=-229108;[46]=-229053;[47]=-229039;[48]=-229019;[49]=-229007;[50]=-229005;[51]=-229031;[52]=-229034;[53]=-229068;[54]=-229095;[55]=-229160;[56]=-229207;[57]=-229292;[58]=-229378;[59]=-229461;[60]=-229582;[61]=-229700;[62]=-229838;[63]=-230013;[64]=-230177;[65]=-230368;[66]=-230572;[67]=-230779;[68]=-231016;[69]=-231297;[70]=-231574;[71]=-231868;[72]=-232187
2736,RECAL 3 0 9999 282 64 4 80,0,9999,282,0,64,4,80,218.000000,33,0,ParabolaNotDownward,1463.000000,Flat,17,-229008.000000,,,,0,
2737,RECAL 3 1 9999 282 64 4 80,1,9999,282,0,64,4,80,-2182.000000,33,1,Ok,246255.000000,NonMono,16,-229020.000000,15.979066,16,-2118.083737,5,[14]=-233286;[15]=-230060;[16]=-229020;[17]=-230136;[18]=-233354
2738,RECAL 3 0 9999 9999 64 4 80,0,9999,9999,0,64,4,80,252.000000,33,0,ParabolaNotDownward,1640.000000,Flat,15,-234397.000000,,,,0,
2739,RECAL 3 0 9999 9999 200 4 80,0,9999,9999,0,200,4,80,116.000000,101,1,Ok,23478.000000,NonMono,50,-234391.000000,50.148925,50,316.595698,45,[28]=-236302;[29]=-236163;[30]=-236039;[31]=-235873;[32]=-235770;[33]=-235624;[34]=-235506;[35]=-235404;[36]=-235280;[37]=-235163;[38]=-235057;[39]=-234972;[40]=-234887;[41]=-234805;[42]=-234706;[43]=-234654;[44]=-234595;[45]=-234541;[46]=-234496;[47]=-234451;[48]=-234430;[49]=-234402;[50]=-234391;[51]=-234431;[52]=-234438;[53]=-234459;[54]=-234476;[55]=-234533;[56]=-234603;[57]=-234671;[58]=-234780;[59]=-234877;[60]=-234979;[61]=-235137;[62]=-235255;[63]=-235442;[64]=-235618;[65]=-235820;[66]=-236012;[67]=-236255;[68]=-236504;[69]=-236781;[70]=-237075;[71]=-237387;[72]=-237725
2740,RECAL 3 0 9999 317 64 4 80,0,9999,317,0,64,4,80,253.000000,33,0,ParabolaNotDownward,1653.000000,Flat,16,-234411.000000,,,,0,
2741,RECAL 3 1 9999 316 64 4 80,1,9999,316,0,64,4,80,-2769.000000,33,1,Ok,260677.000000,NonMono,16,-234405.000000,15.876206,16,-2705.495175,5,[14]=-240433;[15]=-235695;[16]=-234405;[17]=-236511;[18]=-241925
2742,RECAL 3 0 9999 9999 64 4 80,0,9999,9999,0,64,4,80,-2179.000000,33,1,Ok,94527.000000,NonMono,16,-231867.000000,16.107826,16,-2114.568695,7,[13]=-235215;[14]=-233411;[15]=-232296;[16]=-231867;[17]=-232147;[18]=-233099;[19]=-234721
2743,RECAL 3 1 9999 -2115 64 4 80,1,9999,-2115,0,64,4,80,-2801.000000,33,1,Ok,263185.000000,NonMono,16,-231862.000000,15.976428,16,-2737.094286,5,[14]=-238582;[15]=-233495;[16]=-231862;[17]=-233634;[18]=-238733
2744,RECAL 3 0 9999 9999 64 4 80,0,9999,9999,0,64,4,80,-2182.000000,33,1,Ok,98907.000000,NonMono,16,-228138.000000,16.097093,16,-2117.611629,7,[13]=-231594;[14]=-229725;[15]=-228569;[16]=-228138;[17]=-228433;[18]=-229437;[19]=-231158
2745,RECAL 3 1 9999 -2118 64 4 80,1,9999,-2118,0,64,4,80,-2224.000000,33,1,Ok,253304.000000,NonMono,16,-228112.000000,15.934600,16,-2160.261599,5,[14]=-232211;[15]=-229077;[16]=-228112;[17]=-229364;[18]=-232788
2746,RECAL 3 0 9999 9999 64 4 80,0,9999,9999,0,64,4,80,-2177.000000,33,1,Ok,98760.000000,NonMono,16,-232815.000000,16.021380,16,-2112.914480,7,[13]=-236092;[14]=-234297;[15]=-233192;[16]=-232815;[17]=-233183;[18]=-234217;[19]=-236000
2747,RECAL 3 1 9999 -2113 64 4 80,1,9999,-2113,0,64,4,80,-1420.000000,33,1,Ok,115274.000000,NonMono,16,-232844.000000,15.889384,16,-1356.442463,7,[13]=-236514;[14]=-234390;[15]=-233188;[16]=-232844;[17]=-233372;[18]=-234765;[19]=-237034
2748,RECAL 3 0 9999 9999 64 4 80,0,9999,9999,0,64,4,80,-2275.000000,33,1,Ok,105830.000000,NonMono,16,-236504.000000,15.865245,16,-2211.539020,7,[13]=-239743;[14]=-237878;[15]=-236785;[16]=-236504;[17]=-237002;[18]=-238270;[19]=-240301
2749,RECAL 3 1 9999 -2212 64 4 80,1,9999,-2212,0,64,4,80,998.000000,33,1,Ok,72609.000000,NonMono,16,-236488.000000,15.927432,16,1061.709728,9,[12]=-240486;[13]=-238729;[14]=-237480;[15]=-236710;[16]=-236488;[17]=-236803;[18]=-237664;[19]=-239046;[20]=-241025
2750,RECAL 3 0 9999 9999 64 4 80,0,9999,9999,0,64,4,80,-2272.000000,33,1,Ok,104372.000000,NonMono,16,-226095.000000,16.018004,16,-2207.927985,7,[13]=-229637;[14]=-227660;[15]=-226492;[16]=-226095;[17]=-226463;[18]=-227559;[19]=-229410
2751,RECAL 3 1 9999 -2208 64 4 80,1,9999,-2208,0,64,4,80,1924.000000,33,1,Ok,218869.000000,NonMono,16,-226124.000000,16.020216,16,1988.080863,5,[14]=-229819;[15]=-227075;[16]=-226124;[17]=-227013;[18]=-229768
2752,RECAL 3 0 9999 9999 64 4 80,0,9999,9999,0,64,4,80,2160.000000,33,1,Ok,111840.000000,NonMono,16,-233235.000000,15.903321,16,2223.613283,7,[13]=-236601;[14]=-234671;[15]=-233559;[16]=-233235;[17]=-233710;[18]=-234976;[19]=-237045
2753,RECAL 3 1 9999 2224 64 4 80,1,9999,2224,0,64,4,80,-2761.000000,33,1,Ok,261122.000000,NonMono,16,-233248.000000,15.951984,16,-2697.192063,5,[14]=-239440;[15]=-234691;[16]=-233248;[17]=-234991;[18]=-239975
2754,RECAL 3 0 9999 9999 64 4 80,0,9999,9999,0,64,4,80,2168.000000,33,1,Ok,117709.000000,NonMono,16,-232793.000000,16.107508,16,2232.430033,7,[13]=-236823;[14]=-234635;[15]=-233299;[16]=-232793;[17]=-233130;[18]=-234283;[19]=-236343
2755,RECAL 3 1 9999 2232 64 4 80,1,9999,2232,0,64,4,80,-2162.000000,33,1,Ok,234472.000000,NonMono,16,-232765.000000,16.055804,16,-2097.776785,5,[14]=-237140;[15]=-233923;[16]=-232765;[17]=-233687;[18]=-236629
2756,RECAL 3 0 9999 9999 64 4 80,0,9999,9999,0,64,4,80,2185.000000,33,1,Ok,124605.000000,NonMono,16,-232207.000000,16.016797,16,2249.067186,7,[13]=-236131;[14]=-233993;[15]=-232652;[16]=-232207;[17]=-232634;[18]=-233983;[19]=-236223
2757,RECAL 3 1 9999 2249 64 4 80,1,9999,2249,0,64,4,80,-1300.000000,33,1,Ok,94169.000000,NonMono,16,-232239.000000,16.045899,16,-1235.816402,7,[13]=-235615;[14]=-233757;[15]=-232619;[16]=-232239;[17]=-232555;[18]=-233589;[19]=-235312
2758,RECAL 3 0 9999 9999 64 4 80,0,9999,9999,0,64,4,80,2119.000000,33,1,Ok,113734.000000,NonMono,16,-237541.000000,16.097995,16,2183.391979,7,[13]=-241534;[14]=-239360;[15]=-238048;[16]=-237541;[17]=-237874;[18]=-239061;[19]=-241108
2759,RECAL 3 1 9999 2183 64 4 80,1,9999,2183,0,64,4,80,1167.000000,33,1,Ok,95628.000000,NonMono,16,-237540.000000,15.928813,16,1230.715251,7,[13]=-240605;[14]=-238864;[15]=-237845;[16]=-237540;[17]=-237955;[18]=-239075;[19]=-240951
2760,RECAL 3 0 9999 9999 64 4 80,0,9999,9999,0,64,4,80,2155.000000,33,1,Ok,116876.000000,NonMono,16,-233205.000000,15.951712,16,2218.806849,7,[13]=-236809;[14]=-234765;[15]=-233572;[16]=-233205;[17]=-233668;[18]=-234926;[19]=-237092
2761,RECAL 3 1 9999 2219 64 4 80,1,9999,2219,0,64,4,80,2032.000000,33,1,Ok,237563.000000,NonMono,16,-233199.000000,15.997749,16,2095.990998,5,[14]=-237245;[15]=-234198;[16]=-233199;[17]=-234210;[18]=-237286
2762,RECAL 3 0 9999 9999 64 4 80,0,9999,9999,0,64,4,80,2185.000000,33,1,Ok,111565.000000,NonMono,16,-243464.000000,16.031906,16,2249.127624,7,[13]=-247084;[14]=-245099;[15]=-243893;[16]=-243464;[17]=-243848;[18]=-245022;[19]=-247022
2763,RECAL 3 1 9999 2249 64 4 80,1,9999,2249,0,64,4,80,2632.000000,33,1,Ok,251477.000000,NonMono,16,-243442.000000,16.120991,16,2696.483963,5,[14]=-250464;[15]=-245404;[16]=-243442;[17]=-244660;[18]=-249133
2764,RECAL 3 0 9999 9999 64 4 80,0,9999,9999,0,64,4,80,689.000000,33,1,Ok,9916.000000,NonMono,16,-239747.000000,16.080395,16,753.321581,21,[6]=-243099;[7]=-242482;[8]=-241937;[9]=-241441;[10]=-241033;[11]=-240660;[12]=-240350;[13]=-240085;[14]=-239901;[15]=-239783;[16]=-239747;[17]=-239779;[18]=-239881;[19]=-240044;[20]=-240339;[21]=-240645;[22]=-241048;[23]=-241541;[24]=-242098;[25]=-242737;[26]=-243422
2765,RECAL 3 1 9999 753 64 4 80,1,9999,753,0,64,4,80,2608.000000,33,1,Ok,254414.000000,NonMono,16,-239748.000000,16.139749,16,2672.558997,5,[14]=-246833;[15]=-241767;[16]=-239748;[17]=-240905;[18]=-245175
2766,RECAL 3 0 9999 9999 64 4 80,0,9999,9999,0,64,4,80,569.000000,33,1,Ok,7740.000000,NonMono,16,-238772.000000,15.877669,16,632.510676,23,[5]=-241680;[6]=-241192;[7]=-240756;[8]=-240337;[9]=-239962;[10]=-239646;[11]=-239391;[12]=-239173;[13]=-238995;[14]=-238863;[15]=-238801;[16]=-238772;[17]=-238803;[18]=-238885;[19]=-239019;[20]=-239237;[21]=-239503;[22]=-239826;[23]=-240222;[24]=-240656;[25]=-241159;[26]=-241717;[27]=-242363
2767,RECAL 3 1 9999 633 64 4 80,1,9999,633,0,64,4,80,2004.000000,33,1,Ok,232028.000000,NonMono,16,-238767.000000,15.969932,16,2067.879727,5,[14]=-242536;[15]=-239671;[16]=-238767;[17]=-239788;[18]=-242770
2768,RECAL 3 0 9999 9999 64 4 80,0,9999,9999,0,64,4,80,403.000000,33,1,Ok,4271.000000,NonMono,15,-241715.000000,15.856380,16,466.425522,17,[7]=-242695;[8]=-242499;[9]=-242309;[10]=-242155;[11]=-242013;[12]=-241909;[13]=-241831;[14]=-241760;[15]=-241715;[16]=-241716;[17]=-241736;[18]=-241782;[19]=-241858;[20]=-241952;[21]=-242091;[22]=-242263;[23]=-242484
2769,RECAL 3 1 9999 466 64 4 80,1,9999,466,0,64,4,80,1119.000000,33,1,Ok,87357.000000,NonMono,16,-241734.000000,16.102369,16,1183.409478,7,[13]=-244755;[14]=-243119;[15]=-242106;[16]=-241734;[17]=-241977;[18]=-242891;[19]=-244474
2770,RECAL 3 0 9999 9999 64 4 80,0,9999,9999,0,64,4,80,675.000000,33,1,Ok,11823.000000,NonMono,16,-239118.000000,15.901537,16,738.606147,19,[7]=-242182;[8]=-241558;[9]=-241004;[10]=-240503;[11]=-240075;[12]=-239731;[13]=-239461;[14]=-239265;[15]=-239154;[16]=-239118;[17]=-239161;[18]=-239305;[19]=-239520;[20]=-239826;[21]=-240235;[22]=-240723;[23]=-241299;[24]=-241970;[25]=-242728
2771,RECAL 3 1 9999 739 64 4 80,1,9999,739,0,64,4,80,-1346.000000,33,1,Ok,100490.000000,NonMono,16,-239134.000000,15.990762,16,-1282.036951,7,[13]=-242575;[14]=-240658;[15]=-239504;[16]=-239134;[17]=-239507;[18]=-240692;[19]=-242605
2772,RECAL 3 0 9999 9999 64 4 80,0,9999,9999,0,64,4,80,628.000000,33,1,Ok,9425.000000,NonMono,16,-242599.000000,15.896261,16,691.585044,21,[6]=-245536;[7]=-244984;[8]=-244485;[9]=-244050;[10]=-243653;[11]=-243319;[12]=-243069;[13]=-242858;[14]=-242709;[15]=-242627;[16]=-242599;[17]=-242630;[18]=-242747;[19]=-242906;[20]=-243144;[21]=-243441;[22]=-243832;[23]=-244301;[24]=-244826;[25]=-245445;[26]=-246112
2773,RECAL 3 1 9999 692 64 4 80,1,9999,692,0,64,4,80,-2189.000000,33,1,Ok,232440.000000,NonMono,16,-242580.000000,16.063211,16,-2124.747154,5,[14]=-247029;[15]=-243744;[16]=-242580;[17]=-243474;[18]=-246448
2774,RECAL 3 0 9999 9999 64 4 80,0,9999,9999,0,64,4,80,601.000000,33,1,Ok,7370.000000,NonMono,16,-239493.000000,15.983074,16,664.932296,23,[5]=-242413;[6]=-241926;[7]=-241477;[8]=-241092;[9]=-240720;[10]=-240412;[11]=-240127;[12]=-239900;[13]=-239719;[14]=-239606;[15]=-239538;[16]=-239493;[17]=-239519;[18]=-239601;[19]=-239756;[20]=-239928;[21]=-240180;[22]=-240489;[23]=-240837;[24]=-241251;[25]=-241727;[26]=-242235;[27]=-242853
2775,RECAL 3 1 9999 665 64 4 80,1,9999,665,0,64,4,80,-2781.000000,33,1,Ok,254792.000000,NonMono,16,-239474.000000,15.868335,16,-2717.526658,5,[14]=-245226;[15]=-240713;[16]=-239474;[17]=-241557;[18]=-246813
2776,RECAL 3 0 9999 9999 64 4 80,0,9999,9999,0,64,4,80,-2122.000000,33,1,Ok,82944.000000,NonMono,16,-238923.000000,15.908264,16,-2058.366943,9,[12]=-243690;[13]=-241576;[14]=-240050;[15]=-239183;[16]=-238923;[17]=-239275;[18]=-240293;[19]=-241882;[20]=-244088
2777,RECAL 3 1 9999 -2058 64 4 80,1,9999,-2058,0,64,4,80,-2767.000000,33,1,Ok,255604.000000,NonMono,16,-238933.000000,15.989434,16,-2703.042266,5,[14]=-245177;[15]=-240496;[16]=-238933;[17]=-240561;[18]=-245298
2778,RECAL 3 0 9999 9999 64 4 80,0,9999,9999,0,64,4,80,-2110.000000,33,1,Ok,86820.000000,NonMono,16,-238178.000000,16.036012,16,-2045.855950,9,[12]=-243425;[13]=-241160;[14]=-239485;[15]=-238519;[16]=-238178;[17]=-238477;[18]=-239394;[19]=-240953;[20]=-243135
2779,RECAL 3 1 9999 -2046 64 4 80,1,9999,-2046,0,64,4,80,-2171.000000,33,1,Ok,232675.000000,NonMono,16,-238164.000000,15.889874,16,-2107.440503,5,[14]=-241719;[15]=-238951;[16]=-238164;[17]=-239400;[18]=-242656
2780,RECAL 3 0 9999 9999 64 4 80,0,9999,9999,0,64,4,80,-2090.000000,33,1,Ok,83844.000000,NonMono,16,-241771.000000,15.862214,16,-2026.551146,7,[13]=-244328;[14]=-242853;[15]=-241984;[16]=-241771;[17]=-242181;[18]=-243182;[19]=-244859
2781,RECAL 3 1 9999 -2027 64 4 80,1,9999,-2027,0,64,4,80,-1319.000000,33,1,Ok,94862.000000,NonMono,16,-241758.000000,16.017807,16,-1254.928772,7,[13]=-245040;[14]=-243204;[15]=-242115;[16]=-241758;[17]=-242091;[18]=-243120;[19]=-244866
2782,RECAL 3 0 9999 9999 64 4 80,0,9999,9999,0,64,4,80,-2163.000000,33,1,Ok,91237.000000,NonMono,16,-235177.000000,15.957597,16,-2099.169611,7,[13]=-238206;[14]=-236490;[15]=-235499;[16]=-235177;[17]=-235545;[18]=-236615;[19]=-238372
2783,RECAL 3 1 9999 -2099 64 4 80,1,9999,-2099,0,64,4,80,1143.000000,33,1,Ok,87736.000000,NonMono,16,-235152.000000,16.091463,16,1207.365853,7,[13]=-238346;[14]=-236621;[15]=-235557;[16]=-235152;[17]=-235435;[18]=-236377;[19]=-237981
2784,RECAL 3 0 9999 9999 64 4 80,0,9999,9999,0,64,4,80,-2126.000000,33,1,Ok,85655.000000,NonMono,16,-243412.000000,15.870255,16,-2062.518980,7,[13]=-246045;[14]=-244529;[15]=-243650;[16]=-243412;[17]=-243804;[18]=-244879;[19]=-246561
2785,RECAL 3 1 9999 -2063 64 4 80,1,9999,-2063,0,64,4,80,2016.000000,33,1,Ok,231487.000000,NonMono,16,-243403.000000,16.016744,16,2080.066978,5,[14]=-247256;[15]=-244404;[16]=-243403;[17]=-244357;[18]=-247267
2786,RECAL 3 0 9999 9999 64 4 80,0,9999,9999,0,64,4,80,2203.000000,33,1,Ok,123537.000000,NonMono,16,-232326.000000,16.127649,16,2267.510595,7,[13]=-236685;[14]=-234342;[15]=-232898;[16]=-232326;[17]=-232666;[18]=-233916;[19]=-236097
2787,RECAL 3 1 9999 2268 64 4 80,1,9999,2268,0,64,4,80,-2728.000000,33,1,Ok,261760.000000,NonMono,16,-232350.000000,15.883940,16,-2664.464241,5,[14]=-238159;[15]=-233592;[16]=-232350;[17]=-234375;[18]=-239800
2788,RECAL 3 0 9999 9999 64 4 80,0,9999,9999,0,64,4,80,2187.000000,33,1,Ok,128968.000000,NonMono,16,-244066.000000,15.963975,16,2250.855902,7,[13]=-248073;[14]=-245836;[15]=-244483;[16]=-244066;[17]=-244565;[18]=-245997;[19]=-248397
2789,RECAL 3 1 9999 2251 64 4 80,1,9999,2251,0,64,4,80,-2132.000000,33,1,Ok,229412.000000,NonMono,16,-244069.000000,15.883382,16,-2068.466474,5,[14]=-247666;[15]=-244848;[16]=-244069;[17]=-245328;[18]=-248646
2790,RECAL 3 0 9999 9999 64 4 80,0,9999,9999,0,64,4,80,2254.000000,33,1,Ok,139923.000000,NonMono,16,-234315.000000,15.948204,16,2317.792816,7,[13]=-238769;[14]=-236260;[15]=-234783;[16]=-234315;[17]=-234881;[18]=-236509;[19]=-239172
2791,RECAL 3 1 9999 2318 64 4 80,1,9999,2318,0,64,4,80,-1269.000000,33,1,Ok,92480.000000,NonMono,16,-234307.000000,15.931565,16,-1205.273739,7,[13]=-237375;[14]=-235637;[15]=-234604;[16]=-234307;[17]=-234700;[18]=-235838;[19]=-237678
2792,RECAL 3 0 9999 9999 64 4 80,0,9999,9999,0,64,4,80,2163.000000,33,1,Ok,123051.000000,NonMono,16,-233116.000000,16.163141,16,2227.652564,7,[13]=-237666;[14]=-235230;[15]=-233751;[16]=-233116;[17]=-233435;[18]=-234687;[19]=-236911
2793,RECAL 3 1 9999 2228 64 4 80,1,9999,2228,0,64,4,80,1161.000000,33,1,Ok,97628.000000,NonMono,16,-233098.000000,16.006371,16,1225.025483,7,[13]=-236316;[14]=-234532;[15]=-233477;[16]=-233098;[17]=-233456;[18]=-234578;[19]=-236454
2794,RECAL 3 0 9999 9999 64 4 80,0,9999,9999,0,64,4,80,2225.000000,33,1,Ok,133015.000000,NonMono,16,-224718.000000,15.990761,16,2288.963045,7,[13]=-229058;[14]=-226652;[15]=-225187;[16]=-224718;[17]=-225204;[18]=-226731;[19]=-229239
2795,RECAL 3 1 9999 2289 64 4 80,1,9999,2289,0,64,4,80,2014.000000,33,1,Ok,235610.000000,NonMono,16,-224733.000000,15.963712,16,2077.854848,5,[14]=-228695;[15]=-225688;[16]=-224733;[17]=-225857;[18]=-229136
2796,RECAL 3 0 9999 9999 64 4 80,0,9999,9999,0,64,4,80,2196.000000,33,1,Ok,122841.000000,NonMono,16,-229046.000000,16.068676,16,2260.274705,7,[13]=-233231;[14]=-230967;[15]=-229566;[16]=-229046;[17]=-229458;[18]=-230736;[19]=-232948
2797,RECAL 3 1 9999 2260 64 4 80,1,9999,2260,0,64,4,80,2606.000000,33,1,Ok,265096.000000,NonMono,16,-229062.000000,15.925611,16,2669.702444,5,[14]=-235229;[15]=-230473;[16]=-229062;[17]=-230989;[18]=-236352
2798,RECAL 3 0 9999 9999 64 4 80,0,9999,9999,0,64,4,80,739.000000,33,1,Ok,12413.000000,NonMono,16,-241783.000000,16.113440,16,803.453762,19,[7]=-245278;[8]=-244577;[9]=-243948;[10]=-243383;[11]=-242931;[12]=-242521;[13]=-242220;[14]=-241981;[15]=-241851;[16]=-241783;[17]=-241840;[18]=-241949;[19]=-242169;[20]=-242484;[21]=-242894;[22]=-243379;[23]=-243978;[24]=-244659;[25]=-245488
2799,RECAL 3 1 9999 803 64 4 80,1,9999,803,0,64,4,80,2565.000000,33,1,Ok,252835.000000,NonMono,16,-241800.000000,15.903802,16,2628.615207,5,[14]=-247636;[15]=-243120;[16]=-241800;[17]=-243783;[18]=-249143
2800,RECAL 3 0 9999 9999 64 4 80,0,9999,9999,0,64,4,80,811.000000,33,1,Ok,17596.000000,NonMono,16,-235415.000000,15.942966,16,874.771865,15,[9]=-238256;[10]=-237499;[11]=-236869;[12]=-236349;[13]=-235955;[14]=-235640;[15]=-235480;[16]=-235415;[17]=-235480;[18]=-235685;[19]=-236004;[20]=-236468;[21]=-237057;[22]=-237781;[23]=-238654
2801,RECAL 3 1 9999 875 64 4 80,1,9999,875,0,64,4,80,1962.000000,33,1,Ok,225234.000000,NonMono,16,-235407.000000,15.882526,16,2025.530105,5,[14]=-238886;[15]=-236175;[16]=-235407;[17]=-236632;[18]=-239780
2802,RECAL 3 0 9999 9999 64 4 80,0,9999,9999,0,64,4,80,608.000000,33,1,Ok,9929.000000,NonMono,16,-230777.000000,15.932334,16,671.729337,21,[6]=-233946;[7]=-233356;[8]=-232834;[9]=-232359;[10]=-231938;[11]=-231599;[12]=-231311;[13]=-231053;[14]=-230887;[15]=-230793;[16]=-230777;[17]=-230828;[18]=-230911;[19]=-231116;[20]=-231347;[21]=-231700;[22]=-232093;[23]=-232578;[24]=-233122;[25]=-233766;[26]=-234478
2803,RECAL 3 1 9999 672 64 4 80,1,9999,672,0,64,4,80,1071.000000,33,1,Ok,85392.000000,NonMono,16,-230762.000000,15.894985,16,1134.579941,7,[13]=-233304;[14]=-231874;[15]=-231013;[16]=-230762;[17]=-231155;[18]=-232165;[19]=-233819
2804,RECAL 3 0 9999 9999 64 4 80,0,9999,9999,0,64,4,80,875.000000,33,1,Ok,21206.000000,NonMono,16,-233386.000000,15.927720,16,938.710880,15,[9]=-236866;[10]=-235936;[11]=-235146;[12]=-234502;[13]=-234013;[14]=-233665;[15]=-233451;[16]=-233386;[17]=-233476;[18]=-233715;[19]=-234091;[20]=-234635;[21]=-235350;[22]=-236229;[23]=-237267
2805,RECAL 3 1 9999 939 64 4 80,1,9999,939,0,64,4,80,-1355.000000,33,1,Ok,105709.000000,NonMono,16,-233383.000000,16.038222,16,-1290.847111,7,[13]=-237123;[14]=-235057;[15]=-233831;[16]=-233383;[17]=-233764;[18]=-234909;[19]=-236845
2806,RECAL 3 0 9999 9999 64 4 80,0,9999,9999,0,64,4,80,696.000000,33,1,Ok,12362.000000,NonMono,16,-233077.000000,16.008914,16,760.035656,19,[7]=-236379;[8]=-235705;[9]=-235091;[10]=-234566;[11]=-234122;[12]=-233758;[13]=-233470;[14]=-233256;[15]=-233129;[16]=-233077;[17]=-233117;[18]=-233237;[19]=-233482;[20]=-233794;[21]=-234191;[22]=-234703;[23]=-235302;[24]=-236005;[25]=-236818
2807,RECAL 3 1 9999 760 64 4 80,1,9999,760,0,64,4,80,-2183.000000,33,1,Ok,241060.000000,NonMono,16,-233083.000000,16.097311,16,-2118.610758,5,[14]=-237766;[15]=-234350;[16]=-233083;[17]=-233930;[18]=-236882
2808,RECAL 3 0 9999 9999 64 4 80,0,9999,9999,0,64,4,80,766.000000,33,1,Ok,13493.000000,NonMono,16,-228120.000000,16.105792,16,830.423169,17,[8]=-231076;[9]=-230397;[10]=-229809;[11]=-229311;[12]=-228887;[13]=-228577;[14]=-228341;[15]=-228183;[16]=-228120;[17]=-228152;[18]=-228307;[19]=-228525;[20]=-228860;[21]=-229302;[22]=-229830;[23]=-230494;[24]=-231264
2809,RECAL 3 1 9999 830 64 4 80,1,9999,830,0,64,4,80,-2768.000000,33,1,Ok,266354.000000,NonMono,16,-228120.000000,16.071377,16,-2703.714491,5,[14]=-235371;[15]=-230064;[16]=-228120;[17]=-229584;[18]=-234434
2810,RECAL 3 0 9999 9999 64 4 80,0,9999,9999,0,64,4,80,-2063.000000,33,1,Ok,81753.000000,NonMono,16,-236122.000000,16.041057,16,-1998.835773,9,[12]=-241314;[13]=-239067;[14]=-237459;[15]=-236478;[16]=-236122;[17]=-236417;[18]=-237347;[19]=-238925;[20]=-241099
2811,RECAL 3 1 9999 -1999 64 4 80,1,9999,-1999,0,64,4,80,-2742.000000,33,1,Ok,258622.000000,NonMono,16,-236126.000000,16.005846,16,-2677.976617,5,[14]=-242688;[15]=-237776;[16]=-236126;[17]=-237752;[18]=-242727
2812,RECAL 3 0 9999 9999 64 4 80,0,9999,9999,0,64,4,80,-2079.000000,33,1,Ok,83601.000000,NonMono,16,-240928.000000,15.977013,16,-2015.091949,9,[12]=-245983;[13]=-243767;[14]=-242175;[15]=-241235;[16]=-240928;[17]=-241264;[18]=-242252;[19]=-243886;[20]=-246190
2813,RECAL 3 1 9999 -2015 64 4 80,1,9999,-2015,0,64,4,80,-2151.000000,33,1,Ok,232951.000000,NonMono,16,-240927.000000,15.996032,16,-2087.015870,5,[14]=-244979;[15]=-241946;[16]=-240927;[17]=-241975;[18]=-245113
2814,RECAL 3 0 9999 9999 64 4 80,0,9999,9999,0,64,4,80,-2003.000000,33,1,Ok,77957.000000,NonMono,16,-228794.000000,15.942890,16,-1939.228441,9,[12]=-233493;[13]=-231419;[14]=-229948;[15]=-229069;[16]=-228794;[17]=-229144;[18]=-230081;[19]=-231619;[20]=-233756
2815,RECAL 3 1 9999 -1939 64 4 80,1,9999,-1939,0,64,4,80,-1303.000000,33,1,Ok,92842.000000,NonMono,16,-228808.000000,15.922438,16,-1239.310247,7,[13]=-231963;[14]=-230187;[15]=-229117;[16]=-228808;[17]=-229246;[18]=-230402;[19]=-232302
2816,RECAL 3 0 9999 9999 64 4 80,0,9999,9999,0,64,4,80,-2110.000000,33,1,Ok,86455.000000,NonMono,16,-233496.000000,15.990700,16,-2046.037199,7,[13]=-236453;[14]=-234804;[15]=-233820;[16]=-233496;[17]=-233843;[18]=-234823;[19]=-236501
2817,RECAL 3 1 9999 -2046 64 4 80,1,9999,-2046,0,64,4,80,1125.000000,33,1,Ok,91531.000000,NonMono,16,-233496.000000,15.924585,16,1188.698341,7,[13]=-236318;[14]=-234719;[15]=-233784;[16]=-233496;[17]=-233892;[18]=-234943;[19]=-236707
2818,RECAL 3 0 9999 9999 64 4 80,0,9999,9999,0,64,4,80,-2037.000000,33,1,Ok,80232.000000,NonMono,16,-234101.000000,16.032213,16,-1972.871147,9,[12]=-239194;[13]=-236972;[14]=-235396;[15]=-234435;[16]=-234101;[17]=-234403;[18]=-235300;[19]=-236854;[20]=-239015
2819,RECAL 3 1 9999 -1973 64 4 80,1,9999,-1973,0,64,4,80,1993.000000,33,1,Ok,228875.000000,NonMono,16,-234095.000000,16.034592,16,2057.138368,5,[14]=-238138;[15]=-235144;[16]=-234095;[17]=-235018;[18]=-237950
2820,RECAL 3 0 9999 9999 64 4 80,0,9999,9999,0,64,4,80,2209.000000,33,1,Ok,114710.000000,NonMono,16,-228564.000000,16.035784,16,2273.143137,7,[13]=-232291;[14]=-230244;[15]=-229011;[16]=-228564;[17]=-228944;[18]=-230168;[19]=-232219
2821,RECAL 3 1 9999 2273 64 4 80,1,9999,2273,0,64,4,80,-2086.000000,33,1,Ok,232302.000000,NonMono,16,-228567.000000,16.114061,16,-2021.543756,5,[14]=-232738;[15]=-229706;[16]=-228567;[17]=-229276;[18]=-231851
2822,RECAL 3 0 9999 9999 64 4 80,0,9999,9999,0,64,4,80,2208.000000,33,1,Ok,116696.000000,NonMono,16,-237805.000000,16.022429,16,2272.089716,7,[13]=-241596;[14]=-239509;[15]=-238236;[16]=-237805;[17]=-238204;[18]=-239456;[19]=-241566
2823,RECAL 3 1 9999 2272 64 4 80,1,9999,2272,0,64,4,80,-1156.000000,33,1,Ok,74985.000000,NonMono,16,-237778.000000,15.968403,16,-1092.126387,9,[12]=-242225;[13]=-240266;[14]=-238849;[15]=-238049;[16]=-237778;[17]=-238073;[18]=-238907;[19]=-240273;[20]=-242161
2824,RECAL 3 0 9999 9999 64 4 80,0,9999,9999,0,64,4,80,2118.000000,33,1,Ok,104089.000000,NonMono,16,-227411.000000,16.026484,16,2182.105937,7,[13]=-230907;[14]=-228988;[15]=-227826;[16]=-227411;[17]=-227791;[18]=-228929;[19]=-230869
2825,RECAL 3 1 9999 2182 64 4 80,1,9999,2182,0,64,4,80,1290.000000,33,1,Ok,107910.000000,NonMono,16,-227440.000000,16.111846,16,1354.447384,7,[13]=-231596;[14]=-229365;[15]=-227970;[16]=-227440;[17]=-227788;[18]=-228998;[19]=-231113
2826,RECAL 3 0 9999 9999 64 4 80,0,9999,9999,0,64,4,80,2117.000000,33,1,Ok,103478.000000,NonMono,16,-239955.000000,15.877237,16,2180.508950,7,[13]=-243047;[14]=-241265;[15]=-240245;[16]=-239955;[17]=-240423;[18]=-241634;[19]=-243590
2827,RECAL 3 1 9999 2181 64 4 80,1,9999,2181,0,64,4,80,2107.000000,33,1,Ok,233313.000000,NonMono,16,-239931.000000,16.097861,16,2171.391444,5,[14]=-244694;[15]=-241270;[16]=-239931;[17]=-240848;[18]=-243854
2828,RECAL 3 0 9999 9999 64 4 80,0,9999,9999,0,64,4,80,2199.000000,33,1,Ok,104588.000000,NonMono,16,-239098.000000,16.054852,16,2263.219409,7,[13]=-242582;[14]=-240688;[15]=-239511;[16]=-239098;[17]=-239439;[18]=-240538;[19]=-242410
2829,RECAL 3 1 9999 2263 64 4 80,1,9999,2263,0,64,4,80,2688.000000,33,1,Ok,255699.000000,NonMono,16,-239106.000000,16.097539,16,2752.390154,5,[14]=-246497;[15]=-241139;[16]=-239106;[17]=-240495;[18]=-245329
2830,RECAL 3 0 9999 9999 64 4 80,0,9999,9999,0,64,4,80,564.000000,33,1,Ok,6158.000000,NonMono,16,-236675.000000,15.829289,16,627.317155,25,[4]=-239325;[5]=-238910;[6]=-238526;[7]=-238198;[8]=-237869;[9]=-237588;[10]=-237340;[11]=-237124;[12]=-236951;[13]=-236815;[14]=-236721;[15]=-236683;[16]=-236675;[17]=-236699;[18]=-236758;[19]=-236864;[20]=-237023;[21]=-237256;[22]=-237505;[23]=-237798;[24]=-238145;[25]=-238546;[26]=-238993;[27]=-239516;[28]=-240061
2831,RECAL 3 1 9999 627 64 4 80,1,9999,627,0,64,4,80,2715.000000,33,1,Ok,258221.000000,NonMono,16,-236657.000000,15.955492,16,2778.821969,5,[14]=-243200;[15]=-238230;[16]=-236657;[17]=-238538;[18]=-243834
2832,RECAL 3 0 9999 9999 64 4 80,0,9999,9999,0,64,4,80,-291.000000,33,0,ParabolaNotDownward,912.000000,Flat,16,-240936.000000,,,,0,
2833,RECAL 3 0 9999 9999 200 4 80,0,9999,9999,0,200,4,80,-427.000000,101,1,Ok,14751.000000,NonMono,50,-240947.000000,49.851630,50,-227.593479,33,[34]=-241864;[35]=-241747;[36]=-241612;[37]=-241521;[38]=-241419;[39]=-241338;[40]=-241272;[41]=-241206;[42]=-241154;[43]=-241106;[44]=-241059;[45]=-241035;[46]=-241001;[47]=-240977;[48]=-240971;[49]=-240957;[50]=-240947;[51]=-240962;[52]=-240967;[53]=-240984;[54]=-240987;[55]=-241020;[56]=-241064;[57]=-241083;[58]=-241102;[59]=-241139;[60]=-241186;[61]=-241252;[62]=-241283;[63]=-241333;[64]=-241398;[65]=-241429;[66]=-241489
2834,RECAL 3 0 9999 -228 64 4 80,0,9999,-228,0,64,4,80,-292.000000,33,0,ParabolaNotDownward,977.000000,Flat,18,-240956.000000,,,,0,
2835,RECAL 3 1 9999 -226 64 4 80,1,9999,-226,0,64,4,80,2143.000000,33,1,Ok,237034.000000,NonMono,16,-240958.000000,16.085601,16,2207.342405,5,[14]=-245854;[15]=-242272;[16]=-240958;[17]=-241895;[18]=-245188
2836,RECAL 3 0 9999 9999 64 4 80,0,9999,9999,0,64,4,80,-280.000000,33,0,ParabolaNotDownward,979.000000,Flat,15,-239186.000000,,,,0,
2837,RECAL 3 0 9999 9999 200 4 80,0,9999,9999,0,200,4,80,-416.000000,101,1,Ok,15069.000000,NonMono,51,-239169.000000,50.269009,50,-214.923964,33,[35]=-240002;[36]=-239863;[37]=-239754;[38]=-239683;[39]=-239596;[40]=-239520;[41]=-239439;[42]=-239395;[43]=-239340;[44]=-239295;[45]=-239242;[46]=-239229;[47]=-239180;[48]=-239182;[49]=-239176;[50]=-239172;[51]=-239169;[52]=-239186;[53]=-239186;[54]=-239211;[55]=-239224;[56]=-239238;[57]=-239277;[58]=-239317;[59]=-239332;[60]=-239390;[61]=-239427;[62]=-239475;[63]=-239520;[64]=-239595;[65]=-239595;[66]=-239652;[67]=-239720
2838,RECAL 3 0 9999 -215 64 4 80,0,9999,-215,0,64,4,80,-279.000000,33,0,ParabolaNotDownward,981.000000,Flat,17,-239170.000000,,,,0,
2839,RECAL 3 1 9999 -216 64 4 80,1,9999,-216,0,64,4,80,1348.000000,33,1,Ok,118182.000000,NonMono,16,-239185.000000,16.087750,16,1412.351001,7,[13]=-243613;[14]=-241233;[15]=-239753;[16]=-239185;[17]=-239574;[18]=-240937;[19]=-243179
2840,RECAL 3 0 9999 9999 64 4 80,0,9999,9999,0,64,4,80,581.000000,33,1,Ok,8110.000000,NonMono,16,-238557.000000,15.964771,16,644.859082,21,[6]=-241206;[7]=-240713;[8]=-240290;[9]=-239878;[10]=-239547;[11]=-239245;[12]=-238997;[13]=-238801;[14]=-238651;[15]=-238583;[16]=-238557;[17]=-238587;[18]=-238665;[19]=-238827;[20]=-239027;[21]=-239301;[22]=-239656;[23]=-240034;[24]=-240528;[25]=-241027;[26]=-241612
2841,RECAL 3 1 9999 645 64 4 80,1,9999,645,0,64,4,80,-1085.000000,33,1,Ok,65666.000000,NonMono,16,-238542.000000,16.037356,16,-1020.850574,9,[12]=-242467;[13]=-240751;[14]=-239531;[15]=-238810;[16]=-238542;[17]=-238764;[18]=-239438;[19]=-240598;[20]=-242182
2842,RECAL 3 0 9999 9999 64 4 80,0,9999,9999,0,64,4,80,589.000000,33,1,Ok,7958.000000,NonMono,16,-234646.000000,16.030405,16,653.121620,23,[5]=-237774;[6]=-237263;[7]=-236771;[8]=-236366;[9]=-235964;[10]=-235613;[11]=-235338;[12]=-235081;[13]=-234894;[14]=-234740;[15]=-234670;[16]=-234646;[17]=-234663;[18]=-234747;[19]=-234901;[20]=-235105;[21]=-235365;[22]=-235668;[23]=-236075;[24]=-236534;[25]=-237044;[26]=-237629;[27]=-238267
2843,RECAL 3 1 9999 653 64 4 80,1,9999,653,0,64,4,80,-2048.000000,33,1,Ok,220703.000000,NonMono,16,-234668.000000,15.898302,16,-1984.406790,5,[14]=-237938;[15]=-235372;[16]=-234668;[17]=-235738;[18]=-238647
2844,RECAL 3 0 9999 9999 64 4 80,0,9999,9999,0,64,4,80,616.000000,33,1,Ok,7704.000000,NonMono,16,-233607.000000,15.941776,16,679.767106,23,[5]=-236551;[6]=-236044;[7]=-235603;[8]=-235182;[9]=-234810;[10]=-234478;[11]=-234207;[12]=-233986;[13]=-233824;[14]=-233706;[15]=-233611;[16]=-233607;[17]=-233638;[18]=-233716;[19]=-233866;[20]=-234047;[21]=-234301;[22]=-234593;[23]=-234973;[24]=-235411;[25]=-235924;[26]=-236481;[27]=-237137
2845,RECAL 3 1 9999 680 64 4 80,1,9999,680,0,64,4,80,-2677.000000,33,1,Ok,260467.000000,NonMono,16,-233631.000000,16.060936,16,-2612.756256,5,[14]=-240409;[15]=-235379;[16]=-233631;[17]=-234967;[18]=-239413
2846,RECAL 3 0 9999 9999 64 4 80,0,9999,9999,0,64,4,80,-2165.000000,33,1,Ok,86210.000000,NonMono,16,-232568.000000,16.008617,16,-2100.965531,9,[12]=-237761;[13]=-235461;[14]=-233877;[15]=-232889;[16]=-232568;[17]=-232883;[18]=-233845;[19]=-235433;[20]=-237711
2847,RECAL 3 1 9999 -2101 64 4 80,1,9999,-2101,0,64,4,80,-2704.000000,33,1,Ok,261445.000000,NonMono,16,-232566.000000,15.899300,16,-2640.402801,5,[14]=-238250;[15]=-233809;[16]=-232566;[17]=-234421;[18]=-239367
2848,RECAL 3 0 9999 9999 64 4 80,0,9999,9999,0,64,4,80,-2165.000000,33,1,Ok,88553.000000,NonMono,16,-237537.000000,15.895123,16,-2101.419506,7,[13]=-240351;[14]=-238735;[15]=-237795;[16]=-237537;[17]=-237928;[18]=-239025;[19]=-240775
2849,RECAL 3 1 9999 -2101 64 4 80,1,9999,-2101,0,64,4,80,-2087.000000,33,1,Ok,230875.000000,NonMono,16,-237553.000000,15.950903,16,-2023.196387,5,[14]=-241116;[15]=-238381;[16]=-237553;[17]=-238560;[18]=-241447
2850,RECAL 3 0 9999 9999 64 4 80,0,9999,9999,0,64,4,80,-2167.000000,33,1,Ok,89587.000000,NonMono,16,-230273.000000,15.893191,16,-2103.427237,7,[13]=-233129;[14]=-231498;[15]=-230536;[16]=-230273;[17]=-230680;[18]=-231770;[19]=-233508
2851,RECAL 3 1 9999 -2103 64 4 80,1,9999,-2103,0,64,4,80,-1164.000000,33,1,Ok,76114.000000,NonMono,16,-230269.000000,15.987447,16,-1100.050212,9,[12]=-234817;[13]=-232801;[14]=-231402;[15]=-230538;[16]=-230269;[17]=-230539;[18]=-231400;[19]=-232764;[20]=-234656
2852,RECAL 3 0 9999 9999 64 4 80,0,9999,9999,0,64,4,80,-2259.000000,33,1,Ok,98676.000000,NonMono,16,-238041.000000,15.910219,16,-2195.359125,7,[13]=-241150;[14]=-239367;[15]=-238357;[16]=-238041;[17]=-238472;[18]=-239638;[19]=-241526
2853,RECAL 3 1 9999 -2195 64 4 80,1,9999,-2195,0,64,4,80,1281.000000,33,1,Ok,107821.000000,NonMono,16,-238064.000000,16.080205,16,1345.320818,7,[13]=-242060;[14]=-239879;[15]=-238576;[16]=-238064;[17]=-238428;[18]=-239638;[19]=-241715
2854,RECAL 3 0 9999 9999 64 4 80,0,9999,9999,0,64,4,80,-2261.000000,33,1,Ok,98620.000000,NonMono,16,-233758.000000,16.089034,16,-2196.643865,7,[13]=-237172;[14]=-235302;[15]=-234171;[16]=-233758;[17]=-234043;[18]=-235021;[19]=-236699
2855,RECAL 3 1 9999 -2197 64 4 80,1,9999,-2197,0,64,4,80,2097.000000,33,1,Ok,238371.000000,NonMono,16,-233738.000000,16.119940,16,2161.479761,5,[14]=-238501;[15]=-235053;[16]=-233738;[17]=-234546;[18]=-237527
