cmd_path,cmd_sweep_0,cmd_sweep_1,base_dac_y,base_dac_x,max_cross_x_index,max_cross_y_index,max_cross_x,max_cross_y,fit_x,fit_y,dac_y_at_max_cross,dac_x_at_max_cross
RECAL 1 3 1 1 1 33,RECAL 3 0 9999 64 4 80,NULL,2122,NULL,NULL,NULL,NULL,NULL,NULL,NULL,NULL,NULL
RECAL 1 3 1 2 2 33,RECAL 3 0 9999 64 4 80,RECAL 3 1 2186 64 4 80,2080,-2125,NULL,NULL,NULL,NULL,NULL,NULL,NULL,NULL
RECAL 1 3 1 3 3 33,RECAL 3 0 9999 64 4 80,RECAL 3 1 2163 64 4 80,2121,-1254,28,10,-270993,-270884,2163,-1146,2161,-1142
RECAL 1 3 1 4 4 33,RECAL 3 0 9999 64 4 80,RECAL 3 1 2118 64 4 80,2054,1172,17,16,-258888,-259053,2118,1236,2118,1240
RECAL 1 3 1 5 5 33,RECAL 3 0 9999 64 4 80,RECAL 3 1 2203 64 4 80,2137,2021,NULL,NULL,NULL,NULL,NULL,NULL,NULL,NULL
RECAL 1 3 1 6 6 33,RECAL 3 0 9999 64 4 80,NULL,2130,NULL,NULL,NULL,NULL,NULL,NULL,NULL,NULL,NULL
RECAL 1 3 1 7 7 33,RECAL 3 0 9999 64 4 80,RECAL 3 1 -408 64 4 80,-476,2637,16,18,-225756,-225759,-408.1,2700,-404,2701
RECAL 1 3 1 8 8 33,RECAL 3 0 9999 64 4 80,NULL,-397,NULL,NULL,NULL,NULL,NULL,NULL,NULL,NULL,NULL
RECAL 1 3 1 9 9 33,RECAL 3 0 9999 64 4 80,RECAL 3 1 -675 64 4 80,-774,1222,21,25,-270651,-270641,-674.6,1305,-674,1306
RECAL 1 3 1 10 10 33,RECAL 3 0 9999 64 4 80,NULL,-504,NULL,NULL,NULL,NULL,NULL,NULL,NULL,NULL,NULL
RECAL 1 3 1 11 11 33,RECAL 3 0 9999 64 4 80,RECAL 3 1 -630 64 4 80,-699,-2091,16,18,-226443,-226467,-629.8,-2025,-627,-2027
RECAL 1 3 1 12 12 33,RECAL 3 0 9999 64 4 80,RECAL 3 1 -537 64 4 80,-545,-2699,14,15,-270719,-270672,-536.8,-2645,-485,-2643
RECAL 1 3 1 13 13 33,RECAL 3 0 9999 64 4 80,RECAL 3 1 -2300 64 4 80,-2322,-2733,28,6,-270722,-270628,-2300,-2624,-2298,-2621
RECAL 1 3 1 14 14 33,RECAL 3 0 9999 64 4 80,RECAL 3 1 -2290 64 4 80,-2357,-2137,16,17,-224900,-224926,-2290,-2071,-2289,-2073
RECAL 1 3 1 15 15 33,RECAL 3 0 9999 64 4 80,RECAL 3 1 -2252 64 4 80,-2316,-1279,16,16,-225141,-225089,-2252,-1216,-2252,-1215
RECAL 1 3 1 16 16 33,RECAL 3 0 9999 64 4 80,RECAL 3 1 -2314 64 4 80,-2378,1145,16,16,-225862,-225775,-2314,1207,-2314,1209
RECAL 1 3 1 17 17 33,RECAL 3 0 9999 64 4 80,RECAL 3 1 -2213 64 4 80,-2301,2003,8,22,-270689,-270755,-2213,2077,-2213,2035
RECAL 1 3 1 18 18 33,RECAL 3 0 9999 64 4 80,RECAL 3 1 -2248 64 4 80,-2313,2599,16,16,-226060,-226108,-2248,2660,-2249,2663
RECAL 1 3 2 1 1 34,RECAL 3 0 9999 64 4 80,RECAL 3 1 2179 64 4 80,2118,-2797,NULL,NULL,NULL,NULL,NULL,NULL,NULL,NULL
RECAL 1 3 2 2 2 34,RECAL 3 0 9999 64 4 80,RECAL 3 1 2089 64 4 80,2029,-2203,17,15,-265348,-264952,2089,-2142,2089,-2135
RECAL 1 3 2 3 3 34,RECAL 3 0 9999 64 4 80,RECAL 3 1 2078 64 4 80,2015,-1361,16,16,-234194,-233987,2078,-1296,2079,-1297
RECAL 1 3 2 4 4 34,RECAL 3 0 9999 64 4 80,RECAL 3 1 2089 64 4 80,2025,1103,15,16,-225115,-225064,2089,1165,2089,1163
RECAL 1 3 2 5 5 34,RECAL 3 0 9999 64 4 80,RECAL 3 1 2107 64 4 80,2085,1998,14,5,-270641,-270712,2107,2055,2105,2054
RECAL 1 3 2 6 6 34,RECAL 3 0 9999 64 4 80,RECAL 3 1 2079 64 4 80,2018,2604,15,15,-224543,-224510,2079,2667,2078,2664
RECAL 1 3 2 7 7 34,RECAL 3 0 9999 64 4 80,RECAL 3 1 -798 64 4 80,-864,2590,15,16,-224061,-224329,-798.5,2650,-800,2650
RECAL 1 3 2 8 8 34,RECAL 3 0 9999 64 4 80,RECAL 3 1 -487 64 4 80,-610,1978,NULL,NULL,NULL,NULL,NULL,NULL,NULL,NULL
RECAL 1 3 2 9 9 34,RECAL 3 0 9999 64 4 80,RECAL 3 1 -773 64 4 80,-798,1072,22,6,-270786,-270741,-772.9,1159,-774,1160
RECAL 1 3 2 10 10 34,RECAL 3 0 9999 64 4 80,RECAL 3 1 -772 64 4 80,-831,-1386,16,14,-223637,-223571,-772.3,-1321,-775,-1322
RECAL 1 3 2 11 11 34,RECAL 3 0 9999 64 4 80,RECAL 3 1 -738 64 4 80,-803,-2218,16,16,-254484,-254106,-738,-2154,-739,-2154
RECAL 1 3 2 12 12 34,RECAL 3 0 9999 64 4 80,RECAL 3 1 -391 64 4 80,-448,-2808,16,20,-269761,-269597,-391.4,-2744,-368,-2744
RECAL 1 3 2 13 13 34,RECAL 3 0 9999 64 4 80,RECAL 3 1 -2180 64 4 80,-2292,-2830,22,27,-270736,-270740,-2180,-2745,-2184,-2742
RECAL 1 3 2 14 14 34,RECAL 3 0 9999 64 4 80,RECAL 3 1 -2303 64 4 80,-2370,-2248,16,17,-230999,-230928,-2303,-2182,-2302,-2184
RECAL 1 3 2 15 15 34,RECAL 3 0 9999 64 4 80,RECAL 3 1 -2323 64 4 80,-2379,-1436,11,14,-269695,-269754,-2323,-1394,-2323,-1392
RECAL 1 3 2 16 16 34,RECAL 3 0 9999 64 4 80,RECAL 3 1 -2303 64 4 80,-2372,1005,17,16,-222694,-222726,-2303,1070,-2308,1073
RECAL 1 3 2 17 17 34,RECAL 3 0 9999 64 4 80,RECAL 3 1 -2252 64 4 80,-2316,1942,16,16,-223255,-223166,-2252,2006,-2252,2006
RECAL 1 3 2 18 18 34,RECAL 3 0 9999 64 4 80,RECAL 3 1 -2317 64 4 80,-2381,2561,15,16,-223418,-223511,-2317,2623,-2317,2621
RECAL 1 3 3 1 1 35,RECAL 3 0 9999 64 4 80,NULL,2107,NULL,NULL,NULL,NULL,NULL,NULL,NULL,NULL,NULL
RECAL 1 3 3 2 2 35,RECAL 3 0 9999 64 4 80,RECAL 3 1 2200 64 4 80,2138,-2115,16,15,-259904,-260044,2200,-2050,2198,-2051
RECAL 1 3 3 3 3 35,RECAL 3 0 9999 64 4 80,RECAL 3 1 2107 64 4 80,2043,-1269,16,16,-227540,-227628,2107,-1206,2107,-1205
RECAL 1 3 3 4 4 35,RECAL 3 0 9999 64 4 80,NULL,-2.156e+04,NULL,NULL,NULL,NULL,NULL,NULL,NULL,NULL,NULL
RECAL 1 3 3 5 5 35,RECAL 3 0 9999 64 4 80,NULL,2120,NULL,NULL,NULL,NULL,NULL,NULL,NULL,NULL,NULL
RECAL 1 3 3 6 6 35,RECAL 3 0 9999 64 4 80,RECAL 3 1 2177 64 4 80,2113,2570,16,16,-224407,-224270,2177,2632,2177,2634
RECAL 1 3 3 7 7 35,RECAL 3 0 9999 64 4 80,RECAL 3 1 -419 64 4 80,-484,2545,16,16,-224303,-224324,-418.9,2608,-420,2609
RECAL 1 3 3 8 8 35,RECAL 3 0 9999 64 4 80,NULL,-416,NULL,NULL,NULL,NULL,NULL,NULL,NULL,NULL,NULL
RECAL 1 3 3 9 9 35,RECAL 3 0 9999 64 4 80,RECAL 3 1 -694 64 4 80,-777,1084,17,21,-270546,-270627,-694.4,1153,-693,1152
RECAL 1 3 3 10 10 35,RECAL 3 0 9999 64 4 80,RECAL 3 1 -697 64 4 80,-753,-1315,16,19,-270433,-270226,-696.6,-1253,-677,-1251
RECAL 1 3 3 11 11 35,RECAL 3 0 9999 64 4 80,RECAL 3 1 -244 64 4 80,-275,-2142,15,7,-268287,-268161,-244.3,-2084,-247,-2082
RECAL 1 3 3 12 12 35,RECAL 3 0 9999 64 4 80,NULL,-522,NULL,NULL,NULL,NULL,NULL,NULL,NULL,NULL,NULL
RECAL 1 3 3 13 13 35,RECAL 3 0 9999 64 4 80,NULL,-2301,NULL,NULL,NULL,NULL,NULL,NULL,NULL,NULL,NULL
RECAL 1 3 3 14 14 35,RECAL 3 0 9999 64 4 80,NULL,-2270,NULL,NULL,NULL,NULL,NULL,NULL,NULL,NULL,NULL
RECAL 1 3 3 15 15 35,RECAL 3 0 9999 64 4 80,RECAL 3 1 -2242 64 4 80,-2356,-1262,NULL,NULL,NULL,NULL,NULL,NULL,NULL,NULL
RECAL 1 3 3 16 16 35,RECAL 3 0 9999 64 4 80,RECAL 3 1 -2296 64 4 80,-2362,1140,15,17,-264088,-264149,-2296,1202,-2294,1200
RECAL 1 3 3 17 17 35,RECAL 3 0 9999 64 4 80,RECAL 3 1 -2220 64 4 80,-2284,1983,15,17,-225337,-225269,-2220,2046,-2216,2043
RECAL 1 3 3 18 18 35,RECAL 3 0 9999 64 4 80,RECAL 3 1 -2227 64 4 80,-2296,2571,16,16,-258899,-258774,-2227,2633,-2232,2635
RECAL 1 3 4 1 1 36,RECAL 3 0 9999 64 4 80,RECAL 3 1 2135 64 4 80,2120,-2793,NULL,NULL,NULL,NULL,NULL,NULL,NULL,NULL
RECAL 1 3 4 2 2 36,RECAL 3 0 9999 64 4 80,NULL,2130,NULL,NULL,NULL,NULL,NULL,NULL,NULL,NULL,NULL
RECAL 1 3 4 3 3 36,RECAL 3 0 9999 64 4 80,NULL,2082,NULL,NULL,NULL,NULL,NULL,NULL,NULL,NULL,NULL
RECAL 1 3 4 4 4 36,RECAL 3 0 9999 64 4 80,RECAL 3 1 2272 64 4 80,2163,1056,20,28,-270673,-270798,2272,1136,2275,1136
RECAL 1 3 4 5 5 36,RECAL 3 0 9999 64 4 80,RECAL 3 1 2240 64 4 80,2175,1961,16,16,-227573,-227522,2240,2021,2239,2025
RECAL 1 3 4 6 6 36,RECAL 3 0 9999 64 4 80,RECAL 3 1 2305 64 4 80,2187,2575,NULL,NULL,NULL,NULL,NULL,NULL,NULL,NULL
RECAL 1 3 4 7 7 36,RECAL 3 0 9999 64 4 80,RECAL 3 1 749 64 4 80,683,2614,15,16,-226371,-226453,748.8,2676,747,2674
RECAL 1 3 4 8 8 36,RECAL 3 0 9999 64 4 80,RECAL 3 1 655 64 4 80,629,2011,21,0,-270581,-270617,655.3,2098,629,2095
RECAL 1 3 4 9 9 36,RECAL 3 0 9999 64 4 80,RECAL 3 1 676 64 4 80,572,1148,25,26,-270622,-270589,675.9,1248,676,1248
RECAL 1 3 4 10 10 36,RECAL 3 0 9999 64 4 80,RECAL 3 1 11 64 4 80,-7,-1304,5,4,-270689,-270580,11.08,-1282,9,-1284
RECAL 1 3 4 11 11 36,RECAL 3 0 9999 64 4 80,RECAL 3 1 506 64 4 80,426,-2155,NULL,NULL,NULL,NULL,NULL,NULL,NULL,NULL
RECAL 1 3 4 12 12 36,RECAL 3 0 9999 64 4 80,RECAL 3 1 523 64 4 80,401,-2753,6,31,-270715,-270655,523.1,-2729,525,-2729
RECAL 1 3 4 13 13 36,RECAL 3 0 9999 64 4 80,RECAL 3 1 -2098 64 4 80,-2173,-2777,20,19,-270335,-270818,-2098,-2696,-2097,-2697
RECAL 1 3 4 14 14 36,RECAL 3 0 9999 64 4 80,RECAL 3 1 -2070 64 4 80,-2163,-2187,25,23,-270697,-270708,-2070,-2087,-2071,-2087
RECAL 1 3 4 15 15 36,RECAL 3 0 9999 64 4 80,NULL,-2206,NULL,NULL,NULL,NULL,NULL,NULL,NULL,NULL,NULL
RECAL 1 3 4 16 16 36,RECAL 3 0 9999 64 4 80,RECAL 3 1 -2099 64 4 80,-2126,1084,13,16,-270617,-270764,-2099,1124,-2062,1136
RECAL 1 3 4 17 17 36,RECAL 3 0 9999 64 4 80,RECAL 3 1 -2070 64 4 80,-2110,1977,24,10,-270641,-270727,-2070,2071,-2070,2073
RECAL 1 3 4 18 18 36,RECAL 3 0 9999 64 4 80,RECAL 3 1 -2032 64 4 80,-2101,2585,NULL,NULL,NULL,NULL,NULL,NULL,NULL,NULL
RECAL 1 3 5 1 1 37,RECAL 3 0 9999 64 4 80,RECAL 3 1 2197 64 4 80,2118,-2863,31,20,-270897,-270918,2197,-2737,2198,-2739
RECAL 1 3 5 2 2 37,RECAL 3 0 9999 64 4 80,NULL,2.222e+04,NULL,NULL,NULL,NULL,NULL,NULL,NULL,NULL,NULL
RECAL 1 3 5 3 3 37,RECAL 3 0 9999 64 4 80,RECAL 3 1 2227 64 4 80,2147,-1489,19,20,-270846,-270929,2227,-1414,2227,-1413
RECAL 1 3 5 4 4 37,RECAL 3 0 9999 64 4 80,RECAL 3 1 2118 64 4 80,2078,934,20,10,-270826,-270961,2118,1013,2118,1014
RECAL 1 3 5 5 5 37,RECAL 3 0 9999 64 4 80,RECAL 3 1 2251 64 4 80,2173,1904,NULL,NULL,NULL,NULL,NULL,NULL,NULL,NULL
RECAL 1 3 5 6 6 37,RECAL 3 0 9999 64 4 80,RECAL 3 1 2263 64 4 80,2190,2537,3,19,-270826,-270836,2263,2548,2266,2549
RECAL 1 3 5 7 7 37,RECAL 3 0 9999 64 4 80,RECAL 3 1 591 64 4 80,532,2571,14,15,-270908,-270765,591.3,2627,592,2627
RECAL 1 3 5 8 8 37,RECAL 3 0 9999 64 4 80,RECAL 3 1 593 64 4 80,476,1952,NULL,NULL,NULL,NULL,NULL,NULL,NULL,NULL
RECAL 1 3 5 9 9 37,RECAL 3 0 9999 64 4 80,RECAL 3 1 -469 64 4 80,-528,1028,18,14,-270674,-270926,-468.7,1098,-472,1100
RECAL 1 3 5 10 10 37,RECAL 3 0 9999 64 4 80,RECAL 3 1 420 64 4 80,323,-1420,NULL,NULL,NULL,NULL,NULL,NULL,NULL,NULL
RECAL 1 3 5 11 11 37,RECAL 3 0 9999 64 4 80,NULL,-241,NULL,NULL,NULL,NULL,NULL,NULL,NULL,NULL,NULL
RECAL 1 3 5 12 12 37,RECAL 3 0 9999 64 4 80,RECAL 3 1 -102 64 4 80,-223,-2826,16,30,-227082,-226826,-102.4,-2760,-103,-2762
RECAL 1 3 5 13 13 37,RECAL 3 0 9999 64 4 80,NULL,-2260,NULL,NULL,NULL,NULL,NULL,NULL,NULL,NULL,NULL
RECAL 1 3 5 14 14 37,RECAL 3 0 9999 64 4 80,RECAL 3 1 -2235 64 4 80,-2259,-2268,NULL,NULL,NULL,NULL,NULL,NULL,NULL,NULL
RECAL 1 3 5 15 15 37,RECAL 3 0 9999 64 4 80,RECAL 3 1 -2130 64 4 80,-2222,-1469,19,23,-270545,-270630,-2130,-1392,-2130,-1393
RECAL 1 3 5 16 16 37,RECAL 3 0 9999 64 4 80,RECAL 3 1 -2224 64 4 80,-2296,965,19,18,-270443,-270471,-2224,1040,-2224,1041
RECAL 1 3 5 17 17 37,RECAL 3 0 9999 64 4 80,NULL,-2197,NULL,NULL,NULL,NULL,NULL,NULL,NULL,NULL,NULL
RECAL 1 3 5 18 18 37,RECAL 3 0 9999 64 4 80,NULL,-2186,NULL,NULL,NULL,NULL,NULL,NULL,NULL,NULL,NULL
RECAL 1 3 6 1 1 38,RECAL 3 0 9999 64 4 80,NULL,2208,NULL,NULL,NULL,NULL,NULL,NULL,NULL,NULL,NULL
RECAL 1 3 6 2 2 38,RECAL 3 0 9999 64 4 80,RECAL 3 1 2195 64 4 80,2124,-2096,27,18,-270701,-270643,2195,-1989,2196,-1988
RECAL 1 3 6 3 3 38,RECAL 3 0 9999 64 4 80,RECAL 3 1 2147 64 4 80,2115,-1224,27,8,-270675,-270708,2147,-1116,2147,-1116
RECAL 1 3 6 4 4 38,RECAL 3 0 9999 64 4 80,NULL,2203,NULL,NULL,NULL,NULL,NULL,NULL,NULL,NULL,NULL
RECAL 1 3 6 5 5 38,RECAL 3 0 9999 64 4 80,RECAL 3 1 2256 64 4 80,2200,2022,16,14,-232418,-232361,2256,2086,2256,2086
RECAL 1 3 6 6 6 38,RECAL 3 0 9999 64 4 80,RECAL 3 1 2229 64 4 80,2191,2611,16,9,-270576,-270686,2229,2677,2227,2675
RECAL 1 3 6 7 7 38,RECAL 3 0 9999 64 4 80,RECAL 3 1 571 64 4 80,464,2572,NULL,NULL,NULL,NULL,NULL,NULL,NULL,NULL
RECAL 1 3 6 8 8 38,RECAL 3 0 9999 64 4 80,RECAL 3 1 558 64 4 80,462,1975,24,24,-270670,-270693,557.7,2069,558,2071
RECAL 1 3 6 9 9 38,RECAL 3 0 9999 64 4 80,RECAL 3 1 540 64 4 80,496,1108,20,11,-270713,-270711,539.7,1187,540,1188
RECAL 1 3 6 10 10 38,RECAL 3 0 9999 64 4 80,NULL,-365,NULL,NULL,NULL,NULL,NULL,NULL,NULL,NULL,NULL
RECAL 1 3 6 11 11 38,RECAL 3 0 9999 64 4 80,RECAL 3 1 -217 64 4 80,-304,-2141,16,22,-228160,-227974,-217.2,-2074,-216,-2077
RECAL 1 3 6 12 12 38,RECAL 3 0 9999 64 4 80,RECAL 3 1 576 64 4 80,547,-2728,NULL,NULL,NULL,NULL,NULL,NULL,NULL,NULL
RECAL 1 3 6 13 13 38,RECAL 3 0 9999 64 4 80,RECAL 3 1 -2142 64 4 80,-2188,-2726,NULL,NULL,NULL,NULL,NULL,NULL,NULL,NULL
RECAL 1 3 6 14 14 38,RECAL 3 0 9999 64 4 80,RECAL 3 1 -2203 64 4 80,-2266,-2139,16,16,-227649,-227711,-2203,-2076,-2202,-2075
RECAL 1 3 6 15 15 38,RECAL 3 0 9999 64 4 80,RECAL 3 1 -2251 64 4 80,-2275,-1299,NULL,NULL,NULL,NULL,NULL,NULL,NULL,NULL
RECAL 1 3 6 16 16 38,RECAL 3 0 9999 64 4 80,NULL,-2191,NULL,NULL,NULL,NULL,NULL,NULL,NULL,NULL,NULL
RECAL 1 3 6 17 17 38,RECAL 3 0 9999 64 4 80,NULL,-2199,NULL,NULL,NULL,NULL,NULL,NULL,NULL,NULL,NULL
RECAL 1 3 6 18 18 38,RECAL 3 0 9999 64 4 80,RECAL 3 1 -2168 64 4 80,-2205,2570,20,9,-270537,-270770,-2168,2672,-2169,2650
RECAL 1 3 7 1 1 39,RECAL 3 0 9999 64 4 80,NULL,2117,NULL,NULL,NULL,NULL,NULL,NULL,NULL,NULL,NULL
RECAL 1 3 7 2 2 39,RECAL 3 0 9999 64 4 80,NULL,NULL,NULL,NULL,NULL,NULL,NULL,NULL,NULL,NULL,NULL
RECAL 1 3 7 4 4 39,RECAL 3 0 9999 64 4 80,RECAL 3 1 2206 64 4 80,2127,934,NULL,NULL,NULL,NULL,NULL,NULL,NULL,NULL
RECAL 1 3 7 5 5 39,RECAL 3 0 9999 64 4 80,RECAL 3 1 2228 64 4 80,2133,1907,NULL,NULL,NULL,NULL,NULL,NULL,NULL,NULL
RECAL 1 3 7 6 6 39,RECAL 3 0 9999 64 4 80,RECAL 3 1 2146 64 4 80,2138,2540,10,19,-270646,-270580,2146,2579,2214,2580
RECAL 1 3 7 7 7 39,RECAL 3 0 9999 64 4 80,NULL,380,NULL,NULL,NULL,NULL,NULL,NULL,NULL,NULL,NULL
RECAL 1 3 7 8 8 39,RECAL 3 0 9999 64 4 80,NULL,353,NULL,NULL,NULL,NULL,NULL,NULL,NULL,NULL,NULL
RECAL 1 3 7 9 9 39,RECAL 3 0 9999 64 4 80,RECAL 3 1 364 64 4 80,301,869,NULL,NULL,NULL,NULL,NULL,NULL,NULL,NULL
RECAL 1 3 7 10 10 39,RECAL 3 0 9999 64 4 80,RECAL 3 1 -530 64 4 80,-601,-1533,16,18,-226426,-226330,-529.5,-1468,-529,-1469
RECAL 1 3 7 11 11 39,RECAL 3 0 9999 64 4 80,RECAL 3 1 -511 64 4 80,-623,-2311,15,28,-270679,-270618,-511.1,-2266,-511,-2251
RECAL 1 3 7 12 12 39,RECAL 3 0 9999 64 4 80,RECAL 3 1 300 64 4 80,248,-2881,18,14,-270566,-270698,300.4,-2811,304,-2809
RECAL 1 3 7 13 13 39,RECAL 3 0 9999 64 4 80,RECAL 3 1 -2204 64 4 80,-2215,-2883,12,3,-270809,-270684,-2204,-2836,-2203,-2835
RECAL 1 3 7 14 14 39,RECAL 3 0 9999 64 4 80,RECAL 3 1 -2247 64 4 80,-2292,-2310,5,11,-270790,-270903,-2247,-2291,-2248,-2290
RECAL 1 3 7 15 15 39,RECAL 3 0 9999 64 4 80,RECAL 3 1 -2194 64 4 80,-2287,-1538,NULL,NULL,NULL,NULL,NULL,NULL,NULL,NULL
RECAL 1 3 7 16 16 39,RECAL 3 0 9999 64 4 80,RECAL 3 1 -2092 64 4 80,-2204,855,NULL,NULL,NULL,NULL,NULL,NULL,NULL,NULL
RECAL 1 3 7 17 17 39,RECAL 3 0 9999 64 4 80,RECAL 3 1 -2172 64 4 80,-2196,1868,30,6,-270665,-270751,-2172,1988,-2172,1988
RECAL 1 3 7 18 18 39,RECAL 3 0 9999 64 4 80,RECAL 3 1 -2145 64 4 80,-2195,2510,5,12,-270861,-270765,-2145,2529,-2147,2530
RECAL 1 3 8 1 1 40,RECAL 3 0 9999 64 4 80,RECAL 3 1 2170 64 4 80,2147,-2737,NULL,NULL,NULL,NULL,NULL,NULL,NULL,NULL
RECAL 1 3 8 2 2 40,RECAL 3 0 9999 64 4 80,NULL,2068,NULL,NULL,NULL,NULL,NULL,NULL,NULL,NULL,NULL
RECAL 1 3 8 3 3 40,RECAL 3 0 9999 64 4 80,RECAL 3 1 2176 64 4 80,2060,-1270,NULL,NULL,NULL,NULL,NULL,NULL,NULL,NULL
RECAL 1 3 8 4 4 40,RECAL 3 0 9999 64 4 80,RECAL 3 1 2256 64 4 80,2155,1158,21,25,-270656,-270800,2256,1242,2255,1242
RECAL 1 3 8 5 5 40,RECAL 3 0 9999 64 4 80,NULL,2148,NULL,NULL,NULL,NULL,NULL,NULL,NULL,NULL,NULL
RECAL 1 3 8 6 6 40,RECAL 3 0 9999 64 4 80,NULL,2151,NULL,NULL,NULL,NULL,NULL,NULL,NULL,NULL,NULL
RECAL 1 3 8 7 7 40,RECAL 3 0 9999 64 4 80,NULL,-269,NULL,NULL,NULL,NULL,NULL,NULL,NULL,NULL,NULL
RECAL 1 3 8 8 8 40,RECAL 3 0 9999 64 4 80,RECAL 3 1 -276 64 4 80,-287,2060,NULL,NULL,NULL,NULL,NULL,NULL,NULL,NULL
RECAL 1 3 8 9 9 40,RECAL 3 0 9999 64 4 80,NULL,-217,NULL,NULL,NULL,NULL,NULL,NULL,NULL,NULL,NULL
RECAL 1 3 8 10 10 40,RECAL 3 0 9999 64 4 80,NULL,-739,NULL,NULL,NULL,NULL,NULL,NULL,NULL,NULL,NULL
RECAL 1 3 8 11 11 40,RECAL 3 0 9999 64 4 80,RECAL 3 1 -724 64 4 80,-738,-2095,31,3,-270575,-270747,-724.4,-1970,-726,-1971
RECAL 1 3 8 12 12 40,RECAL 3 0 9999 64 4 80,RECAL 3 1 -150 64 4 80,-152,-2703,16,1,-227218,-227152,-150.2,-2638,-148,-2639
RECAL 1 3 8 13 13 40,RECAL 3 0 9999 64 4 80,RECAL 3 1 -2253 64 4 80,-2286,-2734,25,8,-270684,-270733,-2253,-2633,-2254,-2634
RECAL 1 3 8 14 14 40,RECAL 3 0 9999 64 4 80,RECAL 3 1 -2291 64 4 80,-2356,-2135,16,16,-223619,-223744,-2291,-2070,-2292,-2071
RECAL 1 3 8 15 15 40,RECAL 3 0 9999 64 4 80,RECAL 3 1 -2295 64 4 80,-2361,-1272,27,16,-270843,-270707,-2295,-1162,-2297,-1164
RECAL 1 3 8 16 16 40,RECAL 3 0 9999 64 4 80,RECAL 3 1 -2213 64 4 80,-2275,1158,7,15,-270561,-270541,-2213,1188,-2215,1186
RECAL 1 3 8 17 17 40,RECAL 3 0 9999 64 4 80,RECAL 3 1 -2214 64 4 80,-2282,2015,16,17,-226006,-226001,-2214,2074,-2214,2079
RECAL 1 3 8 18 18 40,RECAL 3 0 9999 64 4 80,NULL,-2287,NULL,NULL,NULL,NULL,NULL,NULL,NULL,NULL,NULL
RECAL 1 3 9 1 1 41,RECAL 3 0 9999 64 4 80,RECAL 3 1 2202 64 4 80,2138,-2681,16,16,-228836,-228931,2202,-2615,2202,-2617
RECAL 1 3 9 2 2 41,RECAL 3 0 9999 64 4 80,RECAL 3 1 2102 64 4 80,2041,-2092,17,15,-270762,-270831,2102,-2024,2101,-2024
RECAL 1 3 9 3 3 41,RECAL 3 0 9999 64 4 80,RECAL 3 1 2078 64 4 80,2042,-1242,NULL,NULL,NULL,NULL,NULL,NULL,NULL,NULL
RECAL 1 3 9 4 4 41,RECAL 3 0 9999 64 4 80,RECAL 3 1 2216 64 4 80,2128,1136,NULL,NULL,NULL,NULL,NULL,NULL,NULL,NULL
RECAL 1 3 9 5 5 41,RECAL 3 0 9999 64 4 80,RECAL 3 1 2170 64 4 80,2126,1978,30,11,-270733,-270850,2170,2096,2170,2098
RECAL 1 3 9 6 6 41,RECAL 3 0 9999 64 4 80,RECAL 3 1 2123 64 4 80,2117,2563,1,1,-270717,-270731,2123,2567,2121,2567
RECAL 1 3 9 7 7 41,RECAL 3 0 9999 64 4 80,NULL,-182,NULL,NULL,NULL,NULL,NULL,NULL,NULL,NULL,NULL
RECAL 1 3 9 8 8 41,RECAL 3 0 9999 64 4 80,RECAL 3 1 -50 64 4 80,-134,2012,22,21,-270658,-270613,-49.66,2102,-50,2100
RECAL 1 3 9 9 9 41,RECAL 3 0 9999 64 4 80,RECAL 3 1 -129 64 4 80,-253,1201,NULL,NULL,NULL,NULL,NULL,NULL,NULL,NULL
RECAL 1 3 9 10 10 41,RECAL 3 0 9999 64 4 80,RECAL 3 1 -609 64 4 80,-709,-1177,23,25,-270545,-270804,-609.1,-1084,-609,-1085
RECAL 1 3 9 11 11 41,RECAL 3 0 9999 64 4 80,NULL,-723,NULL,NULL,NULL,NULL,NULL,NULL,NULL,NULL,NULL
RECAL 1 3 9 12 12 41,RECAL 3 0 9999 64 4 80,NULL,153,NULL,NULL,NULL,NULL,NULL,NULL,NULL,NULL,NULL
RECAL 1 3 9 13 13 41,RECAL 3 0 9999 64 4 80,RECAL 3 1 -2198 64 4 80,-2239,-2680,28,10,-270640,-270693,-2198,-2568,-2199,-2568
RECAL 1 3 9 14 14 41,RECAL 3 0 9999 64 4 80,RECAL 3 1 -2273 64 4 80,-2332,-2096,31,15,-270736,-270798,-2273,-1972,-2272,-1972
RECAL 1 3 9 15 15 41,RECAL 3 0 9999 64 4 80,NULL,-2334,NULL,NULL,NULL,NULL,NULL,NULL,NULL,NULL,NULL
RECAL 1 3 9 16 16 41,RECAL 3 0 9999 64 4 80,NULL,-2.158e+04,NULL,NULL,NULL,NULL,NULL,NULL,NULL,NULL,NULL
RECAL 1 3 9 17 17 41,RECAL 3 0 9999 64 4 80,NULL,-2255,NULL,NULL,NULL,NULL,NULL,NULL,NULL,NULL,NULL
RECAL 1 3 9 18 18 41,RECAL 3 0 9999 64 4 80,NULL,-2256,NULL,NULL,NULL,NULL,NULL,NULL,NULL,NULL,NULL
RECAL 1 3 10 1 1 42,RECAL 3 0 9999 64 4 80,RECAL 3 1 2189 64 4 80,2128,-2726,12,15,-270586,-270679,2189,-2675,2188,-2678
RECAL 1 3 10 2 2 42,RECAL 3 0 9999 64 4 80,RECAL 3 1 2154 64 4 80,2096,-2130,29,14,-270496,-270580,2154,-2033,2152,-2014
RECAL 1 3 10 3 3 42,RECAL 3 0 9999 64 4 80,RECAL 3 1 2092 64 4 80,2074,-1267,9,4,-270712,-270505,2092,-1259,2090,-1231
RECAL 1 3 10 4 4 42,RECAL 3 0 9999 64 4 80,RECAL 3 1 2180 64 4 80,2136,1149,14,11,-270647,-270765,2180,1206,2180,1205
RECAL 1 3 10 5 5 42,RECAL 3 0 9999 64 4 80,RECAL 3 1 2303 64 4 80,2203,2008,30,25,-270808,-270674,2303,2127,2303,2128
RECAL 1 3 10 6 6 42,RECAL 3 0 9999 64 4 80,RECAL 3 1 2249 64 4 80,2198,2605,29,17,-270855,-270605,2249,2721,2266,2721
RECAL 1 3 10 7 7 42,RECAL 3 0 9999 64 4 80,NULL,261,NULL,NULL,NULL,NULL,NULL,NULL,NULL,NULL,NULL
RECAL 1 3 10 8 8 42,RECAL 3 0 9999 64 4 80,RECAL 3 1 358 64 4 80,287,2025,15,18,-226353,-226178,358.4,2088,359,2085
RECAL 1 3 10 9 9 42,RECAL 3 0 9999 64 4 80,RECAL 3 1 -381 64 4 80,-502,1179,16,30,-265571,-265436,-381,1241,-382,1243
RECAL 1 3 10 10 10 42,RECAL 3 0 9999 64 4 80,RECAL 3 1 -753 64 4 80,-755,-1238,29,1,-270879,-270755,-752.6,-1123,-751,-1122
RECAL 1 3 10 11 11 42,RECAL 3 0 9999 64 4 80,RECAL 3 1 -669 64 4 80,-689,-2112,17,5,-268862,-268548,-668.8,-2046,-669,-2044
RECAL 1 3 10 12 12 42,RECAL 3 0 9999 64 4 80,RECAL 3 1 -570 64 4 80,-594,-2712,NULL,NULL,NULL,NULL,NULL,NULL,NULL,NULL
RECAL 1 3 10 13 13 42,RECAL 3 0 9999 64 4 80,RECAL 3 1 -2285 64 4 80,-2338,-2730,NULL,NULL,NULL,NULL,NULL,NULL,NULL,NULL
RECAL 1 3 10 14 14 42,RECAL 3 0 9999 64 4 80,RECAL 3 1 -2325 64 4 80,-2361,-2135,NULL,NULL,NULL,NULL,NULL,NULL,NULL,NULL
RECAL 1 3 10 15 15 42,RECAL 3 0 9999 64 4 80,RECAL 3 1 -2344 64 4 80,-2380,-1277,NULL,NULL,NULL,NULL,NULL,NULL,NULL,NULL
RECAL 1 3 10 16 16 42,RECAL 3 0 9999 64 4 80,RECAL 3 1 -2268 64 4 80,-2324,1134,18,14,-270377,-270590,-2268,1206,-2268,1206
RECAL 1 3 10 17 17 42,RECAL 3 0 9999 64 4 80,RECAL 3 1 -2224 64 4 80,-2261,1997,22,9,-270729,-270561,-2224,2085,-2225,2085
RECAL 1 3 10 18 18 42,RECAL 3 0 9999 64 4 80,RECAL 3 1 -2191 64 4 80,-2271,2595,NULL,NULL,NULL,NULL,NULL,NULL,NULL,NULL
RECAL 1 3 11 1 1 43,RECAL 3 0 9999 64 4 80,NULL,2114,NULL,NULL,NULL,NULL,NULL,NULL,NULL,NULL,NULL
RECAL 1 3 11 2 2 43,RECAL 3 0 9999 64 4 80,RECAL 3 1 2106 64 4 80,2078,-2118,2,7,-270747,-270587,2106,-2110,2106,-2110
RECAL 1 3 11 3 3 43,RECAL 3 0 9999 64 4 80,NULL,2162,NULL,NULL,NULL,NULL,NULL,NULL,NULL,NULL,NULL
RECAL 1 3 11 4 4 43,RECAL 3 0 9999 64 4 80,RECAL 3 1 2114 64 4 80,2059,1159,NULL,NULL,NULL,NULL,NULL,NULL,NULL,NULL
RECAL 1 3 11 5 5 43,RECAL 3 0 9999 64 4 80,NULL,2144,NULL,NULL,NULL,NULL,NULL,NULL,NULL,NULL,NULL
RECAL 1 3 11 6 6 43,RECAL 3 0 9999 64 4 80,RECAL 3 1 2172 64 4 80,2136,2603,26,9,-270727,-270807,2172,2710,2172,2707
RECAL 1 3 11 7 7 43,RECAL 3 0 9999 64 4 80,RECAL 3 1 -209 64 4 80,-288,2629,1,20,-270633,-270742,-208.5,2634,-208,2633
RECAL 1 3 11 8 8 43,RECAL 3 0 9999 64 4 80,RECAL 3 1 114 64 4 80,33,2045,17,20,-270789,-270751,114.2,2116,113,2113
RECAL 1 3 11 9 9 43,RECAL 3 0 9999 64 4 80,NULL,-697,NULL,NULL,NULL,NULL,NULL,NULL,NULL,NULL,NULL
RECAL 1 3 11 10 10 43,RECAL 3 0 9999 64 4 80,RECAL 3 1 268 64 4 80,249,-1182,6,5,-270528,-270628,268.4,-1118,269,-1158
RECAL 1 3 11 11 11 43,RECAL 3 0 9999 64 4 80,RECAL 3 1 -577 64 4 80,-609,-2075,11,8,-270660,-270363,-576.6,-2028,-577,-2031
RECAL 1 3 11 12 12 43,RECAL 3 0 9999 64 4 80,RECAL 3 1 -393 64 4 80,-420,-2682,16,6,-227496,-227462,-392.9,-2617,-396,-2618
RECAL 1 3 11 13 13 43,RECAL 3 0 9999 64 4 80,RECAL 3 1 -2175 64 4 80,-2278,-2721,11,26,-270836,-270722,-2175,-2676,-2174,-2677
RECAL 1 3 11 14 14 43,RECAL 3 0 9999 64 4 80,RECAL 3 1 -2245 64 4 80,-2306,-2128,16,15,-267384,-267426,-2245,-2062,-2246,-2064
RECAL 1 3 11 15 15 43,RECAL 3 0 9999 64 4 80,NULL,-2228,NULL,NULL,NULL,NULL,NULL,NULL,NULL,NULL,NULL
RECAL 1 3 11 16 16 43,RECAL 3 0 9999 64 4 80,RECAL 3 1 -2260 64 4 80,-2328,1133,16,16,-224178,-224287,-2260,1196,-2264,1197
RECAL 1 3 11 17 17 43,RECAL 3 0 9999 64 4 80,RECAL 3 1 -2213 64 4 80,-2248,1992,0,9,-270774,-270555,-2213,2007,-2212,1992
RECAL 1 3 11 18 18 43,RECAL 3 0 9999 64 4 80,RECAL 3 1 -2178 64 4 80,-2259,2588,13,20,-270618,-270690,-2178,2639,-2179,2640
RECAL 1 3 12 1 1 44,RECAL 3 0 9999 64 4 80,RECAL 3 1 2229 64 4 80,2205,-2732,14,6,-270641,-270793,2229,-2676,2229,-2676
RECAL 1 3 12 2 2 44,RECAL 3 0 9999 64 4 80,RECAL 3 1 2184 64 4 80,2120,-2125,16,16,-226036,-226116,2184,-2060,2184,-2061
RECAL 1 3 12 3 3 44,RECAL 3 0 9999 64 4 80,RECAL 3 1 2175 64 4 80,2112,-1249,17,16,-227734,-227624,2175,-1184,2176,-1181
RECAL 1 3 12 4 4 44,RECAL 3 0 9999 64 4 80,RECAL 3 1 2240 64 4 80,2201,1191,9,9,-270658,-270608,2240,1225,2237,1227
RECAL 1 3 12 5 5 44,RECAL 3 0 9999 64 4 80,RECAL 3 1 2250 64 4 80,2187,2038,16,16,-225619,-225633,2250,2100,2251,2102
RECAL 1 3 12 6 6 44,RECAL 3 0 9999 64 4 80,RECAL 3 1 2255 64 4 80,2183,2632,NULL,NULL,NULL,NULL,NULL,NULL,NULL,NULL
RECAL 1 3 12 7 7 44,RECAL 3 0 9999 64 4 80,NULL,6,NULL,NULL,NULL,NULL,NULL,NULL,NULL,NULL,NULL
RECAL 1 3 12 8 8 44,RECAL 3 0 9999 64 4 80,NULL,154,NULL,NULL,NULL,NULL,NULL,NULL,NULL,NULL,NULL
RECAL 1 3 12 9 9 44,RECAL 3 0 9999 64 4 80,RECAL 3 1 308 64 4 80,278,1110,24,28,-270821,-270754,307.6,1203,390,1206
RECAL 1 3 12 10 10 44,RECAL 3 0 9999 64 4 80,RECAL 3 1 -554 64 4 80,-637,-1324,NULL,NULL,NULL,NULL,NULL,NULL,NULL,NULL
RECAL 1 3 12 11 11 44,RECAL 3 0 9999 64 4 80,NULL,-564,NULL,NULL,NULL,NULL,NULL,NULL,NULL,NULL,NULL
RECAL 1 3 12 12 12 44,RECAL 3 0 9999 64 4 80,RECAL 3 1 404 64 4 80,328,-2769,16,19,-266093,-265772,403.7,-2704,404,-2705
RECAL 1 3 12 13 13 44,RECAL 3 0 9999 64 4 80,NULL,-2264,NULL,NULL,NULL,NULL,NULL,NULL,NULL,NULL,NULL
RECAL 1 3 12 14 14 44,RECAL 3 0 9999 64 4 80,RECAL 3 1 -2330 64 4 80,-2342,-2147,24,3,-270722,-270925,-2330,-2142,-2330,-2051
RECAL 1 3 12 15 15 44,RECAL 3 0 9999 64 4 80,RECAL 3 1 -2286 64 4 80,-2349,-1288,16,16,-226521,-226654,-2286,-1222,-2285,-1224
RECAL 1 3 12 16 16 44,RECAL 3 0 9999 64 4 80,NULL,-2274,NULL,NULL,NULL,NULL,NULL,NULL,NULL,NULL,NULL
RECAL 1 3 12 17 17 44,RECAL 3 0 9999 64 4 80,RECAL 3 1 -2222 64 4 80,-2288,2012,16,17,-232717,-232644,-2222,2076,-2220,2076
RECAL 1 3 12 18 18 44,RECAL 3 0 9999 64 4 80,RECAL 3 1 -2226 64 4 80,-2290,2611,16,15,-265899,-265518,-2226,2675,-2230,2675
RECAL 1 3 13 1 1 45,RECAL 3 0 9999 64 4 80,RECAL 3 1 2204 64 4 80,2116,-2864,NULL,NULL,NULL,NULL,NULL,NULL,NULL,NULL
RECAL 1 3 13 2 2 45,RECAL 3 0 9999 64 4 80,RECAL 3 1 2044 64 4 80,2000,-2297,28,10,-270499,-270528,2044,-2186,2040,-2185
RECAL 1 3 13 3 3 45,RECAL 3 0 9999 64 4 80,NULL,2073,NULL,NULL,NULL,NULL,NULL,NULL,NULL,NULL,NULL
RECAL 1 3 13 4 4 45,RECAL 3 0 9999 64 4 80,RECAL 3 1 2121 64 4 80,2052,872,20,0,-270613,-270553,2121,953.5,2052,952
RECAL 1 3 13 5 5 45,RECAL 3 0 9999 64 4 80,NULL,2006,NULL,NULL,NULL,NULL,NULL,NULL,NULL,NULL,NULL
RECAL 1 3 13 6 6 45,RECAL 3 0 9999 64 4 80,NULL,2008,NULL,NULL,NULL,NULL,NULL,NULL,NULL,NULL,NULL
RECAL 1 3 13 7 7 45,RECAL 3 0 9999 64 4 80,RECAL 3 1 -720 64 4 80,-788,2453,15,17,-227424,-227507,-719.9,2516,-720,2513
RECAL 1 3 13 8 8 45,RECAL 3 0 9999 64 4 80,RECAL 3 1 -707 64 4 80,-785,1796,17,20,-228061,-228380,-707.5,1863,-705,1864
RECAL 1 3 13 9 9 45,RECAL 3 0 9999 64 4 80,RECAL 3 1 -580 64 4 80,-601,718,NULL,NULL,NULL,NULL,NULL,NULL,NULL,NULL
RECAL 1 3 13 10 10 45,RECAL 3 0 9999 64 4 80,RECAL 3 1 -437 64 4 80,-490,-1607,1,8,-270760,-270612,-437.2,-1603,-458,-1603
RECAL 1 3 13 11 11 45,RECAL 3 0 9999 64 4 80,NULL,-805,NULL,NULL,NULL,NULL,NULL,NULL,NULL,NULL,NULL
RECAL 1 3 13 12 12 45,RECAL 3 0 9999 64 4 80,RECAL 3 1 152 64 4 80,63,-2909,NULL,NULL,NULL,NULL,NULL,NULL,NULL,NULL
RECAL 1 3 13 13 13 45,RECAL 3 0 9999 64 4 80,RECAL 3 1 -2181 64 4 80,-2244,-2885,NULL,NULL,NULL,NULL,NULL,NULL,NULL,NULL
RECAL 1 3 13 14 14 45,RECAL 3 0 9999 64 4 80,RECAL 3 1 -2340 64 4 80,-2352,-2325,NULL,NULL,NULL,NULL,NULL,NULL,NULL,NULL
RECAL 1 3 13 15 15 45,RECAL 3 0 9999 64 4 80,NULL,-2277,NULL,NULL,NULL,NULL,NULL,NULL,NULL,NULL,NULL
RECAL 1 3 13 16 16 45,RECAL 3 0 9999 64 4 80,RECAL 3 1 -2266 64 4 80,-2302,795,15,9,-270765,-270665,-2266,856.1,-2266,855
RECAL 1 3 13 17 17 45,RECAL 3 0 9999 64 4 80,RECAL 3 1 -2279 64 4 80,-2346,1831,16,17,-225162,-225202,-2279,1889,-2278,1895
RECAL 1 3 13 18 18 45,RECAL 3 0 9999 64 4 80,RECAL 3 1 -2324 64 4 80,-2348,2474,NULL,NULL,NULL,NULL,NULL,NULL,NULL,NULL
RECAL 1 3 14 1 1 46,RECAL 3 0 9999 64 4 80,RECAL 3 1 2242 64 4 80,2124,-2739,19,25,-270396,-270562,2242,-2663,2224,-2663
RECAL 1 3 14 2 2 46,RECAL 3 0 9999 64 4 80,RECAL 3 1 2185 64 4 80,2139,-2139,4,11,-270665,-270597,2185,-2121,2183,-2123
RECAL 1 3 14 3 3 46,RECAL 3 0 9999 64 4 80,RECAL 3 1 2196 64 4 80,2155,-1273,30,9,-270699,-270674,2196,-1156,2191,-1153
RECAL 1 3 14 4 4 46,RECAL 3 0 9999 64 4 80,RECAL 3 1 2198 64 4 80,2174,1156,0,31,-270703,-270561,2198,1242,2298,1156
RECAL 1 3 14 5 5 46,RECAL 3 0 9999 64 4 80,RECAL 3 1 2264 64 4 80,2188,2014,2,19,-270514,-270878,2264,2078,2264,2022
RECAL 1 3 14 6 6 46,RECAL 3 0 9999 64 4 80,NULL,2164,NULL,NULL,NULL,NULL,NULL,NULL,NULL,NULL,NULL
RECAL 1 3 14 7 7 46,RECAL 3 0 9999 64 4 80,NULL,48,NULL,NULL,NULL,NULL,NULL,NULL,NULL,NULL,NULL
RECAL 1 3 14 8 8 46,RECAL 3 0 9999 64 4 80,RECAL 3 1 357 64 4 80,319,1986,30,10,-270608,-270712,356.6,2107,359,2106
RECAL 1 3 14 9 9 46,RECAL 3 0 9999 64 4 80,NULL,181,NULL,NULL,NULL,NULL,NULL,NULL,NULL,NULL,NULL
RECAL 1 3 14 10 10 46,RECAL 3 0 9999 64 4 80,RECAL 3 1 -221 64 4 80,-230,-1318,12,2,-270605,-270561,-220.9,-1271,-222,-1270
RECAL 1 3 14 11 11 46,RECAL 3 0 9999 64 4 80,RECAL 3 1 -333 64 4 80,-349,-2173,29,4,-270534,-270580,-333.4,-2058,-333,-2057
RECAL 1 3 14 12 12 46,RECAL 3 0 9999 64 4 80,RECAL 3 1 -413 64 4 80,-506,-2758,15,23,-270775,-270623,-413.2,-2678,-414,-2698
RECAL 1 3 14 13 13 46,RECAL 3 0 9999 64 4 80,NULL,-2308,NULL,NULL,NULL,NULL,NULL,NULL,NULL,NULL,NULL
RECAL 1 3 14 14 14 46,RECAL 3 0 9999 64 4 80,NULL,-2292,NULL,NULL,NULL,NULL,NULL,NULL,NULL,NULL,NULL
RECAL 1 3 14 15 15 46,RECAL 3 0 9999 64 4 80,RECAL 3 1 -2172 64 4 80,-2273,-1277,18,25,-270779,-270747,-2172,-1205,-2173,-1205
RECAL 1 3 14 16 16 46,RECAL 3 0 9999 64 4 80,RECAL 3 1 -2155 64 4 80,-2257,1152,NULL,NULL,NULL,NULL,NULL,NULL,NULL,NULL
RECAL 1 3 14 17 17 46,RECAL 3 0 9999 64 4 80,NULL,-2242,NULL,NULL,NULL,NULL,NULL,NULL,NULL,NULL,NULL
RECAL 1 3 14 18 18 46,RECAL 3 0 9999 64 4 80,RECAL 3 1 -2202 64 4 80,-2268,2605,16,16,-232078,-232018,-2202,2667,-2204,2669
RECAL 1 3 15 1 1 47,RECAL 3 0 9999 64 4 80,RECAL 3 1 2282 64 4 80,2179,-2668,29,26,-270846,-270684,2282,-2553,2283,-2552
RECAL 1 3 15 2 2 47,RECAL 3 0 9999 64 4 80,RECAL 3 1 2236 64 4 80,2140,-2041,20,24,-270513,-270798,2236,-1960,2236,-1961
RECAL 1 3 15 3 3 47,RECAL 3 0 9999 64 4 80,RECAL 3 1 2139 64 4 80,2119,-1086,4,5,-270797,-270847,2139,-1073,2139,-1070
RECAL 1 3 15 4 4 47,RECAL 3 0 9999 64 4 80,RECAL 3 1 2264 64 4 80,2179,1339,NULL,NULL,NULL,NULL,NULL,NULL,NULL,NULL
RECAL 1 3 15 5 5 47,RECAL 3 0 9999 64 4 80,RECAL 3 1 2213 64 4 80,2149,2133,15,16,-243663,-243899,2213,2197,2213,2193
RECAL 1 3 15 6 6 47,RECAL 3 0 9999 64 4 80,RECAL 3 1 2184 64 4 80,2121,2710,16,16,-230041,-230106,2184,2774,2185,2774
RECAL 1 3 15 7 7 47,RECAL 3 0 9999 64 4 80,RECAL 3 1 115 64 4 80,51,2725,16,16,-228387,-228432,115.2,2784,115,2789
RECAL 1 3 15 8 8 47,RECAL 3 0 9999 64 4 80,NULL,NULL,NULL,NULL,NULL,NULL,NULL,NULL,NULL,NULL,NULL
RECAL 1 3 15 10 10 47,RECAL 3 0 9999 64 4 80,RECAL 3 1 158 64 4 80,85,-1037,16,18,-232457,-232273,158.1,-971.8,157,-973
RECAL 1 3 15 11 11 47,RECAL 3 0 9999 64 4 80,RECAL 3 1 330 64 4 80,323,-2014,14,25,-270722,-270793,330,-1970,423,-1958
RECAL 1 3 15 12 12 47,RECAL 3 0 9999 64 4 80,NULL,501,NULL,NULL,NULL,NULL,NULL,NULL,NULL,NULL,NULL
RECAL 1 3 15 13 13 47,RECAL 3 0 9999 64 4 80,RECAL 3 1 -2114 64 4 80,-2180,-2684,16,16,-230633,-230695,-2114,-2617,-2116,-2620
RECAL 1 3 15 14 14 47,RECAL 3 0 9999 64 4 80,RECAL 3 1 -2160 64 4 80,-2217,-2066,1,15,-270566,-270784,-2160,-1991,-2157,-2062
RECAL 1 3 15 15 15 47,RECAL 3 0 9999 64 4 80,RECAL 3 1 -2216 64 4 80,-2240,-1140,16,6,-270644,-270618,-2216,-1076,-2216,-1076
RECAL 1 3 15 16 16 47,RECAL 3 0 9999 64 4 80,RECAL 3 1 -2178 64 4 80,-2178,1300,7,0,-270746,-270670,-2178,1328,-2178,1328
RECAL 1 3 15 17 17 47,RECAL 3 0 9999 64 4 80,RECAL 3 1 -2145 64 4 80,-2211,2105,16,17,-232826,-232787,-2145,2166,-2143,2169
RECAL 1 3 15 18 18 47,RECAL 3 0 9999 64 4 80,NULL,-2245,NULL,NULL,NULL,NULL,NULL,NULL,NULL,NULL,NULL
RECAL 1 3 16 1 1 48,RECAL 3 0 9999 64 4 80,RECAL 3 1 2177 64 4 80,2117,-2713,NULL,NULL,NULL,NULL,NULL,NULL,NULL,NULL
RECAL 1 3 16 2 2 48,RECAL 3 0 9999 64 4 80,RECAL 3 1 2109 64 4 80,2048,-2114,16,17,-264259,-264014,2109,-2051,2116,-2050
RECAL 1 3 16 3 3 48,RECAL 3 0 9999 64 4 80,RECAL 3 1 2176 64 4 80,2110,-1246,17,17,-265666,-265820,2176,-1178,2178,-1178
RECAL 1 3 16 4 4 48,RECAL 3 0 9999 64 4 80,NULL,2073,NULL,NULL,NULL,NULL,NULL,NULL,NULL,NULL,NULL
RECAL 1 3 16 5 5 48,RECAL 3 0 9999 64 4 80,RECAL 3 1 2248 64 4 80,2177,2011,17,18,-268635,-268386,2248,2080,2249,2079
RECAL 1 3 16 6 6 48,RECAL 3 0 9999 64 4 80,RECAL 3 1 2247 64 4 80,2188,2605,17,15,-266100,-266295,2247,2667,2248,2673
RECAL 1 3 16 7 7 48,RECAL 3 0 9999 64 4 80,RECAL 3 1 353 64 4 80,317,2577,NULL,NULL,NULL,NULL,NULL,NULL,NULL,NULL
RECAL 1 3 16 8 8 48,RECAL 3 0 9999 64 4 80,NULL,245,NULL,NULL,NULL,NULL,NULL,NULL,NULL,NULL,NULL
RECAL 1 3 16 9 9 48,RECAL 3 0 9999 64 4 80,RECAL 3 1 -621 64 4 80,-695,1099,17,18,-257833,-257775,-620.6,1162,-623,1167
RECAL 1 3 16 10 10 48,RECAL 3 0 9999 64 4 80,RECAL 3 1 -475 64 4 80,-545,-1304,16,18,-229278,-229138,-474.5,-1238,-473,-1240
RECAL 1 3 16 11 11 48,RECAL 3 0 9999 64 4 80,NULL,-784,NULL,NULL,NULL,NULL,NULL,NULL,NULL,NULL,NULL
RECAL 1 3 16 12 12 48,RECAL 3 0 9999 64 4 80,RECAL 3 1 -493 64 4 80,-549,-2739,16,14,-255837,-255841,-493.5,-2673,-493,-2675
RECAL 1 3 16 13 13 48,RECAL 3 0 9999 64 4 80,RECAL 3 1 -2250 64 4 80,-2313,-2728,16,16,-248989,-248928,-2250,-2662,-2249,-2664
RECAL 1 3 16 14 14 48,RECAL 3 0 9999 64 4 80,RECAL 3 1 -2306 64 4 80,-2370,-2133,16,17,-244975,-244740,-2306,-2068,-2302,-2069
RECAL 1 3 16 15 15 48,RECAL 3 0 9999 64 4 80,RECAL 3 1 -2249 64 4 80,-2313,-1282,17,15,-241360,-241225,-2249,-1217,-2253,-1214
RECAL 1 3 16 16 16 48,RECAL 3 0 9999 64 4 80,RECAL 3 1 -2282 64 4 80,-2348,1120,15,17,-252442,-252550,-2282,1183,-2280,1180
RECAL 1 3 16 17 17 48,RECAL 3 0 9999 64 4 80,RECAL 3 1 -2189 64 4 80,-2253,1984,16,17,-260815,-260581,-2189,2046,-2185,2048
RECAL 1 3 16 18 18 48,RECAL 3 0 9999 64 4 80,RECAL 3 1 -2178 64 4 80,-2239,2583,16,16,-228886,-228958,-2178,2644,-2175,2647
RECAL 1 3 17 1 1 49,RECAL 3 0 9999 64 4 80,RECAL 3 1 2148 64 4 80,2119,-2740,11,7,-270893,-270750,2148,-2700,2147,-2696
RECAL 1 3 17 2 2 49,RECAL 3 0 9999 64 4 80,RECAL 3 1 2168 64 4 80,2104,-2139,2,16,-270523,-270796,2168,-2131,2168,-2131
RECAL 1 3 17 3 3 49,RECAL 3 0 9999 64 4 80,RECAL 3 1 2169 64 4 80,2108,-1267,15,16,-233300,-233345,2169,-1204,2172,-1207
RECAL 1 3 17 4 4 49,RECAL 3 0 9999 64 4 80,RECAL 3 1 2075 64 4 80,2014,1180,15,16,-231074,-231405,2075,1240,2078,1240
RECAL 1 3 17 5 5 49,RECAL 3 0 9999 64 4 80,RECAL 3 1 2073 64 4 80,2010,2033,15,16,-231524,-231749,2073,2094,2074,2093
RECAL 1 3 17 6 6 49,RECAL 3 0 9999 64 4 80,RECAL 3 1 2143 64 4 80,2099,2624,24,10,-270686,-270779,2143,2724,2139,2720
RECAL 1 3 17 7 7 49,RECAL 3 0 9999 64 4 80,RECAL 3 1 -314 64 4 80,-390,2649,1,19,-270893,-270570,-314.2,2657,-314,2653
RECAL 1 3 17 8 8 49,RECAL 3 0 9999 64 4 80,RECAL 3 1 -711 64 4 80,-774,2067,15,15,-231574,-232167,-711.4,2126,-714,2127
RECAL 1 3 17 9 9 49,RECAL 3 0 9999 64 4 80,RECAL 3 1 -694 64 4 80,-757,1236,15,16,-232379,-232557,-694,1295,-693,1296
RECAL 1 3 17 10 10 49,RECAL 3 0 9999 64 4 80,NULL,-297,NULL,NULL,NULL,NULL,NULL,NULL,NULL,NULL,NULL
RECAL 1 3 17 11 11 49,RECAL 3 0 9999 64 4 80,RECAL 3 1 -263 64 4 80,-302,-2102,16,9,-270853,-270947,-262.6,-2038,-266,-2038
RECAL 1 3 17 12 12 49,RECAL 3 0 9999 64 4 80,NULL,-2.131e+04,NULL,NULL,NULL,NULL,NULL,NULL,NULL,NULL,NULL
RECAL 1 3 17 13 13 49,RECAL 3 0 9999 64 4 80,RECAL 3 1 -2176 64 4 80,-2242,-2744,16,16,-229583,-229628,-2176,-2677,-2178,-2680
RECAL 1 3 17 14 14 49,RECAL 3 0 9999 64 4 80,RECAL 3 1 -2190 64 4 80,-2253,-2148,NULL,NULL,NULL,NULL,NULL,NULL,NULL,NULL
RECAL 1 3 17 15 15 49,RECAL 3 0 9999 64 4 80,RECAL 3 1 -2244 64 4 80,-2251,-1288,NULL,NULL,NULL,NULL,NULL,NULL,NULL,NULL
RECAL 1 3 17 16 16 49,RECAL 3 0 9999 64 4 80,NULL,-2340,NULL,NULL,NULL,NULL,NULL,NULL,NULL,NULL,NULL
RECAL 1 3 17 17 17 49,RECAL 3 0 9999 64 4 80,RECAL 3 1 -2273 64 4 80,-2339,2019,15,16,-228977,-229526,-2273,2079,-2275,2079
RECAL 1 3 17 18 18 49,RECAL 3 0 9999 64 4 80,RECAL 3 1 -2198 64 4 80,-2262,2612,15,16,-228314,-229218,-2198,2672,-2198,2672
RECAL 1 3 18 1 1 50,RECAL 3 0 9999 64 4 80,RECAL 3 1 2159 64 4 80,2096,-2767,16,16,-229487,-229379,2159,-2703,2160,-2703
RECAL 1 3 18 2 2 50,RECAL 3 0 9999 64 4 80,RECAL 3 1 2091 64 4 80,2029,-2169,16,15,-231394,-231336,2091,-2104,2089,-2105
RECAL 1 3 18 3 3 50,RECAL 3 0 9999 64 4 80,RECAL 3 1 2093 64 4 80,2029,-1305,15,16,-233091,-233011,2093,-1239,2093,-1245
RECAL 1 3 18 4 4 50,RECAL 3 0 9999 64 4 80,RECAL 3 1 2105 64 4 80,2044,1161,16,16,-254254,-254448,2105,1221,2108,1225
RECAL 1 3 18 5 5 50,RECAL 3 0 9999 64 4 80,RECAL 3 1 2210 64 4 80,2147,2028,15,16,-268230,-268050,2210,2090,2211,2088
RECAL 1 3 18 6 6 50,RECAL 3 0 9999 64 4 80,RECAL 3 1 2244 64 4 80,2155,2630,24,23,-270746,-270817,2244,2638,2247,2726
RECAL 1 3 18 7 7 50,RECAL 3 0 9999 64 4 80,RECAL 3 1 353 64 4 80,285,2668,16,17,-231796,-231763,352.9,2726,353,2732
RECAL 1 3 18 8 8 50,RECAL 3 0 9999 64 4 80,NULL,224,NULL,NULL,NULL,NULL,NULL,NULL,NULL,NULL,NULL
RECAL 1 3 18 9 9 50,RECAL 3 0 9999 64 4 80,RECAL 3 1 -647 64 4 80,-715,1244,15,17,-230869,-230942,-646.8,1304,-647,1304
RECAL 1 3 18 10 10 50,RECAL 3 0 9999 64 4 80,RECAL 3 1 -690 64 4 80,-758,-1213,16,17,-230559,-230482,-689.8,-1150,-690,-1149
RECAL 1 3 18 11 11 50,RECAL 3 0 9999 64 4 80,RECAL 3 1 -708 64 4 80,-773,-2114,16,16,-229973,-229889,-707.7,-2051,-709,-2050
RECAL 1 3 18 12 12 50,RECAL 3 0 9999 64 4 80,NULL,-490,NULL,NULL,NULL,NULL,NULL,NULL,NULL,NULL,NULL
RECAL 1 3 18 13 13 50,RECAL 3 0 9999 64 4 80,RECAL 3 1 -2224 64 4 80,-2288,-2754,16,17,-228290,-228373,-2224,-2688,-2220,-2690
RECAL 1 3 18 14 14 50,RECAL 3 0 9999 64 4 80,RECAL 3 1 -2285 64 4 80,-2350,NULL,NULL,NULL,NULL,NULL,NULL,NULL,NULL,NULL
RECAL 1 3 18 15 15 50,RECAL 3 0 9999 64 4 80,RECAL 3 1 -2283 64 4 80,-2348,-1281,16,17,-229607,-229652,-2283,-1217,-2280,-1217
RECAL 1 3 18 16 16 50,RECAL 3 0 9999 64 4 80,RECAL 3 1 -2269 64 4 80,-2334,1183,15,17,-248888,-249079,-2269,1243,-2266,1243
RECAL 1 3 18 17 17 50,RECAL 3 0 9999 64 4 80,RECAL 3 1 -2171 64 4 80,-2237,2040,15,16,-229266,-229906,-2171,2098,-2173,2100
RECAL 1 3 18 18 18 50,RECAL 3 0 9999 64 4 80,RECAL 3 1 -2165 64 4 80,-2230,2637,15,16,-231791,-232383,-2165,2698,-2166,2697
RECAL 1 3 19 1 1 51,RECAL 3 0 9999 64 4 80,RECAL 3 1 2177 64 4 80,2120,-2864,NULL,NULL,NULL,NULL,NULL,NULL,NULL,NULL
RECAL 1 3 19 2 2 51,RECAL 3 0 9999 64 4 80,RECAL 3 1 2223 64 4 80,2162,-2272,16,15,-255066,-255109,2223,-2203,2222,-2208
RECAL 1 3 19 3 3 51,RECAL 3 0 9999 64 4 80,RECAL 3 1 2208 64 4 80,2152,-1448,18,14,-270037,-269677,2208,-1374,2208,-1376
RECAL 1 3 19 4 4 51,RECAL 3 0 9999 64 4 80,RECAL 3 1 2202 64 4 80,2147,1031,NULL,NULL,NULL,NULL,NULL,NULL,NULL,NULL
RECAL 1 3 19 5 5 51,RECAL 3 0 9999 64 4 80,NULL,2135,NULL,NULL,NULL,NULL,NULL,NULL,NULL,NULL,NULL
RECAL 1 3 19 6 6 51,RECAL 3 0 9999 64 4 80,RECAL 3 1 2191 64 4 80,2129,2602,15,16,-229066,-229365,2191,2663,2193,2662
RECAL 1 3 19 7 7 51,RECAL 3 0 9999 64 4 80,RECAL 3 1 260 64 4 80,210,2617,15,13,-231643,-232535,259.7,2677,262,2677
RECAL 1 3 19 8 8 51,RECAL 3 0 9999 64 4 80,RECAL 3 1 328 64 4 80,258,1993,15,17,-229768,-230248,327.8,2053,326,2053
RECAL 1 3 19 9 9 51,RECAL 3 0 9999 64 4 80,RECAL 3 1 393 64 4 80,339,1067,15,13,-231925,-231792,393.2,1128,391,1127
RECAL 1 3 19 10 10 51,RECAL 3 0 9999 64 4 80,RECAL 3 1 483 64 4 80,393,-1421,22,20,-270658,-270676,483.4,-1336,473,-1333
RECAL 1 3 19 11 11 51,RECAL 3 0 9999 64 4 80,NULL,432,NULL,NULL,NULL,NULL,NULL,NULL,NULL,NULL,NULL
RECAL 1 3 19 12 12 51,RECAL 3 0 9999 64 4 80,RECAL 3 1 187 64 4 80,139,-2849,17,12,-248543,-248667,187.2,-2783,187,-2781
RECAL 1 3 19 13 13 51,RECAL 3 0 9999 64 4 80,RECAL 3 1 -2236 64 4 80,-2236,-2876,13,0,-270812,-270698,-2236,-2820,-2236,-2824
RECAL 1 3 19 14 14 51,RECAL 3 0 9999 64 4 80,RECAL 3 1 -2084 64 4 80,-2191,-2288,32,27,-270750,-270817,-2084,-2214,-2083,-2160
RECAL 1 3 19 15 15 51,RECAL 3 0 9999 64 4 80,RECAL 3 1 -2162 64 4 80,-2201,-1450,NULL,NULL,NULL,NULL,NULL,NULL,NULL,NULL
RECAL 1 3 19 16 16 51,RECAL 3 0 9999 64 4 80,RECAL 3 1 -2155 64 4 80,-2209,1029,12,14,-270803,-270609,-2155,1075,-2153,1077
RECAL 1 3 19 17 17 51,RECAL 3 0 9999 64 4 80,RECAL 3 1 -2153 64 4 80,-2217,1971,15,16,-234762,-235022,-2153,2031,-2153,2031
RECAL 1 3 19 18 18 51,RECAL 3 0 9999 64 4 80,RECAL 3 1 -2163 64 4 80,-2230,2599,15,17,-232491,-233538,-2163,2658,-2162,2659
RECAL 1 3 20 1 1 52,RECAL 3 0 9999 64 4 80,RECAL 3 1 2160 64 4 80,2095,-2765,16,16,-229231,-229280,2160,-2699,2159,-2701
RECAL 1 3 20 2 2 52,RECAL 3 0 9999 64 4 80,RECAL 3 1 2078 64 4 80,2014,-2164,16,16,-231815,-231947,2078,-2099,2078,-2100
RECAL 1 3 20 3 3 52,RECAL 3 0 9999 64 4 80,RECAL 3 1 2078 64 4 80,2015,-1294,16,15,-231581,-231472,2078,-1231,2075,-1230
RECAL 1 3 20 4 4 52,RECAL 3 0 9999 64 4 80,RECAL 3 1 2179 64 4 80,2115,1167,15,16,-233451,-233645,2179,1228,2179,1227
RECAL 1 3 20 5 5 52,RECAL 3 0 9999 64 4 80,RECAL 3 1 2180 64 4 80,2117,2035,15,16,-233460,-233488,2180,2096,2181,2095
RECAL 1 3 20 6 6 52,RECAL 3 0 9999 64 4 80,RECAL 3 1 2182 64 4 80,2117,2638,15,15,-235645,-236885,2182,2697,2177,2698
RECAL 1 3 20 7 7 52,RECAL 3 0 9999 64 4 80,NULL,-2.157e+04,NULL,NULL,NULL,NULL,NULL,NULL,NULL,NULL,NULL
RECAL 1 3 20 8 8 52,RECAL 3 0 9999 64 4 80,RECAL 3 1 -381 64 4 80,-408,2075,25,7,-270807,-270508,-381.2,2173,-380,2175
RECAL 1 3 20 9 9 52,RECAL 3 0 9999 64 4 80,RECAL 3 1 -330 64 4 80,-401,1233,15,18,-231900,-231746,-329.6,1294,-329,1293
RECAL 1 3 20 10 10 52,RECAL 3 0 9999 64 4 80,RECAL 3 1 -752 64 4 80,-835,-1220,12,21,-270798,-270755,-752,-1171,-751,-1172
RECAL 1 3 20 11 11 52,RECAL 3 0 9999 64 4 80,RECAL 3 1 -771 64 4 80,-842,-2122,17,17,-230296,-230312,-770.9,-2058,-774,-2054
RECAL 1 3 20 12 12 52,RECAL 3 0 9999 64 4 80,NULL,-569,NULL,NULL,NULL,NULL,NULL,NULL,NULL,NULL,NULL
RECAL 1 3 20 13 13 52,RECAL 3 0 9999 64 4 80,NULL,-2306,NULL,NULL,NULL,NULL,NULL,NULL,NULL,NULL,NULL
RECAL 1 3 20 14 14 52,RECAL 3 0 9999 64 4 80,RECAL 3 1 -2275 64 4 80,-2378,-2161,15,26,-270803,-270651,-2275,-2101,-2274,-2101
RECAL 1 3 20 15 15 52,RECAL 3 0 9999 64 4 80,RECAL 3 1 -2309 64 4 80,-2380,-1290,5,18,-270537,-270419,-2309,-1266,-2308,-1270
RECAL 1 3 20 16 16 52,RECAL 3 0 9999 64 4 80,NULL,-2286,NULL,NULL,NULL,NULL,NULL,NULL,NULL,NULL,NULL
RECAL 1 3 20 17 17 52,RECAL 3 0 9999 64 4 80,NULL,-2281,NULL,NULL,NULL,NULL,NULL,NULL,NULL,NULL,NULL
RECAL 1 3 20 18 18 52,RECAL 3 0 9999 64 4 80,RECAL 3 1 -2217 64 4 80,-2284,2632,15,17,-232099,-232052,-2217,2695,-2216,2692
RECAL 1 3 21 1 1 53,RECAL 3 0 9999 64 4 80,RECAL 3 1 2225 64 4 80,2159,-2704,17,16,-227409,-227672,2225,-2639,2223,-2636
RECAL 1 3 21 2 2 53,RECAL 3 0 9999 64 4 80,NULL,2076,NULL,NULL,NULL,NULL,NULL,NULL,NULL,NULL,NULL
RECAL 1 3 21 3 3 53,RECAL 3 0 9999 64 4 80,RECAL 3 1 2217 64 4 80,2153,-1257,16,16,-227681,-227682,2217,-1190,2217,-1193
RECAL 1 3 21 4 4 53,RECAL 3 0 9999 64 4 80,RECAL 3 1 2191 64 4 80,2143,1154,26,12,-270760,-270751,2191,1258,2191,1258
RECAL 1 3 21 5 5 53,RECAL 3 0 9999 64 4 80,RECAL 3 1 2212 64 4 80,2138,2001,21,18,-270817,-270789,2212,2085,2210,2085
RECAL 1 3 21 6 6 53,RECAL 3 0 9999 64 4 80,RECAL 3 1 2147 64 4 80,2135,2588,3,3,-270788,-270575,2147,2600,2147,2600
RECAL 1 3 21 7 7 53,RECAL 3 0 9999 64 4 80,RECAL 3 1 -219 64 4 80,-290,2613,16,18,-228611,-228619,-218.6,2676,-218,2677
RECAL 1 3 21 8 8 53,RECAL 3 0 9999 64 4 80,RECAL 3 1 187 64 4 80,112,2026,16,19,-227977,-227769,187.3,2088,188,2090
RECAL 1 3 21 9 9 53,RECAL 3 0 9999 64 4 80,RECAL 3 1 -55 64 4 80,-132,1206,15,20,-228052,-227985,-55.38,1268,-52,1266
RECAL 1 3 21 10 10 53,RECAL 3 0 9999 64 4 80,RECAL 3 1 323 64 4 80,265,-1200,12,15,-270779,-270676,323.1,-1076,325,-1152
RECAL 1 3 21 11 11 53,RECAL 3 0 9999 64 4 80,RECAL 3 1 -539 64 4 80,-601,NULL,NULL,NULL,NULL,NULL,NULL,NULL,NULL,NULL
RECAL 1 3 21 12 12 53,RECAL 3 0 9999 64 4 80,NULL,290,NULL,NULL,NULL,NULL,NULL,NULL,NULL,NULL,NULL
RECAL 1 3 21 13 13 53,RECAL 3 0 9999 64 4 80,NULL,-2.132e+04,NULL,NULL,NULL,NULL,NULL,NULL,NULL,NULL,NULL
RECAL 1 3 21 14 14 53,RECAL 3 0 9999 64 4 80,RECAL 3 1 -2241 64 4 80,-2307,-2118,16,16,-229463,-229576,-2241,-2053,-2243,-2054
RECAL 1 3 21 15 15 53,RECAL 3 0 9999 64 4 80,NULL,-2235,NULL,NULL,NULL,NULL,NULL,NULL,NULL,NULL,NULL
RECAL 1 3 21 16 16 53,RECAL 3 0 9999 64 4 80,NULL,-2.132e+04,NULL,NULL,NULL,NULL,NULL,NULL,NULL,NULL,NULL
RECAL 1 3 21 17 17 53,RECAL 3 0 9999 64 4 80,RECAL 3 1 -2226 64 4 80,-2251,1983,12,14,-270723,-270561,-2226,2031,-2195,2031
RECAL 1 3 21 18 18 53,RECAL 3 0 9999 64 4 80,RECAL 3 1 -2195 64 4 80,-2261,2578,NULL,NULL,NULL,NULL,NULL,NULL,NULL,NULL
RECAL 1 3 22 1 1 54,RECAL 3 0 9999 64 4 80,RECAL 3 1 2145 64 4 80,2117,-2859,NULL,NULL,NULL,NULL,NULL,NULL,NULL,NULL
RECAL 1 3 22 2 2 54,RECAL 3 0 9999 64 4 80,RECAL 3 1 2203 64 4 80,2138,-2276,16,16,-230038,-230107,2203,-2210,2202,-2212
RECAL 1 3 22 3 3 54,RECAL 3 0 9999 64 4 80,RECAL 3 1 2230 64 4 80,2167,-1469,16,16,-230170,-230332,2230,-1403,2231,-1405
RECAL 1 3 22 4 4 54,RECAL 3 0 9999 64 4 80,RECAL 3 1 2169 64 4 80,2110,986,22,15,-270840,-270802,2169,1076,2170,1074
RECAL 1 3 22 5 5 54,RECAL 3 0 9999 64 4 80,RECAL 3 1 2282 64 4 80,2158,1942,11,31,-270614,-270811,2282,2038,2282,1986
RECAL 1 3 22 6 6 54,RECAL 3 0 9999 64 4 80,RECAL 3 1 2298 64 4 80,2235,2570,15,16,-230028,-230770,2298,2631,2299,2630
RECAL 1 3 22 7 7 54,RECAL 3 0 9999 64 4 80,RECAL 3 1 778 64 4 80,711,2612,15,17,-232646,-232945,777.6,2675,779,2672
RECAL 1 3 22 8 8 54,RECAL 3 0 9999 64 4 80,NULL,395,NULL,NULL,NULL,NULL,NULL,NULL,NULL,NULL,NULL
RECAL 1 3 22 9 9 54,RECAL 3 0 9999 64 4 80,RECAL 3 1 -227 64 4 80,-299,1094,16,18,-231102,-231085,-227.4,1154,-227,1158
RECAL 1 3 22 10 10 54,RECAL 3 0 9999 64 4 80,RECAL 3 1 488 64 4 80,423,-1378,15,16,-227750,-227735,487.6,-1315,487,-1318
RECAL 1 3 22 11 11 54,RECAL 3 0 9999 64 4 80,NULL,251,NULL,NULL,NULL,NULL,NULL,NULL,NULL,NULL,NULL
RECAL 1 3 22 12 12 54,RECAL 3 0 9999 64 4 80,RECAL 3 1 -177 64 4 80,-216,-2813,NULL,NULL,NULL,NULL,NULL,NULL,NULL,NULL
RECAL 1 3 22 13 13 54,RECAL 3 0 9999 64 4 80,RECAL 3 1 -2162 64 4 80,-2256,-2829,NULL,NULL,NULL,NULL,NULL,NULL,NULL,NULL
RECAL 1 3 22 14 14 54,RECAL 3 0 9999 64 4 80,RECAL 3 1 -2217 64 4 80,-2229,-2240,5,3,-270640,-270646,-2217,-2193,-2217,-2220
RECAL 1 3 22 15 15 54,RECAL 3 0 9999 64 4 80,RECAL 3 1 -2195 64 4 80,-2201,-1415,8,21,-270768,-270854,-2195,-1381,-2117,-1383
RECAL 1 3 22 16 16 54,RECAL 3 0 9999 64 4 80,NULL,-2257,NULL,NULL,NULL,NULL,NULL,NULL,NULL,NULL,NULL
RECAL 1 3 22 17 17 54,RECAL 3 0 9999 64 4 80,RECAL 3 1 -2140 64 4 80,-2208,1974,15,16,-229150,-229662,-2140,2034,-2144,2034
RECAL 1 3 22 18 18 54,RECAL 3 0 9999 64 4 80,RECAL 3 1 -2080 64 4 80,-2126,2592,18,11,-270660,-270420,-2080,2666,-2082,2664
RECAL 1 3 23 1 1 55,RECAL 3 0 9999 64 4 80,RECAL 3 1 2120 64 4 80,2116,-2861,0,1,-270651,-270482,2120,-2802,2120,-2861
RECAL 1 3 23 2 2 55,RECAL 3 0 9999 64 4 80,NULL,NULL,NULL,NULL,NULL,NULL,NULL,NULL,NULL,NULL,NULL
RECAL 1 3 23 4 4 55,RECAL 3 0 9999 64 4 80,RECAL 3 1 2094 64 4 80,2029,940,16,16,-226591,-226728,2094,999.7,2093,1004
RECAL 1 3 23 5 5 55,RECAL 3 0 9999 64 4 80,NULL,2092,NULL,NULL,NULL,NULL,NULL,NULL,NULL,NULL,NULL
RECAL 1 3 23 6 6 55,RECAL 3 0 9999 64 4 80,RECAL 3 1 2152 64 4 80,2089,2543,15,16,-226541,-227101,2152,2604,2153,2603
RECAL 1 3 23 7 7 55,RECAL 3 0 9999 64 4 80,RECAL 3 1 -459 64 4 80,-497,2500,23,9,-270741,-270729,-459.3,2595,-461,2592
RECAL 1 3 23 8 8 55,RECAL 3 0 9999 64 4 80,RECAL 3 1 -360 64 4 80,-466,1854,11,26,-270804,-270775,-359.9,1899,-362,1898
RECAL 1 3 23 9 9 55,RECAL 3 0 9999 64 4 80,RECAL 3 1 -654 64 4 80,-722,826,15,17,-227589,-227464,-654.1,886.5,-654,886
RECAL 1 3 23 10 10 55,RECAL 3 0 9999 64 4 80,RECAL 3 1 -272 64 4 80,-357,-1560,14,21,-270396,-270808,-272.2,-1501,-273,-1504
RECAL 1 3 23 11 11 55,RECAL 3 0 9999 64 4 80,RECAL 3 1 -745 64 4 80,-774,-2329,NULL,NULL,NULL,NULL,NULL,NULL,NULL,NULL
RECAL 1 3 23 12 12 55,RECAL 3 0 9999 64 4 80,RECAL 3 1 -136 64 4 80,-221,-2898,21,21,-270636,-270683,-136.3,-2814,-137,-2814
RECAL 1 3 23 13 13 55,RECAL 3 0 9999 64 4 80,RECAL 3 1 -2194 64 4 80,-2261,-2886,16,16,-228622,-228574,-2194,-2818,-2197,-2822
RECAL 1 3 23 14 14 55,RECAL 3 0 9999 64 4 80,RECAL 3 1 -2281 64 4 80,-2349,-2317,16,17,-225131,-225082,-2281,-2253,-2281,-2253
RECAL 1 3 23 15 15 55,RECAL 3 0 9999 64 4 80,RECAL 3 1 -2190 64 4 80,-2266,-1545,20,19,-270622,-270609,-2190,-1466,-2190,-1465
RECAL 1 3 23 16 16 55,RECAL 3 0 9999 64 4 80,RECAL 3 1 -2299 64 4 80,-2337,849,NULL,NULL,NULL,NULL,NULL,NULL,NULL,NULL
RECAL 1 3 23 17 17 55,RECAL 3 0 9999 64 4 80,RECAL 3 1 -2218 64 4 80,-2280,NULL,NULL,NULL,NULL,NULL,NULL,NULL,NULL,NULL
RECAL 1 3 23 18 18 55,RECAL 3 0 9999 64 4 80,NULL,-2286,NULL,NULL,NULL,NULL,NULL,NULL,NULL,NULL,NULL
RECAL 1 3 24 1 1 56,RECAL 3 0 9999 64 4 80,NULL,2168,NULL,NULL,NULL,NULL,NULL,NULL,NULL,NULL,NULL
RECAL 1 3 24 2 2 56,RECAL 3 0 9999 64 4 80,RECAL 3 1 2145 64 4 80,2081,-2081,17,16,-226265,-226568,2145,-2014,2145,-2013
RECAL 1 3 24 3 3 56,RECAL 3 0 9999 64 4 80,RECAL 3 1 2276 64 4 80,2160,-1227,21,22,-270750,-270637,2276,-1144,2248,-1143
RECAL 1 3 24 4 4 56,RECAL 3 0 9999 64 4 80,RECAL 3 1 2219 64 4 80,2156,NULL,NULL,NULL,NULL,NULL,NULL,NULL,NULL,NULL
RECAL 1 3 24 5 5 56,RECAL 3 0 9999 64 4 80,NULL,2150,NULL,NULL,NULL,NULL,NULL,NULL,NULL,NULL,NULL
RECAL 1 3 24 6 6 56,RECAL 3 0 9999 64 4 80,NULL,2138,NULL,NULL,NULL,NULL,NULL,NULL,NULL,NULL,NULL
RECAL 1 3 24 7 7 56,RECAL 3 0 9999 64 4 80,NULL,220,NULL,NULL,NULL,NULL,NULL,NULL,NULL,NULL,NULL
RECAL 1 3 24 8 8 56,RECAL 3 0 9999 64 4 80,NULL,330,NULL,NULL,NULL,NULL,NULL,NULL,NULL,NULL,NULL
RECAL 1 3 24 9 9 56,RECAL 3 0 9999 64 4 80,NULL,354,NULL,NULL,NULL,NULL,NULL,NULL,NULL,NULL,NULL
RECAL 1 3 24 10 10 56,RECAL 3 0 9999 64 4 80,RECAL 3 1 444 64 4 80,376,-1162,NULL,NULL,NULL,NULL,NULL,NULL,NULL,NULL
RECAL 1 3 24 11 11 56,RECAL 3 0 9999 64 4 80,NULL,-488,NULL,NULL,NULL,NULL,NULL,NULL,NULL,NULL,NULL
RECAL 1 3 24 12 12 56,RECAL 3 0 9999 64 4 80,RECAL 3 1 481 64 4 80,419,-2639,16,15,-225896,-225838,481.1,-2575,479,-2575
RECAL 1 3 24 13 13 56,RECAL 3 0 9999 64 4 80,RECAL 3 1 -2114 64 4 80,-2197,-2672,NULL,NULL,NULL,NULL,NULL,NULL,NULL,NULL
RECAL 1 3 24 14 14 56,RECAL 3 0 9999 64 4 80,RECAL 3 1 -2213 64 4 80,-2280,-2085,16,17,-226412,-226271,-2213,-2021,-2212,-2021
RECAL 1 3 24 15 15 56,RECAL 3 0 9999 64 4 80,NULL,-2201,NULL,NULL,NULL,NULL,NULL,NULL,NULL,NULL,NULL
RECAL 1 3 24 16 16 56,RECAL 3 0 9999 64 4 80,RECAL 3 1 -2140 64 4 80,-2203,1132,16,16,-225829,-225877,-2140,1193,-2139,1196
RECAL 1 3 24 17 17 56,RECAL 3 0 9999 64 4 80,RECAL 3 1 -2148 64 4 80,-2212,1969,16,17,-226697,-226715,-2148,2031,-2144,2033
RECAL 1 3 24 18 18 56,RECAL 3 0 9999 64 4 80,RECAL 3 1 -2161 64 4 80,-2229,2555,15,17,-227640,-227962,-2161,2619,-2161,2615
RECAL 1 3 25 1 1 57,RECAL 3 0 9999 64 4 80,RECAL 3 1 2208 64 4 80,2144,-2695,16,15,-229873,-229988,2208,-2627,2204,-2631
RECAL 1 3 25 2 2 57,RECAL 3 0 9999 64 4 80,RECAL 3 1 2144 64 4 80,2080,-2104,16,16,-227969,-228137,2144,-2036,2144,-2040
RECAL 1 3 25 3 3 57,RECAL 3 0 9999 64 4 80,NULL,2057,NULL,NULL,NULL,NULL,NULL,NULL,NULL,NULL,NULL
RECAL 1 3 25 4 4 57,RECAL 3 0 9999 64 4 80,RECAL 3 1 2122 64 4 80,2061,1149,16,15,-228156,-228075,2122,1209,2121,1213
RECAL 1 3 25 5 5 57,RECAL 3 0 9999 64 4 80,RECAL 3 1 2128 64 4 80,2063,1990,16,16,-226622,-226380,2128,2051,2127,2054
RECAL 1 3 25 6 6 57,RECAL 3 0 9999 64 4 80,RECAL 3 1 2195 64 4 80,2126,2578,12,17,-270566,-270760,2195,2628,2194,2626
RECAL 1 3 25 7 7 57,RECAL 3 0 9999 64 4 80,NULL,-283,NULL,NULL,NULL,NULL,NULL,NULL,NULL,NULL,NULL
RECAL 1 3 25 8 8 57,RECAL 3 0 9999 64 4 80,NULL,-654,NULL,NULL,NULL,NULL,NULL,NULL,NULL,NULL,NULL
RECAL 1 3 25 9 9 57,RECAL 3 0 9999 64 4 80,RECAL 3 1 -601 64 4 80,-661,1080,15,14,-227137,-227094,-601,1142,-605,1140
RECAL 1 3 25 10 10 57,RECAL 3 0 9999 64 4 80,NULL,-687,NULL,NULL,NULL,NULL,NULL,NULL,NULL,NULL,NULL
RECAL 1 3 25 11 11 57,RECAL 3 0 9999 64 4 80,RECAL 3 1 -525 64 4 80,-585,-2142,17,15,-227921,-227600,-524.5,-2074,-525,-2074
RECAL 1 3 25 12 12 57,RECAL 3 0 9999 64 4 80,NULL,103,NULL,NULL,NULL,NULL,NULL,NULL,NULL,NULL,NULL
RECAL 1 3 25 13 13 57,RECAL 3 0 9999 64 4 80,RECAL 3 1 -2151 64 4 80,-2255,-2697,17,26,-270827,-270698,-2151,-2629,-2151,-2629
RECAL 1 3 25 14 14 57,RECAL 3 0 9999 64 4 80,RECAL 3 1 -2243 64 4 80,-2309,-2109,16,17,-228557,-228505,-2243,-2044,-2241,-2045
RECAL 1 3 25 15 15 57,RECAL 3 0 9999 64 4 80,NULL,-2328,NULL,NULL,NULL,NULL,NULL,NULL,NULL,NULL,NULL
RECAL 1 3 25 16 16 57,RECAL 3 0 9999 64 4 80,RECAL 3 1 -2321 64 4 80,-2328,1136,16,2,-270847,-270751,-2321,1203,-2320,1200
RECAL 1 3 25 17 17 57,RECAL 3 0 9999 64 4 80,NULL,-2325,NULL,NULL,NULL,NULL,NULL,NULL,NULL,NULL,NULL
RECAL 1 3 25 18 18 57,RECAL 3 0 9999 64 4 80,RECAL 3 1 -2203 64 4 80,-2270,2568,15,16,-228211,-228538,-2203,2630,-2206,2628
RECAL 1 3 26 1 1 58,RECAL 3 0 9999 64 4 80,RECAL 3 1 2162 64 4 80,2086,-2722,16,19,-270585,-270694,2162,-2657,2162,-2658
RECAL 1 3 26 2 2 58,RECAL 3 0 9999 64 4 80,RECAL 3 1 2125 64 4 80,2063,-2119,16,15,-229847,-229908,2125,-2054,2123,-2055
RECAL 1 3 26 3 3 58,RECAL 3 0 9999 64 4 80,RECAL 3 1 2154 64 4 80,2093,-1249,17,15,-229260,-229436,2154,-1183,2153,-1181
RECAL 1 3 26 4 4 58,RECAL 3 0 9999 64 4 80,RECAL 3 1 2083 64 4 80,2022,1177,16,16,-230526,-230610,2083,1240,2086,1241
RECAL 1 3 26 5 5 58,RECAL 3 0 9999 64 4 80,RECAL 3 1 2143 64 4 80,2080,2022,15,16,-231127,-230765,2143,2086,2144,2082
RECAL 1 3 26 6 6 58,RECAL 3 0 9999 64 4 80,RECAL 3 1 2124 64 4 80,2063,2618,16,16,-230463,-230526,2124,2679,2127,2682
RECAL 1 3 26 7 7 58,RECAL 3 0 9999 64 4 80,RECAL 3 1 -9 64 4 80,-119,2636,16,28,-232639,-232674,-8.653,2696,-7,2700
RECAL 1 3 26 8 8 58,RECAL 3 0 9999 64 4 80,RECAL 3 1 333 64 4 80,256,2045,16,19,-229317,-229138,332.9,2109,332,2109
RECAL 1 3 26 9 9 58,RECAL 3 0 9999 64 4 80,RECAL 3 1 -441 64 4 80,-485,1216,12,11,-270255,-270170,-441.4,1265,-441,1264
RECAL 1 3 26 10 10 58,RECAL 3 0 9999 64 4 80,RECAL 3 1 390 64 4 80,321,-1205,16,17,-230147,-230133,390.2,-1141,389,-1141
RECAL 1 3 26 11 11 58,RECAL 3 0 9999 64 4 80,RECAL 3 1 95 64 4 80,35,-2095,NULL,NULL,NULL,NULL,NULL,NULL,NULL,NULL
RECAL 1 3 26 12 12 58,RECAL 3 0 9999 64 4 80,RECAL 3 1 321 64 4 80,285,-2701,16,9,-231696,-231473,320.9,-2637,321,-2637
RECAL 1 3 26 13 13 58,RECAL 3 0 9999 64 4 80,RECAL 3 1 -2104 64 4 80,-2169,-2724,16,16,-230074,-230085,-2104,-2658,-2105,-2660
RECAL 1 3 26 14 14 58,RECAL 3 0 9999 64 4 80,RECAL 3 1 -2094 64 4 80,-2158,-1264,16,16,-230716,-230746,-2094,-1199,-2094,-1200
RECAL 1 3 26 15 15 58,RECAL 3 0 9999 64 4 80,NULL,-2187,NULL,NULL,NULL,NULL,NULL,NULL,NULL,NULL,NULL
RECAL 1 3 26 16 16 58,RECAL 3 0 9999 64 4 80,RECAL 3 1 -2163 64 4 80,-2229,1158,16,16,-233696,-233513,-2163,1221,-2165,1222
RECAL 1 3 26 17 17 58,RECAL 3 0 9999 64 4 80,RECAL 3 1 -2104 64 4 80,-2170,2012,15,17,-233610,-233833,-2104,2073,-2102,2072
RECAL 1 3 26 18 18 58,RECAL 3 0 9999 64 4 80,RECAL 3 1 -2146 64 4 80,-2191,2606,24,12,-270722,-270729,-2146,2701,-2143,2702
RECAL 1 3 27 1 1 59,RECAL 3 0 9999 64 4 80,RECAL 3 1 2410 64 4 80,2352,-2792,16,14,-230231,-230188,2410,-2725,2408,-2728
RECAL 1 3 27 2 2 59,RECAL 3 0 9999 64 4 80,RECAL 3 1 2380 64 4 80,2319,-2173,16,15,-230424,-230419,2380,-2108,2379,-2109
RECAL 1 3 27 3 3 59,RECAL 3 0 9999 64 4 80,RECAL 3 1 2344 64 4 80,2282,-1271,16,16,-229183,-229174,2344,-1207,2346,-1207
RECAL 1 3 27 4 4 59,RECAL 3 0 9999 64 4 80,NULL,2255,NULL,NULL,NULL,NULL,NULL,NULL,NULL,NULL,NULL
RECAL 1 3 27 5 5 59,RECAL 3 0 9999 64 4 80,RECAL 3 1 2307 64 4 80,2304,2089,NULL,NULL,NULL,NULL,NULL,NULL,NULL,NULL
RECAL 1 3 27 6 6 59,RECAL 3 0 9999 64 4 80,RECAL 3 1 2312 64 4 80,2280,2696,21,8,-270911,-270868,2312,2781,2312,2780
RECAL 1 3 27 7 7 59,RECAL 3 0 9999 64 4 80,RECAL 3 1 840 64 4 80,778,2674,16,16,-228050,-228202,840.3,2735,842,2738
RECAL 1 3 27 8 8 59,RECAL 3 0 9999 64 4 80,RECAL 3 1 885 64 4 80,823,2061,NULL,NULL,NULL,NULL,NULL,NULL,NULL,NULL
RECAL 1 3 27 9 9 59,RECAL 3 0 9999 64 4 80,RECAL 3 1 728 64 4 80,669,1179,15,15,-229045,-228822,727.7,1242,729,1239
RECAL 1 3 27 10 10 59,RECAL 3 0 9999 64 4 80,RECAL 3 1 818 64 4 80,758,-1318,15,15,-230816,-230524,818.1,-1253,818,-1258
RECAL 1 3 27 11 11 59,RECAL 3 0 9999 64 4 80,RECAL 3 1 897 64 4 80,864,-2201,30,27,-270617,-270665,896.6,-2080,972,-2081
RECAL 1 3 27 12 12 59,RECAL 3 0 9999 64 4 80,NULL,960,NULL,NULL,NULL,NULL,NULL,NULL,NULL,NULL,NULL
RECAL 1 3 27 13 13 59,RECAL 3 0 9999 64 4 80,RECAL 3 1 -1985 64 4 80,-2047,-2793,17,16,-228262,-228558,-1985,-2729,-1983,-2725
RECAL 1 3 27 14 14 59,RECAL 3 0 9999 64 4 80,RECAL 3 1 -2020 64 4 80,-2081,-2175,16,16,-228739,-228704,-2020,-2108,-2017,-2111
RECAL 1 3 27 15 15 59,RECAL 3 0 9999 64 4 80,NULL,-2121,NULL,NULL,NULL,NULL,NULL,NULL,NULL,NULL,NULL
RECAL 1 3 27 16 16 59,RECAL 3 0 9999 64 4 80,NULL,-2152,NULL,NULL,NULL,NULL,NULL,NULL,NULL,NULL,NULL
RECAL 1 3 27 17 17 59,RECAL 3 0 9999 64 4 80,RECAL 3 1 -2035 64 4 80,-2099,2084,15,16,-228802,-228946,-2035,2148,-2035,2144
RECAL 1 3 27 18 18 59,RECAL 3 0 9999 64 4 80,RECAL 3 1 -2062 64 4 80,-2125,2689,16,16,-229606,-229747,-2062,2750,-2061,2753
RECAL 1 3 28 1 1 60,RECAL 3 0 9999 64 4 80,RECAL 3 1 2188 64 4 80,2168,-2779,NULL,NULL,NULL,NULL,NULL,NULL,NULL,NULL
RECAL 1 3 28 2 2 60,RECAL 3 0 9999 64 4 80,RECAL 3 1 2140 64 4 80,2079,-2169,16,16,-230170,-230024,2140,-2105,2143,-2105
RECAL 1 3 28 3 3 60,RECAL 3 0 9999 64 4 80,RECAL 3 1 2225 64 4 80,2159,-1279,15,16,-231273,-231107,2225,-1218,2223,-1219
RECAL 1 3 28 4 4 60,RECAL 3 0 9999 64 4 80,RECAL 3 1 2217 64 4 80,2152,1212,16,16,-231398,-231519,2217,1272,2216,1276
RECAL 1 3 28 5 5 60,RECAL 3 0 9999 64 4 80,RECAL 3 1 2185 64 4 80,2121,2078,15,16,-232140,-232571,2185,2138,2185,2138
RECAL 1 3 28 6 6 60,RECAL 3 0 9999 64 4 80,RECAL 3 1 2195 64 4 80,2136,2682,15,16,-232171,-232239,2195,2743,2200,2742
RECAL 1 3 28 7 7 60,RECAL 3 0 9999 64 4 80,RECAL 3 1 -158 64 4 80,-265,2643,9,27,-270965,-270855,-157.7,2682,-157,2679
RECAL 1 3 28 8 8 60,RECAL 3 0 9999 64 4 80,RECAL 3 1 -304 64 4 80,-375,2029,19,18,-270831,-270793,-303.6,2106,-303,2105
RECAL 1 3 28 9 9 60,RECAL 3 0 9999 64 4 80,NULL,-2.157e+04,NULL,NULL,NULL,NULL,NULL,NULL,NULL,NULL,NULL
RECAL 1 3 28 10 10 60,RECAL 3 0 9999 64 4 80,NULL,281,NULL,NULL,NULL,NULL,NULL,NULL,NULL,NULL,NULL
RECAL 1 3 28 11 11 60,RECAL 3 0 9999 64 4 80,RECAL 3 1 -526 64 4 80,-623,-2215,9,24,-270770,-270904,-525.5,-2178,-527,-2179
RECAL 1 3 28 12 12 60,RECAL 3 0 9999 64 4 80,RECAL 3 1 402 64 4 80,318,-2813,16,21,-228031,-228090,401.9,-2747,402,-2749
RECAL 1 3 28 13 13 60,RECAL 3 0 9999 64 4 80,RECAL 3 1 -2180 64 4 80,-2239,-2781,17,15,-269262,-269484,-2180,-2718,-2179,-2713
RECAL 1 3 28 14 14 60,RECAL 3 0 9999 64 4 80,RECAL 3 1 -2257 64 4 80,-2322,-2176,16,16,-229646,-229572,-2257,-2109,-2258,-2112
RECAL 1 3 28 15 15 60,RECAL 3 0 9999 64 4 80,NULL,-2244,NULL,NULL,NULL,NULL,NULL,NULL,NULL,NULL,NULL
RECAL 1 3 28 16 16 60,RECAL 3 0 9999 64 4 80,RECAL 3 1 -2183 64 4 80,-2251,1195,NULL,NULL,NULL,NULL,NULL,NULL,NULL,NULL
RECAL 1 3 28 17 17 60,RECAL 3 0 9999 64 4 80,RECAL 3 1 -2213 64 4 80,-2282,2066,15,17,-230959,-230886,-2213,2130,-2214,2126
RECAL 1 3 28 18 18 60,RECAL 3 0 9999 64 4 80,RECAL 3 1 -2209 64 4 80,-2275,2671,16,17,-231554,-231371,-2209,2735,-2207,2735
RECAL 1 3 29 1 1 61,RECAL 3 0 9999 64 4 80,RECAL 3 1 2180 64 4 80,2088,-2806,NULL,NULL,NULL,NULL,NULL,NULL,NULL,NULL
RECAL 1 3 29 2 2 61,RECAL 3 0 9999 64 4 80,RECAL 3 1 2124 64 4 80,2061,-2199,16,16,-230718,-230694,2124,-2132,2125,-2135
RECAL 1 3 29 3 3 61,RECAL 3 0 9999 64 4 80,RECAL 3 1 2098 64 4 80,2033,-1324,16,16,-230314,-230511,2098,-1261,2097,-1260
RECAL 1 3 29 4 4 61,RECAL 3 0 9999 64 4 80,RECAL 3 1 2207 64 4 80,2145,1167,15,16,-230407,-230364,2207,1229,2209,1227
RECAL 1 3 29 5 5 61,RECAL 3 0 9999 64 4 80,RECAL 3 1 2111 64 4 80,2099,2054,NULL,NULL,NULL,NULL,NULL,NULL,NULL,NULL
RECAL 1 3 29 6 6 61,RECAL 3 0 9999 64 4 80,RECAL 3 1 2236 64 4 80,2173,2662,NULL,NULL,NULL,NULL,NULL,NULL,NULL,NULL
RECAL 1 3 29 7 7 61,RECAL 3 0 9999 64 4 80,RECAL 3 1 404 64 4 80,329,2707,15,18,-228579,-228823,403.8,2769,401,2767
RECAL 1 3 29 8 8 61,RECAL 3 0 9999 64 4 80,RECAL 3 1 -466 64 4 80,-530,2109,15,16,-229075,-229062,-466.2,2172,-466,2169
RECAL 1 3 29 9 9 61,RECAL 3 0 9999 64 4 80,NULL,116,NULL,NULL,NULL,NULL,NULL,NULL,NULL,NULL,NULL
RECAL 1 3 29 10 10 61,RECAL 3 0 9999 64 4 80,RECAL 3 1 -769 64 4 80,-781,-1227,13,3,-270779,-270627,-769.3,-1174,-769,-1175
RECAL 1 3 29 11 11 61,RECAL 3 0 9999 64 4 80,RECAL 3 1 -660 64 4 80,-694,-2139,7,19,-270387,-270538,-659.9,-2056,-618,-2111
RECAL 1 3 29 12 12 61,RECAL 3 0 9999 64 4 80,RECAL 3 1 -535 64 4 80,-597,-2760,16,15,-229031,-229081,-535.2,-2693,-537,-2696
RECAL 1 3 29 13 13 61,RECAL 3 0 9999 64 4 80,NULL,-2318,NULL,NULL,NULL,NULL,NULL,NULL,NULL,NULL,NULL
RECAL 1 3 29 14 14 61,RECAL 3 0 9999 64 4 80,RECAL 3 1 -2276 64 4 80,-2342,NULL,NULL,NULL,NULL,NULL,NULL,NULL,NULL,NULL
RECAL 1 3 29 15 15 61,RECAL 3 0 9999 64 4 80,RECAL 3 1 -2310 64 4 80,-2367,-1284,3,14,-270850,-270783,-2310,-1272,-2311,-1272
RECAL 1 3 29 16 16 61,RECAL 3 0 9999 64 4 80,RECAL 3 1 -2196 64 4 80,-2263,1207,15,17,-227240,-227396,-2196,1269,-2195,1267
RECAL 1 3 29 17 17 61,RECAL 3 0 9999 64 4 80,RECAL 3 1 -2241 64 4 80,-2307,2075,15,17,-230959,-231383,-2241,2136,-2239,2135
RECAL 1 3 29 18 18 61,RECAL 3 0 9999 64 4 80,RECAL 3 1 -2148 64 4 80,-2236,2681,3,22,-270660,-270765,-2148,2694,-2148,2693
RECAL 1 3 30 1 1 62,RECAL 3 0 9999 64 4 80,NULL,2168,NULL,NULL,NULL,NULL,NULL,NULL,NULL,NULL,NULL
RECAL 1 3 30 2 2 62,RECAL 3 0 9999 64 4 80,RECAL 3 1 2143 64 4 80,2080,-2138,17,16,-229031,-229167,2143,-2073,2144,-2070
RECAL 1 3 30 3 3 62,RECAL 3 0 9999 64 4 80,NULL,2062,NULL,NULL,NULL,NULL,NULL,NULL,NULL,NULL,NULL
RECAL 1 3 30 4 4 62,RECAL 3 0 9999 64 4 80,RECAL 3 1 2177 64 4 80,2142,1138,9,9,-270754,-270491,2177,1174,2178,1174
RECAL 1 3 30 5 5 62,RECAL 3 0 9999 64 4 80,RECAL 3 1 2189 64 4 80,2125,2002,15,16,-229098,-229345,2189,2064,2189,2062
RECAL 1 3 30 6 6 62,RECAL 3 0 9999 64 4 80,RECAL 3 1 2178 64 4 80,2114,2604,15,16,-230954,-232188,2178,2663,2178,2664
RECAL 1 3 30 7 7 62,RECAL 3 0 9999 64 4 80,RECAL 3 1 -479 64 4 80,-535,2629,15,14,-230079,-230848,-478.6,2689,-479,2689
RECAL 1 3 30 8 8 62,RECAL 3 0 9999 64 4 80,RECAL 3 1 -416 64 4 80,-484,2035,NULL,NULL,NULL,NULL,NULL,NULL,NULL,NULL
RECAL 1 3 30 9 9 62,RECAL 3 0 9999 64 4 80,RECAL 3 1 -267 64 4 80,-353,1194,15,22,-229057,-229073,-267,1256,-265,1254
RECAL 1 3 30 10 10 62,RECAL 3 0 9999 64 4 80,RECAL 3 1 -631 64 4 80,-743,-1217,NULL,NULL,NULL,NULL,NULL,NULL,NULL,NULL
RECAL 1 3 30 11 11 62,RECAL 3 0 9999 64 4 80,NULL,-690,NULL,NULL,NULL,NULL,NULL,NULL,NULL,NULL,NULL
RECAL 1 3 30 12 12 62,RECAL 3 0 9999 64 4 80,RECAL 3 1 237 64 4 80,169,-2707,24,17,-270882,-270828,236.7,-2611,237,-2611
RECAL 1 3 30 13 13 62,RECAL 3 0 9999 64 4 80,RECAL 3 1 -2192 64 4 80,-2258,-2715,16,16,-227819,-227802,-2192,-2650,-2194,-2651
RECAL 1 3 30 14 14 62,RECAL 3 0 9999 64 4 80,RECAL 3 1 -2270 64 4 80,-2335,-2114,16,16,-229880,-229752,-2270,-2047,-2271,-2050
RECAL 1 3 30 15 15 62,RECAL 3 0 9999 64 4 80,RECAL 3 1 -2290 64 4 80,-2354,-1240,16,17,-230075,-230153,-2290,-1174,-2286,-1176
RECAL 1 3 30 16 16 62,RECAL 3 0 9999 64 4 80,NULL,-2281,NULL,NULL,NULL,NULL,NULL,NULL,NULL,NULL,NULL
RECAL 1 3 30 17 17 62,RECAL 3 0 9999 64 4 80,RECAL 3 1 -2231 64 4 80,-2297,2020,15,16,-229836,-230021,-2231,2082,-2233,2080
RECAL 1 3 30 18 18 62,RECAL 3 0 9999 64 4 80,RECAL 3 1 -2262 64 4 80,-2306,2616,14,11,-270829,-270731,-2262,2673,-2262,2672
RECAL 1 3 31 1 1 63,RECAL 3 0 9999 64 4 80,RECAL 3 1 2240 64 4 80,2118,-2862,NULL,NULL,NULL,NULL,NULL,NULL,NULL,NULL
RECAL 1 3 31 2 2 63,RECAL 3 0 9999 64 4 80,RECAL 3 1 2095 64 4 80,2032,-2280,16,15,-227363,-227336,2095,-2211,2092,-2216
RECAL 1 3 31 3 3 63,RECAL 3 0 9999 64 4 80,RECAL 3 1 2076 64 4 80,2015,-1477,17,16,-227690,-227817,2076,-1410,2079,-1409
RECAL 1 3 31 4 4 63,RECAL 3 0 9999 64 4 80,RECAL 3 1 2059 64 4 80,1999,979,NULL,NULL,NULL,NULL,NULL,NULL,NULL,NULL
RECAL 1 3 31 5 5 63,RECAL 3 0 9999 64 4 80,RECAL 3 1 2135 64 4 80,2075,1937,15,16,-227119,-227309,2135,2000,2139,1997
RECAL 1 3 31 6 6 63,RECAL 3 0 9999 64 4 80,RECAL 3 1 2123 64 4 80,2062,2567,16,15,-226667,-226723,2123,2628,2122,2631
RECAL 1 3 31 7 7 63,RECAL 3 0 9999 64 4 80,RECAL 3 1 -520 64 4 80,-605,2542,21,22,-270931,-270811,-520.2,2628,-517,2626
RECAL 1 3 31 8 8 63,RECAL 3 0 9999 64 4 80,RECAL 3 1 -447 64 4 80,-503,1904,16,15,-256660,-256670,-446.9,1964,-443,1968
RECAL 1 3 31 9 9 63,RECAL 3 0 9999 64 4 80,RECAL 3 1 -746 64 4 80,-806,918,16,15,-226269,-226339,-746.2,982.2,-746,982
RECAL 1 3 31 10 10 63,RECAL 3 0 9999 64 4 80,NULL,2.221e+04,NULL,NULL,NULL,NULL,NULL,NULL,NULL,NULL,NULL
RECAL 1 3 31 11 11 63,RECAL 3 0 9999 64 4 80,RECAL 3 1 -649 64 4 80,-706,-2304,16,15,-226019,-225965,-648.7,-2238,-646,-2240
RECAL 1 3 31 12 12 63,RECAL 3 0 9999 64 4 80,RECAL 3 1 -128 64 4 80,-186,-2882,2,14,-270897,-271022,-128.2,-2874,-130,-2874
RECAL 1 3 31 13 13 63,RECAL 3 0 9999 64 4 80,RECAL 3 1 -2178 64 4 80,-2240,-2860,17,15,-229453,-229605,-2178,-2796,-2180,-2792
RECAL 1 3 31 14 14 63,RECAL 3 0 9999 64 4 80,RECAL 3 1 -2258 64 4 80,-2322,-2280,16,16,-228132,-228139,-2258,-2210,-2258,-2216
RECAL 1 3 31 15 15 63,RECAL 3 0 9999 64 4 80,RECAL 3 1 -2306 64 4 80,-2339,-1478,2,9,-270897,-270589,-2306,-1469,-2303,-1470
RECAL 1 3 31 16 16 63,RECAL 3 0 9999 64 4 80,RECAL 3 1 -2291 64 4 80,-2354,969,16,16,-226608,-226802,-2291,1031,-2290,1033
RECAL 1 3 31 17 17 63,RECAL 3 0 9999 64 4 80,NULL,-2282,NULL,NULL,NULL,NULL,NULL,NULL,NULL,NULL,NULL
RECAL 1 3 31 18 18 63,RECAL 3 0 9999 64 4 80,RECAL 3 1 -2241 64 4 80,-2299,2560,14,14,-270199,-270123,-2241,2617,-2243,2616
RECAL 1 3 32 1 1 64,RECAL 3 0 9999 64 4 80,RECAL 3 1 2402 64 4 80,2337,-2714,19,16,-270764,-270886,2402,-2639,2401,-2638
RECAL 1 3 32 2 2 64,RECAL 3 0 9999 64 4 80,RECAL 3 1 2316 64 4 80,2253,-2110,16,16,-232145,-232119,2316,-2042,2317,-2046
RECAL 1 3 32 3 3 64,RECAL 3 0 9999 64 4 80,RECAL 3 1 2314 64 4 80,2253,-1227,16,16,-231093,-231210,2314,-1163,2317,-1163
RECAL 1 3 32 4 4 64,RECAL 3 0 9999 64 4 80,NULL,2322,NULL,NULL,NULL,NULL,NULL,NULL,NULL,NULL,NULL
RECAL 1 3 32 5 5 64,RECAL 3 0 9999 64 4 80,RECAL 3 1 2382 64 4 80,2320,2032,16,15,-234604,-234568,2382,2094,2380,2096
RECAL 1 3 32 6 6 64,RECAL 3 0 9999 64 4 80,RECAL 3 1 2376 64 4 80,2314,2625,15,15,-232836,-233102,2376,2688,2374,2685
RECAL 1 3 32 7 7 64,RECAL 3 0 9999 64 4 80,RECAL 3 1 864 64 4 80,816,2594,15,12,-268706,-268621,864.3,2654,864,2654
RECAL 1 3 32 8 8 64,RECAL 3 0 9999 64 4 80,RECAL 3 1 870 64 4 80,803,1995,16,17,-231283,-231366,869.6,2056,871,2059
RECAL 1 3 32 9 9 64,RECAL 3 0 9999 64 4 80,NULL,-2.157e+04,NULL,NULL,NULL,NULL,NULL,NULL,NULL,NULL,NULL
RECAL 1 3 32 10 10 64,RECAL 3 0 9999 64 4 80,RECAL 3 1 673 64 4 80,615,-1287,15,15,-265850,-265731,673,-1223,675,-1227
RECAL 1 3 32 11 11 64,RECAL 3 0 9999 64 4 80,RECAL 3 1 685 64 4 80,613,-2142,16,19,-232630,-232662,685,-2074,689,-2078
RECAL 1 3 32 12 12 64,RECAL 3 0 9999 64 4 80,RECAL 3 1 944 64 4 80,878,-2740,17,17,-231800,-232073,943.5,-2674,946,-2672
RECAL 1 3 32 13 13 64,RECAL 3 0 9999 64 4 80,RECAL 3 1 -2034 64 4 80,-2100,-2734,17,17,-232695,-232844,-2034,-2668,-2032,-2666
RECAL 1 3 32 14 14 64,RECAL 3 0 9999 64 4 80,RECAL 3 1 -2121 64 4 80,-2187,-2141,16,17,-233262,-233279,-2121,-2080,-2119,-2077
RECAL 1 3 32 15 15 64,RECAL 3 0 9999 64 4 80,RECAL 3 1 -2120 64 4 80,-2186,-1285,16,17,-232732,-232621,-2120,-1218,-2118,-1221
RECAL 1 3 32 16 16 64,RECAL 3 0 9999 64 4 80,RECAL 3 1 -2045 64 4 80,-2112,1133,16,16,-233853,-233774,-2045,1192,-2048,1197
RECAL 1 3 32 17 17 64,RECAL 3 0 9999 64 4 80,RECAL 3 1 -2056 64 4 80,-2121,1998,16,17,-235264,-235371,-2056,2059,-2053,2062
RECAL 1 3 32 18 18 64,RECAL 3 0 9999 64 4 80,RECAL 3 1 -2065 64 4 80,-2128,2596,16,16,-267632,-267909,-2065,2653,-2064,2660
RECAL 1 4 1 1 1 33,RECAL 3 0 9999 64 4 80,RECAL 3 1 2247 64 4 80,2182,-2785,NULL,NULL,NULL,NULL,NULL,NULL,NULL,NULL
RECAL 1 4 1 2 2 33,RECAL 3 0 9999 64 4 80,NULL,2112,NULL,NULL,NULL,NULL,NULL,NULL,NULL,NULL,NULL
RECAL 1 4 1 3 3 33,RECAL 3 0 9999 64 4 80,NULL,2126,NULL,NULL,NULL,NULL,NULL,NULL,NULL,NULL,NULL
RECAL 1 4 1 4 4 33,RECAL 3 0 9999 64 4 80,RECAL 3 1 2222 64 4 80,2118,1108,24,26,-227798,-241870,2222,1206,2222,1204
RECAL 1 4 1 5 5 33,RECAL 3 0 9999 64 4 80,RECAL 3 1 2310 64 4 80,2249,1983,16,16,-224786,-225059,2310,2046,2313,2047
RECAL 1 4 1 6 6 33,RECAL 3 0 9999 64 4 80,NULL,2229,NULL,NULL,NULL,NULL,NULL,NULL,NULL,NULL,NULL
RECAL 1 4 1 7 7 33,RECAL 3 0 9999 64 4 80,RECAL 3 1 880 64 4 80,823,2540,15,14,-224338,-226064,880.2,2596,879,2600
RECAL 1 4 1 8 8 33,RECAL 3 0 9999 64 4 80,NULL,-450,NULL,NULL,NULL,NULL,NULL,NULL,NULL,NULL,NULL
RECAL 1 4 1 9 9 33,RECAL 3 0 9999 64 4 80,RECAL 3 1 -284 64 4 80,-400,1167,1,29,-269647,-270788,-284.4,1169,-284,1171
RECAL 1 4 1 10 10 33,RECAL 3 0 9999 64 4 80,NULL,-477,NULL,NULL,NULL,NULL,NULL,NULL,NULL,NULL,NULL
RECAL 1 4 1 11 11 33,RECAL 3 0 9999 64 4 80,RECAL 3 1 836 64 4 80,780,-2134,15,14,-226689,-226716,835.7,-2072,836,-2074
RECAL 1 4 1 12 12 33,RECAL 3 0 9999 64 4 80,NULL,-612,NULL,NULL,NULL,NULL,NULL,NULL,NULL,NULL,NULL
RECAL 1 4 1 13 13 33,RECAL 3 0 9999 64 4 80,NULL,2.22e+04,NULL,NULL,NULL,NULL,NULL,NULL,NULL,NULL,NULL
RECAL 1 4 1 14 14 33,RECAL 3 0 9999 64 4 80,RECAL 3 1 -2011 64 4 80,-2074,-2097,17,15,-225131,-225295,-2011,-2033,-2014,-2029
RECAL 1 4 1 15 15 33,RECAL 3 0 9999 64 4 80,NULL,-2065,NULL,NULL,NULL,NULL,NULL,NULL,NULL,NULL,NULL
RECAL 1 4 1 16 16 33,RECAL 3 0 9999 64 4 80,RECAL 3 1 -2100 64 4 80,-2162,1140,16,15,-225961,-226021,-2100,1205,-2102,1204
RECAL 1 4 1 17 17 33,RECAL 3 0 9999 64 4 80,RECAL 3 1 -2322 64 4 80,-2356,2083,NULL,NULL,NULL,NULL,NULL,NULL,NULL,NULL
RECAL 1 4 1 18 18 33,RECAL 3 0 9999 64 4 80,RECAL 3 1 -2005 64 4 80,-2067,2569,15,16,-224630,-226366,-2005,2628,-2003,2629
RECAL 1 4 2 1 1 34,RECAL 3 0 9999 64 4 80,RECAL 3 1 2364 64 4 80,2295,-2817,NULL,NULL,NULL,NULL,NULL,NULL,NULL,NULL
RECAL 1 4 2 2 2 34,RECAL 3 0 9999 64 4 80,RECAL 3 1 2282 64 4 80,2250,-2157,25,9,-224433,-260986,2282,-2055,2286,-2057
RECAL 1 4 2 3 3 34,RECAL 3 0 9999 64 4 80,RECAL 3 1 2286 64 4 80,2210,-1240,10,18,-224976,-232601,2286,-1200,2282,-1200
RECAL 1 4 2 4 4 34,RECAL 3 0 9999 64 4 80,RECAL 3 1 2311 64 4 80,2249,1147,15,15,-225357,-225454,2311,1209,2309,1207
RECAL 1 4 2 5 5 34,RECAL 3 0 9999 64 4 80,RECAL 3 1 2241 64 4 80,2205,2082,19,9,-270704,-270859,2241,2157,2241,2158
RECAL 1 4 2 6 6 34,RECAL 3 0 9999 64 4 80,RECAL 3 1 2375 64 4 80,2312,2588,15,15,-225202,-225272,2375,2651,2372,2648
RECAL 1 4 2 7 7 34,RECAL 3 0 9999 64 4 80,RECAL 3 1 976 64 4 80,920,2557,16,14,-224709,-224493,976.1,2619,976,2621
RECAL 1 4 2 8 8 34,RECAL 3 0 9999 64 4 80,RECAL 3 1 721 64 4 80,643,2083,12,19,-270727,-270623,720.7,2129,719,2131
RECAL 1 4 2 9 9 34,RECAL 3 0 9999 64 4 80,NULL,744,NULL,NULL,NULL,NULL,NULL,NULL,NULL,NULL,NULL
RECAL 1 4 2 10 10 34,RECAL 3 0 9999 64 4 80,RECAL 3 1 707 64 4 80,658,-1321,16,13,-223542,-223579,706.5,-1258,710,-1257
RECAL 1 4 2 11 11 34,RECAL 3 0 9999 64 4 80,RECAL 3 1 780 64 4 80,780,-2167,NULL,NULL,NULL,NULL,NULL,NULL,NULL,NULL
RECAL 1 4 2 12 12 34,RECAL 3 0 9999 64 4 80,RECAL 3 1 831 64 4 80,731,-2773,25,25,-245746,-268820,831.2,-2672,831,-2673
RECAL 1 4 2 13 13 34,RECAL 3 0 9999 64 4 80,RECAL 3 1 -2110 64 4 80,-2166,-2806,NULL,NULL,NULL,NULL,NULL,NULL,NULL,NULL
RECAL 1 4 2 14 14 34,RECAL 3 0 9999 64 4 80,RECAL 3 1 -2075 64 4 80,-2115,-2144,16,10,-223071,-223103,-2075,-2077,-2075,-2080
RECAL 1 4 2 15 15 34,RECAL 3 0 9999 64 4 80,NULL,-2220,NULL,NULL,NULL,NULL,NULL,NULL,NULL,NULL,NULL
RECAL 1 4 2 16 16 34,RECAL 3 0 9999 64 4 80,RECAL 3 1 -2046 64 4 80,-2108,1105,15,15,-222857,-222872,-2046,1165,-2048,1165
RECAL 1 4 2 17 17 34,RECAL 3 0 9999 64 4 80,RECAL 3 1 -1981 64 4 80,-2042,1970,15,15,-223335,-223287,-1981,2032,-1982,2030
RECAL 1 4 2 18 18 34,RECAL 3 0 9999 64 4 80,RECAL 3 1 -1982 64 4 80,-2042,2564,16,15,-223682,-223788,-1982,2626,-1982,2628
RECAL 1 4 3 1 1 35,RECAL 3 0 9999 64 4 80,NULL,2169,NULL,NULL,NULL,NULL,NULL,NULL,NULL,NULL,NULL
RECAL 1 4 3 2 2 35,RECAL 3 0 9999 64 4 80,RECAL 3 1 2197 64 4 80,2105,-2175,23,22,-226451,-255145,2197,-2080,2193,-2083
RECAL 1 4 3 3 3 35,RECAL 3 0 9999 64 4 80,RECAL 3 1 2204 64 4 80,2144,-1312,16,15,-227813,-227789,2204,-1248,2204,-1248
RECAL 1 4 3 4 4 35,RECAL 3 0 9999 64 4 80,NULL,2046,NULL,NULL,NULL,NULL,NULL,NULL,NULL,NULL,NULL
RECAL 1 4 3 5 5 35,RECAL 3 0 9999 64 4 80,NULL,1995,NULL,NULL,NULL,NULL,NULL,NULL,NULL,NULL,NULL
RECAL 1 4 3 6 6 35,RECAL 3 0 9999 64 4 80,RECAL 3 1 2218 64 4 80,2157,NULL,NULL,NULL,NULL,NULL,NULL,NULL,NULL,NULL
RECAL 1 4 3 7 7 35,RECAL 3 0 9999 64 4 80,RECAL 3 1 -219 64 4 80,-256,2584,16,9,-224646,-224535,-218.7,2642,-220,2648
RECAL 1 4 3 8 8 35,RECAL 3 0 9999 64 4 80,NULL,-827,NULL,NULL,NULL,NULL,NULL,NULL,NULL,NULL,NULL
RECAL 1 4 3 9 9 35,RECAL 3 0 9999 64 4 80,NULL,-815,NULL,NULL,NULL,NULL,NULL,NULL,NULL,NULL,NULL
RECAL 1 4 3 10 10 35,RECAL 3 0 9999 64 4 80,NULL,-791,NULL,NULL,NULL,NULL,NULL,NULL,NULL,NULL,NULL
RECAL 1 4 3 11 11 35,RECAL 3 0 9999 64 4 80,RECAL 3 1 -278 64 4 80,-290,-2151,28,3,-229559,-268019,-277.7,-2040,-278,-2039
RECAL 1 4 3 12 12 35,RECAL 3 0 9999 64 4 80,RECAL 3 1 -191 64 4 80,-244,-2754,31,13,-236864,-270665,-191.4,-2631,-192,-2630
RECAL 1 4 3 13 13 35,RECAL 3 0 9999 64 4 80,RECAL 3 1 -2239 64 4 80,-2249,-2787,NULL,NULL,NULL,NULL,NULL,NULL,NULL,NULL
RECAL 1 4 3 14 14 35,RECAL 3 0 9999 64 4 80,RECAL 3 1 -2198 64 4 80,-2252,-2194,NULL,NULL,NULL,NULL,NULL,NULL,NULL,NULL
RECAL 1 4 3 15 15 35,RECAL 3 0 9999 64 4 80,RECAL 3 1 -2241 64 4 80,-2348,-1353,NULL,NULL,NULL,NULL,NULL,NULL,NULL,NULL
RECAL 1 4 3 16 16 35,RECAL 3 0 9999 64 4 80,RECAL 3 1 -2241 64 4 80,-2355,1109,26,28,-223682,-245255,-2241,1214,-2243,1213
RECAL 1 4 3 17 17 35,RECAL 3 0 9999 64 4 80,RECAL 3 1 -2314 64 4 80,-2377,1997,14,16,-223674,-225819,-2314,2054,-2313,2053
RECAL 1 4 3 18 18 35,RECAL 3 0 9999 64 4 80,RECAL 3 1 -2233 64 4 80,-2290,2603,9,14,-224044,-259737,-2233,2642,-2234,2639
RECAL 1 4 4 1 1 36,RECAL 3 0 9999 64 4 80,RECAL 3 1 2040 64 4 80,1976,-2656,8,16,-270884,-270679,2040,-2624,2040,-2624
RECAL 1 4 4 2 2 36,RECAL 3 0 9999 64 4 80,RECAL 3 1 1992 64 4 80,1940,-2035,NULL,NULL,NULL,NULL,NULL,NULL,NULL,NULL
RECAL 1 4 4 3 3 36,RECAL 3 0 9999 64 4 80,RECAL 3 1 2068 64 4 80,1983,-1089,NULL,NULL,NULL,NULL,NULL,NULL,NULL,NULL
RECAL 1 4 4 4 4 36,RECAL 3 0 9999 64 4 80,NULL,1849,NULL,NULL,NULL,NULL,NULL,NULL,NULL,NULL,NULL
RECAL 1 4 4 5 5 36,RECAL 3 0 9999 64 4 80,RECAL 3 1 2222 64 4 80,2161,1946,16,15,-227771,-227673,2222,2008,2221,2010
RECAL 1 4 4 6 6 36,RECAL 3 0 9999 64 4 80,RECAL 3 1 1962 64 4 80,1864,NULL,NULL,NULL,NULL,NULL,NULL,NULL,NULL,NULL
RECAL 1 4 4 7 7 36,RECAL 3 0 9999 64 4 80,NULL,-504,NULL,NULL,NULL,NULL,NULL,NULL,NULL,NULL,NULL
RECAL 1 4 4 8 8 36,RECAL 3 0 9999 64 4 80,NULL,-1013,NULL,NULL,NULL,NULL,NULL,NULL,NULL,NULL,NULL
RECAL 1 4 4 9 9 36,RECAL 3 0 9999 64 4 80,NULL,-1094,NULL,NULL,NULL,NULL,NULL,NULL,NULL,NULL,NULL
RECAL 1 4 4 10 10 36,RECAL 3 0 9999 64 4 80,NULL,-784,NULL,NULL,NULL,NULL,NULL,NULL,NULL,NULL,NULL
RECAL 1 4 4 11 11 36,RECAL 3 0 9999 64 4 80,RECAL 3 1 -819 64 4 80,-906,-2064,3,22,-270804,-270937,-819.2,-2054,-818,-2052
RECAL 1 4 4 12 12 36,RECAL 3 0 9999 64 4 80,RECAL 3 1 -795 64 4 80,-834,-2676,10,23,-270610,-270816,-795.2,-2639,-742,-2636
RECAL 1 4 4 13 13 36,RECAL 3 0 9999 64 4 80,NULL,-2339,NULL,NULL,NULL,NULL,NULL,NULL,NULL,NULL,NULL
RECAL 1 4 4 14 14 36,RECAL 3 0 9999 64 4 80,RECAL 3 1 -2308 64 4 80,-2370,-2040,NULL,NULL,NULL,NULL,NULL,NULL,NULL,NULL
RECAL 1 4 4 15 15 36,RECAL 3 0 9999 64 4 80,NULL,-2332,NULL,NULL,NULL,NULL,NULL,NULL,NULL,NULL,NULL
RECAL 1 4 4 16 16 36,RECAL 3 0 9999 64 4 80,NULL,-2446,NULL,NULL,NULL,NULL,NULL,NULL,NULL,NULL,NULL
RECAL 1 4 4 17 17 36,RECAL 3 0 9999 64 4 80,RECAL 3 1 -2344 64 4 80,-2409,2099,NULL,NULL,NULL,NULL,NULL,NULL,NULL,NULL
RECAL 1 4 4 18 18 36,RECAL 3 0 9999 64 4 80,RECAL 3 1 -2377 64 4 80,-2441,2676,26,16,-270616,-270929,-2377,2778,-2377,2780
RECAL 1 4 5 1 1 37,RECAL 3 0 9999 64 4 80,NULL,1975,NULL,NULL,NULL,NULL,NULL,NULL,NULL,NULL,NULL
RECAL 1 4 5 2 2 37,RECAL 3 0 9999 64 4 80,RECAL 3 1 1981 64 4 80,1978,-2101,22,17,-270685,-270715,1981,-2014,2046,-2013
RECAL 1 4 5 3 3 37,RECAL 3 0 9999 64 4 80,RECAL 3 1 1991 64 4 80,1902,-1179,11,22,-270889,-270912,1991,-1138,1990,-1135
RECAL 1 4 5 4 4 37,RECAL 3 0 9999 64 4 80,RECAL 3 1 2112 64 4 80,1993,1278,0,30,-270779,-270840,2112,1355,2113,1278
RECAL 1 4 5 5 5 37,RECAL 3 0 9999 64 4 80,NULL,1915,NULL,NULL,NULL,NULL,NULL,NULL,NULL,NULL,NULL
RECAL 1 4 5 6 6 37,RECAL 3 0 9999 64 4 80,NULL,1950,NULL,NULL,NULL,NULL,NULL,NULL,NULL,NULL,NULL
RECAL 1 4 5 7 7 37,RECAL 3 0 9999 64 4 80,NULL,-974,NULL,NULL,NULL,NULL,NULL,NULL,NULL,NULL,NULL
RECAL 1 4 5 8 8 37,RECAL 3 0 9999 64 4 80,NULL,-1026,NULL,NULL,NULL,NULL,NULL,NULL,NULL,NULL,NULL
RECAL 1 4 5 9 9 37,RECAL 3 0 9999 64 4 80,RECAL 3 1 -704 64 4 80,-825,1323,12,27,-270726,-270364,-704,1370,-717,1371
RECAL 1 4 5 10 10 37,RECAL 3 0 9999 64 4 80,NULL,-1051,NULL,NULL,NULL,NULL,NULL,NULL,NULL,NULL,NULL
RECAL 1 4 5 11 11 37,RECAL 3 0 9999 64 4 80,NULL,-869,NULL,NULL,NULL,NULL,NULL,NULL,NULL,NULL,NULL
RECAL 1 4 5 12 12 37,RECAL 3 0 9999 64 4 80,NULL,491,NULL,NULL,NULL,NULL,NULL,NULL,NULL,NULL,NULL
RECAL 1 4 5 13 13 37,RECAL 3 0 9999 64 4 80,RECAL 3 1 -2371 64 4 80,-2382,-2720,NULL,NULL,NULL,NULL,NULL,NULL,NULL,NULL
RECAL 1 4 5 14 14 37,RECAL 3 0 9999 64 4 80,RECAL 3 1 -2372 64 4 80,-2372,-2100,6,0,-270783,-270655,-2372,-2075,-2372,-2076
RECAL 1 4 5 15 15 37,RECAL 3 0 9999 64 4 80,RECAL 3 1 -2330 64 4 80,-2442,-1184,0,28,-250512,-270264,-2330,-1184,-2330,-1184
RECAL 1 4 5 16 16 37,RECAL 3 0 9999 64 4 80,NULL,-2359,NULL,NULL,NULL,NULL,NULL,NULL,NULL,NULL,NULL
RECAL 1 4 5 17 17 37,RECAL 3 0 9999 64 4 80,NULL,-2427,NULL,NULL,NULL,NULL,NULL,NULL,NULL,NULL,NULL
RECAL 1 4 5 18 18 37,RECAL 3 0 9999 64 4 80,NULL,-2402,NULL,NULL,NULL,NULL,NULL,NULL,NULL,NULL,NULL
RECAL 1 4 6 1 1 38,RECAL 3 0 9999 64 4 80,RECAL 3 1 2102 64 4 80,2042,-2791,22,15,-270775,-270636,2102,-2702,2102,-2703
RECAL 1 4 6 2 2 38,RECAL 3 0 9999 64 4 80,RECAL 3 1 2186 64 4 80,2079,-2211,26,27,-270746,-270869,2186,-2106,2187,-2107
RECAL 1 4 6 3 3 38,RECAL 3 0 9999 64 4 80,RECAL 3 1 2134 64 4 80,2027,NULL,NULL,NULL,NULL,NULL,NULL,NULL,NULL,NULL
RECAL 1 4 6 4 4 38,RECAL 3 0 9999 64 4 80,RECAL 3 1 2105 64 4 80,2051,1025,NULL,NULL,NULL,NULL,NULL,NULL,NULL,NULL
RECAL 1 4 6 5 5 38,RECAL 3 0 9999 64 4 80,RECAL 3 1 2463 64 4 80,2402,2028,16,15,-232820,-232824,2463,2095,2462,2092
RECAL 1 4 6 6 6 38,RECAL 3 0 9999 64 4 80,NULL,2137,NULL,NULL,NULL,NULL,NULL,NULL,NULL,NULL,NULL
RECAL 1 4 6 7 7 38,RECAL 3 0 9999 64 4 80,NULL,448,NULL,NULL,NULL,NULL,NULL,NULL,NULL,NULL,NULL
RECAL 1 4 6 8 8 38,RECAL 3 0 9999 64 4 80,RECAL 3 1 619 64 4 80,530,1962,14,22,-270741,-270802,618.8,2019,618,2018
RECAL 1 4 6 9 9 38,RECAL 3 0 9999 64 4 80,RECAL 3 1 -367 64 4 80,-467,1075,NULL,NULL,NULL,NULL,NULL,NULL,NULL,NULL
RECAL 1 4 6 10 10 38,RECAL 3 0 9999 64 4 80,NULL,-584,NULL,NULL,NULL,NULL,NULL,NULL,NULL,NULL,NULL
RECAL 1 4 6 11 11 38,RECAL 3 0 9999 64 4 80,RECAL 3 1 919 64 4 80,860,-2133,17,14,-227930,-228043,918.7,-2068,916,-2065
RECAL 1 4 6 12 12 38,RECAL 3 0 9999 64 4 80,RECAL 3 1 -466 64 4 80,-541,NULL,NULL,NULL,NULL,NULL,NULL,NULL,NULL,NULL
RECAL 1 4 6 13 13 38,RECAL 3 0 9999 64 4 80,RECAL 3 1 -2154 64 4 80,-2259,-2778,NULL,NULL,NULL,NULL,NULL,NULL,NULL,NULL
RECAL 1 4 6 14 14 38,RECAL 3 0 9999 64 4 80,RECAL 3 1 -2035 64 4 80,-2097,-2161,16,16,-227570,-227624,-2035,-2097,-2033,-2097
RECAL 1 4 6 15 15 38,RECAL 3 0 9999 64 4 80,RECAL 3 1 -2147 64 4 80,-2271,-1387,NULL,NULL,NULL,NULL,NULL,NULL,NULL,NULL
RECAL 1 4 6 16 16 38,RECAL 3 0 9999 64 4 80,NULL,-2249,NULL,NULL,NULL,NULL,NULL,NULL,NULL,NULL,NULL
RECAL 1 4 6 17 17 38,RECAL 3 0 9999 64 4 80,NULL,-2145,NULL,NULL,NULL,NULL,NULL,NULL,NULL,NULL,NULL
RECAL 1 4 6 18 18 38,RECAL 3 0 9999 64 4 80,RECAL 3 1 -2084 64 4 80,-2167,NULL,NULL,NULL,NULL,NULL,NULL,NULL,NULL,NULL
RECAL 1 4 7 1 1 39,RECAL 3 0 9999 64 4 80,RECAL 3 1 2407 64 4 80,2358,-2670,23,9,-270722,-270804,2407,-2574,2394,-2578
RECAL 1 4 7 2 2 39,RECAL 3 0 9999 64 4 80,RECAL 3 1 2325 64 4 80,2279,-2085,12,12,-270893,-270782,2325,-2036,2327,-2037
RECAL 1 4 7 3 3 39,RECAL 3 0 9999 64 4 80,RECAL 3 1 2372 64 4 80,2361,-1243,NULL,NULL,NULL,NULL,NULL,NULL,NULL,NULL
RECAL 1 4 7 4 4 39,RECAL 3 0 9999 64 4 80,RECAL 3 1 2376 64 4 80,2277,1121,NULL,NULL,NULL,NULL,NULL,NULL,NULL,NULL
RECAL 1 4 7 5 5 39,RECAL 3 0 9999 64 4 80,NULL,2361,NULL,NULL,NULL,NULL,NULL,NULL,NULL,NULL,NULL
RECAL 1 4 7 6 6 39,RECAL 3 0 9999 64 4 80,RECAL 3 1 2424 64 4 80,2364,2546,29,15,-270717,-270660,2424,2662,2424,2662
RECAL 1 4 7 7 7 39,RECAL 3 0 9999 64 4 80,RECAL 3 1 1036 64 4 80,1029,2573,31,1,-270737,-270874,1036,2696,1033,2697
RECAL 1 4 7 8 8 39,RECAL 3 0 9999 64 4 80,RECAL 3 1 1042 64 4 80,997,1996,NULL,NULL,NULL,NULL,NULL,NULL,NULL,NULL
RECAL 1 4 7 9 9 39,RECAL 3 0 9999 64 4 80,RECAL 3 1 916 64 4 80,797,1183,12,29,-270528,-270646,915.9,1252,913,1231
RECAL 1 4 7 10 10 39,RECAL 3 0 9999 64 4 80,RECAL 3 1 -883 64 4 80,-943,-1325,16,15,-226649,-226682,-882.5,-1260,-883,-1261
RECAL 1 4 7 11 11 39,RECAL 3 0 9999 64 4 80,RECAL 3 1 844 64 4 80,797,-2041,NULL,NULL,NULL,NULL,NULL,NULL,NULL,NULL
RECAL 1 4 7 12 12 39,RECAL 3 0 9999 64 4 80,RECAL 3 1 1048 64 4 80,997,-2634,3,13,-270694,-270758,1048,-2548,1049,-2622
RECAL 1 4 7 13 13 39,RECAL 3 0 9999 64 4 80,RECAL 3 1 -1986 64 4 80,-2002,-2670,30,4,-270802,-270851,-1986,-2550,-1986,-2550
RECAL 1 4 7 14 14 39,RECAL 3 0 9999 64 4 80,RECAL 3 1 -2055 64 4 80,-2083,-2084,6,12,-270818,-270651,-2055,-2060,-2035,-2060
RECAL 1 4 7 15 15 39,RECAL 3 0 9999 64 4 80,NULL,-1987,NULL,NULL,NULL,NULL,NULL,NULL,NULL,NULL,NULL
RECAL 1 4 7 16 16 39,RECAL 3 0 9999 64 4 80,RECAL 3 1 -2026 64 4 80,-2082,1112,10,14,-270510,-270651,-2026,1152,-2026,1152
RECAL 1 4 7 17 17 39,RECAL 3 0 9999 64 4 80,RECAL 3 1 -1889 64 4 80,-1989,1951,18,25,-270788,-270714,-1889,2023,-1889,2023
RECAL 1 4 7 18 18 39,RECAL 3 0 9999 64 4 80,RECAL 3 1 -1878 64 4 80,-1992,NULL,NULL,NULL,NULL,NULL,NULL,NULL,NULL,NULL
RECAL 1 4 8 1 1 40,RECAL 3 0 9999 64 4 80,RECAL 3 1 2025 64 4 80,1978,-2721,8,12,-270779,-270757,2025,-2689,2026,-2689
RECAL 1 4 8 2 2 40,RECAL 3 0 9999 64 4 80,RECAL 3 1 2149 64 4 80,2027,-2132,5,30,-268150,-270330,2149,-2112,2147,-2112
RECAL 1 4 8 3 3 40,RECAL 3 0 9999 64 4 80,RECAL 3 1 1982 64 4 80,1918,-1282,NULL,NULL,NULL,NULL,NULL,NULL,NULL,NULL
RECAL 1 4 8 4 4 40,RECAL 3 0 9999 64 4 80,NULL,1991,NULL,NULL,NULL,NULL,NULL,NULL,NULL,NULL,NULL
RECAL 1 4 8 5 5 40,RECAL 3 0 9999 64 4 80,RECAL 3 1 1988 64 4 80,1965,2004,29,12,-270831,-270718,1988,2122,2013,2120
RECAL 1 4 8 6 6 40,RECAL 3 0 9999 64 4 80,RECAL 3 1 2071 64 4 80,1945,2595,12,31,-270764,-270598,2071,2642,2069,2643
RECAL 1 4 8 7 7 40,RECAL 3 0 9999 64 4 80,RECAL 3 1 113 64 4 80,104,2644,16,2,-225666,-225511,112.6,2703,112,2708
RECAL 1 4 8 8 8 40,RECAL 3 0 9999 64 4 80,RECAL 3 1 -730 64 4 80,-834,2036,NULL,NULL,NULL,NULL,NULL,NULL,NULL,NULL
RECAL 1 4 8 9 9 40,RECAL 3 0 9999 64 4 80,RECAL 3 1 409 64 4 80,358,1156,14,13,-225724,-226228,408.7,1213,410,1212
RECAL 1 4 8 10 10 40,RECAL 3 0 9999 64 4 80,RECAL 3 1 -835 64 4 80,-943,-1224,9,27,-270665,-270584,-835.2,-1189,-835,-1188
RECAL 1 4 8 11 11 40,RECAL 3 0 9999 64 4 80,RECAL 3 1 -613 64 4 80,-626,-2100,NULL,NULL,NULL,NULL,NULL,NULL,NULL,NULL
RECAL 1 4 8 12 12 40,RECAL 3 0 9999 64 4 80,RECAL 3 1 590 64 4 80,537,-2796,17,13,-226479,-228287,589.5,-2724,589,-2728
RECAL 1 4 8 13 13 40,RECAL 3 0 9999 64 4 80,NULL,-2335,NULL,NULL,NULL,NULL,NULL,NULL,NULL,NULL,NULL
RECAL 1 4 8 14 14 40,RECAL 3 0 9999 64 4 80,RECAL 3 1 -2207 64 4 80,-2271,-2155,15,16,-223791,-224048,-2207,-2092,-2207,-2095
RECAL 1 4 8 15 15 40,RECAL 3 0 9999 64 4 80,NULL,-2385,NULL,NULL,NULL,NULL,NULL,NULL,NULL,NULL,NULL
RECAL 1 4 8 16 16 40,RECAL 3 0 9999 64 4 80,NULL,-2323,NULL,NULL,NULL,NULL,NULL,NULL,NULL,NULL,NULL
RECAL 1 4 8 17 17 40,RECAL 3 0 9999 64 4 80,RECAL 3 1 -2203 64 4 80,-2267,2055,17,16,-225602,-226126,-2203,2121,-2203,2123
RECAL 1 4 8 18 18 40,RECAL 3 0 9999 64 4 80,RECAL 3 1 -2217 64 4 80,-2280,2668,14,16,-225603,-229486,-2217,2723,-2216,2724
RECAL 1 4 9 1 1 41,RECAL 3 0 9999 64 4 80,RECAL 3 1 2162 64 4 80,2101,-2797,17,15,-229004,-229055,2162,-2732,2161,-2729
RECAL 1 4 9 2 2 41,RECAL 3 0 9999 64 4 80,NULL,2275,NULL,NULL,NULL,NULL,NULL,NULL,NULL,NULL,NULL
RECAL 1 4 9 3 3 41,RECAL 3 0 9999 64 4 80,NULL,2280,NULL,NULL,NULL,NULL,NULL,NULL,NULL,NULL,NULL
RECAL 1 4 9 4 4 41,RECAL 3 0 9999 64 4 80,RECAL 3 1 2297 64 4 80,2288,1203,12,2,-270638,-270751,2297,1251,2296,1251
RECAL 1 4 9 5 5 41,RECAL 3 0 9999 64 4 80,RECAL 3 1 2487 64 4 80,2379,2041,30,27,-270503,-270608,2487,2142,2487,2161
RECAL 1 4 9 6 6 41,RECAL 3 0 9999 64 4 80,RECAL 3 1 2334 64 4 80,2311,2630,11,6,-270846,-270740,2334,2677,2335,2674
RECAL 1 4 9 7 7 41,RECAL 3 0 9999 64 4 80,NULL,837,NULL,NULL,NULL,NULL,NULL,NULL,NULL,NULL,NULL
RECAL 1 4 9 8 8 41,RECAL 3 0 9999 64 4 80,RECAL 3 1 1084 64 4 80,982,2003,23,26,-270750,-270576,1084,2092,1086,2095
RECAL 1 4 9 9 9 41,RECAL 3 0 9999 64 4 80,NULL,744,NULL,NULL,NULL,NULL,NULL,NULL,NULL,NULL,NULL
RECAL 1 4 9 10 10 41,RECAL 3 0 9999 64 4 80,NULL,718,NULL,NULL,NULL,NULL,NULL,NULL,NULL,NULL,NULL
RECAL 1 4 9 11 11 41,RECAL 3 0 9999 64 4 80,RECAL 3 1 757 64 4 80,725,-2142,NULL,NULL,NULL,NULL,NULL,NULL,NULL,NULL
RECAL 1 4 9 12 12 41,RECAL 3 0 9999 64 4 80,RECAL 3 1 1004 64 4 80,906,-2738,6,24,-270798,-270756,1004,-2713,1002,-2714
RECAL 1 4 9 13 13 41,RECAL 3 0 9999 64 4 80,NULL,-2085,NULL,NULL,NULL,NULL,NULL,NULL,NULL,NULL,NULL
RECAL 1 4 9 14 14 41,RECAL 3 0 9999 64 4 80,RECAL 3 1 -2052 64 4 80,-2150,-2131,16,25,-270811,-270660,-2052,-2070,-2050,-2067
RECAL 1 4 9 15 15 41,RECAL 3 0 9999 64 4 80,RECAL 3 1 -2060 64 4 80,-2148,-1265,32,22,-270731,-270807,-2060,-1217,-2060,-1137
RECAL 1 4 9 16 16 41,RECAL 3 0 9999 64 4 80,RECAL 3 1 -2027 64 4 80,-2137,1164,27,27,-270712,-270797,-2027,1270,-2029,1272
RECAL 1 4 9 17 17 41,RECAL 3 0 9999 64 4 80,NULL,-2033,NULL,NULL,NULL,NULL,NULL,NULL,NULL,NULL,NULL
RECAL 1 4 9 18 18 41,RECAL 3 0 9999 64 4 80,NULL,-2114,NULL,NULL,NULL,NULL,NULL,NULL,NULL,NULL,NULL
RECAL 1 4 10 1 1 42,RECAL 3 0 9999 64 4 80,NULL,1973,NULL,NULL,NULL,NULL,NULL,NULL,NULL,NULL,NULL
RECAL 1 4 10 2 2 42,RECAL 3 0 9999 64 4 80,NULL,1969,NULL,NULL,NULL,NULL,NULL,NULL,NULL,NULL,NULL
RECAL 1 4 10 3 3 42,RECAL 3 0 9999 64 4 80,RECAL 3 1 1959 64 4 80,1876,-1352,31,21,-270746,-270621,1959,-1328,1960,-1228
RECAL 1 4 10 4 4 42,RECAL 3 0 9999 64 4 80,RECAL 3 1 2077 64 4 80,1952,1107,NULL,NULL,NULL,NULL,NULL,NULL,NULL,NULL
RECAL 1 4 10 5 5 42,RECAL 3 0 9999 64 4 80,NULL,1931,NULL,NULL,NULL,NULL,NULL,NULL,NULL,NULL,NULL
RECAL 1 4 10 6 6 42,RECAL 3 0 9999 64 4 80,RECAL 3 1 1994 64 4 80,1916,2607,11,20,-270868,-270898,1994,2652,1996,2651
RECAL 1 4 10 7 7 42,RECAL 3 0 9999 64 4 80,RECAL 3 1 -963 64 4 80,-1023,2614,13,15,-270561,-270736,-962.6,2638,-963,2666
RECAL 1 4 10 8 8 42,RECAL 3 0 9999 64 4 80,NULL,-169,NULL,NULL,NULL,NULL,NULL,NULL,NULL,NULL,NULL
RECAL 1 4 10 9 9 42,RECAL 3 0 9999 64 4 80,NULL,-907,NULL,NULL,NULL,NULL,NULL,NULL,NULL,NULL,NULL
RECAL 1 4 10 10 10 42,RECAL 3 0 9999 64 4 80,NULL,-1070,NULL,NULL,NULL,NULL,NULL,NULL,NULL,NULL,NULL
RECAL 1 4 10 11 11 42,RECAL 3 0 9999 64 4 80,NULL,-874,NULL,NULL,NULL,NULL,NULL,NULL,NULL,NULL,NULL
RECAL 1 4 10 12 12 42,RECAL 3 0 9999 64 4 80,RECAL 3 1 -780 64 4 80,-888,-2802,4,27,-270817,-270712,-780,-2785,-780,-2786
RECAL 1 4 10 13 13 42,RECAL 3 0 9999 64 4 80,NULL,-2365,NULL,NULL,NULL,NULL,NULL,NULL,NULL,NULL,NULL
RECAL 1 4 10 14 14 42,RECAL 3 0 9999 64 4 80,RECAL 3 1 -2323 64 4 80,-2369,-2218,31,12,-227037,-270210,-2323,-2095,-2321,-2094
RECAL 1 4 10 15 15 42,RECAL 3 0 9999 64 4 80,RECAL 3 1 -2407 64 4 80,-2443,-1396,15,9,-270670,-270817,-2407,-1337,-2407,-1336
RECAL 1 4 10 16 16 42,RECAL 3 0 9999 64 4 80,NULL,-2380,NULL,NULL,NULL,NULL,NULL,NULL,NULL,NULL,NULL
RECAL 1 4 10 17 17 42,RECAL 3 0 9999 64 4 80,RECAL 3 1 -2271 64 4 80,-2395,1967,NULL,NULL,NULL,NULL,NULL,NULL,NULL,NULL
RECAL 1 4 10 18 18 42,RECAL 3 0 9999 64 4 80,RECAL 3 1 -2407 64 4 80,-2415,2579,14,3,-270860,-270644,-2407,2638,-2403,2635
RECAL 1 4 11 1 1 43,RECAL 3 0 9999 64 4 80,NULL,2080,NULL,NULL,NULL,NULL,NULL,NULL,NULL,NULL,NULL
RECAL 1 4 11 2 2 43,RECAL 3 0 9999 64 4 80,NULL,2138,NULL,NULL,NULL,NULL,NULL,NULL,NULL,NULL,NULL
RECAL 1 4 11 3 3 43,RECAL 3 0 9999 64 4 80,NULL,2127,NULL,NULL,NULL,NULL,NULL,NULL,NULL,NULL,NULL
RECAL 1 4 11 4 4 43,RECAL 3 0 9999 64 4 80,RECAL 3 1 2142 64 4 80,2027,1108,4,29,-270756,-270839,2142,1123,2143,1124
RECAL 1 4 11 5 5 43,RECAL 3 0 9999 64 4 80,RECAL 3 1 2213 64 4 80,2101,1956,18,28,-270818,-270840,2213,2030,2213,2028
RECAL 1 4 11 6 6 43,RECAL 3 0 9999 64 4 80,RECAL 3 1 2145 64 4 80,2095,2545,NULL,NULL,NULL,NULL,NULL,NULL,NULL,NULL
RECAL 1 4 11 7 7 43,RECAL 3 0 9999 64 4 80,RECAL 3 1 -363 64 4 80,-454,2526,NULL,NULL,NULL,NULL,NULL,NULL,NULL,NULL
RECAL 1 4 11 8 8 43,RECAL 3 0 9999 64 4 80,RECAL 3 1 -288 64 4 80,-384,1932,8,24,-270779,-270485,-288.3,1963,-288,1964
RECAL 1 4 11 9 9 43,RECAL 3 0 9999 64 4 80,RECAL 3 1 -721 64 4 80,-745,1070,20,6,-270442,-270840,-721.4,1147,-721,1150
RECAL 1 4 11 10 10 43,RECAL 3 0 9999 64 4 80,NULL,63,NULL,NULL,NULL,NULL,NULL,NULL,NULL,NULL,NULL
RECAL 1 4 11 11 11 43,RECAL 3 0 9999 64 4 80,RECAL 3 1 264 64 4 80,186,-2125,4,19,-269999,-270626,263.5,-2108,262,-2109
RECAL 1 4 11 12 12 43,RECAL 3 0 9999 64 4 80,RECAL 3 1 979 64 4 80,917,-2767,17,15,-227466,-228194,978.7,-2700,977,-2699
RECAL 1 4 11 13 13 43,RECAL 3 0 9999 64 4 80,RECAL 3 1 -2196 64 4 80,-2296,-2677,28,25,-270660,-270793,-2196,-2565,-2196,-2565
RECAL 1 4 11 14 14 43,RECAL 3 0 9999 64 4 80,RECAL 3 1 -2118 64 4 80,-2237,-2088,7,30,-226519,-260316,-2118,-2059,-2117,-2060
RECAL 1 4 11 15 15 43,RECAL 3 0 9999 64 4 80,NULL,-2247,NULL,NULL,NULL,NULL,NULL,NULL,NULL,NULL,NULL
RECAL 1 4 11 16 16 43,RECAL 3 0 9999 64 4 80,RECAL 3 1 -2128 64 4 80,-2192,1185,15,16,-224103,-224475,-2128,1243,-2128,1245
RECAL 1 4 11 17 17 43,RECAL 3 0 9999 64 4 80,RECAL 3 1 -2219 64 4 80,-2272,NULL,NULL,NULL,NULL,NULL,NULL,NULL,NULL,NULL
RECAL 1 4 11 18 18 43,RECAL 3 0 9999 64 4 80,RECAL 3 1 -2258 64 4 80,-2279,2550,NULL,NULL,NULL,NULL,NULL,NULL,NULL,NULL
RECAL 1 4 12 1 1 44,RECAL 3 0 9999 64 4 80,NULL,2147,NULL,NULL,NULL,NULL,NULL,NULL,NULL,NULL,NULL
RECAL 1 4 12 2 2 44,RECAL 3 0 9999 64 4 80,RECAL 3 1 2214 64 4 80,2152,-2163,17,15,-226077,-226092,2214,-2098,2212,-2095
RECAL 1 4 12 3 3 44,RECAL 3 0 9999 64 4 80,RECAL 3 1 2214 64 4 80,2152,-1298,16,15,-227933,-227913,2214,-1233,2212,-1234
RECAL 1 4 12 4 4 44,RECAL 3 0 9999 64 4 80,NULL,2066,NULL,NULL,NULL,NULL,NULL,NULL,NULL,NULL,NULL
RECAL 1 4 12 5 5 44,RECAL 3 0 9999 64 4 80,RECAL 3 1 2296 64 4 80,2235,2023,16,15,-225516,-225465,2296,2087,2295,2087
RECAL 1 4 12 6 6 44,RECAL 3 0 9999 64 4 80,NULL,2135,NULL,NULL,NULL,NULL,NULL,NULL,NULL,NULL,NULL
RECAL 1 4 12 7 7 44,RECAL 3 0 9999 64 4 80,NULL,567,NULL,NULL,NULL,NULL,NULL,NULL,NULL,NULL,NULL
RECAL 1 4 12 8 8 44,RECAL 3 0 9999 64 4 80,RECAL 3 1 318 64 4 80,220,1974,NULL,NULL,NULL,NULL,NULL,NULL,NULL,NULL
RECAL 1 4 12 9 9 44,RECAL 3 0 9999 64 4 80,NULL,186,NULL,NULL,NULL,NULL,NULL,NULL,NULL,NULL,NULL
RECAL 1 4 12 10 10 44,RECAL 3 0 9999 64 4 80,RECAL 3 1 635 64 4 80,631,-1331,NULL,NULL,NULL,NULL,NULL,NULL,NULL,NULL
RECAL 1 4 12 11 11 44,RECAL 3 0 9999 64 4 80,RECAL 3 1 698 64 4 80,627,-2170,31,18,-270040,-270247,698.4,-2046,699,-2046
RECAL 1 4 12 12 12 44,RECAL 3 0 9999 64 4 80,RECAL 3 1 668 64 4 80,629,-2763,25,10,-227416,-265809,667.7,-2665,669,-2663
RECAL 1 4 12 13 13 44,RECAL 3 0 9999 64 4 80,RECAL 3 1 -2095 64 4 80,-2095,-2728,9,0,-228100,-262185,-2095,-2694,-2095,-2692
RECAL 1 4 12 14 14 44,RECAL 3 0 9999 64 4 80,RECAL 3 1 -2086 64 4 80,-2086,-2128,NULL,NULL,NULL,NULL,NULL,NULL,NULL,NULL
RECAL 1 4 12 15 15 44,RECAL 3 0 9999 64 4 80,RECAL 3 1 -2197 64 4 80,-2260,-1274,15,16,-226861,-226997,-2197,-1214,-2196,-1214
RECAL 1 4 12 16 16 44,RECAL 3 0 9999 64 4 80,RECAL 3 1 -2179 64 4 80,-2179,1166,16,1,-227479,-227573,-2179,1228,-2175,1230
RECAL 1 4 12 17 17 44,RECAL 3 0 9999 64 4 80,RECAL 3 1 -2109 64 4 80,-2175,2017,19,16,-229130,-232869,-2109,2090,-2111,2093
RECAL 1 4 12 18 18 44,RECAL 3 0 9999 64 4 80,RECAL 3 1 -2086 64 4 80,-2106,2610,22,5,-230603,-256862,-2086,2698,-2086,2698
RECAL 1 4 13 1 1 45,RECAL 3 0 9999 64 4 80,RECAL 3 1 2224 64 4 80,2113,-2787,NULL,NULL,NULL,NULL,NULL,NULL,NULL,NULL
RECAL 1 4 13 2 2 45,RECAL 3 0 9999 64 4 80,RECAL 3 1 2145 64 4 80,2073,-2215,7,18,-270790,-270690,2145,-2186,2145,-2187
RECAL 1 4 13 3 3 45,RECAL 3 0 9999 64 4 80,NULL,2142,NULL,NULL,NULL,NULL,NULL,NULL,NULL,NULL,NULL
RECAL 1 4 13 4 4 45,RECAL 3 0 9999 64 4 80,RECAL 3 1 2093 64 4 80,2079,1018,0,4,-270302,-270644,2093,1033,2095,1018
RECAL 1 4 13 5 5 45,RECAL 3 0 9999 64 4 80,RECAL 3 1 2229 64 4 80,2171,1934,14,15,-270658,-270509,2229,1989,2231,1990
RECAL 1 4 13 6 6 45,RECAL 3 0 9999 64 4 80,RECAL 3 1 2230 64 4 80,2188,2544,31,11,-270769,-270570,2230,2668,2232,2668
RECAL 1 4 13 7 7 45,RECAL 3 0 9999 64 4 80,RECAL 3 1 1009 64 4 80,949,2623,15,15,-226536,-227706,1009,2682,1009,2683
RECAL 1 4 13 8 8 45,RECAL 3 0 9999 64 4 80,RECAL 3 1 1013 64 4 80,953,2032,16,16,-228730,-228915,1013,2097,1017,2096
RECAL 1 4 13 9 9 45,RECAL 3 0 9999 64 4 80,NULL,-543,NULL,NULL,NULL,NULL,NULL,NULL,NULL,NULL,NULL
RECAL 1 4 13 10 10 45,RECAL 3 0 9999 64 4 80,RECAL 3 1 289 64 4 80,272,NULL,NULL,NULL,NULL,NULL,NULL,NULL,NULL,NULL
RECAL 1 4 13 11 11 45,RECAL 3 0 9999 64 4 80,NULL,-584,NULL,NULL,NULL,NULL,NULL,NULL,NULL,NULL,NULL
RECAL 1 4 13 12 12 45,RECAL 3 0 9999 64 4 80,RECAL 3 1 -213 64 4 80,-295,-2814,NULL,NULL,NULL,NULL,NULL,NULL,NULL,NULL
RECAL 1 4 13 13 13 45,RECAL 3 0 9999 64 4 80,RECAL 3 1 -2241 64 4 80,-2265,-2775,7,6,-270609,-270662,-2241,-2749,-2241,-2747
RECAL 1 4 13 14 14 45,RECAL 3 0 9999 64 4 80,NULL,-2.132e+04,NULL,NULL,NULL,NULL,NULL,NULL,NULL,NULL,NULL
RECAL 1 4 13 15 15 45,RECAL 3 0 9999 64 4 80,RECAL 3 1 -2116 64 4 80,-2232,-1381,NULL,NULL,NULL,NULL,NULL,NULL,NULL,NULL
RECAL 1 4 13 16 16 45,RECAL 3 0 9999 64 4 80,RECAL 3 1 -2223 64 4 80,-2300,1041,NULL,NULL,NULL,NULL,NULL,NULL,NULL,NULL
RECAL 1 4 13 17 17 45,RECAL 3 0 9999 64 4 80,RECAL 3 1 -1974 64 4 80,-2037,1994,16,16,-225499,-225530,-1974,2062,-1973,2058
RECAL 1 4 13 18 18 45,RECAL 3 0 9999 64 4 80,RECAL 3 1 -2162 64 4 80,-2204,2550,14,11,-270760,-270740,-2162,2607,-2160,2606
RECAL 1 4 14 1 1 46,RECAL 3 0 9999 64 4 80,RECAL 3 1 2177 64 4 80,2121,-2861,29,19,-270741,-270703,2177,-2745,2197,-2745
RECAL 1 4 14 2 2 46,RECAL 3 0 9999 64 4 80,RECAL 3 1 2250 64 4 80,2187,-2274,NULL,NULL,NULL,NULL,NULL,NULL,NULL,NULL
RECAL 1 4 14 3 3 46,RECAL 3 0 9999 64 4 80,RECAL 3 1 2235 64 4 80,2159,-1457,14,19,-270765,-270662,2235,-1398,2235,-1401
RECAL 1 4 14 4 4 46,RECAL 3 0 9999 64 4 80,RECAL 3 1 2246 64 4 80,2150,1010,NULL,NULL,NULL,NULL,NULL,NULL,NULL,NULL
RECAL 1 4 14 5 5 46,RECAL 3 0 9999 64 4 80,NULL,2125,NULL,NULL,NULL,NULL,NULL,NULL,NULL,NULL,NULL
RECAL 1 4 14 6 6 46,RECAL 3 0 9999 64 4 80,NULL,2.222e+04,NULL,NULL,NULL,NULL,NULL,NULL,NULL,NULL,NULL
RECAL 1 4 14 7 7 46,RECAL 3 0 9999 64 4 80,RECAL 3 1 -379 64 4 80,-417,2567,16,9,-270761,-270712,-378.9,2631,-381,2631
RECAL 1 4 14 8 8 46,RECAL 3 0 9999 64 4 80,NULL,-270,NULL,NULL,NULL,NULL,NULL,NULL,NULL,NULL,NULL
RECAL 1 4 14 9 9 46,RECAL 3 0 9999 64 4 80,NULL,231,NULL,NULL,NULL,NULL,NULL,NULL,NULL,NULL,NULL
RECAL 1 4 14 10 10 46,RECAL 3 0 9999 64 4 80,RECAL 3 1 376 64 4 80,291,-1485,18,10,-270626,-270660,376.1,-1416,331,-1413
RECAL 1 4 14 11 11 46,RECAL 3 0 9999 64 4 80,RECAL 3 1 500 64 4 80,462,-2293,NULL,NULL,NULL,NULL,NULL,NULL,NULL,NULL
RECAL 1 4 14 12 12 46,RECAL 3 0 9999 64 4 80,RECAL 3 1 -281 64 4 80,-338,-2873,NULL,NULL,NULL,NULL,NULL,NULL,NULL,NULL
RECAL 1 4 14 13 13 46,RECAL 3 0 9999 64 4 80,RECAL 3 1 -2187 64 4 80,-2276,-2851,2,22,-270898,-270528,-2187,-2842,-2188,-2843
RECAL 1 4 14 14 14 46,RECAL 3 0 9999 64 4 80,RECAL 3 1 -2092 64 4 80,-2207,NULL,NULL,NULL,NULL,NULL,NULL,NULL,NULL,NULL
RECAL 1 4 14 15 15 46,RECAL 3 0 9999 64 4 80,NULL,-2238,NULL,NULL,NULL,NULL,NULL,NULL,NULL,NULL,NULL
RECAL 1 4 14 16 16 46,RECAL 3 0 9999 64 4 80,NULL,-2245,NULL,NULL,NULL,NULL,NULL,NULL,NULL,NULL,NULL
RECAL 1 4 14 17 17 46,RECAL 3 0 9999 64 4 80,RECAL 3 1 -2162 64 4 80,-2270,1961,NULL,NULL,NULL,NULL,NULL,NULL,NULL,NULL
RECAL 1 4 14 18 18 46,RECAL 3 0 9999 64 4 80,RECAL 3 1 -2092 64 4 80,-2155,NULL,NULL,NULL,NULL,NULL,NULL,NULL,NULL,NULL
RECAL 1 4 15 1 1 47,RECAL 3 0 9999 64 4 80,NULL,2118,NULL,NULL,NULL,NULL,NULL,NULL,NULL,NULL,NULL
RECAL 1 4 15 2 2 47,RECAL 3 0 9999 64 4 80,NULL,2032,NULL,NULL,NULL,NULL,NULL,NULL,NULL,NULL,NULL
RECAL 1 4 15 3 3 47,RECAL 3 0 9999 64 4 80,RECAL 3 1 2176 64 4 80,2127,-1460,NULL,NULL,NULL,NULL,NULL,NULL,NULL,NULL
RECAL 1 4 15 4 4 47,RECAL 3 0 9999 64 4 80,RECAL 3 1 2172 64 4 80,2127,1002,NULL,NULL,NULL,NULL,NULL,NULL,NULL,NULL
RECAL 1 4 15 5 5 47,RECAL 3 0 9999 64 4 80,RECAL 3 1 2183 64 4 80,2124,1954,21,14,-229850,-243425,2183,2036,2180,2038
RECAL 1 4 15 6 6 47,RECAL 3 0 9999 64 4 80,RECAL 3 1 2176 64 4 80,2115,2553,16,15,-230276,-230212,2176,2616,2175,2617
RECAL 1 4 15 7 7 47,RECAL 3 0 9999 64 4 80,RECAL 3 1 -208 64 4 80,-210,2521,16,1,-228152,-228038,-207.6,2584,-206,2585
RECAL 1 4 15 8 8 47,RECAL 3 0 9999 64 4 80,RECAL 3 1 5 64 4 80,-39,1936,15,11,-229960,-230239,5.129,1999,5,1996
RECAL 1 4 15 9 9 47,RECAL 3 0 9999 64 4 80,NULL,58,NULL,NULL,NULL,NULL,NULL,NULL,NULL,NULL,NULL
RECAL 1 4 15 10 10 47,RECAL 3 0 9999 64 4 80,RECAL 3 1 298 64 4 80,281,-1277,17,4,-231817,-231975,297.9,-1210,297,-1209
RECAL 1 4 15 11 11 47,RECAL 3 0 9999 64 4 80,RECAL 3 1 -663 64 4 80,-743,-2314,19,20,-270429,-270789,-663.3,-2194,-663,-2238
RECAL 1 4 15 12 12 47,RECAL 3 0 9999 64 4 80,RECAL 3 1 -231 64 4 80,-306,-2891,NULL,NULL,NULL,NULL,NULL,NULL,NULL,NULL
RECAL 1 4 15 13 13 47,RECAL 3 0 9999 64 4 80,RECAL 3 1 -2175 64 4 80,-2239,-2669,16,16,-230790,-230831,-2175,-2606,-2175,-2605
RECAL 1 4 15 14 14 47,RECAL 3 0 9999 64 4 80,RECAL 3 1 -2304 64 4 80,-2344,-2267,4,10,-270875,-270836,-2304,-2251,-2304,-2251
RECAL 1 4 15 15 15 47,RECAL 3 0 9999 64 4 80,NULL,-2254,NULL,NULL,NULL,NULL,NULL,NULL,NULL,NULL,NULL
RECAL 1 4 15 16 16 47,RECAL 3 0 9999 64 4 80,NULL,-2254,NULL,NULL,NULL,NULL,NULL,NULL,NULL,NULL,NULL
RECAL 1 4 15 17 17 47,RECAL 3 0 9999 64 4 80,RECAL 3 1 -2186 64 4 80,-2257,1952,14,18,-229438,-232463,-2186,2007,-2185,2008
RECAL 1 4 15 18 18 47,RECAL 3 0 9999 64 4 80,RECAL 3 1 -2180 64 4 80,-2255,2579,3,19,-232291,-270700,-2180,2591,-2179,2591
RECAL 1 4 16 1 1 48,RECAL 3 0 9999 64 4 80,RECAL 3 1 2155 64 4 80,2111,-2672,11,12,-228719,-249902,2155,-2627,2159,-2628
RECAL 1 4 16 2 2 48,RECAL 3 0 9999 64 4 80,RECAL 3 1 2075 64 4 80,2075,-2087,13,0,-230784,-234827,2075,-2031,2075,-2035
RECAL 1 4 16 3 3 48,RECAL 3 0 9999 64 4 80,RECAL 3 1 2075 64 4 80,2075,-1242,15,0,-231445,-231563,2075,-1181,2075,-1182
RECAL 1 4 16 4 4 48,RECAL 3 0 9999 64 4 80,RECAL 3 1 2169 64 4 80,2166,1117,23,0,-233064,-243884,2169,1212,2166,1209
RECAL 1 4 16 5 5 48,RECAL 3 0 9999 64 4 80,RECAL 3 1 2171 64 4 80,2166,1957,23,1,-231997,-255649,2171,2049,2170,2049
RECAL 1 4 16 6 6 48,RECAL 3 0 9999 64 4 80,RECAL 3 1 2168 64 4 80,2122,2541,24,11,-230612,-265491,2168,2641,2166,2637
RECAL 1 4 16 7 7 48,RECAL 3 0 9999 64 4 80,NULL,-414,NULL,NULL,NULL,NULL,NULL,NULL,NULL,NULL,NULL
RECAL 1 4 16 8 8 48,RECAL 3 0 9999 64 4 80,RECAL 3 1 -373 64 4 80,-421,2019,15,12,-228909,-229414,-372.6,2079,-373,2079
RECAL 1 4 16 9 9 48,RECAL 3 0 9999 64 4 80,RECAL 3 1 285 64 4 80,285,1182,19,0,-250718,-252320,285,1257,285,1258
RECAL 1 4 16 10 10 48,RECAL 3 0 9999 64 4 80,RECAL 3 1 -733 64 4 80,-792,-1194,17,16,-229218,-229370,-733.4,-1127,-728,-1126
RECAL 1 4 16 11 11 48,RECAL 3 0 9999 64 4 80,RECAL 3 1 -647 64 4 80,-647,-2046,11,0,-239205,-251657,-647,-2004,-647,-2002
RECAL 1 4 16 12 12 48,RECAL 3 0 9999 64 4 80,RECAL 3 1 -432 64 4 80,-485,-2640,10,13,-226159,-255702,-431.9,-2601,-433,-2600
RECAL 1 4 16 13 13 48,RECAL 3 0 9999 64 4 80,RECAL 3 1 -2225 64 4 80,-2296,-2672,11,18,-227144,-248332,-2225,-2626,-2224,-2628
RECAL 1 4 16 14 14 48,RECAL 3 0 9999 64 4 80,RECAL 3 1 -2291 64 4 80,-2328,-2090,13,9,-227802,-234910,-2291,-2040,-2292,-2038
RECAL 1 4 16 15 15 48,RECAL 3 0 9999 64 4 80,RECAL 3 1 -2293 64 4 80,-2328,-1251,15,9,-228848,-228972,-2293,-1188,-2292,-1191
RECAL 1 4 16 16 16 48,RECAL 3 0 9999 64 4 80,RECAL 3 1 -2208 64 4 80,-2237,1106,23,8,-230069,-238700,-2208,1198,-2205,1198
RECAL 1 4 16 17 17 48,RECAL 3 0 9999 64 4 80,RECAL 3 1 -2208 64 4 80,-2238,1948,23,8,-229361,-252524,-2208,2038,-2206,2040
RECAL 1 4 16 18 18 48,RECAL 3 0 9999 64 4 80,RECAL 3 1 -2206 64 4 80,-2268,2561,16,16,-229026,-228970,-2206,2626,-2204,2625
RECAL 1 4 17 1 1 49,RECAL 3 0 9999 64 4 80,RECAL 3 1 2333 64 4 80,2221,-2700,NULL,NULL,NULL,NULL,NULL,NULL,NULL,NULL
RECAL 1 4 17 2 2 49,RECAL 3 0 9999 64 4 80,RECAL 3 1 2322 64 4 80,2248,-2052,NULL,NULL,NULL,NULL,NULL,NULL,NULL,NULL
RECAL 1 4 17 3 3 49,RECAL 3 0 9999 64 4 80,RECAL 3 1 2217 64 4 80,2156,-1343,16,16,-233363,-233445,2217,-1279,2220,-1279
RECAL 1 4 17 4 4 49,RECAL 3 0 9999 64 4 80,RECAL 3 1 2224 64 4 80,2164,1153,15,15,-231199,-231248,2224,1216,2224,1213
RECAL 1 4 17 5 5 49,RECAL 3 0 9999 64 4 80,RECAL 3 1 2228 64 4 80,2168,2046,16,15,-231655,-231723,2228,2108,2228,2110
RECAL 1 4 17 6 6 49,RECAL 3 0 9999 64 4 80,RECAL 3 1 2309 64 4 80,2287,2617,25,1,-266624,-270208,2309,2723,2291,2717
RECAL 1 4 17 7 7 49,RECAL 3 0 9999 64 4 80,RECAL 3 1 881 64 4 80,865,2599,27,4,-270708,-270793,881.1,2709,881,2707
RECAL 1 4 17 8 8 49,RECAL 3 0 9999 64 4 80,NULL,-407,NULL,NULL,NULL,NULL,NULL,NULL,NULL,NULL,NULL
RECAL 1 4 17 9 9 49,RECAL 3 0 9999 64 4 80,NULL,-419,NULL,NULL,NULL,NULL,NULL,NULL,NULL,NULL,NULL
RECAL 1 4 17 10 10 49,RECAL 3 0 9999 64 4 80,NULL,823,NULL,NULL,NULL,NULL,NULL,NULL,NULL,NULL,NULL
RECAL 1 4 17 11 11 49,RECAL 3 0 9999 64 4 80,RECAL 3 1 766 64 4 80,734,-2088,NULL,NULL,NULL,NULL,NULL,NULL,NULL,NULL
RECAL 1 4 17 12 12 49,RECAL 3 0 9999 64 4 80,RECAL 3 1 915 64 4 80,833,-2762,23,2,-270917,-270741,914.6,-2673,841,-2670
RECAL 1 4 17 13 13 49,RECAL 3 0 9999 64 4 80,RECAL 3 1 -2315 64 4 80,-2378,-2812,17,16,-229193,-230010,-2315,-2745,-2314,-2744
RECAL 1 4 17 14 14 49,RECAL 3 0 9999 64 4 80,NULL,-2118,NULL,NULL,NULL,NULL,NULL,NULL,NULL,NULL,NULL
RECAL 1 4 17 15 15 49,RECAL 3 0 9999 64 4 80,NULL,-2078,NULL,NULL,NULL,NULL,NULL,NULL,NULL,NULL,NULL
RECAL 1 4 17 16 16 49,RECAL 3 0 9999 64 4 80,RECAL 3 1 -2120 64 4 80,-2171,1105,7,13,-270674,-270627,-2120,1134,-2119,1133
RECAL 1 4 17 17 17 49,RECAL 3 0 9999 64 4 80,RECAL 3 1 -2283 64 4 80,-2346,2047,16,16,-229659,-229487,-2283,2109,-2282,2111
RECAL 1 4 17 18 18 49,RECAL 3 0 9999 64 4 80,RECAL 3 1 -2273 64 4 80,-2336,2659,16,16,-229360,-229260,-2273,2727,-2272,2723
RECAL 1 4 18 1 1 50,RECAL 3 0 9999 64 4 80,RECAL 3 1 2335 64 4 80,2274,-2763,17,15,-229146,-229311,2335,-2697,2334,-2695
RECAL 1 4 18 2 2 50,RECAL 3 0 9999 64 4 80,RECAL 3 1 2351 64 4 80,2290,-2157,16,15,-231332,-231169,2351,-2089,2350,-2093
RECAL 1 4 18 3 3 50,RECAL 3 0 9999 64 4 80,RECAL 3 1 2257 64 4 80,2198,-1278,16,15,-232888,-232814,2257,-1214,2258,-1214
RECAL 1 4 18 4 4 50,RECAL 3 0 9999 64 4 80,RECAL 3 1 2332 64 4 80,2229,1189,NULL,NULL,NULL,NULL,NULL,NULL,NULL,NULL
RECAL 1 4 18 5 5 50,RECAL 3 0 9999 64 4 80,NULL,2264,NULL,NULL,NULL,NULL,NULL,NULL,NULL,NULL,NULL
RECAL 1 4 18 6 6 50,RECAL 3 0 9999 64 4 80,RECAL 3 1 2366 64 4 80,2263,2575,NULL,NULL,NULL,NULL,NULL,NULL,NULL,NULL
RECAL 1 4 18 7 7 50,RECAL 3 0 9999 64 4 80,RECAL 3 1 633 64 4 80,607,2676,16,7,-230842,-230589,633.5,2736,635,2740
RECAL 1 4 18 8 8 50,RECAL 3 0 9999 64 4 80,RECAL 3 1 681 64 4 80,645,2081,15,10,-229867,-229887,681,2143,685,2141
RECAL 1 4 18 9 9 50,RECAL 3 0 9999 64 4 80,NULL,684,NULL,NULL,NULL,NULL,NULL,NULL,NULL,NULL,NULL
RECAL 1 4 18 10 10 50,RECAL 3 0 9999 64 4 80,RECAL 3 1 385 64 4 80,380,-1223,16,1,-229435,-229520,385.4,-1158,384,-1159
RECAL 1 4 18 11 11 50,RECAL 3 0 9999 64 4 80,RECAL 3 1 781 64 4 80,740,-2123,17,10,-228906,-229105,780.7,-2057,780,-2055
RECAL 1 4 18 12 12 50,RECAL 3 0 9999 64 4 80,RECAL 3 1 746 64 4 80,702,-2734,16,11,-227800,-227836,746,-2670,746,-2670
RECAL 1 4 18 13 13 50,RECAL 3 0 9999 64 4 80,RECAL 3 1 -2125 64 4 80,-2187,-2764,17,16,-227840,-228486,-2125,-2697,-2123,-2696
RECAL 1 4 18 14 14 50,RECAL 3 0 9999 64 4 80,RECAL 3 1 -2104 64 4 80,-2138,-2178,21,9,-229096,-244210,-2104,-2093,-2102,-2094
RECAL 1 4 18 15 15 50,RECAL 3 0 9999 64 4 80,RECAL 3 1 -2199 64 4 80,-2264,-1285,16,15,-229911,-230010,-2199,-1221,-2204,-1221
RECAL 1 4 18 16 16 50,RECAL 3 0 9999 64 4 80,RECAL 3 1 -2120 64 4 80,-2162,1141,24,11,-231437,-244247,-2120,1239,-2118,1237
RECAL 1 4 18 17 17 50,RECAL 3 0 9999 64 4 80,NULL,-2197,NULL,NULL,NULL,NULL,NULL,NULL,NULL,NULL,NULL
RECAL 1 4 18 18 18 50,RECAL 3 0 9999 64 4 80,RECAL 3 1 -2156 64 4 80,-2219,2650,15,15,-231144,-232652,-2156,2708,-2159,2710
RECAL 1 4 19 1 1 51,RECAL 3 0 9999 64 4 80,NULL,2106,NULL,NULL,NULL,NULL,NULL,NULL,NULL,NULL,NULL
RECAL 1 4 19 2 2 51,RECAL 3 0 9999 64 4 80,RECAL 3 1 2168 64 4 80,2127,-2170,10,10,-231363,-249924,2168,-2130,2167,-2130
RECAL 1 4 19 3 3 51,RECAL 3 0 9999 64 4 80,RECAL 3 1 2084 64 4 80,2084,-1351,16,0,-236614,-236900,2084,-1284,2084,-1287
RECAL 1 4 19 4 4 51,RECAL 3 0 9999 64 4 80,RECAL 3 1 2086 64 4 80,2085,1036,NULL,NULL,NULL,NULL,NULL,NULL,NULL,NULL
RECAL 1 4 19 5 5 51,RECAL 3 0 9999 64 4 80,RECAL 3 1 2077 64 4 80,2077,1977,23,0,-230806,-254478,2077,2071,2077,2069
RECAL 1 4 19 6 6 51,RECAL 3 0 9999 64 4 80,RECAL 3 1 2140 64 4 80,2074,2610,17,16,-229002,-229667,2140,2676,2138,2678
RECAL 1 4 19 7 7 51,RECAL 3 0 9999 64 4 80,RECAL 3 1 -491 64 4 80,-560,2649,14,18,-229659,-232891,-490.5,2705,-488,2705
RECAL 1 4 19 8 8 51,RECAL 3 0 9999 64 4 80,RECAL 3 1 -764 64 4 80,-827,2047,16,15,-230635,-230422,-763.8,2110,-767,2111
RECAL 1 4 19 9 9 51,RECAL 3 0 9999 64 4 80,RECAL 3 1 -750 64 4 80,-815,1183,18,16,-231636,-232086,-750.3,1252,-751,1255
RECAL 1 4 19 10 10 51,RECAL 3 0 9999 64 4 80,RECAL 3 1 -429 64 4 80,-432,-1208,0,1,-268957,-270443,-428.9,-1208,-428,-1208
RECAL 1 4 19 11 11 51,RECAL 3 0 9999 64 4 80,RECAL 3 1 -207 64 4 80,-306,-2154,17,25,-231522,-231665,-206.7,-2088,-206,-2086
RECAL 1 4 19 12 12 51,RECAL 3 0 9999 64 4 80,NULL,-517,NULL,NULL,NULL,NULL,NULL,NULL,NULL,NULL,NULL
RECAL 1 4 19 13 13 51,RECAL 3 0 9999 64 4 80,RECAL 3 1 -2254 64 4 80,-2305,-2671,23,13,-270434,-270580,-2254,-2664,-2253,-2579
RECAL 1 4 19 14 14 51,RECAL 3 0 9999 64 4 80,RECAL 3 1 -2247 64 4 80,-2269,-2124,0,20,-265054,-270406,-2247,-2124,-2189,-2124
RECAL 1 4 19 15 15 51,RECAL 3 0 9999 64 4 80,RECAL 3 1 -2246 64 4 80,-2258,-1228,0,3,-267580,-270583,-2246,-1228,-2246,-1228
RECAL 1 4 19 16 16 51,RECAL 3 0 9999 64 4 80,NULL,-2251,NULL,NULL,NULL,NULL,NULL,NULL,NULL,NULL,NULL
RECAL 1 4 19 17 17 51,RECAL 3 0 9999 64 4 80,NULL,-2346,NULL,NULL,NULL,NULL,NULL,NULL,NULL,NULL,NULL
RECAL 1 4 19 18 18 51,RECAL 3 0 9999 64 4 80,RECAL 3 1 -2227 64 4 80,-2290,2610,14,16,-230114,-233950,-2227,2666,-2226,2666
RECAL 1 4 20 1 1 52,RECAL 3 0 9999 64 4 80,RECAL 3 1 2040 64 4 80,1978,-2658,17,15,-229067,-229133,2040,-2594,2038,-2590
RECAL 1 4 20 2 2 52,RECAL 3 0 9999 64 4 80,RECAL 3 1 2004 64 4 80,1942,-2037,16,16,-231990,-232052,2004,-1970,2006,-1973
RECAL 1 4 20 3 3 52,RECAL 3 0 9999 64 4 80,RECAL 3 1 2046 64 4 80,1985,-1090,16,15,-231719,-231589,2046,-1025,2045,-1026
RECAL 1 4 20 4 4 52,RECAL 3 0 9999 64 4 80,RECAL 3 1 1912 64 4 80,1850,1321,15,16,-233424,-233821,1912,1381,1914,1381
RECAL 1 4 20 5 5 52,RECAL 3 0 9999 64 4 80,NULL,1899,NULL,NULL,NULL,NULL,NULL,NULL,NULL,NULL,NULL
RECAL 1 4 20 6 6 52,RECAL 3 0 9999 64 4 80,RECAL 3 1 1928 64 4 80,1865,2688,16,16,-236994,-236963,1928,2747,1929,2752
RECAL 1 4 20 7 7 52,RECAL 3 0 9999 64 4 80,NULL,-2.132e+04,NULL,NULL,NULL,NULL,NULL,NULL,NULL,NULL,NULL
RECAL 1 4 20 8 8 52,RECAL 3 0 9999 64 4 80,NULL,481,NULL,NULL,NULL,NULL,NULL,NULL,NULL,NULL,NULL
RECAL 1 4 20 9 9 52,RECAL 3 0 9999 64 4 80,RECAL 3 1 -1030 64 4 80,-1093,1281,14,16,-230569,-231961,-1030,1336,-1029,1337
RECAL 1 4 20 10 10 52,RECAL 3 0 9999 64 4 80,RECAL 3 1 -311 64 4 80,-339,-1241,NULL,NULL,NULL,NULL,NULL,NULL,NULL,NULL
RECAL 1 4 20 11 11 52,RECAL 3 0 9999 64 4 80,RECAL 3 1 -842 64 4 80,-904,-2061,15,16,-230378,-230492,-842.1,-2000,-840,-2001
RECAL 1 4 20 12 12 52,RECAL 3 0 9999 64 4 80,RECAL 3 1 457 64 4 80,370,-2679,NULL,NULL,NULL,NULL,NULL,NULL,NULL,NULL
RECAL 1 4 20 13 13 52,RECAL 3 0 9999 64 4 80,RECAL 3 1 -2086 64 4 80,-2161,-2638,NULL,NULL,NULL,NULL,NULL,NULL,NULL,NULL
RECAL 1 4 20 14 14 52,RECAL 3 0 9999 64 4 80,RECAL 3 1 -2015 64 4 80,-2125,-2062,19,28,-270788,-270613,-2015,-1982,-2013,-1986
RECAL 1 4 20 15 15 52,RECAL 3 0 9999 64 4 80,NULL,-2294,NULL,NULL,NULL,NULL,NULL,NULL,NULL,NULL,NULL
RECAL 1 4 20 16 16 52,RECAL 3 0 9999 64 4 80,RECAL 3 1 -2381 64 4 80,-2445,1310,15,16,-232450,-233001,-2381,1370,-2381,1370
RECAL 1 4 20 17 17 52,RECAL 3 0 9999 64 4 80,NULL,-2236,NULL,NULL,NULL,NULL,NULL,NULL,NULL,NULL,NULL
RECAL 1 4 20 18 18 52,RECAL 3 0 9999 64 4 80,RECAL 3 1 -2376 64 4 80,-2441,2673,17,16,-232040,-232077,-2376,2736,-2377,2741
RECAL 1 4 21 1 1 53,RECAL 3 0 9999 64 4 80,RECAL 3 1 2039 64 4 80,1976,-2718,16,16,-227282,-227313,2039,-2652,2040,-2654
RECAL 1 4 21 2 2 53,RECAL 3 0 9999 64 4 80,RECAL 3 1 2299 64 4 80,2290,-2133,28,2,-270779,-270626,2299,-2019,2298,-2021
RECAL 1 4 21 3 3 53,RECAL 3 0 9999 64 4 80,RECAL 3 1 1966 64 4 80,1901,-1179,16,16,-227696,-227658,1966,-1115,1965,-1115
RECAL 1 4 21 4 4 53,RECAL 3 0 9999 64 4 80,NULL,2246,NULL,NULL,NULL,NULL,NULL,NULL,NULL,NULL,NULL
RECAL 1 4 21 5 5 53,RECAL 3 0 9999 64 4 80,RECAL 3 1 2289 64 4 80,2172,2076,22,29,-270471,-270789,2289,2164,2288,2164
RECAL 1 4 21 6 6 53,RECAL 3 0 9999 64 4 80,NULL,2233,NULL,NULL,NULL,NULL,NULL,NULL,NULL,NULL,NULL
RECAL 1 4 21 7 7 53,RECAL 3 0 9999 64 4 80,RECAL 3 1 -909 64 4 80,-975,2708,17,16,-228112,-228563,-908.6,2775,-911,2776
RECAL 1 4 21 8 8 53,RECAL 3 0 9999 64 4 80,RECAL 3 1 -962 64 4 80,-1025,2127,17,16,-227227,-227756,-961.8,2195,-961,2195
RECAL 1 4 21 9 9 53,RECAL 3 0 9999 64 4 80,RECAL 3 1 -762 64 4 80,-828,1331,14,16,-227258,-228383,-761.6,1387,-764,1387
RECAL 1 4 21 10 10 53,RECAL 3 0 9999 64 4 80,RECAL 3 1 -427 64 4 80,-505,NULL,NULL,NULL,NULL,NULL,NULL,NULL,NULL,NULL
RECAL 1 4 21 11 11 53,RECAL 3 0 9999 64 4 80,RECAL 3 1 -805 64 4 80,-871,-2061,15,17,-227346,-228393,-805.2,-2004,-803,-2001
RECAL 1 4 21 12 12 53,RECAL 3 0 9999 64 4 80,NULL,-917,NULL,NULL,NULL,NULL,NULL,NULL,NULL,NULL,NULL
RECAL 1 4 21 13 13 53,RECAL 3 0 9999 64 4 80,RECAL 3 1 -2318 64 4 80,-2386,-2721,17,17,-230684,-232206,-2318,-2649,-2318,-2653
RECAL 1 4 21 14 14 53,RECAL 3 0 9999 64 4 80,RECAL 3 1 -2307 64 4 80,-2373,-2098,15,16,-229498,-229660,-2307,-2036,-2309,-2038
RECAL 1 4 21 15 15 53,RECAL 3 0 9999 64 4 80,NULL,-2401,NULL,NULL,NULL,NULL,NULL,NULL,NULL,NULL,NULL
RECAL 1 4 21 16 16 53,RECAL 3 0 9999 64 4 80,RECAL 3 1 -2294 64 4 80,-2359,1278,14,16,-228983,-229884,-2294,1334,-2295,1334
RECAL 1 4 21 17 17 53,RECAL 3 0 9999 64 4 80,RECAL 3 1 -2346 64 4 80,-2346,2056,26,0,-235291,-266476,-2346,2160,-2346,2160
RECAL 1 4 21 18 18 53,RECAL 3 0 9999 64 4 80,RECAL 3 1 -2338 64 4 80,-2358,2697,13,5,-229074,-239899,-2338,2746,-2338,2749
RECAL 1 4 22 1 1 54,RECAL 3 0 9999 64 4 80,NULL,2355,NULL,NULL,NULL,NULL,NULL,NULL,NULL,NULL,NULL
RECAL 1 4 22 2 2 54,RECAL 3 0 9999 64 4 80,RECAL 3 1 2144 64 4 80,2081,-2210,16,15,-230137,-230082,2144,-2147,2141,-2146
RECAL 1 4 22 3 3 54,RECAL 3 0 9999 64 4 80,RECAL 3 1 2091 64 4 80,2030,-1396,16,15,-230033,-230182,2091,-1336,2090,-1332
RECAL 1 4 22 4 4 54,RECAL 3 0 9999 64 4 80,RECAL 3 1 2442 64 4 80,2377,1183,NULL,NULL,NULL,NULL,NULL,NULL,NULL,NULL
RECAL 1 4 22 5 5 54,RECAL 3 0 9999 64 4 80,RECAL 3 1 2433 64 4 80,2372,2023,29,15,-270875,-270890,2433,2140,2432,2139
RECAL 1 4 22 6 6 54,RECAL 3 0 9999 64 4 80,RECAL 3 1 2201 64 4 80,2140,2548,15,15,-230403,-230542,2201,2610,2200,2608
RECAL 1 4 22 7 7 54,RECAL 3 0 9999 64 4 80,RECAL 3 1 506 64 4 80,466,2574,14,10,-228927,-232865,505.8,2630,506,2630
RECAL 1 4 22 8 8 54,RECAL 3 0 9999 64 4 80,NULL,1064,NULL,NULL,NULL,NULL,NULL,NULL,NULL,NULL,NULL
RECAL 1 4 22 9 9 54,RECAL 3 0 9999 64 4 80,NULL,-462,NULL,NULL,NULL,NULL,NULL,NULL,NULL,NULL,NULL
RECAL 1 4 22 10 10 54,RECAL 3 0 9999 64 4 80,RECAL 3 1 -517 64 4 80,-575,-1353,16,15,-227928,-227921,-516.8,-1291,-515,-1289
RECAL 1 4 22 11 11 54,RECAL 3 0 9999 64 4 80,RECAL 3 1 -170 64 4 80,-228,NULL,NULL,NULL,NULL,NULL,NULL,NULL,NULL,NULL
RECAL 1 4 22 12 12 54,RECAL 3 0 9999 64 4 80,NULL,984,NULL,NULL,NULL,NULL,NULL,NULL,NULL,NULL,NULL
RECAL 1 4 22 13 13 54,RECAL 3 0 9999 64 4 80,RECAL 3 1 -2032 64 4 80,-2108,-2743,6,19,-270822,-270729,-2032,-2719,-2032,-2719
RECAL 1 4 22 14 14 54,RECAL 3 0 9999 64 4 80,NULL,-2134,NULL,NULL,NULL,NULL,NULL,NULL,NULL,NULL,NULL
RECAL 1 4 22 15 15 54,RECAL 3 0 9999 64 4 80,NULL,-2127,NULL,NULL,NULL,NULL,NULL,NULL,NULL,NULL,NULL
RECAL 1 4 22 16 16 54,RECAL 3 0 9999 64 4 80,RECAL 3 1 -2158 64 4 80,-2158,1102,NULL,NULL,NULL,NULL,NULL,NULL,NULL,NULL
RECAL 1 4 22 17 17 54,RECAL 3 0 9999 64 4 80,RECAL 3 1 -2080 64 4 80,-2143,1940,16,15,-229636,-229685,-2080,2001,-2083,2004
RECAL 1 4 22 18 18 54,RECAL 3 0 9999 64 4 80,RECAL 3 1 -2073 64 4 80,-2073,2566,11,0,-242807,-257554,-2073,2612,-2073,2610
RECAL 1 4 23 1 1 55,RECAL 3 0 9999 64 4 80,RECAL 3 1 2373 64 4 80,2285,-2996,NULL,NULL,NULL,NULL,NULL,NULL,NULL,NULL
RECAL 1 4 23 2 2 55,RECAL 3 0 9999 64 4 80,RECAL 3 1 2342 64 4 80,2281,-2087,16,16,-226609,-226704,2342,-2019,2345,-2023
RECAL 1 4 23 3 3 55,RECAL 3 0 9999 64 4 80,RECAL 3 1 2426 64 4 80,2363,-1244,16,15,-227774,-227772,2426,-1178,2423,-1180
RECAL 1 4 23 4 4 55,RECAL 3 0 9999 64 4 80,RECAL 3 1 2342 64 4 80,2280,1122,16,15,-226666,-226772,2342,1183,2340,1186
RECAL 1 4 23 5 5 55,RECAL 3 0 9999 64 4 80,RECAL 3 1 2457 64 4 80,2377,2130,NULL,NULL,NULL,NULL,NULL,NULL,NULL,NULL
RECAL 1 4 23 6 6 55,RECAL 3 0 9999 64 4 80,RECAL 3 1 2428 64 4 80,2367,2546,16,15,-226991,-226888,2428,2608,2427,2610
RECAL 1 4 23 7 7 55,RECAL 3 0 9999 64 4 80,RECAL 3 1 -512 64 4 80,-537,2895,NULL,NULL,NULL,NULL,NULL,NULL,NULL,NULL
RECAL 1 4 23 8 8 55,RECAL 3 0 9999 64 4 80,RECAL 3 1 -517 64 4 80,-572,2169,3,14,-270527,-270632,-517.2,2208,-516,2181
RECAL 1 4 23 9 9 55,RECAL 3 0 9999 64 4 80,RECAL 3 1 862 64 4 80,803,1185,16,14,-227624,-227490,861.9,1245,859,1249
RECAL 1 4 23 10 10 55,RECAL 3 0 9999 64 4 80,RECAL 3 1 -910 64 4 80,-953,-1331,NULL,NULL,NULL,NULL,NULL,NULL,NULL,NULL
RECAL 1 4 23 11 11 55,RECAL 3 0 9999 64 4 80,NULL,-973,NULL,NULL,NULL,NULL,NULL,NULL,NULL,NULL,NULL
RECAL 1 4 23 12 12 55,RECAL 3 0 9999 64 4 80,RECAL 3 1 -816 64 4 80,-822,-2953,NULL,NULL,NULL,NULL,NULL,NULL,NULL,NULL
RECAL 1 4 23 13 13 55,RECAL 3 0 9999 64 4 80,RECAL 3 1 -1938 64 4 80,-2001,-2676,17,16,-227109,-228605,-1938,-2606,-1937,-2608
RECAL 1 4 23 14 14 55,RECAL 3 0 9999 64 4 80,RECAL 3 1 -2019 64 4 80,-2083,-2083,16,16,-225479,-225330,-2019,-2021,-2019,-2019
RECAL 1 4 23 15 15 55,RECAL 3 0 9999 64 4 80,RECAL 3 1 -2652 64 4 80,-2711,-1402,16,15,-270613,-270519,-2652,-1338,-2651,-1338
RECAL 1 4 23 16 16 55,RECAL 3 0 9999 64 4 80,RECAL 3 1 -2520 64 4 80,-2591,1214,14,18,-270573,-270547,-2520,1271,-2519,1270
RECAL 1 4 23 17 17 55,RECAL 3 0 9999 64 4 80,NULL,-2575,NULL,NULL,NULL,NULL,NULL,NULL,NULL,NULL,NULL
RECAL 1 4 23 18 18 55,RECAL 3 0 9999 64 4 80,RECAL 3 1 -1928 64 4 80,-1991,2541,16,15,-225670,-225649,-1928,2605,-1931,2605
RECAL 1 4 24 1 1 56,RECAL 3 0 9999 64 4 80,RECAL 3 1 2289 64 4 80,2212,-2726,NULL,NULL,NULL,NULL,NULL,NULL,NULL,NULL
RECAL 1 4 24 2 2 56,RECAL 3 0 9999 64 4 80,RECAL 3 1 2090 64 4 80,2029,-2131,16,15,-226426,-226575,2090,-2070,2089,-2067
RECAL 1 4 24 3 3 56,RECAL 3 0 9999 64 4 80,NULL,NULL,NULL,NULL,NULL,NULL,NULL,NULL,NULL,NULL,NULL
RECAL 1 4 24 5 5 56,RECAL 3 0 9999 64 4 80,RECAL 3 1 2030 64 4 80,1969,2005,15,15,-227434,-227374,2030,2069,2029,2065
RECAL 1 4 24 6 6 56,RECAL 3 0 9999 64 4 80,NULL,2190,NULL,NULL,NULL,NULL,NULL,NULL,NULL,NULL,NULL
RECAL 1 4 24 7 7 56,RECAL 3 0 9999 64 4 80,NULL,128,NULL,NULL,NULL,NULL,NULL,NULL,NULL,NULL,NULL
RECAL 1 4 24 8 8 56,RECAL 3 0 9999 64 4 80,RECAL 3 1 -771 64 4 80,-827,2039,15,13,-226033,-226700,-770.6,2099,-775,2099
RECAL 1 4 24 9 9 56,RECAL 3 0 9999 64 4 80,NULL,414,NULL,NULL,NULL,NULL,NULL,NULL,NULL,NULL,NULL
RECAL 1 4 24 10 10 56,RECAL 3 0 9999 64 4 80,RECAL 3 1 612 64 4 80,503,-1343,5,27,-270594,-270690,611.8,-1323,611,-1323
RECAL 1 4 24 11 11 56,RECAL 3 0 9999 64 4 80,NULL,259,NULL,NULL,NULL,NULL,NULL,NULL,NULL,NULL,NULL
RECAL 1 4 24 12 12 56,RECAL 3 0 9999 64 4 80,NULL,-809,NULL,NULL,NULL,NULL,NULL,NULL,NULL,NULL,NULL
RECAL 1 4 24 13 13 56,RECAL 3 0 9999 64 4 80,RECAL 3 1 -2230 64 4 80,-2242,-2803,NULL,NULL,NULL,NULL,NULL,NULL,NULL,NULL
RECAL 1 4 24 14 14 56,RECAL 3 0 9999 64 4 80,RECAL 3 1 -2222 64 4 80,-2284,-2145,NULL,NULL,NULL,NULL,NULL,NULL,NULL,NULL
RECAL 1 4 24 15 15 56,RECAL 3 0 9999 64 4 80,RECAL 3 1 -2319 64 4 80,-2382,-1300,15,15,-225753,-226172,-2319,-1241,-2322,-1240
RECAL 1 4 24 16 16 56,RECAL 3 0 9999 64 4 80,RECAL 3 1 -2259 64 4 80,-2320,1123,16,16,-225871,-225783,-2259,1186,-2256,1187
RECAL 1 4 24 17 17 56,RECAL 3 0 9999 64 4 80,NULL,-2343,NULL,NULL,NULL,NULL,NULL,NULL,NULL,NULL,NULL
RECAL 1 4 24 18 18 56,RECAL 3 0 9999 64 4 80,NULL,2.246e+04,NULL,NULL,NULL,NULL,NULL,NULL,NULL,NULL,NULL
RECAL 1 4 25 1 1 57,RECAL 3 0 9999 64 4 80,RECAL 3 1 2404 64 4 80,2342,-2714,NULL,NULL,NULL,NULL,NULL,NULL,NULL,NULL
RECAL 1 4 25 2 2 57,RECAL 3 0 9999 64 4 80,RECAL 3 1 2339 64 4 80,2278,-2107,16,15,-228227,-228119,2339,-2043,2338,-2043
RECAL 1 4 25 3 3 57,RECAL 3 0 9999 64 4 80,RECAL 3 1 2131 64 4 80,2080,-1274,12,13,-270825,-270869,2131,-1228,2132,-1226
RECAL 1 4 25 4 4 57,RECAL 3 0 9999 64 4 80,RECAL 3 1 2353 64 4 80,2291,1203,16,15,-228294,-228360,2353,1265,2351,1267
RECAL 1 4 25 5 5 57,RECAL 3 0 9999 64 4 80,RECAL 3 1 2444 64 4 80,2381,2042,16,15,-226549,-226444,2444,2104,2441,2106
RECAL 1 4 25 6 6 57,RECAL 3 0 9999 64 4 80,NULL,2184,NULL,NULL,NULL,NULL,NULL,NULL,NULL,NULL,NULL
RECAL 1 4 25 7 7 57,RECAL 3 0 9999 64 4 80,RECAL 3 1 -490 64 4 80,-496,2676,30,1,-270646,-270865,-490.2,2797,-492,2796
RECAL 1 4 25 8 8 57,RECAL 3 0 9999 64 4 80,RECAL 3 1 1046 64 4 80,986,2003,16,16,-227414,-227410,1046,2065,1050,2067
RECAL 1 4 25 9 9 57,RECAL 3 0 9999 64 4 80,RECAL 3 1 808 64 4 80,753,1143,16,14,-227053,-227001,808.3,1208,809,1207
RECAL 1 4 25 10 10 57,RECAL 3 0 9999 64 4 80,RECAL 3 1 -552 64 4 80,-611,-1227,2,15,-270683,-270731,-552.2,-1216,-551,-1219
RECAL 1 4 25 11 11 57,RECAL 3 0 9999 64 4 80,RECAL 3 1 793 64 4 80,732,-2141,16,15,-227498,-227557,792.5,-2078,792,-2077
RECAL 1 4 25 12 12 57,RECAL 3 0 9999 64 4 80,RECAL 3 1 -656 64 4 80,-730,-2773,5,19,-270684,-270708,-656.3,-2666,-654,-2753
RECAL 1 4 25 13 13 57,RECAL 3 0 9999 64 4 80,RECAL 3 1 -2352 64 4 80,-2439,-2774,NULL,NULL,NULL,NULL,NULL,NULL,NULL,NULL
RECAL 1 4 25 14 14 57,RECAL 3 0 9999 64 4 80,RECAL 3 1 -2084 64 4 80,-2148,-2127,15,15,-228259,-228869,-2084,-2066,-2088,-2067
RECAL 1 4 25 15 15 57,RECAL 3 0 9999 64 4 80,NULL,-2372,NULL,NULL,NULL,NULL,NULL,NULL,NULL,NULL,NULL
RECAL 1 4 25 16 16 57,RECAL 3 0 9999 64 4 80,NULL,-2335,NULL,NULL,NULL,NULL,NULL,NULL,NULL,NULL,NULL
RECAL 1 4 25 17 17 57,RECAL 3 0 9999 64 4 80,RECAL 3 1 -2303 64 4 80,-2398,2059,4,24,-270670,-270752,-2303,2074,-2302,2075
RECAL 1 4 25 18 18 57,RECAL 3 0 9999 64 4 80,RECAL 3 1 -2050 64 4 80,-2112,2613,15,16,-227487,-228755,-2050,2672,-2048,2673
RECAL 1 4 26 1 1 58,RECAL 3 0 9999 64 4 80,RECAL 3 1 2261 64 4 80,2176,-2746,13,22,-270984,-270907,2261,-2691,2264,-2694
RECAL 1 4 26 2 2 58,RECAL 3 0 9999 64 4 80,RECAL 3 1 2034 64 4 80,1971,-2195,16,15,-229882,-229940,2034,-2128,2031,-2131
RECAL 1 4 26 3 3 58,RECAL 3 0 9999 64 4 80,RECAL 3 1 1940 64 4 80,1879,-1355,16,15,-229263,-229463,1940,-1286,1939,-1291
RECAL 1 4 26 4 4 58,RECAL 3 0 9999 64 4 80,RECAL 3 1 2016 64 4 80,1954,1107,15,15,-230614,-230695,2016,1170,2014,1167
RECAL 1 4 26 5 5 58,RECAL 3 0 9999 64 4 80,RECAL 3 1 1995 64 4 80,1934,1998,16,15,-230774,-230992,1995,2063,1994,2062
RECAL 1 4 26 6 6 58,RECAL 3 0 9999 64 4 80,RECAL 3 1 1980 64 4 80,1919,2603,17,15,-229528,-230740,1980,2670,1979,2671
RECAL 1 4 26 7 7 58,RECAL 3 0 9999 64 4 80,RECAL 3 1 -959 64 4 80,-1018,2612,17,14,-232348,-232749,-959.2,2677,-962,2680
RECAL 1 4 26 8 8 58,RECAL 3 0 9999 64 4 80,RECAL 3 1 -897 64 4 80,-961,2010,NULL,NULL,NULL,NULL,NULL,NULL,NULL,NULL
RECAL 1 4 26 9 9 58,RECAL 3 0 9999 64 4 80,RECAL 3 1 -743 64 4 80,-756,1043,NULL,NULL,NULL,NULL,NULL,NULL,NULL,NULL
RECAL 1 4 26 10 10 58,RECAL 3 0 9999 64 4 80,RECAL 3 1 -1005 64 4 80,-1067,-1327,16,15,-230265,-230340,-1005,-1265,-1007,-1263
RECAL 1 4 26 11 11 58,RECAL 3 0 9999 64 4 80,RECAL 3 1 -659 64 4 80,-659,-2193,20,0,-257772,-261641,-659,-2113,-659,-2113
RECAL 1 4 26 12 12 58,RECAL 3 0 9999 64 4 80,RECAL 3 1 -828 64 4 80,-884,-2809,18,13,-228380,-231616,-828,-2738,-832,-2737
RECAL 1 4 26 13 13 58,RECAL 3 0 9999 64 4 80,RECAL 3 1 -2301 64 4 80,-2365,-2805,17,16,-229770,-230169,-2301,-2739,-2301,-2737
RECAL 1 4 26 14 14 58,RECAL 3 0 9999 64 4 80,RECAL 3 1 -2304 64 4 80,-2367,-2219,16,16,-230541,-230620,-2304,-2153,-2303,-2155
RECAL 1 4 26 15 15 58,RECAL 3 0 9999 64 4 80,RECAL 3 1 -2165 64 4 80,-2262,-1270,NULL,NULL,NULL,NULL,NULL,NULL,NULL,NULL
RECAL 1 4 26 16 16 58,RECAL 3 0 9999 64 4 80,RECAL 3 1 -2315 64 4 80,-2379,1054,16,16,-233705,-233803,-2315,1120,-2315,1118
RECAL 1 4 26 17 17 58,RECAL 3 0 9999 64 4 80,RECAL 3 1 -2331 64 4 80,-2395,1960,18,16,-232626,-234059,-2331,2028,-2331,2032
RECAL 1 4 26 18 18 58,RECAL 3 0 9999 64 4 80,RECAL 3 1 -2303 64 4 80,-2372,2651,0,17,-261963,-270746,-2303,2651,-2304,2651
RECAL 1 4 27 1 1 59,RECAL 3 0 9999 64 4 80,RECAL 3 1 2142 64 4 80,2083,-2693,16,16,-230956,-230720,2142,-2628,2147,-2629
RECAL 1 4 27 2 2 59,RECAL 3 0 9999 64 4 80,RECAL 3 1 2202 64 4 80,2141,-2105,16,15,-230456,-230503,2202,-2038,2201,-2041
RECAL 1 4 27 3 3 59,RECAL 3 0 9999 64 4 80,RECAL 3 1 2192 64 4 80,2131,-1264,16,15,-228868,-228877,2192,-1199,2191,-1200
RECAL 1 4 27 4 4 59,RECAL 3 0 9999 64 4 80,RECAL 3 1 2356 64 4 80,2257,1160,NULL,NULL,NULL,NULL,NULL,NULL,NULL,NULL
RECAL 1 4 27 5 5 59,RECAL 3 0 9999 64 4 80,NULL,2358,NULL,NULL,NULL,NULL,NULL,NULL,NULL,NULL,NULL
RECAL 1 4 27 6 6 59,RECAL 3 0 9999 64 4 80,RECAL 3 1 2378 64 4 80,2286,2617,NULL,NULL,NULL,NULL,NULL,NULL,NULL,NULL
RECAL 1 4 27 7 7 59,RECAL 3 0 9999 64 4 80,RECAL 3 1 -388 64 4 80,-445,2528,15,14,-227614,-228146,-388.5,2590,-389,2588
RECAL 1 4 27 8 8 59,RECAL 3 0 9999 64 4 80,NULL,887,NULL,NULL,NULL,NULL,NULL,NULL,NULL,NULL,NULL
RECAL 1 4 27 9 9 59,RECAL 3 0 9999 64 4 80,RECAL 3 1 -680 64 4 80,-736,1068,17,15,-228741,-228777,-680,1133,-676,1136
RECAL 1 4 27 10 10 59,RECAL 3 0 9999 64 4 80,RECAL 3 1 175 64 4 80,110,-1303,17,16,-230554,-230593,175.3,-1237,174,-1235
RECAL 1 4 27 11 11 59,RECAL 3 0 9999 64 4 80,RECAL 3 1 673 64 4 80,673,-2125,16,0,-269636,-269414,673,-2063,673,-2061
RECAL 1 4 27 12 12 59,RECAL 3 0 9999 64 4 80,RECAL 3 1 973 64 4 80,886,-2743,15,22,-270750,-270708,972.9,-2684,974,-2683
RECAL 1 4 27 13 13 59,RECAL 3 0 9999 64 4 80,RECAL 3 1 -2231 64 4 80,-2295,-2678,16,16,-228552,-228479,-2231,-2612,-2231,-2614
RECAL 1 4 27 14 14 59,RECAL 3 0 9999 64 4 80,RECAL 3 1 -2173 64 4 80,-2236,-2096,18,16,-228169,-229034,-2173,-2024,-2172,-2024
RECAL 1 4 27 15 15 59,RECAL 3 0 9999 64 4 80,RECAL 3 1 -1933 64 4 80,-2037,-1281,17,27,-270886,-270682,-1933,-1216,-1929,-1213
RECAL 1 4 27 16 16 59,RECAL 3 0 9999 64 4 80,RECAL 3 1 -2216 64 4 80,-2216,1165,6,0,-265097,-268852,-2216,1185,-2216,1189
RECAL 1 4 27 17 17 59,RECAL 3 0 9999 64 4 80,RECAL 3 1 -2207 64 4 80,-2271,1960,17,16,-228079,-228767,-2207,2028,-2207,2028
RECAL 1 4 27 18 18 59,RECAL 3 0 9999 64 4 80,RECAL 3 1 -2213 64 4 80,-2279,2552,15,16,-229471,-229653,-2213,2615,-2215,2612
RECAL 1 4 28 1 1 60,RECAL 3 0 9999 64 4 80,NULL,2277,NULL,NULL,NULL,NULL,NULL,NULL,NULL,NULL,NULL
RECAL 1 4 28 2 2 60,RECAL 3 0 9999 64 4 80,NULL,2155,NULL,NULL,NULL,NULL,NULL,NULL,NULL,NULL,NULL
RECAL 1 4 28 3 3 60,RECAL 3 0 9999 64 4 80,NULL,2159,NULL,NULL,NULL,NULL,NULL,NULL,NULL,NULL,NULL
RECAL 1 4 28 4 4 60,RECAL 3 0 9999 64 4 80,RECAL 3 1 2130 64 4 80,2072,1152,16,14,-230909,-230873,2130,1215,2128,1216
RECAL 1 4 28 5 5 60,RECAL 3 0 9999 64 4 80,RECAL 3 1 2135 64 4 80,2076,2011,16,14,-231792,-231951,2135,2073,2132,2075
RECAL 1 4 28 6 6 60,RECAL 3 0 9999 64 4 80,RECAL 3 1 2197 64 4 80,2140,2607,16,15,-232005,-231816,2197,2671,2200,2671
RECAL 1 4 28 7 7 60,RECAL 3 0 9999 64 4 80,NULL,NULL,NULL,NULL,NULL,NULL,NULL,NULL,NULL,NULL,NULL
RECAL 1 4 28 9 9 60,RECAL 3 0 9999 64 4 80,RECAL 3 1 358 64 4 80,302,1282,11,14,-270869,-270965,358,1327,358,1326
RECAL 1 4 28 10 10 60,RECAL 3 0 9999 64 4 80,RECAL 3 1 697 64 4 80,647,-1334,17,12,-227778,-227870,697.2,-1268,695,-1266
RECAL 1 4 28 11 11 60,RECAL 3 0 9999 64 4 80,RECAL 3 1 259 64 4 80,157,-2103,NULL,NULL,NULL,NULL,NULL,NULL,NULL,NULL
RECAL 1 4 28 12 12 60,RECAL 3 0 9999 64 4 80,RECAL 3 1 692 64 4 80,646,-2763,16,11,-227741,-227552,692,-2700,690,-2699
RECAL 1 4 28 13 13 60,RECAL 3 0 9999 64 4 80,RECAL 3 1 -2038 64 4 80,-2149,-2761,24,28,-229047,-266105,-2038,-2665,-2037,-2665
RECAL 1 4 28 14 14 60,RECAL 3 0 9999 64 4 80,RECAL 3 1 -2021 64 4 80,-2082,-2134,17,15,-228430,-229539,-2021,-2062,-2022,-2066
RECAL 1 4 28 15 15 60,RECAL 3 0 9999 64 4 80,RECAL 3 1 -2199 64 4 80,-2288,-1281,NULL,NULL,NULL,NULL,NULL,NULL,NULL,NULL
RECAL 1 4 28 16 16 60,RECAL 3 0 9999 64 4 80,RECAL 3 1 -2115 64 4 80,-2175,1163,16,15,-229189,-229227,-2115,1229,-2115,1227
RECAL 1 4 28 17 17 60,RECAL 3 0 9999 64 4 80,RECAL 3 1 -2110 64 4 80,-2169,2015,16,15,-230625,-230673,-2110,2081,-2109,2079
RECAL 1 4 28 18 18 60,RECAL 3 0 9999 64 4 80,RECAL 3 1 -2042 64 4 80,-2102,2609,16,15,-231419,-231436,-2042,2674,-2042,2673
RECAL 1 4 29 1 1 61,RECAL 3 0 9999 64 4 80,NULL,2382,NULL,NULL,NULL,NULL,NULL,NULL,NULL,NULL,NULL
RECAL 1 4 29 2 2 61,RECAL 3 0 9999 64 4 80,RECAL 3 1 2138 64 4 80,2075,-2217,16,15,-230629,-230607,2138,-2151,2135,-2153
RECAL 1 4 29 3 3 61,RECAL 3 0 9999 64 4 80,RECAL 3 1 2206 64 4 80,2142,-1407,17,16,-230261,-230472,2206,-1340,2206,-1339
RECAL 1 4 29 4 4 61,RECAL 3 0 9999 64 4 80,RECAL 3 1 2143 64 4 80,2080,1019,16,15,-230438,-230394,2143,1080,2140,1083
RECAL 1 4 29 5 5 61,RECAL 3 0 9999 64 4 80,RECAL 3 1 2349 64 4 80,2303,2046,17,11,-270817,-270533,2349,2116,2347,2114
RECAL 1 4 29 6 6 61,RECAL 3 0 9999 64 4 80,RECAL 3 1 2250 64 4 80,2189,2545,16,16,-229721,-229627,2250,2607,2253,2609
RECAL 1 4 29 7 7 61,RECAL 3 0 9999 64 4 80,RECAL 3 1 527 64 4 80,471,2523,NULL,NULL,NULL,NULL,NULL,NULL,NULL,NULL
RECAL 1 4 29 8 8 61,RECAL 3 0 9999 64 4 80,RECAL 3 1 506 64 4 80,443,1894,NULL,NULL,NULL,NULL,NULL,NULL,NULL,NULL
RECAL 1 4 29 9 9 61,RECAL 3 0 9999 64 4 80,RECAL 3 1 870 64 4 80,786,1234,11,21,-270757,-270803,870.5,1278,870,1278
RECAL 1 4 29 10 10 61,RECAL 3 0 9999 64 4 80,RECAL 3 1 794 64 4 80,694,-1197,31,25,-270911,-270922,794.1,-1073,794,-1073
RECAL 1 4 29 11 11 61,RECAL 3 0 9999 64 4 80,NULL,750,NULL,NULL,NULL,NULL,NULL,NULL,NULL,NULL,NULL
RECAL 1 4 29 12 12 61,RECAL 3 0 9999 64 4 80,RECAL 3 1 -229 64 4 80,-293,-2817,17,16,-228698,-229063,-228.8,-2751,-229,-2749
RECAL 1 4 29 13 13 61,RECAL 3 0 9999 64 4 80,RECAL 3 1 -2012 64 4 80,-2051,-2667,3,10,-270955,-270897,-2012,-2653,-2011,-2655
RECAL 1 4 29 14 14 61,RECAL 3 0 9999 64 4 80,RECAL 3 1 -2242 64 4 80,-2304,-2192,15,15,-228527,-229297,-2242,-2133,-2244,-2132
RECAL 1 4 29 15 15 61,RECAL 3 0 9999 64 4 80,RECAL 3 1 -2057 64 4 80,-2084,-1321,3,0,-270870,-270476,-2057,-1311,-2084,-1309
RECAL 1 4 29 16 16 61,RECAL 3 0 9999 64 4 80,RECAL 3 1 -2236 64 4 80,-2298,1043,15,16,-227447,-227615,-2236,1105,-2234,1103
RECAL 1 4 29 17 17 61,RECAL 3 0 9999 64 4 80,NULL,-2202,NULL,NULL,NULL,NULL,NULL,NULL,NULL,NULL,NULL
RECAL 1 4 29 18 18 61,RECAL 3 0 9999 64 4 80,RECAL 3 1 -1907 64 4 80,-2006,2629,22,10,-270827,-270770,-1907,2716,-1966,2717
RECAL 1 4 30 1 1 62,RECAL 3 0 9999 64 4 80,NULL,2262,NULL,NULL,NULL,NULL,NULL,NULL,NULL,NULL,NULL
RECAL 1 4 30 2 2 62,RECAL 3 0 9999 64 4 80,RECAL 3 1 2250 64 4 80,2189,-2277,16,16,-229317,-229124,2250,-2209,2253,-2213
RECAL 1 4 30 3 3 62,RECAL 3 0 9999 64 4 80,RECAL 3 1 2254 64 4 80,2221,-1338,0,8,-265638,-270679,2254,-1338,2253,-1338
RECAL 1 4 30 4 4 62,RECAL 3 0 9999 64 4 80,RECAL 3 1 2275 64 4 80,2167,1161,1,1,-270410,-270832,2275,1166,2171,1165
RECAL 1 4 30 5 5 62,RECAL 3 0 9999 64 4 80,RECAL 3 1 2189 64 4 80,2126,1958,15,16,-229171,-229451,2189,2019,2190,2018
RECAL 1 4 30 6 6 62,RECAL 3 0 9999 64 4 80,RECAL 3 1 2175 64 4 80,2112,2580,17,15,-231693,-231922,2175,2645,2172,2648
RECAL 1 4 30 7 7 62,RECAL 3 0 9999 64 4 80,NULL,-404,NULL,NULL,NULL,NULL,NULL,NULL,NULL,NULL,NULL
RECAL 1 4 30 8 8 62,RECAL 3 0 9999 64 4 80,RECAL 3 1 735 64 4 80,668,2121,7,17,-270704,-270727,735.4,2151,736,2149
RECAL 1 4 30 9 9 62,RECAL 3 0 9999 64 4 80,NULL,249,NULL,NULL,NULL,NULL,NULL,NULL,NULL,NULL,NULL
RECAL 1 4 30 10 10 62,RECAL 3 0 9999 64 4 80,RECAL 3 1 711 64 4 80,705,-1179,27,22,-270819,-270741,710.6,-1070,793,-1071
RECAL 1 4 30 11 11 62,RECAL 3 0 9999 64 4 80,RECAL 3 1 686 64 4 80,610,-2153,30,19,-270770,-270879,686,-2035,686,-2033
RECAL 1 4 30 12 12 62,RECAL 3 0 9999 64 4 80,RECAL 3 1 808 64 4 80,738,-2768,NULL,NULL,NULL,NULL,NULL,NULL,NULL,NULL
RECAL 1 4 30 13 13 62,RECAL 3 0 9999 64 4 80,RECAL 3 1 -2211 64 4 80,-2276,-2850,16,16,-227959,-227904,-2211,-2788,-2212,-2786
RECAL 1 4 30 14 14 62,RECAL 3 0 9999 64 4 80,RECAL 3 1 -2143 64 4 80,-2204,-2257,15,16,-228562,-229833,-2143,-2199,-2140,-2197
RECAL 1 4 30 15 15 62,RECAL 3 0 9999 64 4 80,RECAL 3 1 -2173 64 4 80,-2236,-1442,15,16,-229964,-230159,-2173,-1379,-2172,-1382
RECAL 1 4 30 16 16 62,RECAL 3 0 9999 64 4 80,NULL,-2154,NULL,NULL,NULL,NULL,NULL,NULL,NULL,NULL,NULL
RECAL 1 4 30 17 17 62,RECAL 3 0 9999 64 4 80,RECAL 3 1 -2206 64 4 80,-2268,1960,16,16,-230129,-230096,-2206,2025,-2204,2024
RECAL 1 4 30 18 18 62,RECAL 3 0 9999 64 4 80,RECAL 3 1 -2177 64 4 80,-2177,2596,13,0,-255010,-257833,-2177,2652,-2177,2648
RECAL 1 4 31 1 1 63,RECAL 3 0 9999 64 4 80,NULL,2170,NULL,NULL,NULL,NULL,NULL,NULL,NULL,NULL,NULL
RECAL 1 4 31 2 2 63,RECAL 3 0 9999 64 4 80,RECAL 3 1 2096 64 4 80,2034,-2276,17,16,-226830,-227114,2096,-2209,2098,-2208
RECAL 1 4 31 3 3 63,RECAL 3 0 9999 64 4 80,RECAL 3 1 2190 64 4 80,2128,-1461,16,16,-227740,-227587,2190,-1396,2192,-1397
RECAL 1 4 31 4 4 63,RECAL 3 0 9999 64 4 80,RECAL 3 1 2189 64 4 80,2128,1004,16,16,-227182,-227185,2189,1064,2192,1068
RECAL 1 4 31 5 5 63,RECAL 3 0 9999 64 4 80,RECAL 3 1 2187 64 4 80,2125,1957,15,16,-226942,-227328,2187,2017,2189,2017
RECAL 1 4 31 6 6 63,RECAL 3 0 9999 64 4 80,NULL,NULL,NULL,NULL,NULL,NULL,NULL,NULL,NULL,NULL,NULL
RECAL 1 4 31 8 8 63,RECAL 3 0 9999 64 4 80,RECAL 3 1 -1 64 4 80,-51,1938,7,13,-226570,-256395,-0.9626,1966,1,1966
RECAL 1 4 31 9 9 63,RECAL 3 0 9999 64 4 80,RECAL 3 1 129 64 4 80,80,912,15,13,-226177,-226119,128.6,973.8,132,972
RECAL 1 4 31 10 10 63,RECAL 3 0 9999 64 4 80,RECAL 3 1 113 64 4 80,32,-1528,17,20,-227235,-227347,112.9,-1460,112,-1460
RECAL 1 4 31 11 11 63,RECAL 3 0 9999 64 4 80,RECAL 3 1 -679 64 4 80,-741,-2315,16,14,-225857,-225955,-679.3,-2250,-685,-2251
RECAL 1 4 31 12 12 63,RECAL 3 0 9999 64 4 80,NULL,167,NULL,NULL,NULL,NULL,NULL,NULL,NULL,NULL,NULL
RECAL 1 4 31 13 13 63,RECAL 3 0 9999 64 4 80,RECAL 3 1 -2204 64 4 80,-2268,-2851,NULL,NULL,NULL,NULL,NULL,NULL,NULL,NULL
RECAL 1 4 31 14 14 63,RECAL 3 0 9999 64 4 80,RECAL 3 1 -2280 64 4 80,-2343,-2266,16,16,-228147,-228146,-2280,-2203,-2279,-2202
RECAL 1 4 31 15 15 63,RECAL 3 0 9999 64 4 80,RECAL 3 1 -2135 64 4 80,-2204,-1288,NULL,NULL,NULL,NULL,NULL,NULL,NULL,NULL
RECAL 1 4 31 16 16 63,RECAL 3 0 9999 64 4 80,RECAL 3 1 -2190 64 4 80,-2253,1003,16,16,-226653,-226746,-2190,1067,-2189,1067
RECAL 1 4 31 17 17 63,RECAL 3 0 9999 64 4 80,RECAL 3 1 -2193 64 4 80,-2256,1950,17,16,-227260,-227376,-2193,2014,-2192,2018
RECAL 1 4 31 18 18 63,RECAL 3 0 9999 64 4 80,NULL,-2210,NULL,NULL,NULL,NULL,NULL,NULL,NULL,NULL,NULL
RECAL 1 4 32 1 1 64,RECAL 3 0 9999 64 4 80,RECAL 3 1 2219 64 4 80,2136,NULL,NULL,NULL,NULL,NULL,NULL,NULL,NULL,NULL
RECAL 1 4 32 2 2 64,RECAL 3 0 9999 64 4 80,RECAL 3 1 2139 64 4 80,2079,-2089,16,15,-231790,-231815,2139,-2023,2139,-2025
RECAL 1 4 32 3 3 64,RECAL 3 0 9999 64 4 80,RECAL 3 1 2139 64 4 80,2079,-1243,16,15,-230868,-230815,2139,-1179,2139,-1179
RECAL 1 4 32 4 4 64,RECAL 3 0 9999 64 4 80,RECAL 3 1 2231 64 4 80,2123,1176,1,27,-232417,-264031,2231,1180,2231,1180
RECAL 1 4 32 5 5 64,RECAL 3 0 9999 64 4 80,RECAL 3 1 2231 64 4 80,2168,1959,15,15,-234474,-234606,2231,2021,2228,2019
RECAL 1 4 32 6 6 64,RECAL 3 0 9999 64 4 80,RECAL 3 1 2186 64 4 80,2126,2542,16,16,-233037,-232985,2186,2605,2190,2606
RECAL 1 4 32 7 7 64,RECAL 3 0 9999 64 4 80,NULL,-422,NULL,NULL,NULL,NULL,NULL,NULL,NULL,NULL,NULL
RECAL 1 4 32 8 8 64,RECAL 3 0 9999 64 4 80,RECAL 3 1 325 64 4 80,299,1995,16,7,-231282,-231167,325,2056,327,2059
RECAL 1 4 32 9 9 64,RECAL 3 0 9999 64 4 80,RECAL 3 1 361 64 4 80,294,1183,16,17,-232893,-232895,361.5,1245,362,1247
RECAL 1 4 32 10 10 64,RECAL 3 0 9999 64 4 80,NULL,-839,NULL,NULL,NULL,NULL,NULL,NULL,NULL,NULL,NULL
RECAL 1 4 32 11 11 64,RECAL 3 0 9999 64 4 80,RECAL 3 1 -588 64 4 80,-636,-2048,16,12,-232633,-232545,-587.9,-1982,-588,-1984
RECAL 1 4 32 12 12 64,RECAL 3 0 9999 64 4 80,NULL,-503,NULL,NULL,NULL,NULL,NULL,NULL,NULL,NULL,NULL
RECAL 1 4 32 13 13 64,RECAL 3 0 9999 64 4 80,RECAL 3 1 -2232 64 4 80,-2296,-2677,17,16,-231411,-232812,-2232,-2609,-2232,-2609
RECAL 1 4 32 14 14 64,RECAL 3 0 9999 64 4 80,RECAL 3 1 -2263 64 4 80,-2327,-2092,16,16,-233424,-233365,-2263,-2024,-2263,-2028
RECAL 1 4 32 15 15 64,RECAL 3 0 9999 64 4 80,RECAL 3 1 -2264 64 4 80,-2328,-1246,15,16,-232201,-232709,-2264,-1186,-2264,-1186
RECAL 1 4 32 16 16 64,RECAL 3 0 9999 64 4 80,RECAL 3 1 -2173 64 4 80,-2236,1105,16,16,-233893,-233757,-2173,1169,-2172,1169
RECAL 1 4 32 17 17 64,RECAL 3 0 9999 64 4 80,RECAL 3 1 -2174 64 4 80,-2237,1951,15,16,-234902,-235387,-2174,2012,-2173,2011
RECAL 1 4 32 18 18 64,RECAL 3 0 9999 64 4 80,RECAL 3 1 -2222 64 4 80,-2258,2561,8,8,-236679,-266456,-2222,2597,-2226,2593
RECAL 1 1 1 1 1 33,RECAL 3 0 9999 64 4 80,RECAL 3 1 2574 64 4 80,2467,-2992,25,26,-270715,-270689,2574,-2894,2571,-2892
RECAL 1 1 2 1 1 34,RECAL 3 0 9999 64 4 80,RECAL 3 1 2474 64 4 80,2467,-2329,12,21,-270762,-270539,2474,-2281,2551,-2281
RECAL 1 1 3 1 1 35,RECAL 3 0 9999 64 4 80,NULL,2368,NULL,NULL,NULL,NULL,NULL,NULL,NULL,NULL,NULL
RECAL 1 1 4 1 1 36,RECAL 3 0 9999 64 4 80,NULL,2458,NULL,NULL,NULL,NULL,NULL,NULL,NULL,NULL,NULL
RECAL 1 1 5 1 1 37,RECAL 3 0 9999 64 4 80,RECAL 3 1 2435 64 4 80,2363,2260,NULL,NULL,NULL,NULL,NULL,NULL,NULL,NULL
RECAL 1 1 6 1 1 38,RECAL 3 0 9999 64 4 80,RECAL 3 1 2373 64 4 80,2355,2909,13,5,-270772,-270398,2373,2961,2375,2961
RECAL 1 1 7 1 1 39,RECAL 3 0 9999 64 4 80,RECAL 3 1 -572 64 4 80,-637,2944,11,16,-270636,-270878,-572.2,2987,-573,2988
RECAL 1 1 15 1 1 47,RECAL 3 0 9999 64 4 80,RECAL 3 1 -457 64 4 80,-553,2303,3,24,-270726,-270821,-457.2,2368,-457,2315
RECAL 1 1 32 1 1 64,RECAL 3 0 9999 64 4 80,RECAL 3 1 562 64 4 80,510,1409,27,13,-270811,-270889,562.2,1518,562,1517
RECAL 1 1 49 1 1 17,RECAL 3 0 9999 64 4 80,NULL,-504,NULL,NULL,NULL,NULL,NULL,NULL,NULL,NULL,NULL
RECAL 1 1 8 1 1 40,RECAL 3 0 9999 64 4 80,RECAL 3 1 617 64 4 80,537,-2284,NULL,NULL,NULL,NULL,NULL,NULL,NULL,NULL
RECAL 1 1 9 1 1 41,RECAL 3 0 9999 64 4 80,RECAL 3 1 618 64 4 80,552,-2955,15,16,-228537,-229056,617.7,-2895,616,-2895
RECAL 1 1 10 1 1 42,RECAL 3 0 9999 64 4 80,RECAL 3 1 -2403 64 4 80,-2468,-2959,7,16,-270764,-270764,-2403,-2928,-2404,-2931
RECAL 1 1 11 1 1 43,RECAL 3 0 9999 64 4 80,RECAL 3 1 -2401 64 4 80,-2466,-2292,6,16,-270879,-270670,-2401,-2267,-2402,-2268
RECAL 1 1 12 1 1 44,RECAL 3 0 9999 64 4 80,RECAL 3 1 -2486 64 4 80,-2569,-1292,11,21,-270527,-270651,-2486,-1248,-2485,-1248
RECAL 1 1 13 1 1 45,RECAL 3 0 9999 64 4 80,RECAL 3 1 -2364 64 4 80,-2480,1389,16,8,-270790,-270555,-2364,1453,-2448,1453
RECAL 1 1 14 1 1 46,RECAL 3 0 9999 64 4 80,RECAL 3 1 -2463 64 4 80,-2575,2296,NULL,NULL,NULL,NULL,NULL,NULL,NULL,NULL
RECAL 1 2 15 1 1 47,RECAL 3 0 9999 64 4 80,RECAL 3 1 2481 64 4 80,2396,-2999,22,21,-270507,-270722,2481,-2945,2480,-2911
RECAL 1 2 16 1 1 48,RECAL 3 0 9999 64 4 80,RECAL 3 1 2471 64 4 80,2405,-2350,15,16,-252865,-253065,2471,-2285,2469,-2290
RECAL 1 2 17 1 1 49,RECAL 3 0 9999 64 4 80,RECAL 3 1 2322 64 4 80,2314,-1406,9,2,-270592,-270797,2322,-1370,2322,-1370
RECAL 1 2 18 1 1 50,RECAL 3 0 9999 64 4 80,RECAL 3 1 2369 64 4 80,2304,1284,16,17,-229315,-229500,2369,1351,2372,1348
RECAL 1 2 19 1 1 51,RECAL 3 0 9999 64 4 80,RECAL 3 1 2496 64 4 80,2384,2222,NULL,NULL,NULL,NULL,NULL,NULL,NULL,NULL
RECAL 1 2 20 1 1 52,RECAL 3 0 9999 64 4 80,RECAL 3 1 2453 64 4 80,2387,2873,16,16,-229183,-229298,2453,2942,2451,2937
RECAL 1 2 21 1 1 53,RECAL 3 0 9999 64 4 80,NULL,168,NULL,NULL,NULL,NULL,NULL,NULL,NULL,NULL,NULL
RECAL 1 2 22 1 1 54,RECAL 3 0 9999 64 4 80,RECAL 3 1 146 64 4 80,123,2174,NULL,NULL,NULL,NULL,NULL,NULL,NULL,NULL
RECAL 1 2 23 1 1 55,RECAL 3 0 9999 64 4 80,NULL,-716,NULL,NULL,NULL,NULL,NULL,NULL,NULL,NULL,NULL
RECAL 1 2 24 1 1 56,RECAL 3 0 9999 64 4 80,RECAL 3 1 -649 64 4 80,-677,-1490,8,7,-270856,-270693,-649.4,-1459,-649,-1458
RECAL 1 2 25 1 1 57,RECAL 3 0 9999 64 4 80,RECAL 3 1 400 64 4 80,343,-2398,15,14,-229780,-229658,399.6,-2335,399,-2338
RECAL 1 2 26 1 1 58,RECAL 3 0 9999 64 4 80,RECAL 3 1 386 64 4 80,313,-3032,NULL,NULL,NULL,NULL,NULL,NULL,NULL,NULL
RECAL 1 2 27 1 1 59,RECAL 3 0 9999 64 4 80,RECAL 3 1 -2419 64 4 80,-2480,-2998,15,15,-229913,-230878,-2419,-2938,-2420,-2938
RECAL 1 2 28 1 1 60,RECAL 3 0 9999 64 4 80,NULL,-2480,NULL,NULL,NULL,NULL,NULL,NULL,NULL,NULL,NULL
RECAL 1 2 29 1 1 61,RECAL 3 0 9999 64 4 80,NULL,-2565,NULL,NULL,NULL,NULL,NULL,NULL,NULL,NULL,NULL
RECAL 1 2 30 1 1 62,RECAL 3 0 9999 64 4 80,RECAL 3 1 -2486 64 4 80,-2579,1274,3,14,-270729,-270750,-2486,1286,-2523,1286
RECAL 1 2 31 1 1 63,RECAL 3 0 9999 64 4 80,RECAL 3 1 -2375 64 4 80,-2501,2219,29,31,-270718,-270686,-2375,2335,-2377,2335
RECAL 1 2 32 1 1 64,RECAL 3 0 9999 64 4 80,NULL,2326,NULL,NULL,NULL,NULL,NULL,NULL,NULL,NULL,NULL
RECAL 1 2 33 1 1 1,RECAL 3 0 9999 64 4 80,RECAL 3 1 2386 64 4 80,2370,-2357,0,4,-270993,-270780,2386,-2253,2386,-2357
RECAL 1 2 34 1 1 2,RECAL 3 0 9999 64 4 80,RECAL 3 1 2487 64 4 80,2408,-1437,23,20,-270875,-270964,2487,-1344,2488,-1345
RECAL 1 2 35 1 1 3,RECAL 3 0 9999 64 4 80,RECAL 3 1 2443 64 4 80,2363,1240,15,20,-270812,-270612,2443,1299,2443,1300
RECAL 1 2 36 1 1 4,RECAL 3 0 9999 64 4 80,NULL,2406,NULL,NULL,NULL,NULL,NULL,NULL,NULL,NULL,NULL
RECAL 1 2 37 1 1 5,RECAL 3 0 9999 64 4 80,RECAL 3 1 2623 64 4 80,2521,2831,5,26,-270797,-270741,2623,2851,2625,2851
RECAL 1 2 38 1 1 6,RECAL 3 0 9999 64 4 80,RECAL 3 1 929 64 4 80,870,2815,7,14,-270826,-270847,928.8,2845,926,2843
RECAL 1 2 39 1 1 7,RECAL 3 0 9999 64 4 80,RECAL 3 1 404 64 4 80,378,2168,27,6,-270912,-270864,404.1,2278,402,2276
RECAL 1 2 40 1 1 8,RECAL 3 0 9999 64 4 80,RECAL 3 1 -240 64 4 80,-295,1203,15,14,-270819,-270793,-239.9,1264,-239,1263
RECAL 1 2 41 1 1 9,RECAL 3 0 9999 64 4 80,RECAL 3 1 453 64 4 80,386,-1469,16,17,-228169,-228171,452.6,-1408,454,-1405
RECAL 1 2 42 1 1 10,RECAL 3 0 9999 64 4 80,NULL,-191,NULL,NULL,NULL,NULL,NULL,NULL,NULL,NULL,NULL
RECAL 1 2 43 1 1 11,RECAL 3 0 9999 64 4 80,NULL,-583,NULL,NULL,NULL,NULL,NULL,NULL,NULL,NULL,NULL
RECAL 1 2 44 1 1 12,RECAL 3 0 9999 64 4 80,RECAL 3 1 -2501 64 4 80,-2537,-2985,NULL,NULL,NULL,NULL,NULL,NULL,NULL,NULL
RECAL 1 2 45 1 1 13,RECAL 3 0 9999 64 4 80,NULL,-2491,NULL,NULL,NULL,NULL,NULL,NULL,NULL,NULL,NULL
RECAL 1 2 46 1 1 14,RECAL 3 0 9999 64 4 80,NULL,-2455,NULL,NULL,NULL,NULL,NULL,NULL,NULL,NULL,NULL
RECAL 1 2 47 1 1 15,RECAL 3 0 9999 64 4 80,NULL,-2497,NULL,NULL,NULL,NULL,NULL,NULL,NULL,NULL,NULL
RECAL 1 2 48 1 1 16,RECAL 3 0 9999 64 4 80,RECAL 3 1 -2396 64 4 80,-2458,2193,17,14,-253260,-253686,-2396,2262,-2402,2261
RECAL 1 2 49 1 1 17,RECAL 3 0 9999 64 4 80,NULL,2402,NULL,NULL,NULL,NULL,NULL,NULL,NULL,NULL,NULL
RECAL 1 2 50 1 1 18,RECAL 3 0 9999 64 4 80,RECAL 3 1 2480 64 4 80,2411,-1431,15,17,-229951,-229861,2480,-1367,2479,-1371
RECAL 1 2 51 1 1 19,RECAL 3 0 9999 64 4 80,RECAL 3 1 2383 64 4 80,2325,1239,6,14,-270868,-270736,2383,1262,2381,1263
RECAL 1 2 52 1 1 20,RECAL 3 0 9999 64 4 80,RECAL 3 1 2431 64 4 80,2364,2188,17,17,-230694,-230729,2431,2252,2432,2256
RECAL 1 2 53 1 1 21,RECAL 3 0 9999 64 4 80,RECAL 3 1 2509 64 4 80,2439,2838,17,17,-226806,-227095,2509,2903,2507,2906
RECAL 1 2 54 1 1 22,RECAL 3 0 9999 64 4 80,NULL,633,NULL,NULL,NULL,NULL,NULL,NULL,NULL,NULL,NULL
RECAL 1 2 55 1 1 23,RECAL 3 0 9999 64 4 80,RECAL 3 1 216 64 4 80,178,2238,2,28,-271054,-270922,216.3,2246,290,2246
RECAL 1 2 56 1 1 24,RECAL 3 0 9999 64 4 80,NULL,-440,NULL,NULL,NULL,NULL,NULL,NULL,NULL,NULL,NULL
RECAL 1 2 57 1 1 25,RECAL 3 0 9999 64 4 80,RECAL 3 1 591 64 4 80,523,-1345,15,16,-229374,-229271,591,-1282,587,-1285
RECAL 1 2 58 1 1 26,RECAL 3 0 9999 64 4 80,NULL,459,NULL,NULL,NULL,NULL,NULL,NULL,NULL,NULL,NULL
RECAL 1 2 59 1 1 27,RECAL 3 0 9999 64 4 80,NULL,365,NULL,NULL,NULL,NULL,NULL,NULL,NULL,NULL,NULL
RECAL 1 2 60 1 1 28,RECAL 3 0 9999 64 4 80,RECAL 3 1 -2421 64 4 80,-2450,-2990,5,7,-270796,-270870,-2421,-2969,-2422,-2970
RECAL 1 2 61 1 1 29,RECAL 3 0 9999 64 4 80,NULL,-2440,NULL,NULL,NULL,NULL,NULL,NULL,NULL,NULL,NULL
RECAL 1 2 62 1 1 30,RECAL 3 0 9999 64 4 80,NULL,-2427,NULL,NULL,NULL,NULL,NULL,NULL,NULL,NULL,NULL
RECAL 1 2 63 1 1 31,RECAL 3 0 9999 64 4 80,RECAL 3 1 -2424 64 4 80,-2510,1256,21,22,-271017,-270904,-2424,1318,-2422,1340
RECAL 1 2 64 1 1 32,RECAL 3 0 9999 64 4 80,RECAL 3 1 -2384 64 4 80,-2475,2200,3,23,-270897,-271036,-2384,2211,-2383,2212
RECAL 1 5 33 1 1 1,RECAL 3 0 9999 64 4 80,RECAL 3 1 2376 64 4 80,2281,-2829,NULL,NULL,NULL,NULL,NULL,NULL,NULL,NULL
RECAL 1 5 34 1 1 2,RECAL 3 0 9999 64 4 80,NULL,2172,NULL,NULL,NULL,NULL,NULL,NULL,NULL,NULL,NULL
RECAL 1 5 35 1 1 3,RECAL 3 0 9999 64 4 80,RECAL 3 1 2293 64 4 80,2265,-1307,9,7,-270994,-270869,2293,-1271,2293,-1271
RECAL 1 5 36 1 1 4,RECAL 3 0 9999 64 4 80,RECAL 3 1 2258 64 4 80,2158,1221,17,25,-270812,-270807,2258,1289,2258,1289
RECAL 1 5 37 1 1 5,RECAL 3 0 9999 64 4 80,RECAL 3 1 2287 64 4 80,2248,2105,19,10,-270888,-270917,2287,2182,2288,2181
RECAL 1 5 38 1 1 6,RECAL 3 0 9999 64 4 80,NULL,2237,NULL,NULL,NULL,NULL,NULL,NULL,NULL,NULL,NULL
RECAL 1 5 39 1 1 7,RECAL 3 0 9999 64 4 80,RECAL 3 1 -203 64 4 80,-284,2755,NULL,NULL,NULL,NULL,NULL,NULL,NULL,NULL
RECAL 1 5 47 1 1 15,RECAL 3 0 9999 64 4 80,NULL,-10,NULL,NULL,NULL,NULL,NULL,NULL,NULL,NULL,NULL
RECAL 1 5 64 1 1 32,RECAL 3 0 9999 64 4 80,RECAL 3 1 -619 64 4 80,-726,1288,NULL,NULL,NULL,NULL,NULL,NULL,NULL,NULL
RECAL 1 5 17 1 1 49,RECAL 3 0 9999 64 4 80,NULL,264,NULL,NULL,NULL,NULL,NULL,NULL,NULL,NULL,NULL
RECAL 1 5 40 1 1 8,RECAL 3 0 9999 64 4 80,RECAL 3 1 -655 64 4 80,-668,-2162,18,20,-270798,-270900,-655.3,-2089,-588,-2090
RECAL 1 5 41 1 1 9,RECAL 3 0 9999 64 4 80,RECAL 3 1 416 64 4 80,370,-2794,16,11,-228221,-228027,416.4,-2732,414,-2730
RECAL 1 5 42 1 1 10,RECAL 3 0 9999 64 4 80,NULL,-2329,NULL,NULL,NULL,NULL,NULL,NULL,NULL,NULL,NULL
RECAL 1 5 43 1 1 11,RECAL 3 0 9999 64 4 80,RECAL 3 1 -2331 64 4 80,-2431,-2216,NULL,NULL,NULL,NULL,NULL,NULL,NULL,NULL
RECAL 1 5 44 1 1 12,RECAL 3 0 9999 64 4 80,RECAL 3 1 -2268 64 4 80,-2342,-1324,NULL,NULL,NULL,NULL,NULL,NULL,NULL,NULL
RECAL 1 5 45 1 1 13,RECAL 3 0 9999 64 4 80,NULL,-2447,NULL,NULL,NULL,NULL,NULL,NULL,NULL,NULL,NULL
RECAL 1 5 46 1 1 14,RECAL 3 0 9999 64 4 80,NULL,-2360,NULL,NULL,NULL,NULL,NULL,NULL,NULL,NULL,NULL
RECAL 1 6 47 1 1 15,RECAL 3 0 9999 64 4 80,NULL,2222,NULL,NULL,NULL,NULL,NULL,NULL,NULL,NULL,NULL
RECAL 1 6 48 1 1 16,RECAL 3 0 9999 64 4 80,RECAL 3 1 2278 64 4 80,2212,-2253,15,17,-253398,-253338,2278,-2188,2280,-2193
RECAL 1 6 49 1 1 17,RECAL 3 0 9999 64 4 80,RECAL 3 1 2140 64 4 80,2113,-1400,11,7,-270813,-270846,2140,-1396,2141,-1356
RECAL 1 6 50 1 1 18,RECAL 3 0 9999 64 4 80,RECAL 3 1 2265 64 4 80,2197,1099,16,17,-229954,-230047,2265,1163,2265,1163
RECAL 1 6 51 1 1 19,RECAL 3 0 9999 64 4 80,RECAL 3 1 2115 64 4 80,2098,2023,13,4,-270776,-270926,2115,2074,2114,2075
RECAL 1 6 52 1 1 20,RECAL 3 0 9999 64 4 80,RECAL 3 1 2252 64 4 80,2184,2647,16,17,-230747,-230799,2252,2711,2252,2711
RECAL 1 6 53 1 1 21,RECAL 3 0 9999 64 4 80,RECAL 3 1 -339 64 4 80,-417,2664,17,19,-227197,-227291,-338.5,2729,-341,2732
RECAL 1 6 54 1 1 22,RECAL 3 0 9999 64 4 80,RECAL 3 1 -782 64 4 80,-796,2048,NULL,NULL,NULL,NULL,NULL,NULL,NULL,NULL
RECAL 1 6 55 1 1 23,RECAL 3 0 9999 64 4 80,RECAL 3 1 -222 64 4 80,-254,1145,1,8,-270954,-270926,-221.7,1148,-222,1149
RECAL 1 6 56 1 1 24,RECAL 3 0 9999 64 4 80,RECAL 3 1 -662 64 4 80,-727,-1359,4,16,-270832,-270628,-662.2,-1344,-663,-1343
RECAL 1 6 57 1 1 25,RECAL 3 0 9999 64 4 80,RECAL 3 1 78 64 4 80,72,-2228,22,2,-270801,-229355,78.32,-2141,80,-2140
RECAL 1 6 58 1 1 26,RECAL 3 0 9999 64 4 80,RECAL 3 1 274 64 4 80,185,-2835,6,1,-270684,-270662,274.1,-2813,189,-2811
RECAL 1 6 59 1 1 27,RECAL 3 0 9999 64 4 80,RECAL 3 1 -2273 64 4 80,-2309,-2848,6,9,-270755,-270715,-2273,-2825,-2273,-2824
RECAL 1 6 60 1 1 28,RECAL 3 0 9999 64 4 80,RECAL 3 1 -2216 64 4 80,-2318,-2244,NULL,NULL,NULL,NULL,NULL,NULL,NULL,NULL
RECAL 1 6 61 1 1 29,RECAL 3 0 9999 64 4 80,NULL,-2408,NULL,NULL,NULL,NULL,NULL,NULL,NULL,NULL,NULL
RECAL 1 6 62 1 1 30,RECAL 3 0 9999 64 4 80,RECAL 3 1 -2292 64 4 80,-2332,1111,NULL,NULL,NULL,NULL,NULL,NULL,NULL,NULL
RECAL 1 6 63 1 1 31,RECAL 3 0 9999 64 4 80,RECAL 3 1 -2354 64 4 80,-2421,2026,6,17,-270703,-270435,-2354,2049,-2353,2050
RECAL 1 6 64 1 1 32,RECAL 3 0 9999 64 4 80,NULL,2202,NULL,NULL,NULL,NULL,NULL,NULL,NULL,NULL,NULL
RECAL 1 6 1 1 1 33,RECAL 3 0 9999 64 4 80,RECAL 3 1 2350 64 4 80,2230,-2244,NULL,NULL,NULL,NULL,NULL,NULL,NULL,NULL
RECAL 1 6 2 1 1 34,RECAL 3 0 9999 64 4 80,RECAL 3 1 2208 64 4 80,2198,-1360,6,3,-270656,-270538,2208,-1336,2210,-1336
RECAL 1 6 3 1 1 35,RECAL 3 0 9999 64 4 80,RECAL 3 1 2287 64 4 80,2209,1154,NULL,NULL,NULL,NULL,NULL,NULL,NULL,NULL
RECAL 1 6 4 1 1 36,RECAL 3 0 9999 64 4 80,RECAL 3 1 2351 64 4 80,2314,2064,18,9,-270683,-270764,2351,2137,2350,2136
RECAL 1 6 5 1 1 37,RECAL 3 0 9999 64 4 80,NULL,2323,NULL,NULL,NULL,NULL,NULL,NULL,NULL,NULL,NULL
RECAL 1 6 6 1 1 38,RECAL 3 0 9999 64 4 80,RECAL 3 1 491 64 4 80,466,2732,3,6,-270740,-270659,491.1,2744,490,2744
RECAL 1 6 7 1 1 39,RECAL 3 0 9999 64 4 80,RECAL 3 1 517 64 4 80,404,2115,NULL,NULL,NULL,NULL,NULL,NULL,NULL,NULL
RECAL 1 6 8 1 1 40,RECAL 3 0 9999 64 4 80,RECAL 3 1 -611 64 4 80,-617,1237,21,2,-270556,-270741,-610.9,1324,-609,1321
RECAL 1 6 9 1 1 41,RECAL 3 0 9999 64 4 80,RECAL 3 1 -613 64 4 80,-661,-1277,16,12,-229070,-229040,-613.2,-1211,-613,-1213
RECAL 1 6 10 1 1 42,RECAL 3 0 9999 64 4 80,RECAL 3 1 -448 64 4 80,-523,-2191,NULL,NULL,NULL,NULL,NULL,NULL,NULL,NULL
RECAL 1 6 11 1 1 43,RECAL 3 0 9999 64 4 80,NULL,-671,NULL,NULL,NULL,NULL,NULL,NULL,NULL,NULL,NULL
RECAL 1 6 12 1 1 44,RECAL 3 0 9999 64 4 80,NULL,-2453,NULL,NULL,NULL,NULL,NULL,NULL,NULL,NULL,NULL
RECAL 1 6 13 1 1 45,RECAL 3 0 9999 64 4 80,RECAL 3 1 -2415 64 4 80,-2427,-2190,17,3,-270477,-270765,-2415,-2125,-2415,-2122
RECAL 1 6 14 1 1 46,RECAL 3 0 9999 64 4 80,RECAL 3 1 -2345 64 4 80,-2454,-1273,3,27,-270587,-270693,-2345,-1266,-2346,-1261
RECAL 1 6 15 1 1 47,RECAL 3 0 9999 64 4 80,NULL,-2444,NULL,NULL,NULL,NULL,NULL,NULL,NULL,NULL,NULL
RECAL 1 6 16 1 1 48,RECAL 3 0 9999 64 4 80,RECAL 3 1 -2285 64 4 80,-2346,2116,17,15,-252295,-252557,-2285,2181,-2286,2184
RECAL 1 6 17 1 1 49,RECAL 3 0 9999 64 4 80,NULL,2125,NULL,NULL,NULL,NULL,NULL,NULL,NULL,NULL,NULL
RECAL 1 6 18 1 1 50,RECAL 3 0 9999 64 4 80,RECAL 3 1 2264 64 4 80,2198,-1319,16,16,-229441,-229644,2264,-1259,2262,-1255
RECAL 1 6 19 1 1 51,RECAL 3 0 9999 64 4 80,RECAL 3 1 2192 64 4 80,2096,1152,23,24,-270778,-270839,2192,1244,2192,1244
RECAL 1 6 20 1 1 52,RECAL 3 0 9999 64 4 80,RECAL 3 1 2228 64 4 80,2162,2035,16,16,-229442,-229486,2228,2100,2226,2099
RECAL 1 6 21 1 1 53,RECAL 3 0 9999 64 4 80,RECAL 3 1 2210 64 4 80,2147,2645,17,17,-226993,-227472,2210,2710,2215,2713
RECAL 1 6 22 1 1 54,RECAL 3 0 9999 64 4 80,NULL,-261,NULL,NULL,NULL,NULL,NULL,NULL,NULL,NULL,NULL
RECAL 1 6 23 1 1 55,RECAL 3 0 9999 64 4 80,NULL,165,NULL,NULL,NULL,NULL,NULL,NULL,NULL,NULL,NULL
RECAL 1 6 24 1 1 56,RECAL 3 0 9999 64 4 80,NULL,-597,NULL,NULL,NULL,NULL,NULL,NULL,NULL,NULL,NULL
RECAL 1 6 25 1 1 57,RECAL 3 0 9999 64 4 80,RECAL 3 1 463 64 4 80,413,-1294,15,13,-229834,-230021,463.4,-1231,465,-1234
RECAL 1 6 26 1 1 58,RECAL 3 0 9999 64 4 80,RECAL 3 1 -373 64 4 80,-431,-2168,11,14,-270656,-270774,-373.2,-2125,-375,-2124
RECAL 1 6 27 1 1 59,RECAL 3 0 9999 64 4 80,NULL,-421,NULL,NULL,NULL,NULL,NULL,NULL,NULL,NULL,NULL
RECAL 1 6 28 1 1 60,RECAL 3 0 9999 64 4 80,RECAL 3 1 -2229 64 4 80,-2296,-2767,12,0,-270760,-270815,-2229,-2721,-2296,-2719
RECAL 1 6 29 1 1 61,RECAL 3 0 9999 64 4 80,RECAL 3 1 -2214 64 4 80,-2302,-2160,31,22,-270594,-270562,-2214,-2039,-2214,-2036
RECAL 1 6 30 1 1 62,RECAL 3 0 9999 64 4 80,NULL,-2227,NULL,NULL,NULL,NULL,NULL,NULL,NULL,NULL,NULL
RECAL 1 6 31 1 1 63,RECAL 3 0 9999 64 4 80,NULL,-2333,NULL,NULL,NULL,NULL,NULL,NULL,NULL,NULL,NULL
RECAL 1 6 32 1 1 64,RECAL 3 0 9999 64 4 80,RECAL 3 1 -2164 64 4 80,-2263,2053,19,24,-270800,-270765,-2164,2129,-2167,2129
RECAL 1 3 1 1 1 33,RECAL 3 0 9999 64 4 80,RECAL 3 1 2186 64 4 80,2123,-2731,17,16,-240371,-242450,2186,-2661,2187,-2663
RECAL 1 3 1 2 2 33,RECAL 3 0 9999 64 4 80,RECAL 3 1 2143 64 4 80,2081,-2129,17,16,-241282,-242972,2143,-2058,2145,-2061
RECAL 1 3 1 3 3 33,RECAL 3 0 9999 64 4 80,NULL,NULL,NULL,NULL,NULL,NULL,NULL,NULL,NULL,NULL,NULL
RECAL 1 3 1 5 5 33,RECAL 3 0 9999 64 4 80,RECAL 3 1 2202 64 4 80,2142,2025,NULL,NULL,NULL,NULL,NULL,NULL,NULL,NULL
RECAL 1 3 1 6 6 33,RECAL 3 0 9999 64 4 80,RECAL 3 1 2194 64 4 80,2131,2621,14,16,-237800,-242689,2194,2678,2195,2677
RECAL 1 3 1 7 7 33,RECAL 3 0 9999 64 4 80,RECAL 3 1 -422 64 4 80,-504,2643,15,20,-239278,-241839,-421.7,2701,-424,2703
RECAL 1 3 1 8 8 33,RECAL 3 0 9999 64 4 80,RECAL 3 1 -328 64 4 80,-337,2055,14,3,-237764,-239750,-327.7,2113,-325,2111
RECAL 1 3 1 9 9 33,RECAL 3 0 9999 64 4 80,RECAL 3 1 -709 64 4 80,-784,1222,16,19,-240566,-240590,-708.9,1285,-708,1286
