cmd_path,cmd_sweep_0,cmd_sweep_1,base_dac_y,base_dac_x,max_cross_x_index,max_cross_y_index,max_cross_x,max_cross_y,fit_x,fit_y,dac_y_at_max_cross,dac_x_at_max_cross
RECAL 1 3 1 1 1 33,RECAL 3 0 9999 64 4 80,RECAL 3 1 2408 64 4 80,2343,-2881,16,16,-237091,-237118,2408,-2816,2407,-2817
RECAL 1 3 1 2 2 33,RECAL 3 0 9999 64 4 80,RECAL 3 1 2398 64 4 80,2334,-2242,16,16,-236689,-236717,2398,-2178,2398,-2178
RECAL 1 3 1 3 3 33,RECAL 3 0 9999 64 4 80,RECAL 3 1 2310 64 4 80,2246,-1312,16,16,-237480,-237491,2310,-1250,2310,-1248
RECAL 1 3 1 4 4 33,RECAL 3 0 9999 64 4 80,RECAL 3 1 2385 64 4 80,2321,1268,16,16,-238134,-238121,2385,1333,2385,1332
RECAL 1 3 1 5 5 33,RECAL 3 0 9999 64 4 80,RECAL 3 1 2298 64 4 80,2235,2161,16,16,-236045,-236048,2298,2225,2299,2225
RECAL 1 3 1 6 6 33,RECAL 3 0 9999 64 4 80,RECAL 3 1 2359 64 4 80,2296,2790,17,16,-236339,-235208,2359,2852,2360,2858
RECAL 1 3 1 7 7 33,RECAL 3 0 9999 64 4 80,RECAL 3 1 -120 64 4 80,-198,2810,16,20,-235596,-235587,-120.4,2873,-118,2874
RECAL 1 3 1 8 8 33,RECAL 3 0 9999 64 4 80,RECAL 3 1 -559 64 4 80,-631,NULL,NULL,NULL,NULL,NULL,NULL,NULL,NULL,NULL
RECAL 1 3 1 9 9 33,RECAL 3 0 9999 64 4 80,RECAL 3 1 365 64 4 80,305,1311,16,14,-235139,-235156,365.4,1376,361,1375
RECAL 1 3 1 10 10 33,RECAL 3 0 9999 64 4 80,RECAL 3 1 -501 64 4 80,-561,-1263,16,15,-236328,-236336,-501,-1199,-501,-1199
RECAL 1 3 1 11 11 33,RECAL 3 0 9999 64 4 80,RECAL 3 1 439 64 4 80,382,-2213,16,14,-235506,-235502,439.3,-2149,438,-2149
RECAL 1 3 1 12 12 33,RECAL 3 0 9999 64 4 80,RECAL 3 1 525 64 4 80,460,-2858,16,16,-236590,-236610,524.9,-2794,524,-2794
RECAL 1 3 1 13 13 33,RECAL 3 0 9999 64 4 80,RECAL 3 1 -2304 64 4 80,-2369,-2892,16,16,-236493,-236540,-2304,-2828,-2305,-2828
RECAL 1 3 1 14 14 33,RECAL 3 0 9999 64 4 80,RECAL 3 1 -2316 64 4 80,-2380,-2258,16,16,-236906,-236914,-2316,-2193,-2316,-2194
RECAL 1 3 1 15 15 33,RECAL 3 0 9999 64 4 80,RECAL 3 1 -2396 64 4 80,-2461,-1343,16,16,-235952,-235973,-2396,-1278,-2397,-1279
RECAL 1 3 1 16 16 33,RECAL 3 0 9999 64 4 80,RECAL 3 1 -2323 64 4 80,-2386,1236,16,16,-235724,-235743,-2323,1300,-2322,1300
RECAL 1 3 1 17 17 33,RECAL 3 0 9999 64 4 80,RECAL 3 1 -2409 64 4 80,-2475,2139,16,16,-235353,-235397,-2409,2202,-2411,2203
RECAL 1 3 1 18 18 33,RECAL 3 0 9999 64 4 80,RECAL 3 1 -2354 64 4 80,-2420,2771,16,16,-237118,-237205,-2354,2833,-2356,2835
RECAL 1 3 2 1 1 34,RECAL 3 0 9999 64 4 80,RECAL 3 1 2277 64 4 80,2215,-2905,16,16,-235514,-235546,2277,-2843,2279,-2841
RECAL 1 3 2 2 2 34,RECAL 3 0 9999 64 4 80,RECAL 3 1 2195 64 4 80,2131,-2279,16,16,-236100,-236113,2195,-2215,2195,-2215
RECAL 1 3 2 3 3 34,RECAL 3 0 9999 64 4 80,RECAL 3 1 2208 64 4 80,2143,-1381,15,16,-236009,-236096,2208,-1319,2207,-1321
RECAL 1 3 2 4 4 34,RECAL 3 0 9999 64 4 80,RECAL 3 1 2327 64 4 80,2263,1185,16,16,-238773,-238784,2327,1250,2327,1249
RECAL 1 3 2 5 5 34,RECAL 3 0 9999 64 4 80,RECAL 3 1 2238 64 4 80,2172,2109,16,16,-236139,-236157,2238,2172,2236,2173
RECAL 1 3 2 6 6 34,RECAL 3 0 9999 64 4 80,RECAL 3 1 2348 64 4 80,2286,2740,16,15,-239125,-239180,2348,2803,2346,2804
RECAL 1 3 2 7 7 34,RECAL 3 0 9999 64 4 80,RECAL 3 1 -410 64 4 80,-483,2707,16,19,-237338,-237345,-409.8,2772,-407,2771
RECAL 1 3 2 8 8 34,RECAL 3 0 9999 64 4 80,RECAL 3 1 -842 64 4 80,-903,2065,16,15,-233639,-233648,-842.1,2129,-843,2129
RECAL 1 3 2 9 9 34,RECAL 3 0 9999 64 4 80,RECAL 3 1 -503 64 4 80,-555,1112,16,14,-235530,-235520,-502.8,1175,-499,1176
RECAL 1 3 2 10 10 34,RECAL 3 0 9999 64 4 80,RECAL 3 1 -911 64 4 80,-972,-1453,16,15,-233972,-233954,-910.8,-1388,-912,-1389
RECAL 1 3 2 11 11 34,RECAL 3 0 9999 64 4 80,RECAL 3 1 -949 64 4 80,-1007,-2319,16,15,-233640,-233645,-948.6,-2256,-947,-2255
RECAL 1 3 2 12 12 34,RECAL 3 0 9999 64 4 80,RECAL 3 1 -739 64 4 80,-803,-2938,16,16,-233688,-233685,-739.4,-2875,-739,-2874
RECAL 1 3 2 13 13 34,RECAL 3 0 9999 64 4 80,RECAL 3 1 -2454 64 4 80,-2516,-2890,16,15,-234891,-234961,-2454,-2828,-2456,-2826
RECAL 1 3 2 14 14 34,RECAL 3 0 9999 64 4 80,RECAL 3 1 -2524 64 4 80,-2587,-2262,16,16,-233781,-233804,-2524,-2197,-2523,-2198
RECAL 1 3 2 15 15 34,RECAL 3 0 9999 64 4 80,RECAL 3 1 -2515 64 4 80,-2578,-1358,16,16,-235543,-235549,-2515,-1292,-2514,-1294
RECAL 1 3 2 16 16 34,RECAL 3 0 9999 64 4 80,RECAL 3 1 -2413 64 4 80,-2475,1215,16,16,-237683,-237733,-2413,1279,-2411,1279
RECAL 1 3 2 17 17 34,RECAL 3 0 9999 64 4 80,RECAL 3 1 -2490 64 4 80,-2555,2123,16,16,-236997,-237011,-2490,2187,-2491,2187
RECAL 1 3 2 18 18 34,RECAL 3 0 9999 64 4 80,RECAL 3 1 -2392 64 4 80,-2456,2750,16,16,-239257,-239262,-2392,2815,-2392,2814
RECAL 1 3 3 1 1 35,RECAL 3 0 9999 64 4 80,RECAL 3 1 2180 64 4 80,2116,-2864,16,16,-235722,-235748,2180,-2800,2180,-2800
RECAL 1 3 3 2 2 35,RECAL 3 0 9999 64 4 80,RECAL 3 1 2195 64 4 80,2132,-2293,16,16,-236191,-236219,2195,-2232,2196,-2229
RECAL 1 3 3 3 3 35,RECAL 3 0 9999 64 4 80,RECAL 3 1 2112 64 4 80,2047,-1527,16,16,-236504,-236474,2112,-1463,2111,-1463
RECAL 1 3 3 4 4 35,RECAL 3 0 9999 64 4 80,RECAL 3 1 2106 64 4 80,2040,838,16,17,-235701,-235753,2106,902.7,2108,902
RECAL 1 3 3 5 5 35,RECAL 3 0 9999 64 4 80,RECAL 3 1 2189 64 4 80,2123,1846,16,17,-234820,-234882,2189,1910,2191,1910
RECAL 1 3 3 6 6 35,RECAL 3 0 9999 64 4 80,RECAL 3 1 2191 64 4 80,2125,2483,16,16,-234146,-234203,2191,2544,2189,2547
RECAL 1 3 3 7 7 35,RECAL 3 0 9999 64 4 80,RECAL 3 1 -425 64 4 80,-497,2477,16,18,-234230,-234234,-425.2,2539,-425,2541
RECAL 1 3 3 8 8 35,RECAL 3 0 9999 64 4 80,RECAL 3 1 -425 64 4 80,-492,1841,16,17,-235828,-235829,-424.9,1904,-424,1905
RECAL 1 3 3 9 9 35,RECAL 3 0 9999 64 4 80,RECAL 3 1 -747 64 4 80,-824,820,17,19,-236659,-236789,-746.7,887.7,-748,888
RECAL 1 3 3 10 10 35,RECAL 3 0 9999 64 4 80,RECAL 3 1 -719 64 4 80,-788,-1534,16,17,-237892,-237866,-719.4,-1471,-720,-1470
RECAL 1 3 3 11 11 35,RECAL 3 0 9999 64 4 80,RECAL 3 1 -381 64 4 80,-442,-2299,16,15,-235349,-235356,-380.5,-2237,-382,-2235
RECAL 1 3 3 12 12 35,RECAL 3 0 9999 64 4 80,RECAL 3 1 -490 64 4 80,-551,-2864,16,15,-238779,-238783,-489.6,-2803,-491,-2800
RECAL 1 3 3 13 13 35,RECAL 3 0 9999 64 4 80,RECAL 3 1 -2254 64 4 80,-2319,-2834,16,16,-234742,-234761,-2254,-2771,-2255,-2770
RECAL 1 3 3 14 14 35,RECAL 3 0 9999 64 4 80,RECAL 3 1 -2235 64 4 80,-2298,-2262,16,16,-233367,-233379,-2235,-2200,-2234,-2198
RECAL 1 3 3 15 15 35,RECAL 3 0 9999 64 4 80,RECAL 3 1 -2308 64 4 80,-2370,-1482,16,16,-232233,-232315,-2308,-1418,-2306,-1418
RECAL 1 3 3 16 16 35,RECAL 3 0 9999 64 4 80,RECAL 3 1 -2316 64 4 80,-2379,907,16,16,-231941,-231931,-2316,970.2,-2315,971
RECAL 1 3 3 17 17 35,RECAL 3 0 9999 64 4 80,RECAL 3 1 -2244 64 4 80,-2309,1876,16,16,-232262,-232250,-2244,1940,-2245,1940
RECAL 1 3 3 18 18 35,RECAL 3 0 9999 64 4 80,RECAL 3 1 -2244 64 4 80,-2307,2503,16,16,-232727,-232709,-2244,2565,-2243,2567
RECAL 1 3 4 1 1 36,RECAL 3 0 9999 64 4 80,RECAL 3 1 2297 64 4 80,2234,-2820,16,16,-234151,-234170,2297,-2757,2298,-2756
RECAL 1 3 4 2 2 36,RECAL 3 0 9999 64 4 80,RECAL 3 1 2344 64 4 80,2281,-2240,16,16,-234740,-234741,2344,-2174,2345,-2176
RECAL 1 3 4 3 3 36,RECAL 3 0 9999 64 4 80,RECAL 3 1 2307 64 4 80,2243,-1424,17,16,-235359,-235417,2307,-1358,2307,-1356
RECAL 1 3 4 4 4 36,RECAL 3 0 9999 64 4 80,RECAL 3 1 2260 64 4 80,2197,1024,15,16,-235342,-235445,2260,1085,2261,1084
RECAL 1 3 4 5 5 36,RECAL 3 0 9999 64 4 80,RECAL 3 1 2225 64 4 80,2162,1951,16,16,-235099,-235102,2225,2013,2226,2015
RECAL 1 3 4 6 6 36,RECAL 3 0 9999 64 4 80,RECAL 3 1 2165 64 4 80,2102,2571,16,16,-236268,-236259,2165,2630,2166,2635
RECAL 1 3 4 7 7 36,RECAL 3 0 9999 64 4 80,RECAL 3 1 -612 64 4 80,-670,2578,16,15,-238516,-238506,-612,2639,-610,2642
RECAL 1 3 4 8 8 36,RECAL 3 0 9999 64 4 80,RECAL 3 1 -194 64 4 80,-262,1966,15,18,-239159,-239288,-193.9,2027,-190,2026
RECAL 1 3 4 9 9 36,RECAL 3 0 9999 64 4 80,RECAL 3 1 343 64 4 80,285,1038,15,14,-236529,-236531,343,1100,341,1098
RECAL 1 3 4 10 10 36,RECAL 3 0 9999 64 4 80,RECAL 3 1 610 64 4 80,551,-1409,17,15,-236988,-237014,610.4,-1343,611,-1341
RECAL 1 3 4 11 11 36,RECAL 3 0 9999 64 4 80,RECAL 3 1 759 64 4 80,696,-2228,16,16,-236686,-236689,759.1,-2164,760,-2164
RECAL 1 3 4 12 12 36,RECAL 3 0 9999 64 4 80,RECAL 3 1 593 64 4 80,526,-2844,16,16,-234824,-234812,592.8,-2779,590,-2780
RECAL 1 3 4 13 13 36,RECAL 3 0 9999 64 4 80,RECAL 3 1 -2166 64 4 80,-2230,-2828,16,16,-235437,-235436,-2166,-2762,-2166,-2764
RECAL 1 3 4 14 14 36,RECAL 3 0 9999 64 4 80,RECAL 3 1 -2201 64 4 80,-2267,-2250,16,17,-233930,-234019,-2201,-2185,-2199,-2186
RECAL 1 3 4 15 15 36,RECAL 3 0 9999 64 4 80,RECAL 3 1 -2244 64 4 80,-2310,-1444,17,17,-234684,-234751,-2244,-1378,-2242,-1376
RECAL 1 3 4 16 16 36,RECAL 3 0 9999 64 4 80,RECAL 3 1 -2285 64 4 80,-2351,992,16,16,-234708,-234762,-2285,1056,-2287,1056
RECAL 1 3 4 17 17 36,RECAL 3 0 9999 64 4 80,RECAL 3 1 -2235 64 4 80,-2300,1935,16,16,-233963,-233993,-2235,1997,-2236,1999
RECAL 1 3 4 18 18 36,RECAL 3 0 9999 64 4 80,RECAL 3 1 -2297 64 4 80,-2360,2554,16,16,-233829,-233839,-2297,2612,-2296,2618
RECAL 1 3 5 1 1 37,RECAL 3 0 9999 64 4 80,RECAL 3 1 2258 64 4 80,2194,-2764,16,16,-236272,-236297,2258,-2699,2258,-2700
RECAL 1 3 5 2 2 37,RECAL 3 0 9999 64 4 80,RECAL 3 1 2254 64 4 80,2187,-2158,16,17,-235949,-235985,2254,-2093,2255,-2094
RECAL 1 3 5 3 3 37,RECAL 3 0 9999 64 4 80,RECAL 3 1 2253 64 4 80,2188,-1272,17,16,-236789,-236858,2253,-1206,2252,-1204
RECAL 1 3 5 4 4 37,RECAL 3 0 9999 64 4 80,RECAL 3 1 2249 64 4 80,2183,1198,16,17,-237050,-237102,2249,1263,2251,1262
RECAL 1 3 5 5 5 37,RECAL 3 0 9999 64 4 80,RECAL 3 1 2242 64 4 80,2178,2061,16,16,-235584,-235552,2242,2124,2242,2125
RECAL 1 3 5 6 6 37,RECAL 3 0 9999 64 4 80,RECAL 3 1 2242 64 4 80,2177,2659,16,16,-236032,-236056,2242,2722,2241,2723
RECAL 1 3 5 7 7 37,RECAL 3 0 9999 64 4 80,RECAL 3 1 240 64 4 80,173,2679,16,17,-236546,-236556,239.9,2742,241,2743
RECAL 1 3 5 8 8 37,RECAL 3 0 9999 64 4 80,RECAL 3 1 227 64 4 80,163,2087,16,16,-237928,-237909,227.4,2150,227,2151
RECAL 1 3 5 9 9 37,RECAL 3 0 9999 64 4 80,RECAL 3 1 310 64 4 80,248,1245,16,16,-236772,-236770,310.5,1308,312,1309
RECAL 1 3 5 10 10 37,RECAL 3 0 9999 64 4 80,RECAL 3 1 319 64 4 80,268,-1216,16,13,-236812,-236801,318.9,-1154,320,-1152
RECAL 1 3 5 11 11 37,RECAL 3 0 9999 64 4 80,RECAL 3 1 337 64 4 80,275,-2127,16,16,-236822,-236795,337.2,-2062,339,-2063
RECAL 1 3 5 12 12 37,RECAL 3 0 9999 64 4 80,RECAL 3 1 367 64 4 80,309,-2738,16,14,-236656,-236641,367.2,-2672,365,-2674
RECAL 1 3 5 13 13 37,RECAL 3 0 9999 64 4 80,RECAL 3 1 -2203 64 4 80,-2264,-2767,16,15,-236117,-236156,-2203,-2703,-2204,-2703
RECAL 1 3 5 14 14 37,RECAL 3 0 9999 64 4 80,RECAL 3 1 -2203 64 4 80,-2267,-2164,16,16,-235416,-235396,-2203,-2102,-2203,-2100
RECAL 1 3 5 15 15 37,RECAL 3 0 9999 64 4 80,RECAL 3 1 -2206 64 4 80,-2270,-1292,16,16,-235038,-235013,-2206,-1228,-2206,-1228
RECAL 1 3 5 16 16 37,RECAL 3 0 9999 64 4 80,RECAL 3 1 -2205 64 4 80,-2268,1178,16,16,-233198,-233204,-2205,1241,-2204,1242
RECAL 1 3 5 17 17 37,RECAL 3 0 9999 64 4 80,RECAL 3 1 -2216 64 4 80,-2278,2045,16,15,-233822,-233875,-2216,2109,-2218,2109
RECAL 1 3 5 18 18 37,RECAL 3 0 9999 64 4 80,RECAL 3 1 -2219 64 4 80,-2282,2646,16,16,-234524,-234512,-2219,2710,-2218,2710
RECAL 1 3 6 1 1 38,RECAL 3 0 9999 64 4 80,RECAL 3 1 2223 64 4 80,2159,-2775,16,16,-235733,-235762,2223,-2709,2223,-2711
RECAL 1 3 6 2 2 38,RECAL 3 0 9999 64 4 80,RECAL 3 1 2166 64 4 80,2100,-2168,16,16,-236433,-236502,2166,-2104,2164,-2104
RECAL 1 3 6 3 3 38,RECAL 3 0 9999 64 4 80,RECAL 3 1 2233 64 4 80,2168,-1293,16,16,-236058,-236100,2233,-1228,2232,-1229
RECAL 1 3 6 4 4 38,RECAL 3 0 9999 64 4 80,RECAL 3 1 2230 64 4 80,2165,1181,16,16,-236213,-236260,2230,1243,2229,1245
RECAL 1 3 6 5 5 38,RECAL 3 0 9999 64 4 80,RECAL 3 1 2139 64 4 80,2074,2048,16,16,-236211,-236248,2139,2111,2138,2112
RECAL 1 3 6 6 6 38,RECAL 3 0 9999 64 4 80,RECAL 3 1 2241 64 4 80,2176,2648,16,16,-235841,-235848,2241,2709,2240,2712
RECAL 1 3 6 7 7 38,RECAL 3 0 9999 64 4 80,RECAL 3 1 -304 64 4 80,-377,2681,16,18,-238596,-238592,-303.5,2744,-305,2745
RECAL 1 3 6 8 8 38,RECAL 3 0 9999 64 4 80,RECAL 3 1 -750 64 4 80,-813,2091,16,16,-237238,-237234,-750,2154,-749,2155
RECAL 1 3 6 9 9 38,RECAL 3 0 9999 64 4 80,RECAL 3 1 -340 64 4 80,-420,1256,16,19,-238810,-238810,-340.3,1319,-344,1320
RECAL 1 3 6 10 10 38,RECAL 3 0 9999 64 4 80,RECAL 3 1 -324 64 4 80,-384,-1212,16,15,-238891,-238876,-323.9,-1146,-324,-1148
RECAL 1 3 6 11 11 38,RECAL 3 0 9999 64 4 80,RECAL 3 1 -651 64 4 80,-715,-2121,16,16,-237400,-237366,-651.2,-2056,-651,-2057
RECAL 1 3 6 12 12 38,RECAL 3 0 9999 64 4 80,RECAL 3 1 -413 64 4 80,-478,-2735,16,17,-239363,-239366,-413.2,-2669,-410,-2671
RECAL 1 3 6 13 13 38,RECAL 3 0 9999 64 4 80,RECAL 3 1 -2273 64 4 80,-2337,-2771,16,16,-239727,-239729,-2273,-2703,-2273,-2707
RECAL 1 3 6 14 14 38,RECAL 3 0 9999 64 4 80,RECAL 3 1 -2320 64 4 80,-2385,-2164,16,16,-238646,-238633,-2320,-2100,-2321,-2100
RECAL 1 3 6 15 15 38,RECAL 3 0 9999 64 4 80,RECAL 3 1 -2262 64 4 80,-2327,-1292,16,16,-237838,-237853,-2262,-1228,-2263,-1228
RECAL 1 3 6 16 16 38,RECAL 3 0 9999 64 4 80,RECAL 3 1 -2260 64 4 80,-2325,1181,16,16,-239003,-239059,-2260,1244,-2261,1245
RECAL 1 3 6 17 17 38,RECAL 3 0 9999 64 4 80,RECAL 3 1 -2344 64 4 80,-2407,2047,15,16,-239633,-239762,-2344,2109,-2343,2107
RECAL 1 3 6 18 18 38,RECAL 3 0 9999 64 4 80,RECAL 3 1 -2255 64 4 80,-2319,2645,16,16,-238399,-238377,-2255,2707,-2255,2709
RECAL 1 3 7 1 1 39,RECAL 3 0 9999 64 4 80,RECAL 3 1 2207 64 4 80,2144,-2733,16,16,-236563,-236601,2207,-2669,2208,-2669
RECAL 1 3 7 2 2 39,RECAL 3 0 9999 64 4 80,RECAL 3 1 2210 64 4 80,2149,-2115,16,15,-235602,-235629,2210,-2051,2209,-2051
RECAL 1 3 7 3 3 39,RECAL 3 0 9999 64 4 80,RECAL 3 1 2213 64 4 80,2149,-1248,16,16,-234687,-234678,2213,-1186,2213,-1184
RECAL 1 3 7 4 4 39,RECAL 3 0 9999 64 4 80,RECAL 3 1 2216 64 4 80,2151,1165,15,16,-235373,-235413,2216,1227,2215,1225
RECAL 1 3 7 5 5 39,RECAL 3 0 9999 64 4 80,RECAL 3 1 2122 64 4 80,2058,2011,15,16,-233104,-233502,2122,2072,2122,2071
RECAL 1 3 7 6 6 39,RECAL 3 0 9999 64 4 80,RECAL 3 1 2215 64 4 80,2152,2598,16,16,-234451,-234477,2215,2659,2216,2662
RECAL 1 3 7 7 7 39,RECAL 3 0 9999 64 4 80,RECAL 3 1 -394 64 4 80,-447,2565,15,12,-235423,-235744,-393.7,2627,-399,2625
RECAL 1 3 7 8 8 39,RECAL 3 0 9999 64 4 80,RECAL 3 1 -760 64 4 80,-827,1968,16,17,-235281,-235293,-760,2031,-759,2032
RECAL 1 3 7 9 9 39,RECAL 3 0 9999 64 4 80,RECAL 3 1 -375 64 4 80,-426,1095,16,12,-233948,-233959,-375,1158,-378,1159
RECAL 1 3 7 10 10 39,RECAL 3 0 9999 64 4 80,RECAL 3 1 -367 64 4 80,-445,-1317,16,20,-235258,-235245,-366.7,-1254,-365,-1253
RECAL 1 3 7 11 11 39,RECAL 3 0 9999 64 4 80,RECAL 3 1 -412 64 4 80,-467,-2159,16,13,-235135,-235136,-412.1,-2092,-415,-2095
RECAL 1 3 7 12 12 39,RECAL 3 0 9999 64 4 80,RECAL 3 1 -451 64 4 80,-523,-2740,16,18,-236807,-236809,-450.5,-2675,-451,-2676
RECAL 1 3 7 13 13 39,RECAL 3 0 9999 64 4 80,RECAL 3 1 -2261 64 4 80,-2324,-2706,16,16,-236493,-236508,-2261,-2640,-2260,-2642
RECAL 1 3 7 14 14 39,RECAL 3 0 9999 64 4 80,RECAL 3 1 -2255 64 4 80,-2319,-2114,16,16,-236456,-236470,-2255,-2049,-2255,-2050
RECAL 1 3 7 15 15 39,RECAL 3 0 9999 64 4 80,RECAL 3 1 -2250 64 4 80,-2314,-1246,16,16,-233177,-233178,-2250,-1182,-2250,-1182
RECAL 1 3 7 16 16 39,RECAL 3 0 9999 64 4 80,RECAL 3 1 -2250 64 4 80,-2312,1167,15,15,-233791,-233911,-2250,1229,-2252,1227
RECAL 1 3 7 17 17 39,RECAL 3 0 9999 64 4 80,RECAL 3 1 -2333 64 4 80,-2396,2009,16,16,-234014,-233991,-2333,2071,-2332,2073
RECAL 1 3 7 18 18 39,RECAL 3 0 9999 64 4 80,RECAL 3 1 -2249 64 4 80,-2315,2595,16,16,-235822,-235884,-2249,2656,-2251,2659
RECAL 1 3 8 1 1 40,RECAL 3 0 9999 64 4 80,RECAL 3 1 2408 64 4 80,2343,-2741,16,16,-235521,-235584,2408,-2675,2407,-2677
RECAL 1 3 8 2 2 40,RECAL 3 0 9999 64 4 80,RECAL 3 1 2397 64 4 80,2331,-2141,16,17,-237672,-237755,2397,-2077,2399,-2077
RECAL 1 3 8 3 3 40,RECAL 3 0 9999 64 4 80,RECAL 3 1 2393 64 4 80,2330,-1269,16,16,-237889,-237866,2393,-1204,2394,-1205
RECAL 1 3 8 4 4 40,RECAL 3 0 9999 64 4 80,RECAL 3 1 2302 64 4 80,2235,1174,16,17,-240060,-240138,2302,1236,2303,1238
RECAL 1 3 8 5 5 40,RECAL 3 0 9999 64 4 80,RECAL 3 1 2299 64 4 80,2234,2031,16,16,-238644,-238681,2299,2095,2298,2095
RECAL 1 3 8 6 6 40,RECAL 3 0 9999 64 4 80,RECAL 3 1 2370 64 4 80,2306,2628,16,16,-237805,-237790,2370,2690,2370,2692
RECAL 1 3 8 7 7 40,RECAL 3 0 9999 64 4 80,RECAL 3 1 905 64 4 80,839,2622,16,17,-234399,-234437,905,2682,907,2686
RECAL 1 3 8 8 8 40,RECAL 3 0 9999 64 4 80,RECAL 3 1 672 64 4 80,610,2025,16,16,-233761,-233787,671.9,2087,674,2089
RECAL 1 3 8 9 9 40,RECAL 3 0 9999 64 4 80,RECAL 3 1 685 64 4 80,619,1160,16,17,-234198,-234193,685.5,1223,687,1224
RECAL 1 3 8 10 10 40,RECAL 3 0 9999 64 4 80,RECAL 3 1 955 64 4 80,892,-1280,16,16,-234619,-234633,955.3,-1216,956,-1216
RECAL 1 3 8 11 11 40,RECAL 3 0 9999 64 4 80,RECAL 3 1 975 64 4 80,906,-2146,16,17,-233320,-233298,975.3,-2083,974,-2082
RECAL 1 3 8 12 12 40,RECAL 3 0 9999 64 4 80,RECAL 3 1 1015 64 4 80,947,-2746,16,17,-232495,-232499,1015,-2681,1015,-2682
RECAL 1 3 8 13 13 40,RECAL 3 0 9999 64 4 80,RECAL 3 1 -1995 64 4 80,-2057,-2729,16,16,-232748,-232788,-1995,-2666,-1993,-2665
RECAL 1 3 8 14 14 40,RECAL 3 0 9999 64 4 80,RECAL 3 1 -2003 64 4 80,-2067,-2131,16,16,-234021,-234053,-2003,-2065,-2003,-2067
RECAL 1 3 8 15 15 40,RECAL 3 0 9999 64 4 80,RECAL 3 1 -2007 64 4 80,-2071,-1248,16,16,-233326,-233313,-2007,-1186,-2007,-1184
RECAL 1 3 8 16 16 40,RECAL 3 0 9999 64 4 80,RECAL 3 1 -2109 64 4 80,-2171,1190,16,16,-233231,-233260,-2109,1252,-2107,1254
RECAL 1 3 8 17 17 40,RECAL 3 0 9999 64 4 80,RECAL 3 1 -2117 64 4 80,-2182,2040,16,16,-234027,-234048,-2117,2104,-2118,2104
RECAL 1 3 8 18 18 40,RECAL 3 0 9999 64 4 80,RECAL 3 1 -2046 64 4 80,-2108,2631,16,16,-234318,-234389,-2046,2694,-2044,2695
RECAL 1 3 9 1 1 41,RECAL 3 0 9999 64 4 80,RECAL 3 1 2250 64 4 80,2184,-2750,16,17,-235503,-235549,2250,-2684,2252,-2686
RECAL 1 3 9 2 2 41,RECAL 3 0 9999 64 4 80,RECAL 3 1 2230 64 4 80,2167,-2141,16,16,-236439,-236461,2230,-2078,2231,-2077
RECAL 1 3 9 3 3 41,RECAL 3 0 9999 64 4 80,RECAL 3 1 2281 64 4 80,2217,-1255,16,16,-236113,-236112,2281,-1190,2281,-1191
RECAL 1 3 9 4 4 41,RECAL 3 0 9999 64 4 80,RECAL 3 1 2255 64 4 80,2192,1210,15,16,-236966,-237000,2255,1272,2256,1270
RECAL 1 3 9 5 5 41,RECAL 3 0 9999 64 4 80,RECAL 3 1 2229 64 4 80,2164,2062,15,16,-235506,-235568,2229,2124,2228,2122
RECAL 1 3 9 6 6 41,RECAL 3 0 9999 64 4 80,RECAL 3 1 2208 64 4 80,2142,2657,16,17,-235923,-235984,2208,2719,2210,2721
RECAL 1 3 9 7 7 41,RECAL 3 0 9999 64 4 80,NULL,-326,NULL,NULL,NULL,NULL,NULL,NULL,NULL,NULL,NULL
RECAL 1 3 9 8 8 41,RECAL 3 0 9999 64 4 80,RECAL 3 1 259 64 4 80,181,2088,16,20,-234829,-234823,259,2150,261,2152
RECAL 1 3 9 9 9 41,RECAL 3 0 9999 64 4 80,RECAL 3 1 417 64 4 80,353,1253,16,16,-236416,-236417,416.9,1315,417,1317
RECAL 1 3 9 10 10 41,RECAL 3 0 9999 64 4 80,RECAL 3 1 571 64 4 80,500,-1202,16,18,-235508,-235511,570.7,-1140,572,-1138
RECAL 1 3 9 11 11 41,RECAL 3 0 9999 64 4 80,RECAL 3 1 266 64 4 80,217,-2113,16,13,-236980,-236998,266.1,-2048,269,-2049
RECAL 1 3 9 12 12 41,RECAL 3 0 9999 64 4 80,RECAL 3 1 392 64 4 80,315,-2725,16,19,-236183,-236205,391.9,-2661,391,-2661
RECAL 1 3 9 13 13 41,RECAL 3 0 9999 64 4 80,RECAL 3 1 -2187 64 4 80,-2251,-2768,16,16,-238432,-238425,-2187,-2702,-2187,-2704
RECAL 1 3 9 14 14 41,RECAL 3 0 9999 64 4 80,RECAL 3 1 -2198 64 4 80,-2263,-2167,16,16,-238147,-238154,-2198,-2104,-2199,-2103
RECAL 1 3 9 15 15 41,RECAL 3 0 9999 64 4 80,RECAL 3 1 -2148 64 4 80,-2213,-1307,15,16,-235264,-235218,-2148,-1244,-2149,-1247
RECAL 1 3 9 16 16 41,RECAL 3 0 9999 64 4 80,RECAL 3 1 -2179 64 4 80,-2245,1152,16,16,-238495,-238548,-2179,1214,-2181,1216
RECAL 1 3 9 17 17 41,RECAL 3 0 9999 64 4 80,RECAL 3 1 -2198 64 4 80,-2262,2025,16,16,-237784,-237796,-2198,2087,-2198,2089
RECAL 1 3 9 18 18 41,RECAL 3 0 9999 64 4 80,RECAL 3 1 -2223 64 4 80,-2288,2626,16,16,-238511,-238512,-2223,2689,-2224,2690
RECAL 1 3 10 1 1 42,RECAL 3 0 9999 64 4 80,RECAL 3 1 2390 64 4 80,2327,-2862,16,16,-238334,-238439,2390,-2801,2391,-2798
RECAL 1 3 10 2 2 42,RECAL 3 0 9999 64 4 80,RECAL 3 1 2384 64 4 80,2320,-2302,16,16,-238307,-238277,2384,-2239,2384,-2238
RECAL 1 3 10 3 3 42,RECAL 3 0 9999 64 4 80,RECAL 3 1 2385 64 4 80,2321,-1551,16,16,-237169,-237170,2385,-1488,2385,-1487
RECAL 1 3 10 4 4 42,RECAL 3 0 9999 64 4 80,RECAL 3 1 2301 64 4 80,2235,756,16,17,-241419,-241490,2301,819.5,2303,820
RECAL 1 3 10 5 5 42,RECAL 3 0 9999 64 4 80,RECAL 3 1 2305 64 4 80,2239,1796,16,17,-239066,-239158,2305,1857,2307,1860
RECAL 1 3 10 6 6 42,RECAL 3 0 9999 64 4 80,RECAL 3 1 2385 64 4 80,2320,2437,16,16,-239046,-239066,2385,2496,2384,2501
RECAL 1 3 10 7 7 42,RECAL 3 0 9999 64 4 80,RECAL 3 1 879 64 4 80,815,2428,16,16,-233899,-233899,878.9,2487,879,2492
RECAL 1 3 10 8 8 42,RECAL 3 0 9999 64 4 80,RECAL 3 1 623 64 4 80,555,1787,16,17,-234097,-234086,622.8,1848,623,1851
RECAL 1 3 10 9 9 42,RECAL 3 0 9999 64 4 80,RECAL 3 1 605 64 4 80,532,737,16,19,-236298,-236276,605.4,802,608,801
RECAL 1 3 10 10 10 42,RECAL 3 0 9999 64 4 80,RECAL 3 1 870 64 4 80,805,-1556,15,16,-235661,-235886,870.2,-1495,869,-1496
RECAL 1 3 10 11 11 42,RECAL 3 0 9999 64 4 80,RECAL 3 1 884 64 4 80,819,-2303,15,16,-244268,-244318,884.2,-2242,883,-2243
RECAL 1 3 10 12 12 42,RECAL 3 0 9999 64 4 80,RECAL 3 1 915 64 4 80,848,-2863,16,17,-235077,-235083,914.8,-2802,916,-2799
RECAL 1 3 10 13 13 42,RECAL 3 0 9999 64 4 80,RECAL 3 1 -2041 64 4 80,-2103,-2829,16,16,-235521,-235606,-2041,-2770,-2039,-2765
RECAL 1 3 10 14 14 42,RECAL 3 0 9999 64 4 80,RECAL 3 1 -2046 64 4 80,-2110,-2266,16,16,-235665,-235669,-2046,-2204,-2046,-2202
RECAL 1 3 10 15 15 42,RECAL 3 0 9999 64 4 80,RECAL 3 1 -2043 64 4 80,-2106,-1498,16,16,-233898,-233874,-2043,-1435,-2042,-1434
RECAL 1 3 10 16 16 42,RECAL 3 0 9999 64 4 80,RECAL 3 1 -2132 64 4 80,-2196,839,15,16,-234253,-234298,-2132,900.4,-2132,899
RECAL 1 3 10 17 17 42,RECAL 3 0 9999 64 4 80,RECAL 3 1 -2130 64 4 80,-2195,1832,16,16,-234119,-234130,-2130,1894,-2131,1896
RECAL 1 3 10 18 18 42,RECAL 3 0 9999 64 4 80,RECAL 3 1 -2050 64 4 80,-2113,2462,16,16,-235877,-235919,-2050,2521,-2049,2526
RECAL 1 3 11 1 1 43,RECAL 3 0 9999 64 4 80,RECAL 3 1 2319 64 4 80,2251,-2860,16,17,-237350,-237375,2319,-2793,2319,-2796
RECAL 1 3 11 2 2 43,RECAL 3 0 9999 64 4 80,RECAL 3 1 2295 64 4 80,2230,-2292,16,16,-236151,-236171,2295,-2228,2294,-2228
RECAL 1 3 11 3 3 43,RECAL 3 0 9999 64 4 80,RECAL 3 1 2264 64 4 80,2199,-1525,16,16,-236620,-236645,2264,-1462,2263,-1461
RECAL 1 3 11 4 4 43,RECAL 3 0 9999 64 4 80,RECAL 3 1 2325 64 4 80,2260,810,16,16,-236663,-236703,2325,872.2,2324,874
RECAL 1 3 11 5 5 43,RECAL 3 0 9999 64 4 80,RECAL 3 1 2300 64 4 80,2234,1825,16,16,-236639,-236688,2300,1889,2298,1889
RECAL 1 3 11 6 6 43,RECAL 3 0 9999 64 4 80,RECAL 3 1 2278 64 4 80,2214,2464,16,16,-234766,-234776,2278,2527,2278,2528
RECAL 1 3 11 7 7 43,RECAL 3 0 9999 64 4 80,RECAL 3 1 572 64 4 80,509,2449,16,16,-234492,-234500,571.9,2514,573,2513
RECAL 1 3 11 8 8 43,RECAL 3 0 9999 64 4 80,RECAL 3 1 659 64 4 80,591,1805,16,17,-234137,-234114,658.9,1869,659,1869
RECAL 1 3 11 9 9 43,RECAL 3 0 9999 64 4 80,RECAL 3 1 740 64 4 80,677,769,16,16,-236051,-236051,740.1,832.2,741,833
RECAL 1 3 11 10 10 43,RECAL 3 0 9999 64 4 80,RECAL 3 1 512 64 4 80,451,-1551,16,15,-236536,-236536,511.6,-1487,511,-1487
RECAL 1 3 11 11 11 43,RECAL 3 0 9999 64 4 80,RECAL 3 1 651 64 4 80,581,-2306,16,17,-238241,-238245,651.1,-2241,649,-2242
RECAL 1 3 11 12 12 43,RECAL 3 0 9999 64 4 80,RECAL 3 1 738 64 4 80,679,-2868,16,15,-238084,-238125,737.8,-2806,739,-2804
RECAL 1 3 11 13 13 43,RECAL 3 0 9999 64 4 80,RECAL 3 1 -2081 64 4 80,-2147,-2849,16,17,-240757,-240835,-2081,-2785,-2079,-2785
RECAL 1 3 11 14 14 43,RECAL 3 0 9999 64 4 80,RECAL 3 1 -2104 64 4 80,-2170,-2281,16,16,-234722,-234774,-2104,-2217,-2106,-2217
RECAL 1 3 11 15 15 43,RECAL 3 0 9999 64 4 80,RECAL 3 1 -2132 64 4 80,-2197,-1514,16,16,-233290,-233298,-2132,-1449,-2133,-1450
RECAL 1 3 11 16 16 43,RECAL 3 0 9999 64 4 80,RECAL 3 1 -2070 64 4 80,-2134,831,15,16,-233617,-233906,-2070,889.1,-2070,891
RECAL 1 3 11 17 17 43,RECAL 3 0 9999 64 4 80,RECAL 3 1 -2096 64 4 80,-2161,1829,16,16,-233966,-233989,-2096,1892,-2097,1893
RECAL 1 3 11 18 18 43,RECAL 3 0 9999 64 4 80,RECAL 3 1 -2126 64 4 80,-2188,2467,16,15,-233976,-234018,-2126,2529,-2128,2531
RECAL 1 3 12 1 1 44,RECAL 3 0 9999 64 4 80,RECAL 3 1 2198 64 4 80,2132,-2759,16,17,-236560,-236676,2198,-2694,2200,-2695
RECAL 1 3 12 2 2 44,RECAL 3 0 9999 64 4 80,RECAL 3 1 2112 64 4 80,2046,-2162,16,17,-238044,-238103,2112,-2098,2114,-2098
RECAL 1 3 12 3 3 44,RECAL 3 0 9999 64 4 80,RECAL 3 1 2203 64 4 80,2139,-1301,16,16,-238521,-238522,2203,-1238,2203,-1237
RECAL 1 3 12 4 4 44,RECAL 3 0 9999 64 4 80,RECAL 3 1 2207 64 4 80,2141,1148,16,17,-237809,-237842,2207,1212,2209,1212
RECAL 1 3 12 5 5 44,RECAL 3 0 9999 64 4 80,RECAL 3 1 2209 64 4 80,2145,2022,16,16,-236626,-236654,2209,2085,2209,2086
RECAL 1 3 12 6 6 44,RECAL 3 0 9999 64 4 80,RECAL 3 1 2218 64 4 80,2154,2622,16,16,-236990,-237000,2218,2685,2218,2686
RECAL 1 3 12 7 7 44,RECAL 3 0 9999 64 4 80,RECAL 3 1 -251 64 4 80,-335,2655,16,20,-238276,-238243,-251.3,2718,-255,2719
RECAL 1 3 12 8 8 44,RECAL 3 0 9999 64 4 80,RECAL 3 1 -345 64 4 80,-410,2065,16,15,-235312,-235318,-344.6,2129,-350,2129
RECAL 1 3 12 9 9 44,RECAL 3 0 9999 64 4 80,RECAL 3 1 -342 64 4 80,-429,1223,16,22,-236978,-236979,-342.1,1288,-341,1287
RECAL 1 3 12 10 10 44,RECAL 3 0 9999 64 4 80,RECAL 3 1 -309 64 4 80,-394,-1226,16,20,-236458,-236479,-309.2,-1163,-314,-1162
RECAL 1 3 12 11 11 44,RECAL 3 0 9999 64 4 80,RECAL 3 1 -743 64 4 80,-811,-2117,16,17,-235772,-235778,-742.6,-2052,-743,-2053
RECAL 1 3 12 12 12 44,RECAL 3 0 9999 64 4 80,RECAL 3 1 -414 64 4 80,-476,-2725,16,16,-236062,-236068,-413.6,-2657,-412,-2661
RECAL 1 3 12 13 13 44,RECAL 3 0 9999 64 4 80,RECAL 3 1 -2256 64 4 80,-2321,-2755,16,16,-235440,-235481,-2256,-2688,-2257,-2691
RECAL 1 3 12 14 14 44,RECAL 3 0 9999 64 4 80,RECAL 3 1 -2332 64 4 80,-2396,-2159,16,16,-235579,-235591,-2332,-2093,-2332,-2095
RECAL 1 3 12 15 15 44,RECAL 3 0 9999 64 4 80,RECAL 3 1 -2243 64 4 80,-2306,-1298,16,16,-235382,-235432,-2243,-1233,-2242,-1234
RECAL 1 3 12 16 16 44,RECAL 3 0 9999 64 4 80,RECAL 3 1 -2243 64 4 80,-2307,1153,16,16,-235890,-235920,-2243,1216,-2243,1217
RECAL 1 3 12 17 17 44,RECAL 3 0 9999 64 4 80,RECAL 3 1 -2246 64 4 80,-2310,2024,15,16,-236524,-236284,-2246,2087,-2246,2084
RECAL 1 3 12 18 18 44,RECAL 3 0 9999 64 4 80,RECAL 3 1 -2236 64 4 80,-2301,2620,16,16,-237408,-237401,-2236,2685,-2237,2684
RECAL 1 3 13 1 1 45,RECAL 3 0 9999 64 4 80,RECAL 3 1 2331 64 4 80,2267,-2862,16,16,-240080,-240091,2331,-2798,2331,-2798
RECAL 1 3 13 2 2 45,RECAL 3 0 9999 64 4 80,RECAL 3 1 2316 64 4 80,2254,-2300,16,15,-238327,-238389,2316,-2236,2314,-2236
RECAL 1 3 13 3 3 45,RECAL 3 0 9999 64 4 80,RECAL 3 1 2304 64 4 80,2241,-1547,16,16,-238902,-238915,2304,-1482,2305,-1483
RECAL 1 3 13 4 4 45,RECAL 3 0 9999 64 4 80,RECAL 3 1 2373 64 4 80,2309,767,17,16,-239476,-239481,2373,833.2,2373,835
RECAL 1 3 13 5 5 45,RECAL 3 0 9999 64 4 80,RECAL 3 1 2359 64 4 80,2297,1799,16,15,-237547,-237596,2359,1862,2357,1863
RECAL 1 3 13 6 6 45,RECAL 3 0 9999 64 4 80,RECAL 3 1 2343 64 4 80,2278,2442,16,16,-236773,-236796,2343,2502,2342,2506
RECAL 1 3 13 7 7 45,RECAL 3 0 9999 64 4 80,RECAL 3 1 789 64 4 80,725,2467,16,16,-235825,-235849,788.7,2528,789,2531
RECAL 1 3 13 8 8 45,RECAL 3 0 9999 64 4 80,RECAL 3 1 831 64 4 80,771,1832,16,15,-238278,-238301,831.2,1896,831,1896
RECAL 1 3 13 9 9 45,RECAL 3 0 9999 64 4 80,RECAL 3 1 868 64 4 80,805,858,15,16,-236935,-237161,868.4,917.3,869,918
RECAL 1 3 13 10 10 45,RECAL 3 0 9999 64 4 80,RECAL 3 1 665 64 4 80,597,-1494,16,17,-237364,-237372,664.5,-1431,665,-1430
RECAL 1 3 13 11 11 45,RECAL 3 0 9999 64 4 80,RECAL 3 1 716 64 4 80,654,-2265,16,16,-237724,-237730,715.9,-2201,718,-2201
RECAL 1 3 13 12 12 45,RECAL 3 0 9999 64 4 80,RECAL 3 1 766 64 4 80,702,-2833,15,16,-238877,-237879,766.1,-2768,766,-2773
RECAL 1 3 13 13 13 45,RECAL 3 0 9999 64 4 80,RECAL 3 1 -2078 64 4 80,-2143,-2846,16,16,-238216,-238240,-2078,-2782,-2079,-2782
RECAL 1 3 13 14 14 45,RECAL 3 0 9999 64 4 80,RECAL 3 1 -2088 64 4 80,-2149,-2282,16,16,-237225,-237359,-2088,-2219,-2085,-2218
RECAL 1 3 13 15 15 45,RECAL 3 0 9999 64 4 80,RECAL 3 1 -2101 64 4 80,-2164,-1519,16,16,-235561,-235559,-2101,-1455,-2100,-1455
RECAL 1 3 13 16 16 45,RECAL 3 0 9999 64 4 80,RECAL 3 1 -2031 64 4 80,-2095,816,16,16,-238099,-238098,-2031,878.6,-2031,880
RECAL 1 3 13 17 17 45,RECAL 3 0 9999 64 4 80,RECAL 3 1 -2045 64 4 80,-2111,1820,16,17,-236629,-236680,-2045,1883,-2043,1884
RECAL 1 3 13 18 18 45,RECAL 3 0 9999 64 4 80,RECAL 3 1 -2063 64 4 80,-2126,2454,16,16,-237784,-237789,-2063,2516,-2062,2518
RECAL 1 3 14 1 1 46,RECAL 3 0 9999 64 4 80,RECAL 3 1 2432 64 4 80,2368,-2852,16,16,-235164,-235148,2432,-2788,2432,-2788
RECAL 1 3 14 2 2 46,RECAL 3 0 9999 64 4 80,RECAL 3 1 2413 64 4 80,2349,-2208,16,16,-237072,-237079,2413,-2146,2413,-2144
RECAL 1 3 14 3 3 46,RECAL 3 0 9999 64 4 80,RECAL 3 1 2328 64 4 80,2265,-1273,16,16,-233928,-233962,2328,-1210,2329,-1209
RECAL 1 3 14 4 4 46,RECAL 3 0 9999 64 4 80,RECAL 3 1 2413 64 4 80,2350,1287,16,16,-234529,-234528,2413,1351,2414,1351
RECAL 1 3 14 5 5 46,RECAL 3 0 9999 64 4 80,RECAL 3 1 2389 64 4 80,2324,2167,16,16,-236316,-236318,2389,2230,2388,2231
RECAL 1 3 14 6 6 46,RECAL 3 0 9999 64 4 80,RECAL 3 1 2375 64 4 80,2312,2788,16,16,-235063,-235085,2375,2851,2376,2852
RECAL 1 3 14 7 7 46,RECAL 3 0 9999 64 4 80,NULL,-31,NULL,NULL,NULL,NULL,NULL,NULL,NULL,NULL,NULL
RECAL 1 3 14 8 8 46,RECAL 3 0 9999 64 4 80,RECAL 3 1 335 64 4 80,274,2161,16,15,-234053,-234071,334.8,2225,334,2225
RECAL 1 3 14 9 9 46,RECAL 3 0 9999 64 4 80,RECAL 3 1 483 64 4 80,415,1275,16,17,-233213,-233199,482.5,1339,483,1339
RECAL 1 3 14 10 10 46,RECAL 3 0 9999 64 4 80,RECAL 3 1 -465 64 4 80,-537,-1288,16,19,-232459,-232461,-465,-1223,-461,-1224
RECAL 1 3 14 11 11 46,RECAL 3 0 9999 64 4 80,RECAL 3 1 493 64 4 80,424,-2217,16,18,-235345,-235349,492.6,-2155,496,-2153
RECAL 1 3 14 12 12 46,RECAL 3 0 9999 64 4 80,RECAL 3 1 601 64 4 80,536,-2855,16,17,-234102,-234095,601.4,-2792,604,-2791
RECAL 1 3 14 13 13 46,RECAL 3 0 9999 64 4 80,RECAL 3 1 -2298 64 4 80,-2362,-2900,16,16,-235265,-235263,-2298,-2835,-2298,-2836
RECAL 1 3 14 14 14 46,RECAL 3 0 9999 64 4 80,RECAL 3 1 -2316 64 4 80,-2377,-2275,16,15,-233775,-233803,-2316,-2210,-2317,-2211
RECAL 1 3 14 15 15 46,RECAL 3 0 9999 64 4 80,RECAL 3 1 -2397 64 4 80,-2460,-1383,16,16,-235318,-235285,-2397,-1319,-2396,-1319
RECAL 1 3 14 16 16 46,RECAL 3 0 9999 64 4 80,RECAL 3 1 -2315 64 4 80,-2380,1184,16,16,-236336,-236353,-2315,1246,-2316,1248
RECAL 1 3 14 17 17 46,RECAL 3 0 9999 64 4 80,RECAL 3 1 -2339 64 4 80,-2400,2103,16,15,-237677,-237718,-2339,2167,-2340,2167
RECAL 1 3 14 18 18 46,RECAL 3 0 9999 64 4 80,RECAL 3 1 -2356 64 4 80,-2419,2736,16,16,-242081,-242042,-2356,2797,-2355,2800
RECAL 1 3 15 1 1 47,RECAL 3 0 9999 64 4 80,RECAL 3 1 2271 64 4 80,2207,-2907,16,16,-240835,-240874,2271,-2842,2271,-2843
RECAL 1 3 15 2 2 47,RECAL 3 0 9999 64 4 80,RECAL 3 1 2201 64 4 80,2142,-2266,16,15,-240564,-240570,2201,-2202,2202,-2202
RECAL 1 3 15 3 3 47,RECAL 3 0 9999 64 4 80,RECAL 3 1 2305 64 4 80,2242,-1349,16,16,-239258,-239271,2305,-1284,2306,-1285
RECAL 1 3 15 4 4 47,RECAL 3 0 9999 64 4 80,RECAL 3 1 2226 64 4 80,2162,1229,16,16,-240461,-240460,2226,1292,2226,1293
RECAL 1 3 15 5 5 47,RECAL 3 0 9999 64 4 80,RECAL 3 1 2331 64 4 80,2265,2140,16,17,-240556,-240623,2331,2204,2333,2204
RECAL 1 3 15 6 6 47,RECAL 3 0 9999 64 4 80,RECAL 3 1 2343 64 4 80,2279,2779,16,16,-239503,-239508,2343,2842,2343,2843
RECAL 1 3 15 7 7 47,RECAL 3 0 9999 64 4 80,RECAL 3 1 -309 64 4 80,-388,2751,16,20,-237962,-237963,-308.5,2814,-308,2815
RECAL 1 3 15 8 8 47,RECAL 3 0 9999 64 4 80,RECAL 3 1 -365 64 4 80,-431,2104,16,16,-236997,-237023,-365.5,2168,-367,2168
RECAL 1 3 15 9 9 47,RECAL 3 0 9999 64 4 80,RECAL 3 1 -797 64 4 80,-859,1164,16,15,-236717,-236721,-797.4,1229,-799,1228
RECAL 1 3 15 10 10 47,RECAL 3 0 9999 64 4 80,RECAL 3 1 -512 64 4 80,-584,-1413,16,18,-239188,-239169,-511.7,-1347,-512,-1349
RECAL 1 3 15 11 11 47,RECAL 3 0 9999 64 4 80,RECAL 3 1 -881 64 4 80,-942,-2301,16,15,-237647,-237666,-881,-2237,-882,-2237
RECAL 1 3 15 12 12 47,RECAL 3 0 9999 64 4 80,RECAL 3 1 -694 64 4 80,-760,-2933,16,16,-240283,-240271,-694.3,-2870,-696,-2869
RECAL 1 3 15 13 13 47,RECAL 3 0 9999 64 4 80,RECAL 3 1 -2430 64 4 80,-2494,-2918,16,16,-242006,-242011,-2430,-2852,-2430,-2854
RECAL 1 3 15 14 14 47,RECAL 3 0 9999 64 4 80,RECAL 3 1 -2488 64 4 80,-2554,-2283,16,16,-241231,-241308,-2488,-2217,-2490,-2219
RECAL 1 3 15 15 15 47,RECAL 3 0 9999 64 4 80,RECAL 3 1 -2395 64 4 80,-2459,-1374,16,16,-239708,-239699,-2395,-1311,-2395,-1310
RECAL 1 3 15 16 16 47,RECAL 3 0 9999 64 4 80,RECAL 3 1 -2466 64 4 80,-2532,1199,16,16,-239447,-239499,-2466,1264,-2468,1263
RECAL 1 3 15 17 17 47,RECAL 3 0 9999 64 4 80,RECAL 3 1 -2371 64 4 80,-2436,2123,16,16,-239681,-239702,-2371,2187,-2372,2187
RECAL 1 3 15 18 18 47,RECAL 3 0 9999 64 4 80,RECAL 3 1 -2362 64 4 80,-2427,2764,16,16,-240331,-240349,-2362,2827,-2363,2828
RECAL 1 3 16 1 1 48,RECAL 3 0 9999 64 4 80,RECAL 3 1 2401 64 4 80,2336,-2863,16,16,-239227,-239231,2401,-2798,2400,-2799
RECAL 1 3 16 2 2 48,RECAL 3 0 9999 64 4 80,RECAL 3 1 2392 64 4 80,2330,-2240,16,16,-239676,-239727,2392,-2175,2394,-2176
RECAL 1 3 16 3 3 48,RECAL 3 0 9999 64 4 80,RECAL 3 1 2394 64 4 80,2330,-1341,17,16,-240728,-240793,2394,-1274,2394,-1273
RECAL 1 3 16 4 4 48,RECAL 3 0 9999 64 4 80,RECAL 3 1 2388 64 4 80,2327,1214,16,15,-242182,-242234,2388,1278,2387,1278
RECAL 1 3 16 5 5 48,RECAL 3 0 9999 64 4 80,RECAL 3 1 2307 64 4 80,2243,2111,16,16,-241390,-241395,2307,2173,2307,2175
RECAL 1 3 16 6 6 48,RECAL 3 0 9999 64 4 80,RECAL 3 1 2347 64 4 80,2283,2732,15,16,-242429,-242565,2347,2795,2347,2792
RECAL 1 3 16 7 7 48,RECAL 3 0 9999 64 4 80,RECAL 3 1 -144 64 4 80,-144,2758,16,0,-239751,-239748,-144,2820,-144,2822
RECAL 1 3 16 8 8 48,RECAL 3 0 9999 64 4 80,RECAL 3 1 -517 64 4 80,-587,2145,15,17,-239568,-239621,-516.8,2207,-519,2205
RECAL 1 3 16 9 9 48,RECAL 3 0 9999 64 4 80,RECAL 3 1 401 64 4 80,313,1271,16,22,-237524,-237500,400.8,1333,401,1335
RECAL 1 3 16 10 10 48,RECAL 3 0 9999 64 4 80,RECAL 3 1 448 64 4 80,385,-1284,17,15,-239344,-239139,447.9,-1220,445,-1216
RECAL 1 3 16 11 11 48,RECAL 3 0 9999 64 4 80,RECAL 3 1 461 64 4 80,378,-2207,16,21,-236877,-236862,461.2,-2143,462,-2143
RECAL 1 3 16 12 12 48,RECAL 3 0 9999 64 4 80,RECAL 3 1 493 64 4 80,417,-2838,17,19,-238627,-238643,492.9,-2773,493,-2770
RECAL 1 3 16 13 13 48,RECAL 3 0 9999 64 4 80,RECAL 3 1 -2303 64 4 80,-2370,-2842,16,17,-238959,-238965,-2303,-2778,-2302,-2778
RECAL 1 3 16 14 14 48,RECAL 3 0 9999 64 4 80,RECAL 3 1 -2307 64 4 80,-2376,-2219,17,17,-237899,-238337,-2307,-2152,-2308,-2151
RECAL 1 3 16 15 15 48,RECAL 3 0 9999 64 4 80,RECAL 3 1 -2308 64 4 80,-2375,-1297,16,17,-238463,-238480,-2308,-1234,-2307,-1233
RECAL 1 3 16 16 16 48,RECAL 3 0 9999 64 4 80,RECAL 3 1 -2314 64 4 80,-2381,1252,16,17,-239756,-239813,-2314,1315,-2313,1316
RECAL 1 3 16 17 17 48,RECAL 3 0 9999 64 4 80,RECAL 3 1 -2393 64 4 80,-2460,2133,15,17,-239486,-239533,-2393,2195,-2392,2193
RECAL 1 3 16 18 18 48,RECAL 3 0 9999 64 4 80,RECAL 3 1 -2355 64 4 80,-2421,2748,15,17,-242077,-242399,-2355,2811,-2353,2808
RECAL 1 3 17 1 1 49,RECAL 3 0 9999 64 4 80,RECAL 3 1 2323 64 4 80,2264,-2981,16,15,-239457,-239462,2323,-2916,2324,-2917
RECAL 1 3 17 2 2 49,RECAL 3 0 9999 64 4 80,RECAL 3 1 2238 64 4 80,2176,-2353,16,16,-238166,-238222,2238,-2290,2240,-2289
RECAL 1 3 17 3 3 49,RECAL 3 0 9999 64 4 80,RECAL 3 1 2346 64 4 80,2283,-1487,16,16,-237842,-237874,2346,-1422,2347,-1423
RECAL 1 3 17 4 4 49,RECAL 3 0 9999 64 4 80,RECAL 3 1 2255 64 4 80,2194,1083,16,15,-236360,-236370,2255,1147,2254,1147
RECAL 1 3 17 5 5 49,RECAL 3 0 9999 64 4 80,RECAL 3 1 2368 64 4 80,2307,2064,15,15,-237572,-237752,2368,2126,2367,2124
RECAL 1 3 17 6 6 49,RECAL 3 0 9999 64 4 80,RECAL 3 1 2382 64 4 80,2321,2725,16,15,-237976,-237972,2382,2786,2381,2789
RECAL 1 3 17 7 7 49,RECAL 3 0 9999 64 4 80,RECAL 3 1 -244 64 4 80,-244,2742,16,0,-238620,-238613,-244,2802,-244,2806
RECAL 1 3 17 8 8 49,RECAL 3 0 9999 64 4 80,RECAL 3 1 -352 64 4 80,-409,2087,15,15,-236738,-236909,-351.7,2148,-349,2147
RECAL 1 3 17 9 9 49,RECAL 3 0 9999 64 4 80,RECAL 3 1 -834 64 4 80,-891,1125,16,14,-236299,-236299,-833.9,1188,-835,1189
RECAL 1 3 17 10 10 49,RECAL 3 0 9999 64 4 80,RECAL 3 1 -483 64 4 80,-550,-1454,16,17,-238357,-238337,-482.7,-1390,-482,-1390
RECAL 1 3 17 11 11 49,RECAL 3 0 9999 64 4 80,RECAL 3 1 -889 64 4 80,-950,-2331,16,16,-236814,-236815,-888.7,-2267,-886,-2267
RECAL 1 3 17 12 12 49,RECAL 3 0 9999 64 4 80,RECAL 3 1 -642 64 4 80,-703,-2961,16,15,-239011,-239017,-642,-2897,-643,-2897
RECAL 1 3 17 13 13 49,RECAL 3 0 9999 64 4 80,RECAL 3 1 -2465 64 4 80,-2529,-2929,16,16,-239220,-239217,-2465,-2863,-2465,-2865
RECAL 1 3 17 14 14 49,RECAL 3 0 9999 64 4 80,RECAL 3 1 -2537 64 4 80,-2601,-2291,16,16,-240178,-240187,-2537,-2228,-2537,-2227
RECAL 1 3 17 15 15 49,RECAL 3 0 9999 64 4 80,RECAL 3 1 -2434 64 4 80,-2498,-1386,16,16,-239322,-239342,-2434,-1321,-2434,-1322
RECAL 1 3 17 16 16 49,RECAL 3 0 9999 64 4 80,RECAL 3 1 -2523 64 4 80,-2586,1197,16,16,-236398,-236416,-2523,1260,-2522,1261
RECAL 1 3 17 17 17 49,RECAL 3 0 9999 64 4 80,RECAL 3 1 -2419 64 4 80,-2482,2125,16,16,-237589,-237590,-2419,2188,-2418,2189
RECAL 1 3 17 18 18 49,RECAL 3 0 9999 64 4 80,RECAL 3 1 -2406 64 4 80,-2471,2770,16,16,-238495,-238536,-2406,2830,-2407,2834
RECAL 1 3 18 1 1 50,RECAL 3 0 9999 64 4 80,RECAL 3 1 2186 64 4 80,2121,-2834,16,16,-238730,-238742,2186,-2770,2185,-2770
RECAL 1 3 18 2 2 50,RECAL 3 0 9999 64 4 80,RECAL 3 1 2119 64 4 80,2054,-2171,16,16,-239048,-239092,2119,-2108,2118,-2107
RECAL 1 3 18 3 3 50,RECAL 3 0 9999 64 4 80,RECAL 3 1 2240 64 4 80,2175,-1179,16,16,-239271,-239258,2240,-1114,2239,-1115
RECAL 1 3 18 4 4 50,RECAL 3 0 9999 64 4 80,RECAL 3 1 2163 64 4 80,2098,1392,15,16,-241288,-241365,2163,1453,2162,1452
RECAL 1 3 18 5 5 50,RECAL 3 0 9999 64 4 80,RECAL 3 1 2230 64 4 80,2165,2245,16,16,-239517,-239526,2230,2308,2229,2309
RECAL 1 3 18 6 6 50,RECAL 3 0 9999 64 4 80,RECAL 3 1 2215 64 4 80,2150,2862,16,16,-239467,-239489,2215,2926,2214,2926
RECAL 1 3 18 7 7 50,RECAL 3 0 9999 64 4 80,RECAL 3 1 -816 64 4 80,-878,2872,16,15,-241547,-241530,-815.8,2935,-818,2936
RECAL 1 3 18 8 8 50,RECAL 3 0 9999 64 4 80,RECAL 3 1 -746 64 4 80,-815,2258,16,17,-238881,-238872,-745.6,2321,-747,2322
RECAL 1 3 18 9 9 50,RECAL 3 0 9999 64 4 80,RECAL 3 1 -921 64 4 80,-983,1409,16,16,-241207,-241218,-921.1,1472,-919,1473
RECAL 1 3 18 10 10 50,RECAL 3 0 9999 64 4 80,RECAL 3 1 -713 64 4 80,-780,-1142,15,17,-241368,-241415,-712.7,-1081,-712,-1082
RECAL 1 3 18 11 11 50,RECAL 3 0 9999 64 4 80,RECAL 3 1 -1022 64 4 80,-1083,-2152,16,15,-241290,-241293,-1022,-2089,-1023,-2088
RECAL 1 3 18 12 12 50,RECAL 3 0 9999 64 4 80,RECAL 3 1 -898 64 4 80,-964,-2819,16,16,-240301,-240308,-898,-2755,-900,-2755
RECAL 1 3 18 13 13 50,RECAL 3 0 9999 64 4 80,RECAL 3 1 -2482 64 4 80,-2548,-2844,16,17,-240446,-240521,-2482,-2780,-2480,-2780
RECAL 1 3 18 14 14 50,RECAL 3 0 9999 64 4 80,RECAL 3 1 -2533 64 4 80,-2597,-2189,16,16,-239807,-239789,-2533,-2125,-2533,-2125
RECAL 1 3 18 15 15 50,RECAL 3 0 9999 64 4 80,RECAL 3 1 -2431 64 4 80,-2494,-1207,16,16,-239228,-239206,-2431,-1144,-2430,-1143
RECAL 1 3 18 16 16 50,RECAL 3 0 9999 64 4 80,RECAL 3 1 -2494 64 4 80,-2558,1361,15,16,-240961,-241011,-2494,1423,-2494,1421
RECAL 1 3 18 17 17 50,RECAL 3 0 9999 64 4 80,RECAL 3 1 -2439 64 4 80,-2504,2224,16,16,-239777,-239791,-2439,2287,-2440,2288
RECAL 1 3 18 18 18 50,RECAL 3 0 9999 64 4 80,RECAL 3 1 -2456 64 4 80,-2521,2844,16,16,-240679,-240723,-2456,2908,-2457,2908
RECAL 1 3 19 1 1 51,RECAL 3 0 9999 64 4 80,RECAL 3 1 2232 64 4 80,2167,-2730,16,16,-240243,-240278,2232,-2664,2231,-2666
RECAL 1 3 19 2 2 51,RECAL 3 0 9999 64 4 80,RECAL 3 1 2239 64 4 80,2174,-2135,16,16,-239645,-239670,2239,-2070,2238,-2071
RECAL 1 3 19 3 3 51,RECAL 3 0 9999 64 4 80,RECAL 3 1 2239 64 4 80,2173,-1270,16,16,-241002,-241064,2239,-1207,2237,-1206
RECAL 1 3 19 4 4 51,RECAL 3 0 9999 64 4 80,RECAL 3 1 2241 64 4 80,2177,1161,16,16,-240132,-240149,2241,1226,2241,1225
RECAL 1 3 19 5 5 51,RECAL 3 0 9999 64 4 80,RECAL 3 1 2321 64 4 80,2255,2015,15,16,-239866,-240052,2321,2077,2319,2075
RECAL 1 3 19 6 6 51,RECAL 3 0 9999 64 4 80,RECAL 3 1 2331 64 4 80,2266,2607,16,16,-239913,-239925,2331,2669,2330,2671
RECAL 1 3 19 7 7 51,RECAL 3 0 9999 64 4 80,RECAL 3 1 763 64 4 80,701,2628,16,15,-239523,-239552,763,2692,761,2692
RECAL 1 3 19 8 8 51,RECAL 3 0 9999 64 4 80,RECAL 3 1 730 64 4 80,663,2043,16,16,-238401,-238447,729.5,2107,727,2107
RECAL 1 3 19 9 9 51,RECAL 3 0 9999 64 4 80,RECAL 3 1 344 64 4 80,266,1215,16,19,-239016,-239011,344.2,1278,342,1279
RECAL 1 3 19 10 10 51,RECAL 3 0 9999 64 4 80,RECAL 3 1 301 64 4 80,231,-1213,16,18,-239718,-239696,300.5,-1149,303,-1149
RECAL 1 3 19 11 11 51,RECAL 3 0 9999 64 4 80,RECAL 3 1 321 64 4 80,255,-2100,16,18,-239385,-239377,321.5,-2035,327,-2036
RECAL 1 3 19 12 12 51,RECAL 3 0 9999 64 4 80,RECAL 3 1 265 64 4 80,198,-2704,16,17,-239984,-239976,264.6,-2638,266,-2640
RECAL 1 3 19 13 13 51,RECAL 3 0 9999 64 4 80,RECAL 3 1 -2201 64 4 80,-2266,-2729,16,16,-240491,-240503,-2201,-2664,-2202,-2665
RECAL 1 3 19 14 14 51,RECAL 3 0 9999 64 4 80,RECAL 3 1 -2190 64 4 80,-2254,-2135,16,16,-239738,-239756,-2190,-2069,-2190,-2071
RECAL 1 3 19 15 15 51,RECAL 3 0 9999 64 4 80,RECAL 3 1 -2191 64 4 80,-2256,-1273,16,16,-238893,-238910,-2191,-1209,-2192,-1209
RECAL 1 3 19 16 16 51,RECAL 3 0 9999 64 4 80,RECAL 3 1 -2186 64 4 80,-2252,1155,16,17,-238040,-238104,-2186,1217,-2184,1219
RECAL 1 3 19 17 17 51,RECAL 3 0 9999 64 4 80,RECAL 3 1 -2103 64 4 80,-2169,2007,15,16,-238413,-237979,-2103,2070,-2105,2067
RECAL 1 3 19 18 18 51,RECAL 3 0 9999 64 4 80,RECAL 3 1 -2100 64 4 80,-2166,2599,16,16,-240206,-240274,-2100,2663,-2102,2663
RECAL 1 3 20 1 1 52,RECAL 3 0 9999 64 4 80,RECAL 3 1 2175 64 4 80,2112,-2770,16,16,-238080,-238112,2175,-2706,2176,-2706
RECAL 1 3 20 2 2 52,RECAL 3 0 9999 64 4 80,RECAL 3 1 2137 64 4 80,2074,-2164,16,16,-237431,-237424,2137,-2100,2138,-2100
RECAL 1 3 20 3 3 52,RECAL 3 0 9999 64 4 80,RECAL 3 1 2095 64 4 80,2031,-1286,16,16,-237468,-237483,2095,-1222,2095,-1222
RECAL 1 3 20 4 4 52,RECAL 3 0 9999 64 4 80,RECAL 3 1 2106 64 4 80,2041,1198,16,16,-237570,-237583,2106,1261,2105,1262
RECAL 1 3 20 5 5 52,RECAL 3 0 9999 64 4 80,RECAL 3 1 2205 64 4 80,2141,2053,16,16,-237379,-237388,2205,2117,2205,2117
RECAL 1 3 20 6 6 52,RECAL 3 0 9999 64 4 80,RECAL 3 1 2216 64 4 80,2153,2650,16,16,-238075,-238070,2216,2712,2217,2714
RECAL 1 3 20 7 7 52,RECAL 3 0 9999 64 4 80,RECAL 3 1 -398 64 4 80,-462,2661,16,16,-238415,-238413,-397.9,2722,-398,2725
RECAL 1 3 20 8 8 52,RECAL 3 0 9999 64 4 80,RECAL 3 1 -436 64 4 80,-513,2069,16,19,-237566,-237569,-436.2,2131,-437,2133
RECAL 1 3 20 9 9 52,RECAL 3 0 9999 64 4 80,RECAL 3 1 -811 64 4 80,-878,1223,16,17,-235351,-235359,-810.9,1286,-810,1287
RECAL 1 3 20 10 10 52,RECAL 3 0 9999 64 4 80,RECAL 3 1 -824 64 4 80,-879,-1238,16,14,-236950,-236916,-823.9,-1176,-823,-1174
RECAL 1 3 20 11 11 52,RECAL 3 0 9999 64 4 80,RECAL 3 1 -712 64 4 80,-773,-2137,16,15,-237251,-237250,-711.6,-2073,-713,-2073
RECAL 1 3 20 12 12 52,RECAL 3 0 9999 64 4 80,RECAL 3 1 -598 64 4 80,-651,-2748,16,14,-237657,-237680,-598.3,-2683,-595,-2684
RECAL 1 3 20 13 13 52,RECAL 3 0 9999 64 4 80,RECAL 3 1 -2293 64 4 80,-2356,-2774,16,16,-236631,-236680,-2293,-2710,-2292,-2710
RECAL 1 3 20 14 14 52,RECAL 3 0 9999 64 4 80,RECAL 3 1 -2320 64 4 80,-2384,-2174,16,16,-238085,-238068,-2320,-2110,-2320,-2110
RECAL 1 3 20 15 15 52,RECAL 3 0 9999 64 4 80,RECAL 3 1 -2358 64 4 80,-2420,-1305,16,16,-235822,-235921,-2358,-1241,-2356,-1241
RECAL 1 3 20 16 16 52,RECAL 3 0 9999 64 4 80,RECAL 3 1 -2351 64 4 80,-2415,1158,16,16,-239252,-239257,-2351,1221,-2351,1222
RECAL 1 3 20 17 17 52,RECAL 3 0 9999 64 4 80,RECAL 3 1 -2261 64 4 80,-2322,2029,15,15,-237268,-237490,-2261,2091,-2262,2089
RECAL 1 3 20 18 18 52,RECAL 3 0 9999 64 4 80,RECAL 3 1 -2257 64 4 80,-2322,2630,16,16,-241394,-241382,-2257,2690,-2258,2694
RECAL 1 3 21 1 1 53,RECAL 3 0 9999 64 4 80,RECAL 3 1 2636 64 4 80,2573,-2915,16,16,-237492,-237480,2636,-2849,2637,-2851
RECAL 1 3 21 2 2 53,RECAL 3 0 9999 64 4 80,RECAL 3 1 2666 64 4 80,2603,-2272,16,16,-237871,-237849,2666,-2206,2667,-2208
RECAL 1 3 21 3 3 53,RECAL 3 0 9999 64 4 80,RECAL 3 1 2597 64 4 80,2534,-1347,16,16,-237882,-237877,2597,-1281,2598,-1283
RECAL 1 3 21 4 4 53,RECAL 3 0 9999 64 4 80,RECAL 3 1 2539 64 4 80,2476,1241,16,16,-239834,-239831,2539,1305,2540,1305
RECAL 1 3 21 5 5 53,RECAL 3 0 9999 64 4 80,RECAL 3 1 2511 64 4 80,2447,2155,16,16,-238018,-238022,2511,2218,2511,2219
RECAL 1 3 21 6 6 53,RECAL 3 0 9999 64 4 80,RECAL 3 1 2566 64 4 80,2502,2798,16,16,-236889,-236897,2566,2861,2566,2862
RECAL 1 3 21 7 7 53,RECAL 3 0 9999 64 4 80,RECAL 3 1 919 64 4 80,859,2801,16,15,-237811,-237825,919.2,2864,919,2865
RECAL 1 3 21 8 8 53,RECAL 3 0 9999 64 4 80,RECAL 3 1 724 64 4 80,659,2161,16,16,-237577,-237594,724.3,2223,723,2225
RECAL 1 3 21 9 9 53,RECAL 3 0 9999 64 4 80,RECAL 3 1 819 64 4 80,754,1248,16,16,-237890,-237916,819,1310,818,1312
RECAL 1 3 21 10 10 53,RECAL 3 0 9999 64 4 80,RECAL 3 1 978 64 4 80,915,-1340,16,16,-238037,-238034,978,-1276,979,-1276
RECAL 1 3 21 11 11 53,RECAL 3 0 9999 64 4 80,RECAL 3 1 1154 64 4 80,1095,-2265,16,15,-237718,-237724,1154,-2200,1155,-2201
RECAL 1 3 21 12 12 53,RECAL 3 0 9999 64 4 80,RECAL 3 1 1100 64 4 80,1038,-2910,16,15,-239726,-239744,1100,-2846,1098,-2846
RECAL 1 3 21 13 13 53,RECAL 3 0 9999 64 4 80,RECAL 3 1 -2171 64 4 80,-2235,-2912,16,16,-240787,-240801,-2171,-2846,-2171,-2848
RECAL 1 3 21 14 14 53,RECAL 3 0 9999 64 4 80,RECAL 3 1 -2128 64 4 80,-2191,-2270,16,16,-239459,-239496,-2128,-2205,-2127,-2206
RECAL 1 3 21 15 15 53,RECAL 3 0 9999 64 4 80,RECAL 3 1 -2211 64 4 80,-2272,-1345,16,15,-236895,-236920,-2211,-1281,-2212,-1281
RECAL 1 3 21 16 16 53,RECAL 3 0 9999 64 4 80,RECAL 3 1 -2275 64 4 80,-2339,1236,17,16,-238951,-238980,-2275,1302,-2275,1304
RECAL 1 3 21 17 17 53,RECAL 3 0 9999 64 4 80,RECAL 3 1 -2305 64 4 80,-2370,2155,16,16,-239391,-239393,-2305,2219,-2306,2219
RECAL 1 3 21 18 18 53,RECAL 3 0 9999 64 4 80,RECAL 3 1 -2248 64 4 80,-2311,2796,16,16,-238114,-238127,-2248,2860,-2247,2860
RECAL 1 3 22 1 1 54,RECAL 3 0 9999 64 4 80,RECAL 3 1 2257 64 4 80,2189,-2887,16,17,-236363,-236352,2257,-2821,2257,-2823
RECAL 1 3 22 2 2 54,RECAL 3 0 9999 64 4 80,RECAL 3 1 2290 64 4 80,2221,-2253,16,17,-237030,-237007,2290,-2189,2289,-2189
RECAL 1 3 22 3 3 54,RECAL 3 0 9999 64 4 80,RECAL 3 1 2329 64 4 80,2262,-1343,17,17,-237214,-237274,2329,-1277,2330,-1275
RECAL 1 3 22 4 4 54,RECAL 3 0 9999 64 4 80,RECAL 3 1 2284 64 4 80,2215,1226,17,17,-238330,-238675,2284,1294,2283,1294
RECAL 1 3 22 5 5 54,RECAL 3 0 9999 64 4 80,RECAL 3 1 2382 64 4 80,2316,2133,16,17,-237657,-237643,2382,2198,2384,2197
RECAL 1 3 22 6 6 54,RECAL 3 0 9999 64 4 80,RECAL 3 1 2429 64 4 80,2360,2761,17,17,-237795,-238131,2429,2827,2428,2829
RECAL 1 3 22 7 7 54,RECAL 3 0 9999 64 4 80,RECAL 3 1 613 64 4 80,533,2743,16,19,-236078,-236069,613,2810,609,2807
RECAL 1 3 22 8 8 54,RECAL 3 0 9999 64 4 80,RECAL 3 1 343 64 4 80,246,2109,17,24,-235130,-235522,343.1,2176,342,2177
RECAL 1 3 22 9 9 54,RECAL 3 0 9999 64 4 80,RECAL 3 1 -637 64 4 80,-713,1190,17,19,-235396,-235585,-637,1257,-637,1258
RECAL 1 3 22 10 10 54,RECAL 3 0 9999 64 4 80,RECAL 3 1 -420 64 4 80,-501,-1381,17,21,-235797,-236023,-419.9,-1313,-417,-1313
RECAL 1 3 22 11 11 54,RECAL 3 0 9999 64 4 80,RECAL 3 1 -619 64 4 80,-691,-2277,17,18,-236477,-236750,-619,-2210,-619,-2209
RECAL 1 3 22 12 12 54,RECAL 3 0 9999 64 4 80,RECAL 3 1 -763 64 4 80,-839,-2903,16,19,-235344,-235328,-762.9,-2836,-763,-2839
RECAL 1 3 22 13 13 54,RECAL 3 0 9999 64 4 80,RECAL 3 1 -2458 64 4 80,-2524,-2880,16,17,-234916,-234949,-2458,-2816,-2456,-2816
RECAL 1 3 22 14 14 54,RECAL 3 0 9999 64 4 80,RECAL 3 1 -2423 64 4 80,-2489,-2250,16,17,-235353,-235437,-2423,-2184,-2421,-2186
RECAL 1 3 22 15 15 54,RECAL 3 0 9999 64 4 80,RECAL 3 1 -2388 64 4 80,-2455,-1337,17,17,-235231,-235322,-2388,-1270,-2387,-1269
RECAL 1 3 22 16 16 54,RECAL 3 0 9999 64 4 80,RECAL 3 1 -2430 64 4 80,-2497,1232,16,17,-235934,-235947,-2430,1297,-2429,1296
RECAL 1 3 22 17 17 54,RECAL 3 0 9999 64 4 80,RECAL 3 1 -2335 64 4 80,-2402,2133,17,17,-235552,-235667,-2335,2199,-2334,2201
RECAL 1 3 22 18 18 54,RECAL 3 0 9999 64 4 80,RECAL 3 1 -2291 64 4 80,-2360,2761,17,17,-237344,-237541,-2291,2826,-2292,2829
RECAL 1 3 23 1 1 55,RECAL 3 0 9999 64 4 80,RECAL 3 1 2315 64 4 80,2251,-2866,16,16,-238241,-238192,2315,-2800,2315,-2802
RECAL 1 3 23 2 2 55,RECAL 3 0 9999 64 4 80,RECAL 3 1 2321 64 4 80,2260,-2228,16,15,-237121,-237143,2321,-2164,2320,-2164
RECAL 1 3 23 3 3 55,RECAL 3 0 9999 64 4 80,RECAL 3 1 2344 64 4 80,2280,-1303,16,16,-238276,-238284,2344,-1237,2344,-1239
RECAL 1 3 23 4 4 55,RECAL 3 0 9999 64 4 80,RECAL 3 1 2363 64 4 80,2298,1267,16,16,-237887,-237907,2363,1332,2362,1331
RECAL 1 3 23 5 5 55,RECAL 3 0 9999 64 4 80,RECAL 3 1 2342 64 4 80,2278,2156,16,16,-236860,-236855,2342,2220,2342,2220
RECAL 1 3 23 6 6 55,RECAL 3 0 9999 64 4 80,RECAL 3 1 2398 64 4 80,2335,2783,16,16,-235562,-235552,2398,2846,2399,2847
RECAL 1 3 23 7 7 55,RECAL 3 0 9999 64 4 80,RECAL 3 1 426 64 4 80,360,2794,16,16,-236202,-236206,426.2,2856,424,2858
RECAL 1 3 23 8 8 55,RECAL 3 0 9999 64 4 80,RECAL 3 1 -217 64 4 80,-217,2170,16,0,-237982,-237974,-217,2234,-217,2234
RECAL 1 3 23 9 9 55,RECAL 3 0 9999 64 4 80,NULL,-51,NULL,NULL,NULL,NULL,NULL,NULL,NULL,NULL,NULL
RECAL 1 3 23 10 10 55,RECAL 3 0 9999 64 4 80,RECAL 3 1 -289 64 4 80,-369,-1279,17,21,-237208,-237214,-289,-1213,-285,-1211
RECAL 1 3 23 11 11 55,RECAL 3 0 9999 64 4 80,RECAL 3 1 -459 64 4 80,-529,-2214,16,17,-237278,-237281,-458.5,-2149,-461,-2150
RECAL 1 3 23 12 12 55,RECAL 3 0 9999 64 4 80,RECAL 3 1 -518 64 4 80,-572,-2852,16,14,-237045,-237030,-517.5,-2787,-516,-2788
RECAL 1 3 23 13 13 55,RECAL 3 0 9999 64 4 80,RECAL 3 1 -2391 64 4 80,-2453,-2876,17,15,-238424,-238679,-2391,-2810,-2393,-2808
RECAL 1 3 23 14 14 55,RECAL 3 0 9999 64 4 80,RECAL 3 1 -2382 64 4 80,-2448,-2244,16,16,-238277,-238337,-2382,-2178,-2384,-2180
RECAL 1 3 23 15 15 55,RECAL 3 0 9999 64 4 80,RECAL 3 1 -2359 64 4 80,-2422,-1329,16,16,-237584,-237644,-2359,-1264,-2358,-1265
RECAL 1 3 23 16 16 55,RECAL 3 0 9999 64 4 80,RECAL 3 1 -2345 64 4 80,-2409,1238,16,16,-236879,-236898,-2345,1301,-2345,1302
RECAL 1 3 23 17 17 55,RECAL 3 0 9999 64 4 80,RECAL 3 1 -2363 64 4 80,-2426,2136,16,16,-236612,-236627,-2363,2199,-2362,2200
RECAL 1 3 23 18 18 55,RECAL 3 0 9999 64 4 80,RECAL 3 1 -2314 64 4 80,-2378,2766,16,16,-239103,-239093,-2314,2828,-2314,2830
RECAL 1 3 24 1 1 56,RECAL 3 0 9999 64 4 80,RECAL 3 1 2326 64 4 80,2262,-2864,16,16,-238504,-238487,2326,-2800,2326,-2800
RECAL 1 3 24 2 2 56,RECAL 3 0 9999 64 4 80,RECAL 3 1 2287 64 4 80,2225,-2216,16,15,-238253,-238301,2287,-2152,2285,-2152
RECAL 1 3 24 3 3 56,RECAL 3 0 9999 64 4 80,RECAL 3 1 2281 64 4 80,2217,-1261,15,16,-239342,-239358,2281,-1199,2281,-1201
RECAL 1 3 24 4 4 56,RECAL 3 0 9999 64 4 80,RECAL 3 1 2169 64 4 80,2103,1308,15,16,-241129,-241171,2169,1370,2167,1368
RECAL 1 3 24 5 5 56,RECAL 3 0 9999 64 4 80,RECAL 3 1 2195 64 4 80,2131,2191,16,16,-240639,-240605,2195,2254,2195,2255
RECAL 1 3 24 6 6 56,RECAL 3 0 9999 64 4 80,RECAL 3 1 2181 64 4 80,2119,2819,16,15,-241523,-241562,2181,2881,2179,2883
RECAL 1 3 24 7 7 56,RECAL 3 0 9999 64 4 80,RECAL 3 1 -1094 64 4 80,-1156,2825,16,15,-238637,-238637,-1094,2886,-1096,2889
RECAL 1 3 24 8 8 56,RECAL 3 0 9999 64 4 80,RECAL 3 1 -1038 64 4 80,-1105,2198,16,17,-237285,-237274,-1038,2261,-1037,2262
RECAL 1 3 24 9 9 56,RECAL 3 0 9999 64 4 80,RECAL 3 1 -1074 64 4 80,-1140,1321,16,17,-237557,-237558,-1074,1384,-1072,1385
RECAL 1 3 24 10 10 56,RECAL 3 0 9999 64 4 80,RECAL 3 1 -815 64 4 80,-876,-1242,16,15,-237000,-236995,-815.2,-1179,-816,-1178
RECAL 1 3 24 11 11 56,RECAL 3 0 9999 64 4 80,RECAL 3 1 -813 64 4 80,-870,-2205,16,15,-238106,-238099,-813,-2140,-810,-2141
RECAL 1 3 24 12 12 56,RECAL 3 0 9999 64 4 80,RECAL 3 1 -702 64 4 80,-769,-2855,16,17,-236728,-236740,-702.2,-2792,-701,-2791
RECAL 1 3 24 13 13 56,RECAL 3 0 9999 64 4 80,RECAL 3 1 -2475 64 4 80,-2540,-2879,16,16,-236280,-236295,-2475,-2815,-2476,-2815
RECAL 1 3 24 14 14 56,RECAL 3 0 9999 64 4 80,RECAL 3 1 -2507 64 4 80,-2568,-2235,16,15,-237291,-237321,-2507,-2172,-2508,-2171
RECAL 1 3 24 15 15 56,RECAL 3 0 9999 64 4 80,RECAL 3 1 -2510 64 4 80,-2575,-1298,16,16,-236420,-236415,-2510,-1235,-2511,-1234
RECAL 1 3 24 16 16 56,RECAL 3 0 9999 64 4 80,RECAL 3 1 -2600 64 4 80,-2665,1270,16,16,-236964,-236942,-2600,1333,-2601,1334
RECAL 1 3 24 17 17 56,RECAL 3 0 9999 64 4 80,RECAL 3 1 -2583 64 4 80,-2647,2162,16,16,-236785,-236794,-2583,2226,-2583,2226
RECAL 1 3 24 18 18 56,RECAL 3 0 9999 64 4 80,RECAL 3 1 -2600 64 4 80,-2663,2798,16,16,-239688,-239768,-2600,2860,-2599,2862
RECAL 1 3 25 1 1 57,RECAL 3 0 9999 64 4 80,RECAL 3 1 2398 64 4 80,2332,-2930,16,17,-238944,-239044,2398,-2865,2400,-2866
RECAL 1 3 25 2 2 57,RECAL 3 0 9999 64 4 80,RECAL 3 1 2462 64 4 80,2398,-2289,16,16,-237152,-237149,2462,-2225,2462,-2225
RECAL 1 3 25 3 3 57,RECAL 3 0 9999 64 4 80,RECAL 3 1 2380 64 4 80,2314,-1374,16,16,-238419,-238500,2380,-1310,2378,-1310
RECAL 1 3 25 4 4 57,RECAL 3 0 9999 64 4 80,RECAL 3 1 2331 64 4 80,2265,1228,16,16,-237815,-237876,2331,1292,2329,1292
RECAL 1 3 25 5 5 57,RECAL 3 0 9999 64 4 80,RECAL 3 1 2303 64 4 80,2239,2156,15,16,-236394,-236570,2303,2217,2303,2216
RECAL 1 3 25 6 6 57,RECAL 3 0 9999 64 4 80,RECAL 3 1 2371 64 4 80,2306,2800,16,16,-236402,-236402,2371,2860,2370,2864
RECAL 1 3 25 7 7 57,RECAL 3 0 9999 64 4 80,RECAL 3 1 -316 64 4 80,-403,2787,15,23,-236367,-236739,-315.9,2847,-311,2847
RECAL 1 3 25 8 8 57,RECAL 3 0 9999 64 4 80,RECAL 3 1 -645 64 4 80,-717,2141,15,18,-235989,-236337,-645,2202,-645,2201
RECAL 1 3 25 9 9 57,RECAL 3 0 9999 64 4 80,RECAL 3 1 -534 64 4 80,-604,1205,15,18,-237675,-237792,-533.9,1266,-532,1265
RECAL 1 3 25 10 10 57,RECAL 3 0 9999 64 4 80,RECAL 3 1 -193 64 4 80,-264,-1395,16,17,-237214,-237196,-193.1,-1332,-196,-1331
RECAL 1 3 25 11 11 57,RECAL 3 0 9999 64 4 80,RECAL 3 1 657 64 4 80,589,-2302,16,17,-236801,-236814,657,-2239,657,-2238
RECAL 1 3 25 12 12 57,RECAL 3 0 9999 64 4 80,RECAL 3 1 256 64 4 80,174,-2941,16,21,-237384,-237373,256,-2877,258,-2877
RECAL 1 3 25 13 13 57,RECAL 3 0 9999 64 4 80,RECAL 3 1 -2361 64 4 80,-2429,-2916,16,17,-235749,-235741,-2361,-2851,-2361,-2852
RECAL 1 3 25 14 14 57,RECAL 3 0 9999 64 4 80,RECAL 3 1 -2291 64 4 80,-2359,-2272,16,17,-235431,-235386,-2291,-2208,-2291,-2208
RECAL 1 3 25 15 15 57,RECAL 3 0 9999 64 4 80,RECAL 3 1 -2376 64 4 80,-2441,-1346,16,16,-235757,-235740,-2376,-1282,-2377,-1282
RECAL 1 3 25 16 16 57,RECAL 3 0 9999 64 4 80,RECAL 3 1 -2425 64 4 80,-2491,1250,16,16,-236093,-236150,-2425,1312,-2427,1314
RECAL 1 3 25 17 17 57,RECAL 3 0 9999 64 4 80,RECAL 3 1 -2447 64 4 80,-2513,2168,15,16,-234790,-234744,-2447,2230,-2449,2228
RECAL 1 3 25 18 18 57,RECAL 3 0 9999 64 4 80,RECAL 3 1 -2393 64 4 80,-2461,2807,15,17,-236036,-236065,-2393,2869,-2393,2867
RECAL 1 3 26 1 1 58,RECAL 3 0 9999 64 4 80,RECAL 3 1 2178 64 4 80,2118,-2763,16,15,-238108,-238104,2178,-2700,2178,-2699
RECAL 1 3 26 2 2 58,RECAL 3 0 9999 64 4 80,RECAL 3 1 2258 64 4 80,2194,-2161,16,16,-237600,-237620,2258,-2096,2258,-2097
RECAL 1 3 26 3 3 58,RECAL 3 0 9999 64 4 80,RECAL 3 1 2163 64 4 80,2099,-1287,16,16,-238735,-238751,2163,-1224,2163,-1223
RECAL 1 3 26 4 4 58,RECAL 3 0 9999 64 4 80,RECAL 3 1 2246 64 4 80,2184,1174,15,16,-237965,-238258,2246,1234,2248,1234
RECAL 1 3 26 5 5 58,RECAL 3 0 9999 64 4 80,RECAL 3 1 2147 64 4 80,2084,2038,15,16,-237216,-237787,2147,2099,2148,2098
RECAL 1 3 26 6 6 58,RECAL 3 0 9999 64 4 80,RECAL 3 1 2194 64 4 80,2131,2637,16,16,-240969,-240978,2194,2696,2195,2701
RECAL 1 3 26 7 7 58,RECAL 3 0 9999 64 4 80,RECAL 3 1 -431 64 4 80,-489,2665,16,15,-240414,-240382,-430.7,2725,-429,2729
RECAL 1 3 26 8 8 58,RECAL 3 0 9999 64 4 80,RECAL 3 1 -626 64 4 80,-692,2075,15,17,-238807,-238837,-625.7,2137,-624,2135
RECAL 1 3 26 9 9 58,RECAL 3 0 9999 64 4 80,RECAL 3 1 305 64 4 80,242,1243,15,15,-237253,-237588,305,1303,302,1303
RECAL 1 3 26 10 10 58,RECAL 3 0 9999 64 4 80,RECAL 3 1 -560 64 4 80,-623,-1216,15,16,-237947,-238063,-559.5,-1155,-559,-1156
RECAL 1 3 26 11 11 58,RECAL 3 0 9999 64 4 80,RECAL 3 1 399 64 4 80,335,-2118,16,17,-238263,-238254,399,-2055,403,-2054
RECAL 1 3 26 12 12 58,RECAL 3 0 9999 64 4 80,RECAL 3 1 -519 64 4 80,-584,-2730,16,16,-239602,-239587,-518.9,-2667,-520,-2666
RECAL 1 3 26 13 13 58,RECAL 3 0 9999 64 4 80,RECAL 3 1 -2270 64 4 80,-2333,-2769,16,16,-239237,-239227,-2270,-2704,-2269,-2705
RECAL 1 3 26 14 14 58,RECAL 3 0 9999 64 4 80,RECAL 3 1 -2191 64 4 80,-2255,-2170,16,16,-238191,-238175,-2191,-2107,-2191,-2106
RECAL 1 3 26 15 15 58,RECAL 3 0 9999 64 4 80,RECAL 3 1 -2282 64 4 80,-2346,-1309,16,16,-240035,-240016,-2282,-1244,-2282,-1245
RECAL 1 3 26 16 16 58,RECAL 3 0 9999 64 4 80,RECAL 3 1 -2204 64 4 80,-2269,1152,16,16,-238605,-238631,-2204,1215,-2205,1216
RECAL 1 3 26 17 17 58,RECAL 3 0 9999 64 4 80,RECAL 3 1 -2294 64 4 80,-2357,2023,16,16,-241089,-241078,-2294,2085,-2293,2087
RECAL 1 3 26 18 18 58,RECAL 3 0 9999 64 4 80,RECAL 3 1 -2256 64 4 80,-2320,2625,16,16,-241254,-241224,-2256,2684,-2256,2689
RECAL 1 3 27 1 1 59,RECAL 3 0 9999 64 4 80,RECAL 3 1 2385 64 4 80,2321,-2856,16,16,-237932,-237944,2385,-2792,2385,-2792
RECAL 1 3 27 2 2 59,RECAL 3 0 9999 64 4 80,RECAL 3 1 2371 64 4 80,2308,-2296,16,16,-237432,-237439,2371,-2231,2372,-2232
RECAL 1 3 27 3 3 59,RECAL 3 0 9999 64 4 80,RECAL 3 1 2364 64 4 80,2300,-1538,16,16,-238928,-238916,2364,-1473,2364,-1474
RECAL 1 3 27 4 4 59,RECAL 3 0 9999 64 4 80,RECAL 3 1 2283 64 4 80,2221,795,16,15,-238843,-238883,2283,857.4,2281,859
RECAL 1 3 27 5 5 59,RECAL 3 0 9999 64 4 80,RECAL 3 1 2284 64 4 80,2223,1817,16,15,-238603,-238609,2284,1879,2283,1881
RECAL 1 3 27 6 6 59,RECAL 3 0 9999 64 4 80,RECAL 3 1 2288 64 4 80,2225,2455,16,16,-239393,-239408,2288,2516,2289,2519
RECAL 1 3 27 7 7 59,RECAL 3 0 9999 64 4 80,RECAL 3 1 654 64 4 80,587,2454,16,17,-237122,-237123,654.2,2513,655,2518
RECAL 1 3 27 8 8 59,RECAL 3 0 9999 64 4 80,RECAL 3 1 610 64 4 80,547,1812,16,16,-236576,-236571,610.2,1876,611,1876
RECAL 1 3 27 9 9 59,RECAL 3 0 9999 64 4 80,RECAL 3 1 612 64 4 80,548,785,16,16,-238022,-238040,611.9,847.9,612,849
RECAL 1 3 27 10 10 59,RECAL 3 0 9999 64 4 80,RECAL 3 1 868 64 4 80,793,-1538,16,19,-239271,-239265,868,-1474,869,-1474
RECAL 1 3 27 11 11 59,RECAL 3 0 9999 64 4 80,RECAL 3 1 898 64 4 80,831,-2295,16,17,-237227,-237216,898.2,-2231,899,-2231
RECAL 1 3 27 12 12 59,RECAL 3 0 9999 64 4 80,RECAL 3 1 929 64 4 80,863,-2855,15,16,-238675,-237803,928.6,-2791,927,-2795
RECAL 1 3 27 13 13 59,RECAL 3 0 9999 64 4 80,RECAL 3 1 -2015 64 4 80,-2080,-2888,16,16,-237616,-237673,-2015,-2825,-2016,-2824
RECAL 1 3 27 14 14 59,RECAL 3 0 9999 64 4 80,RECAL 3 1 -2025 64 4 80,-2090,-2336,16,16,-238211,-238235,-2025,-2275,-2026,-2272
RECAL 1 3 27 15 15 59,RECAL 3 0 9999 64 4 80,RECAL 3 1 -2033 64 4 80,-2097,-1598,16,16,-237192,-237198,-2033,-1536,-2033,-1534
RECAL 1 3 27 16 16 59,RECAL 3 0 9999 64 4 80,RECAL 3 1 -2117 64 4 80,-2180,657,16,16,-236583,-236577,-2117,721.6,-2116,721
RECAL 1 3 27 17 17 59,RECAL 3 0 9999 64 4 80,RECAL 3 1 -2115 64 4 80,-2180,1762,16,16,-235845,-235851,-2115,1825,-2116,1826
RECAL 1 3 27 18 18 59,RECAL 3 0 9999 64 4 80,RECAL 3 1 -2110 64 4 80,-2174,2413,16,16,-238693,-238687,-2110,2475,-2110,2477
RECAL 1 3 28 1 1 60,RECAL 3 0 9999 64 4 80,RECAL 3 1 2179 64 4 80,2115,-2864,16,16,-237390,-237409,2179,-2799,2179,-2800
RECAL 1 3 28 2 2 60,RECAL 3 0 9999 64 4 80,RECAL 3 1 2177 64 4 80,2114,-2300,16,16,-237416,-237419,2177,-2237,2178,-2236
RECAL 1 3 28 3 3 60,RECAL 3 0 9999 64 4 80,RECAL 3 1 2081 64 4 80,2017,-1549,16,16,-237555,-237556,2081,-1485,2081,-1485
RECAL 1 3 28 4 4 60,RECAL 3 0 9999 64 4 80,RECAL 3 1 2175 64 4 80,2110,767,16,16,-238379,-238406,2175,832.9,2174,831
RECAL 1 3 28 5 5 60,RECAL 3 0 9999 64 4 80,RECAL 3 1 2088 64 4 80,2024,1802,16,16,-238420,-238399,2088,1866,2088,1866
RECAL 1 3 28 6 6 60,RECAL 3 0 9999 64 4 80,RECAL 3 1 2170 64 4 80,2108,2440,16,15,-239291,-239355,2170,2504,2168,2504
RECAL 1 3 28 7 7 60,RECAL 3 0 9999 64 4 80,RECAL 3 1 -460 64 4 80,-508,2399,16,12,-236077,-236071,-459.7,2460,-460,2463
RECAL 1 3 28 8 8 60,RECAL 3 0 9999 64 4 80,RECAL 3 1 -749 64 4 80,-806,1744,16,14,-236365,-236372,-749.2,1808,-750,1808
RECAL 1 3 28 9 9 60,RECAL 3 0 9999 64 4 80,RECAL 3 1 -406 64 4 80,-478,629,16,18,-235369,-235348,-406.3,694.2,-406,693
RECAL 1 3 28 10 10 60,RECAL 3 0 9999 64 4 80,RECAL 3 1 -768 64 4 80,-834,-1618,16,17,-235810,-235805,-767.6,-1553,-766,-1554
RECAL 1 3 28 11 11 60,RECAL 3 0 9999 64 4 80,RECAL 3 1 -395 64 4 80,-456,-2345,16,15,-235645,-235659,-394.5,-2282,-396,-2281
RECAL 1 3 28 12 12 60,RECAL 3 0 9999 64 4 80,RECAL 3 1 -402 64 4 80,-460,-2899,16,14,-236834,-236826,-402.1,-2832,-404,-2835
RECAL 1 3 28 13 13 60,RECAL 3 0 9999 64 4 80,RECAL 3 1 -2218 64 4 80,-2280,-2859,16,15,-236491,-236584,-2218,-2795,-2220,-2795
RECAL 1 3 28 14 14 60,RECAL 3 0 9999 64 4 80,RECAL 3 1 -2216 64 4 80,-2278,-2300,16,15,-235900,-235939,-2216,-2237,-2218,-2236
RECAL 1 3 28 15 15 60,RECAL 3 0 9999 64 4 80,RECAL 3 1 -2302 64 4 80,-2365,-1552,16,16,-236016,-236049,-2302,-1487,-2301,-1488
RECAL 1 3 28 16 16 60,RECAL 3 0 9999 64 4 80,RECAL 3 1 -2219 64 4 80,-2282,762,16,16,-235707,-235705,-2219,824.8,-2218,826
RECAL 1 3 28 17 17 60,RECAL 3 0 9999 64 4 80,RECAL 3 1 -2297 64 4 80,-2360,1796,16,16,-236113,-236157,-2297,1859,-2296,1860
RECAL 1 3 28 18 18 60,RECAL 3 0 9999 64 4 80,RECAL 3 1 -2227 64 4 80,-2289,2433,16,15,-237347,-237368,-2227,2497,-2229,2497
RECAL 1 3 29 1 1 61,RECAL 3 0 9999 64 4 80,RECAL 3 1 2187 64 4 80,2125,-2861,16,15,-236860,-236926,2187,-2796,2185,-2797
RECAL 1 3 29 2 2 61,RECAL 3 0 9999 64 4 80,RECAL 3 1 2087 64 4 80,2022,-2297,16,16,-238896,-238891,2087,-2234,2086,-2233
RECAL 1 3 29 3 3 61,RECAL 3 0 9999 64 4 80,RECAL 3 1 2064 64 4 80,1997,-1533,16,17,-237815,-237845,2064,-1470,2065,-1469
RECAL 1 3 29 4 4 61,RECAL 3 0 9999 64 4 80,RECAL 3 1 2138 64 4 80,2073,811,16,16,-238099,-238100,2138,876.6,2137,875
RECAL 1 3 29 5 5 61,RECAL 3 0 9999 64 4 80,RECAL 3 1 2083 64 4 80,2019,1831,16,16,-237382,-237384,2083,1894,2083,1895
RECAL 1 3 29 6 6 61,RECAL 3 0 9999 64 4 80,RECAL 3 1 2090 64 4 80,2025,2467,15,16,-236865,-236026,2090,2531,2089,2527
RECAL 1 3 29 7 7 61,RECAL 3 0 9999 64 4 80,RECAL 3 1 -838 64 4 80,-909,2433,16,18,-236731,-236749,-838.2,2496,-837,2497
RECAL 1 3 29 8 8 61,RECAL 3 0 9999 64 4 80,RECAL 3 1 -835 64 4 80,-904,1789,16,17,-236776,-236772,-835.1,1851,-836,1853
RECAL 1 3 29 9 9 61,RECAL 3 0 9999 64 4 80,RECAL 3 1 -672 64 4 80,-735,720,16,16,-236412,-236408,-671.9,782.4,-671,784
RECAL 1 3 29 10 10 61,RECAL 3 0 9999 64 4 80,RECAL 3 1 -872 64 4 80,-942,-1586,16,18,-238156,-238165,-872.5,-1522,-870,-1522
RECAL 1 3 29 11 11 61,RECAL 3 0 9999 64 4 80,RECAL 3 1 -834 64 4 80,-895,-2331,16,15,-237308,-237313,-833.5,-2267,-835,-2267
RECAL 1 3 29 12 12 61,RECAL 3 0 9999 64 4 80,RECAL 3 1 -497 64 4 80,-564,-2886,16,17,-239124,-239153,-497.2,-2822,-496,-2822
RECAL 1 3 29 13 13 61,RECAL 3 0 9999 64 4 80,RECAL 3 1 -2261 64 4 80,-2323,-2896,16,16,-235344,-235447,-2261,-2832,-2259,-2832
RECAL 1 3 29 14 14 61,RECAL 3 0 9999 64 4 80,RECAL 3 1 -2346 64 4 80,-2412,-2341,16,16,-235345,-235353,-2346,-2279,-2348,-2277
RECAL 1 3 29 15 15 61,RECAL 3 0 9999 64 4 80,RECAL 3 1 -2364 64 4 80,-2428,-1603,16,16,-234935,-234921,-2364,-1539,-2364,-1539
RECAL 1 3 29 16 16 61,RECAL 3 0 9999 64 4 80,RECAL 3 1 -2304 64 4 80,-2368,678,16,16,-235213,-235214,-2304,743.5,-2304,742
RECAL 1 3 29 17 17 61,RECAL 3 0 9999 64 4 80,RECAL 3 1 -2350 64 4 80,-2413,1772,16,16,-235131,-235162,-2350,1835,-2349,1836
RECAL 1 3 29 18 18 61,RECAL 3 0 9999 64 4 80,RECAL 3 1 -2347 64 4 80,-2411,2421,16,16,-235078,-235070,-2347,2483,-2347,2485
RECAL 1 3 30 1 1 62,RECAL 3 0 9999 64 4 80,RECAL 3 1 2323 64 4 80,2257,-2857,16,17,-234393,-234436,2323,-2791,2325,-2793
RECAL 1 3 30 2 2 62,RECAL 3 0 9999 64 4 80,RECAL 3 1 2341 64 4 80,2276,-2298,16,16,-235465,-235520,2341,-2233,2340,-2234
RECAL 1 3 30 3 3 62,RECAL 3 0 9999 64 4 80,RECAL 3 1 2283 64 4 80,2220,-1546,16,16,-235663,-235696,2283,-1483,2284,-1482
RECAL 1 3 30 4 4 62,RECAL 3 0 9999 64 4 80,RECAL 3 1 2302 64 4 80,2237,769,15,16,-235429,-235514,2302,830.3,2301,829
RECAL 1 3 30 5 5 62,RECAL 3 0 9999 64 4 80,RECAL 3 1 2393 64 4 80,2331,1798,16,16,-235116,-235216,2393,1862,2395,1862
RECAL 1 3 30 6 6 62,RECAL 3 0 9999 64 4 80,RECAL 3 1 2417 64 4 80,2352,2440,16,16,-234984,-235008,2417,2501,2416,2504
RECAL 1 3 30 7 7 62,RECAL 3 0 9999 64 4 80,RECAL 3 1 1042 64 4 80,975,2466,16,17,-234603,-234596,1042,2529,1043,2530
RECAL 1 3 30 8 8 62,RECAL 3 0 9999 64 4 80,RECAL 3 1 985 64 4 80,917,1838,16,17,-234717,-234735,985.5,1903,985,1902
RECAL 1 3 30 9 9 62,RECAL 3 0 9999 64 4 80,RECAL 3 1 713 64 4 80,646,862,16,17,-235774,-235805,712.9,924.2,714,926
RECAL 1 3 30 10 10 62,RECAL 3 0 9999 64 4 80,RECAL 3 1 676 64 4 80,609,-1491,16,17,-234538,-234563,675.7,-1426,677,-1427
RECAL 1 3 30 11 11 62,RECAL 3 0 9999 64 4 80,RECAL 3 1 855 64 4 80,793,-2257,16,16,-234046,-234055,855.2,-2193,857,-2193
RECAL 1 3 30 12 12 62,RECAL 3 0 9999 64 4 80,RECAL 3 1 824 64 4 80,756,-2826,16,17,-234148,-234145,824.2,-2762,824,-2762
RECAL 1 3 30 13 13 62,RECAL 3 0 9999 64 4 80,RECAL 3 1 -2043 64 4 80,-2108,-2843,16,16,-235120,-235124,-2043,-2778,-2044,-2779
RECAL 1 3 30 14 14 62,RECAL 3 0 9999 64 4 80,RECAL 3 1 -2027 64 4 80,-2091,-2283,16,16,-234393,-234384,-2027,-2218,-2027,-2219
RECAL 1 3 30 15 15 62,RECAL 3 0 9999 64 4 80,RECAL 3 1 -2081 64 4 80,-2145,-1524,16,16,-233875,-233881,-2081,-1461,-2081,-1460
RECAL 1 3 30 16 16 62,RECAL 3 0 9999 64 4 80,RECAL 3 1 -2062 64 4 80,-2128,795,15,16,-234886,-235009,-2062,856,-2064,855
RECAL 1 3 30 17 17 62,RECAL 3 0 9999 64 4 80,RECAL 3 1 -1956 64 4 80,-2020,1807,16,16,-235117,-235092,-1956,1870,-1956,1871
RECAL 1 3 30 18 18 62,RECAL 3 0 9999 64 4 80,RECAL 3 1 -1937 64 4 80,-2002,2445,16,16,-235559,-235557,-1937,2507,-1938,2509
RECAL 1 3 31 1 1 63,RECAL 3 0 9999 64 4 80,RECAL 3 1 2177 64 4 80,2113,-2780,16,16,-238777,-238775,2177,-2716,2177,-2716
RECAL 1 3 31 2 2 63,RECAL 3 0 9999 64 4 80,RECAL 3 1 2160 64 4 80,2095,-2180,16,16,-239817,-239851,2160,-2117,2159,-2116
RECAL 1 3 31 3 3 63,RECAL 3 0 9999 64 4 80,RECAL 3 1 2147 64 4 80,2084,-1325,17,16,-239465,-239448,2147,-1259,2148,-1257
RECAL 1 3 31 4 4 63,RECAL 3 0 9999 64 4 80,RECAL 3 1 2137 64 4 80,2073,1143,16,16,-238567,-238561,2137,1206,2137,1207
RECAL 1 3 31 5 5 63,RECAL 3 0 9999 64 4 80,RECAL 3 1 2205 64 4 80,2142,2025,15,16,-237826,-238314,2205,2085,2206,2085
RECAL 1 3 31 6 6 63,RECAL 3 0 9999 64 4 80,RECAL 3 1 2197 64 4 80,2134,2630,15,16,-237250,-237450,2197,2691,2198,2690
RECAL 1 3 31 7 7 63,RECAL 3 0 9999 64 4 80,RECAL 3 1 -364 64 4 80,-443,2653,16,20,-236515,-236507,-363.6,2712,-363,2717
RECAL 1 3 31 8 8 63,RECAL 3 0 9999 64 4 80,RECAL 3 1 -240 64 4 80,-320,2058,16,20,-236226,-236243,-239.8,2119,-240,2122
RECAL 1 3 31 9 9 63,RECAL 3 0 9999 64 4 80,RECAL 3 1 -628 64 4 80,-696,1206,15,17,-236638,-236874,-628.3,1267,-628,1266
RECAL 1 3 31 10 10 63,RECAL 3 0 9999 64 4 80,RECAL 3 1 -583 64 4 80,-646,-1263,16,16,-237479,-237467,-582.5,-1199,-582,-1199
RECAL 1 3 31 11 11 63,RECAL 3 0 9999 64 4 80,RECAL 3 1 -534 64 4 80,-606,-2146,16,18,-239145,-239168,-534.2,-2081,-534,-2082
RECAL 1 3 31 12 12 63,RECAL 3 0 9999 64 4 80,RECAL 3 1 -465 64 4 80,-526,-2752,16,16,-238734,-238737,-465.3,-2690,-462,-2688
RECAL 1 3 31 13 13 63,RECAL 3 0 9999 64 4 80,RECAL 3 1 -2254 64 4 80,-2318,-2760,16,16,-242072,-242077,-2254,-2695,-2254,-2696
RECAL 1 3 31 14 14 63,RECAL 3 0 9999 64 4 80,RECAL 3 1 -2267 64 4 80,-2332,-2158,16,16,-239218,-239241,-2267,-2094,-2268,-2094
RECAL 1 3 31 15 15 63,RECAL 3 0 9999 64 4 80,RECAL 3 1 -2281 64 4 80,-2347,-1280,15,17,-237659,-237807,-2281,-1218,-2279,-1220
RECAL 1 3 31 16 16 63,RECAL 3 0 9999 64 4 80,RECAL 3 1 -2290 64 4 80,-2355,1181,16,16,-237809,-237854,-2290,1243,-2291,1245
RECAL 1 3 31 17 17 63,RECAL 3 0 9999 64 4 80,RECAL 3 1 -2230 64 4 80,-2296,2044,16,17,-237295,-237365,-2230,2105,-2228,2108
RECAL 1 3 31 18 18 63,RECAL 3 0 9999 64 4 80,RECAL 3 1 -2244 64 4 80,-2309,2642,16,16,-238645,-238685,-2244,2703,-2245,2706
RECAL 1 3 32 1 1 64,RECAL 3 0 9999 64 4 80,RECAL 3 1 2207 64 4 80,2144,-2790,16,16,-238662,-238730,2207,-2727,2208,-2726
RECAL 1 3 32 2 2 64,RECAL 3 0 9999 64 4 80,RECAL 3 1 2203 64 4 80,2138,-2191,16,16,-238606,-238651,2203,-2128,2202,-2127
RECAL 1 3 32 3 3 64,RECAL 3 0 9999 64 4 80,RECAL 3 1 2168 64 4 80,2104,-1334,16,16,-239467,-239463,2168,-1270,2168,-1270
RECAL 1 3 32 4 4 64,RECAL 3 0 9999 64 4 80,RECAL 3 1 2291 64 4 80,2225,1128,16,17,-241958,-242059,2291,1192,2293,1192
RECAL 1 3 32 5 5 64,RECAL 3 0 9999 64 4 80,RECAL 3 1 2316 64 4 80,2251,2017,16,16,-242271,-242305,2316,2081,2315,2081
RECAL 1 3 32 6 6 64,RECAL 3 0 9999 64 4 80,RECAL 3 1 2247 64 4 80,2184,2625,16,16,-243013,-243026,2247,2688,2248,2689
RECAL 1 3 32 7 7 64,RECAL 3 0 9999 64 4 80,RECAL 3 1 -223 64 4 80,-291,2670,16,17,-236987,-237013,-222.6,2733,-223,2734
RECAL 1 3 32 8 8 64,RECAL 3 0 9999 64 4 80,RECAL 3 1 554 64 4 80,489,2076,16,16,-237248,-237273,554.5,2139,553,2140
RECAL 1 3 32 9 9 64,RECAL 3 0 9999 64 4 80,RECAL 3 1 430 64 4 80,363,1231,15,17,-236495,-236613,429.9,1292,431,1291
RECAL 1 3 32 10 10 64,RECAL 3 0 9999 64 4 80,RECAL 3 1 -648 64 4 80,-716,-1230,16,17,-235733,-235749,-647.9,-1167,-648,-1166
RECAL 1 3 32 11 11 64,RECAL 3 0 9999 64 4 80,RECAL 3 1 -532 64 4 80,-602,-2131,16,17,-236798,-236807,-532.2,-2068,-534,-2067
RECAL 1 3 32 12 12 64,RECAL 3 0 9999 64 4 80,RECAL 3 1 -510 64 4 80,-575,-2742,16,17,-237074,-237068,-510.2,-2680,-507,-2678
RECAL 1 3 32 13 13 64,RECAL 3 0 9999 64 4 80,RECAL 3 1 -2295 64 4 80,-2359,-2764,16,16,-237671,-237677,-2295,-2701,-2295,-2700
RECAL 1 3 32 14 14 64,RECAL 3 0 9999 64 4 80,RECAL 3 1 -2299 64 4 80,-2363,-2160,16,16,-237031,-237053,-2299,-2096,-2299,-2096
RECAL 1 3 32 15 15 64,RECAL 3 0 9999 64 4 80,RECAL 3 1 -2329 64 4 80,-2393,-1282,16,16,-236939,-236961,-2329,-1218,-2329,-1218
RECAL 1 3 32 16 16 64,RECAL 3 0 9999 64 4 80,RECAL 3 1 -2210 64 4 80,-2274,1179,16,16,-236779,-236769,-2210,1242,-2210,1243
RECAL 1 3 32 17 17 64,RECAL 3 0 9999 64 4 80,RECAL 3 1 -2186 64 4 80,-2250,2046,16,16,-237568,-237579,-2186,2108,-2186,2110
RECAL 1 3 32 18 18 64,RECAL 3 0 9999 64 4 80,RECAL 3 1 -2257 64 4 80,-2322,2645,16,16,-238653,-238672,-2257,2709,-2258,2709
RECAL 1 4 1 1 1 33,RECAL 3 0 9999 64 4 80,RECAL 3 1 2331 64 4 80,2267,-2882,16,16,-237111,-237187,2331,-2819,2331,-2818
RECAL 1 4 1 2 2 33,RECAL 3 0 9999 64 4 80,RECAL 3 1 2263 64 4 80,2200,-2252,16,16,-236705,-236724,2263,-2188,2264,-2188
RECAL 1 4 1 3 3 33,RECAL 3 0 9999 64 4 80,RECAL 3 1 2249 64 4 80,2187,-1338,16,16,-237448,-237529,2249,-1275,2251,-1274
RECAL 1 4 1 4 4 33,RECAL 3 0 9999 64 4 80,RECAL 3 1 2355 64 4 80,2291,1228,15,16,-238028,-238170,2355,1289,2355,1288
RECAL 1 4 1 5 5 33,RECAL 3 0 9999 64 4 80,RECAL 3 1 2359 64 4 80,2294,2132,15,16,-236149,-236212,2359,2194,2358,2192
RECAL 1 4 1 6 6 33,RECAL 3 0 9999 64 4 80,RECAL 3 1 2364 64 4 80,2303,2763,16,15,-235188,-235230,2364,2824,2363,2827
RECAL 1 4 1 7 7 33,RECAL 3 0 9999 64 4 80,RECAL 3 1 -206 64 4 80,-286,2775,16,21,-235681,-235683,-206,2836,-202,2839
RECAL 1 4 1 8 8 33,RECAL 3 0 9999 64 4 80,RECAL 3 1 -216 64 4 80,-295,NULL,NULL,NULL,NULL,NULL,NULL,NULL,NULL,NULL
RECAL 1 4 1 9 9 33,RECAL 3 0 9999 64 4 80,RECAL 3 1 -229 64 4 80,-282,1257,15,13,-235012,-235122,-228.6,1318,-230,1317
RECAL 1 4 1 10 10 33,RECAL 3 0 9999 64 4 80,RECAL 3 1 -779 64 4 80,-845,-1306,16,17,-236289,-236303,-778.6,-1243,-777,-1242
RECAL 1 4 1 11 11 33,RECAL 3 0 9999 64 4 80,RECAL 3 1 -736 64 4 80,-795,-2232,16,15,-235412,-235430,-736.3,-2168,-735,-2168
RECAL 1 4 1 12 12 33,RECAL 3 0 9999 64 4 80,RECAL 3 1 -450 64 4 80,-511,-2865,16,16,-236471,-236501,-450.5,-2802,-447,-2801
RECAL 1 4 1 13 13 33,RECAL 3 0 9999 64 4 80,RECAL 3 1 -2406 64 4 80,-2473,-2894,16,17,-236318,-236340,-2406,-2830,-2405,-2830
RECAL 1 4 1 14 14 33,RECAL 3 0 9999 64 4 80,RECAL 3 1 -2469 64 4 80,-2534,-2268,16,16,-236835,-236847,-2469,-2204,-2470,-2204
RECAL 1 4 1 15 15 33,RECAL 3 0 9999 64 4 80,RECAL 3 1 -2481 64 4 80,-2547,-1368,16,16,-235911,-235958,-2481,-1306,-2483,-1304
RECAL 1 4 1 16 16 33,RECAL 3 0 9999 64 4 80,RECAL 3 1 -2381 64 4 80,-2446,1196,15,16,-235639,-235730,-2381,1258,-2382,1256
RECAL 1 4 1 17 17 33,RECAL 3 0 9999 64 4 80,RECAL 3 1 -2380 64 4 80,-2445,2110,16,16,-235358,-235379,-2380,2174,-2381,2174
RECAL 1 4 1 18 18 33,RECAL 3 0 9999 64 4 80,RECAL 3 1 -2375 64 4 80,-2441,2743,16,16,-237240,-237277,-2375,2806,-2377,2807
RECAL 1 4 2 1 1 34,RECAL 3 0 9999 64 4 80,RECAL 3 1 2299 64 4 80,2237,-2894,16,16,-235507,-235561,2299,-2830,2301,-2830
RECAL 1 4 2 2 2 34,RECAL 3 0 9999 64 4 80,RECAL 3 1 2211 64 4 80,2145,-2262,16,16,-236010,-236089,2211,-2200,2209,-2198
RECAL 1 4 2 3 3 34,RECAL 3 0 9999 64 4 80,RECAL 3 1 2322 64 4 80,2257,-1355,16,16,-236046,-236101,2322,-1292,2321,-1291
RECAL 1 4 2 4 4 34,RECAL 3 0 9999 64 4 80,RECAL 3 1 2268 64 4 80,2203,NULL,NULL,NULL,NULL,NULL,NULL,NULL,NULL,NULL
RECAL 1 4 2 5 5 34,RECAL 3 0 9999 64 4 80,RECAL 3 1 2341 64 4 80,2276,2135,15,16,-236220,-236456,2341,2196,2340,2195
RECAL 1 4 2 6 6 34,RECAL 3 0 9999 64 4 80,RECAL 3 1 2350 64 4 80,2284,2767,15,16,-239310,-239524,2350,2828,2348,2827
RECAL 1 4 2 7 7 34,RECAL 3 0 9999 64 4 80,RECAL 3 1 -57 64 4 80,-57,2796,16,0,-237479,-237478,-57,2855,-57,2860
RECAL 1 4 2 8 8 34,RECAL 3 0 9999 64 4 80,RECAL 3 1 -298 64 4 80,-383,2171,16,21,-233618,-233631,-297.6,2233,-299,2235
RECAL 1 4 2 9 9 34,RECAL 3 0 9999 64 4 80,RECAL 3 1 -671 64 4 80,-738,1290,15,17,-235670,-235702,-670.7,1352,-670,1350
RECAL 1 4 2 10 10 34,RECAL 3 0 9999 64 4 80,RECAL 3 1 -430 64 4 80,-498,-1286,16,17,-233987,-233973,-429.7,-1222,-430,-1222
RECAL 1 4 2 11 11 34,RECAL 3 0 9999 64 4 80,RECAL 3 1 -852 64 4 80,-925,-2222,16,18,-233536,-233535,-851.8,-2157,-853,-2158
RECAL 1 4 2 12 12 34,RECAL 3 0 9999 64 4 80,RECAL 3 1 -544 64 4 80,-608,-2861,16,16,-233667,-233666,-544.5,-2796,-544,-2797
RECAL 1 4 2 13 13 34,RECAL 3 0 9999 64 4 80,RECAL 3 1 -2404 64 4 80,-2473,-2887,16,17,-234549,-234567,-2404,-2822,-2405,-2823
RECAL 1 4 2 14 14 34,RECAL 3 0 9999 64 4 80,RECAL 3 1 -2483 64 4 80,-2548,-2255,16,16,-233738,-233800,-2483,-2192,-2484,-2191
RECAL 1 4 2 15 15 34,RECAL 3 0 9999 64 4 80,RECAL 3 1 -2383 64 4 80,-2449,-1347,16,16,-235488,-235550,-2383,-1283,-2385,-1283
RECAL 1 4 2 16 16 34,RECAL 3 0 9999 64 4 80,RECAL 3 1 -2434 64 4 80,-2501,1225,16,17,-237551,-237568,-2434,1289,-2433,1289
RECAL 1 4 2 17 17 34,RECAL 3 0 9999 64 4 80,RECAL 3 1 -2367 64 4 80,-2433,2135,15,16,-236997,-237249,-2367,2197,-2369,2195
RECAL 1 4 2 18 18 34,RECAL 3 0 9999 64 4 80,RECAL 3 1 -2361 64 4 80,-2424,2765,16,16,-239378,-239354,-2361,2824,-2360,2829
RECAL 1 4 3 1 1 35,RECAL 3 0 9999 64 4 80,RECAL 3 1 2170 64 4 80,2108,-2744,16,15,-235607,-235653,2170,-2681,2168,-2680
RECAL 1 4 3 2 2 35,RECAL 3 0 9999 64 4 80,RECAL 3 1 2131 64 4 80,2065,-1285,16,16,-236147,-236220,2131,-1221,2129,-1221
RECAL 1 4 3 3 3 35,RECAL 3 0 9999 64 4 80,RECAL 3 1 2174 64 4 80,2108,-2146,16,17,-236397,-236470,2174,-2082,2176,-2082
RECAL 1 4 3 4 4 35,RECAL 3 0 9999 64 4 80,RECAL 3 1 2093 64 4 80,2030,1142,16,16,-235822,-235807,2093,1206,2094,1206
RECAL 1 4 3 5 5 35,RECAL 3 0 9999 64 4 80,RECAL 3 1 2193 64 4 80,2128,2006,16,16,-235037,-235071,2193,2068,2192,2070
RECAL 1 4 3 6 6 35,RECAL 3 0 9999 64 4 80,RECAL 3 1 2198 64 4 80,2132,2605,16,17,-234262,-234320,2198,2666,2200,2669
RECAL 1 4 3 7 7 35,RECAL 3 0 9999 64 4 80,RECAL 3 1 -427 64 4 80,-502,2637,16,19,-234195,-234220,-426.6,2699,-426,2701
RECAL 1 4 3 8 8 35,RECAL 3 0 9999 64 4 80,RECAL 3 1 -439 64 4 80,-515,2048,16,20,-235959,-235974,-438.7,2110,-435,2112
RECAL 1 4 3 9 9 35,RECAL 3 0 9999 64 4 80,RECAL 3 1 -800 64 4 80,-869,1215,15,17,-237170,-237297,-799.6,1276,-801,1275
RECAL 1 4 3 10 10 35,RECAL 3 0 9999 64 4 80,RECAL 3 1 -688 64 4 80,-755,-1214,16,16,-237907,-237923,-688.3,-1148,-691,-1150
RECAL 1 4 3 11 11 35,RECAL 3 0 9999 64 4 80,RECAL 3 1 -542 64 4 80,-605,-2102,16,16,-235342,-235336,-541.7,-2038,-541,-2038
RECAL 1 4 3 12 12 35,RECAL 3 0 9999 64 4 80,RECAL 3 1 -565 64 4 80,-630,-2709,16,16,-238723,-238743,-565.2,-2644,-566,-2645
RECAL 1 4 3 13 13 35,RECAL 3 0 9999 64 4 80,RECAL 3 1 -2270 64 4 80,-2336,NULL,NULL,NULL,NULL,NULL,NULL,NULL,NULL,NULL
RECAL 1 4 3 14 14 35,RECAL 3 0 9999 64 4 80,RECAL 3 1 -2264 64 4 80,-2329,-2138,16,16,-233348,-233394,-2264,-2074,-2265,-2074
RECAL 1 4 3 15 15 35,RECAL 3 0 9999 64 4 80,RECAL 3 1 -2303 64 4 80,-2368,-1275,16,16,-232322,-232320,-2303,-1211,-2304,-1211
RECAL 1 4 3 16 16 35,RECAL 3 0 9999 64 4 80,RECAL 3 1 -2335 64 4 80,-2399,1154,16,16,-231979,-231985,-2335,1217,-2335,1218
RECAL 1 4 3 17 17 35,RECAL 3 0 9999 64 4 80,RECAL 3 1 -2245 64 4 80,-2309,2010,16,16,-232358,-232353,-2245,2072,-2245,2074
RECAL 1 4 3 18 18 35,RECAL 3 0 9999 64 4 80,RECAL 3 1 -2247 64 4 80,-2312,2606,16,16,-232738,-232751,-2247,2668,-2248,2670
RECAL 1 4 4 1 1 36,RECAL 3 0 9999 64 4 80,RECAL 3 1 2314 64 4 80,2251,-2882,16,16,-234175,-234207,2314,-2815,2315,-2818
RECAL 1 4 4 2 2 36,RECAL 3 0 9999 64 4 80,RECAL 3 1 2256 64 4 80,2194,-2254,16,15,-234730,-234768,2256,-2188,2254,-2190
RECAL 1 4 4 3 3 36,RECAL 3 0 9999 64 4 80,RECAL 3 1 2338 64 4 80,2275,-1350,16,16,-235415,-235469,2338,-1286,2339,-1286
RECAL 1 4 4 4 4 36,RECAL 3 0 9999 64 4 80,RECAL 3 1 2343 64 4 80,2279,1221,16,16,-235587,-235588,2343,1283,2343,1285
RECAL 1 4 4 5 5 36,RECAL 3 0 9999 64 4 80,RECAL 3 1 2349 64 4 80,2287,2126,16,16,-235245,-235296,2349,2189,2351,2190
RECAL 1 4 4 6 6 36,RECAL 3 0 9999 64 4 80,RECAL 3 1 2342 64 4 80,2280,2753,16,15,-236499,-236545,2342,2814,2340,2817
RECAL 1 4 4 7 7 36,RECAL 3 0 9999 64 4 80,RECAL 3 1 -337 64 4 80,-337,2778,16,0,-237328,-237344,-337,2839,-337,2842
RECAL 1 4 4 8 8 36,RECAL 3 0 9999 64 4 80,RECAL 3 1 -221 64 4 80,-292,2160,15,18,-239551,-239600,-220.9,2222,-220,2220
RECAL 1 4 4 9 9 36,RECAL 3 0 9999 64 4 80,RECAL 3 1 -265 64 4 80,-331,1277,16,16,-236629,-236613,-264.7,1340,-267,1341
RECAL 1 4 4 10 10 36,RECAL 3 0 9999 64 4 80,RECAL 3 1 -345 64 4 80,-426,-1290,16,20,-236980,-236961,-345.1,-1226,-346,-1226
RECAL 1 4 4 11 11 36,RECAL 3 0 9999 64 4 80,RECAL 3 1 -735 64 4 80,-806,-2216,16,18,-236625,-236652,-735.4,-2151,-734,-2152
RECAL 1 4 4 12 12 36,RECAL 3 0 9999 64 4 80,RECAL 3 1 -524 64 4 80,-590,-2854,16,17,-234893,-234887,-524.5,-2788,-522,-2790
RECAL 1 4 4 13 13 36,RECAL 3 0 9999 64 4 80,RECAL 3 1 -2398 64 4 80,-2463,-2877,16,16,-235507,-235480,-2398,-2811,-2399,-2813
RECAL 1 4 4 14 14 36,RECAL 3 0 9999 64 4 80,RECAL 3 1 -2456 64 4 80,-2522,-2251,16,16,-234013,-234089,-2456,-2185,-2458,-2187
RECAL 1 4 4 15 15 36,RECAL 3 0 9999 64 4 80,RECAL 3 1 -2374 64 4 80,-2440,-1347,16,16,-234826,-234891,-2374,-1285,-2376,-1283
RECAL 1 4 4 16 16 36,RECAL 3 0 9999 64 4 80,RECAL 3 1 -2365 64 4 80,-2428,1215,16,16,-234765,-234787,-2365,1278,-2364,1279
RECAL 1 4 4 17 17 36,RECAL 3 0 9999 64 4 80,RECAL 3 1 -2360 64 4 80,-2425,2121,16,16,-234150,-234156,-2360,2183,-2361,2185
RECAL 1 4 4 18 18 36,RECAL 3 0 9999 64 4 80,RECAL 3 1 -2373 64 4 80,-2437,2748,16,16,-234091,-234078,-2373,2808,-2373,2812
RECAL 1 4 5 1 1 37,RECAL 3 0 9999 64 4 80,RECAL 3 1 2166 64 4 80,2100,-2735,16,16,-236139,-236216,2166,-2669,2164,-2671
RECAL 1 4 5 2 2 37,RECAL 3 0 9999 64 4 80,RECAL 3 1 2078 64 4 80,2015,-2136,16,16,-236054,-236083,2078,-2072,2079,-2072
RECAL 1 4 5 3 3 37,RECAL 3 0 9999 64 4 80,RECAL 3 1 2179 64 4 80,2114,-1272,16,16,-236743,-236805,2179,-1208,2178,-1208
RECAL 1 4 5 4 4 37,RECAL 3 0 9999 64 4 80,RECAL 3 1 2162 64 4 80,2095,1161,16,17,-236944,-236980,2162,1224,2163,1225
RECAL 1 4 5 5 5 37,RECAL 3 0 9999 64 4 80,RECAL 3 1 2185 64 4 80,2118,2022,16,17,-235467,-235500,2185,2085,2186,2086
RECAL 1 4 5 6 6 37,RECAL 3 0 9999 64 4 80,RECAL 3 1 2196 64 4 80,2131,2615,16,16,-235951,-235963,2196,2678,2195,2679
RECAL 1 4 5 7 7 37,RECAL 3 0 9999 64 4 80,RECAL 3 1 -365 64 4 80,-449,2636,16,21,-236455,-236469,-364.8,2696,-365,2700
RECAL 1 4 5 8 8 37,RECAL 3 0 9999 64 4 80,RECAL 3 1 -418 64 4 80,-485,2049,15,17,-237690,-238127,-417.5,2110,-417,2109
RECAL 1 4 5 9 9 37,RECAL 3 0 9999 64 4 80,RECAL 3 1 -533 64 4 80,-609,1207,16,19,-236618,-236624,-533,1270,-533,1271
RECAL 1 4 5 10 10 37,RECAL 3 0 9999 64 4 80,RECAL 3 1 -450 64 4 80,-512,-1223,15,15,-236808,-236898,-450.1,-1162,-452,-1163
RECAL 1 4 5 11 11 37,RECAL 3 0 9999 64 4 80,RECAL 3 1 -817 64 4 80,-884,-2107,16,16,-236764,-236787,-816.9,-2043,-820,-2043
RECAL 1 4 5 12 12 37,RECAL 3 0 9999 64 4 80,RECAL 3 1 -552 64 4 80,-621,-2711,16,17,-236573,-236578,-552.4,-2646,-553,-2647
RECAL 1 4 5 13 13 37,RECAL 3 0 9999 64 4 80,RECAL 3 1 -2268 64 4 80,-2334,NULL,NULL,NULL,NULL,NULL,NULL,NULL,NULL,NULL
RECAL 1 4 5 14 14 37,RECAL 3 0 9999 64 4 80,RECAL 3 1 -2340 64 4 80,-2405,-2144,16,16,-235343,-235347,-2340,-2081,-2341,-2080
RECAL 1 4 5 15 15 37,RECAL 3 0 9999 64 4 80,RECAL 3 1 -2252 64 4 80,-2318,-1288,15,17,-234874,-234958,-2252,-1226,-2250,-1228
RECAL 1 4 5 16 16 37,RECAL 3 0 9999 64 4 80,RECAL 3 1 -2268 64 4 80,-2332,NULL,NULL,NULL,NULL,NULL,NULL,NULL,NULL,NULL
RECAL 1 4 5 17 17 37,RECAL 3 0 9999 64 4 80,RECAL 3 1 -2245 64 4 80,-2309,2007,16,16,-233911,-233885,-2245,2069,-2245,2071
RECAL 1 4 5 18 18 37,RECAL 3 0 9999 64 4 80,RECAL 3 1 -2239 64 4 80,-2305,2604,16,17,-234436,-234486,-2239,2664,-2237,2668
RECAL 1 4 6 1 1 38,RECAL 3 0 9999 64 4 80,RECAL 3 1 2419 64 4 80,2356,-2855,16,16,-235664,-235709,2419,-2791,2420,-2791
RECAL 1 4 6 2 2 38,RECAL 3 0 9999 64 4 80,RECAL 3 1 2323 64 4 80,2259,-2225,16,16,-236408,-236400,2323,-2161,2323,-2161
RECAL 1 4 6 3 3 38,RECAL 3 0 9999 64 4 80,RECAL 3 1 2307 64 4 80,2244,-1302,15,16,-236206,-236060,2307,-1238,2308,-1242
RECAL 1 4 6 4 4 38,RECAL 3 0 9999 64 4 80,RECAL 3 1 2384 64 4 80,2321,1250,16,16,-236210,-236255,2384,1315,2385,1314
RECAL 1 4 6 5 5 38,RECAL 3 0 9999 64 4 80,RECAL 3 1 2364 64 4 80,2302,2142,16,16,-236351,-236407,2364,2204,2366,2206
RECAL 1 4 6 6 6 38,RECAL 3 0 9999 64 4 80,RECAL 3 1 2339 64 4 80,2273,2762,16,17,-235864,-235935,2339,2824,2341,2826
RECAL 1 4 6 7 7 38,RECAL 3 0 9999 64 4 80,NULL,-23,NULL,NULL,NULL,NULL,NULL,NULL,NULL,NULL,NULL
RECAL 1 4 6 8 8 38,RECAL 3 0 9999 64 4 80,RECAL 3 1 332 64 4 80,268,2173,16,17,-237372,-237379,332.1,2235,336,2237
RECAL 1 4 6 9 9 38,RECAL 3 0 9999 64 4 80,RECAL 3 1 478 64 4 80,411,1305,16,17,-238905,-238905,477.5,1367,479,1369
RECAL 1 4 6 10 10 38,RECAL 3 0 9999 64 4 80,RECAL 3 1 -420 64 4 80,-488,-1245,16,17,-238812,-238831,-419.6,-1183,-420,-1181
RECAL 1 4 6 11 11 38,RECAL 3 0 9999 64 4 80,RECAL 3 1 -305 64 4 80,-377,-2193,16,18,-237259,-237257,-305.1,-2129,-305,-2129
RECAL 1 4 6 12 12 38,RECAL 3 0 9999 64 4 80,RECAL 3 1 658 64 4 80,590,-2829,16,17,-239189,-239181,658.2,-2768,658,-2765
RECAL 1 4 6 13 13 38,RECAL 3 0 9999 64 4 80,RECAL 3 1 -2261 64 4 80,-2326,-2867,16,16,-239638,-239646,-2261,-2803,-2262,-2803
RECAL 1 4 6 14 14 38,RECAL 3 0 9999 64 4 80,RECAL 3 1 -2354 64 4 80,-2419,-2242,16,16,-238560,-238569,-2354,-2178,-2355,-2178
RECAL 1 4 6 15 15 38,RECAL 3 0 9999 64 4 80,RECAL 3 1 -2374 64 4 80,-2437,-1335,16,16,-237748,-237781,-2374,-1271,-2373,-1271
RECAL 1 4 6 16 16 38,RECAL 3 0 9999 64 4 80,RECAL 3 1 -2298 64 4 80,-2362,1221,16,16,-238964,-238975,-2298,1286,-2298,1285
RECAL 1 4 6 17 17 38,RECAL 3 0 9999 64 4 80,RECAL 3 1 -2315 64 4 80,-2378,2123,15,16,-239781,-239877,-2315,2185,-2314,2183
RECAL 1 4 6 18 18 38,RECAL 3 0 9999 64 4 80,RECAL 3 1 -2344 64 4 80,-2409,2744,16,16,-238389,-238394,-2344,2806,-2345,2808
RECAL 1 4 7 1 1 39,RECAL 3 0 9999 64 4 80,RECAL 3 1 2304 64 4 80,2241,-2745,16,16,-236540,-236538,2304,-2679,2305,-2681
RECAL 1 4 7 2 2 39,RECAL 3 0 9999 64 4 80,RECAL 3 1 2239 64 4 80,2175,-2141,16,16,-235819,-235814,2239,-2075,2239,-2077
RECAL 1 4 7 3 3 39,RECAL 3 0 9999 64 4 80,RECAL 3 1 2312 64 4 80,2248,-1255,16,16,-234655,-234653,2312,-1192,2312,-1191
RECAL 1 4 7 4 4 39,RECAL 3 0 9999 64 4 80,RECAL 3 1 2225 64 4 80,2162,1197,16,16,-235420,-235432,2225,1261,2226,1261
RECAL 1 4 7 5 5 39,RECAL 3 0 9999 64 4 80,RECAL 3 1 2312 64 4 80,2247,2049,16,16,-233801,-233807,2312,2112,2311,2113
RECAL 1 4 7 6 6 39,RECAL 3 0 9999 64 4 80,RECAL 3 1 2264 64 4 80,2199,2646,16,16,-234828,-234830,2264,2707,2263,2710
RECAL 1 4 7 7 7 39,RECAL 3 0 9999 64 4 80,RECAL 3 1 331 64 4 80,234,2610,16,24,-235881,-235859,330.8,2671,330,2674
RECAL 1 4 7 8 8 39,RECAL 3 0 9999 64 4 80,RECAL 3 1 608 64 4 80,545,2004,16,16,-235405,-235401,607.9,2068,609,2068
RECAL 1 4 7 9 9 39,RECAL 3 0 9999 64 4 80,RECAL 3 1 -256 64 4 80,-333,1122,15,19,-234009,-234026,-255.8,1184,-257,1182
RECAL 1 4 7 10 10 39,RECAL 3 0 9999 64 4 80,RECAL 3 1 599 64 4 80,537,-1332,16,15,-235326,-235334,598.8,-1266,597,-1268
RECAL 1 4 7 11 11 39,RECAL 3 0 9999 64 4 80,RECAL 3 1 -137 64 4 80,-209,-2182,16,18,-235156,-235125,-137.4,-2118,-137,-2118
RECAL 1 4 7 12 12 39,RECAL 3 0 9999 64 4 80,RECAL 3 1 585 64 4 80,528,-2778,16,14,-236768,-236761,584.7,-2712,584,-2714
RECAL 1 4 7 13 13 39,RECAL 3 0 9999 64 4 80,RECAL 3 1 -2172 64 4 80,-2238,-2753,16,16,-236431,-236495,-2172,-2688,-2174,-2689
RECAL 1 4 7 14 14 39,RECAL 3 0 9999 64 4 80,RECAL 3 1 -2235 64 4 80,-2300,-2155,16,16,-236431,-236488,-2235,-2089,-2236,-2091
RECAL 1 4 7 15 15 39,RECAL 3 0 9999 64 4 80,RECAL 3 1 -2162 64 4 80,-2226,-1282,16,16,-233150,-233148,-2162,-1219,-2162,-1218
RECAL 1 4 7 16 16 39,RECAL 3 0 9999 64 4 80,RECAL 3 1 -2249 64 4 80,-2315,1171,15,17,-233884,-233965,-2249,1233,-2247,1231
RECAL 1 4 7 17 17 39,RECAL 3 0 9999 64 4 80,RECAL 3 1 -2161 64 4 80,-2223,2031,15,16,-233927,-234168,-2161,2093,-2159,2091
RECAL 1 4 7 18 18 39,RECAL 3 0 9999 64 4 80,RECAL 3 1 -2214 64 4 80,-2279,2628,16,16,-236125,-236174,-2214,2689,-2215,2692
RECAL 1 4 8 1 1 40,RECAL 3 0 9999 64 4 80,RECAL 3 1 2377 64 4 80,2313,-2917,16,16,-235619,-235607,2377,-2852,2377,-2853
RECAL 1 4 8 2 2 40,RECAL 3 0 9999 64 4 80,RECAL 3 1 2336 64 4 80,2273,-2271,16,16,-237759,-237788,2336,-2208,2337,-2207
RECAL 1 4 8 3 3 40,RECAL 3 0 9999 64 4 80,RECAL 3 1 2275 64 4 80,2211,-1344,16,16,-237965,-237955,2275,-1281,2275,-1280
RECAL 1 4 8 4 4 40,RECAL 3 0 9999 64 4 80,RECAL 3 1 2366 64 4 80,2303,1241,16,16,-240344,-240356,2366,1305,2367,1305
RECAL 1 4 8 5 5 40,RECAL 3 0 9999 64 4 80,RECAL 3 1 2350 64 4 80,2285,2159,16,16,-238775,-238805,2350,2222,2349,2223
RECAL 1 4 8 6 6 40,RECAL 3 0 9999 64 4 80,RECAL 3 1 2347 64 4 80,2282,2802,16,16,-238041,-238048,2347,2863,2346,2866
RECAL 1 4 8 7 7 40,RECAL 3 0 9999 64 4 80,RECAL 3 1 -315 64 4 80,-381,2830,16,16,-234870,-234855,-315.3,2890,-317,2894
RECAL 1 4 8 8 8 40,RECAL 3 0 9999 64 4 80,RECAL 3 1 -271 64 4 80,-344,2196,15,18,-233963,-234078,-271.2,2258,-272,2256
RECAL 1 4 8 9 9 40,RECAL 3 0 9999 64 4 80,NULL,-97,NULL,NULL,NULL,NULL,NULL,NULL,NULL,NULL,NULL
RECAL 1 4 8 10 10 40,RECAL 3 0 9999 64 4 80,RECAL 3 1 -666 64 4 80,-733,-1278,16,16,-234653,-234665,-666.4,-1215,-669,-1214
RECAL 1 4 8 11 11 40,RECAL 3 0 9999 64 4 80,RECAL 3 1 -375 64 4 80,-434,-2234,16,14,-233428,-233432,-374.8,-2169,-378,-2170
RECAL 1 4 8 12 12 40,RECAL 3 0 9999 64 4 80,RECAL 3 1 285 64 4 80,201,-2887,16,22,-232537,-232516,285,-2822,289,-2823
RECAL 1 4 8 13 13 40,RECAL 3 0 9999 64 4 80,RECAL 3 1 -2333 64 4 80,-2399,-2918,16,16,-232688,-232748,-2333,-2853,-2335,-2854
RECAL 1 4 8 14 14 40,RECAL 3 0 9999 64 4 80,RECAL 3 1 -2369 64 4 80,-2430,-2276,16,15,-233909,-233915,-2369,-2212,-2370,-2212
RECAL 1 4 8 15 15 40,RECAL 3 0 9999 64 4 80,RECAL 3 1 -2424 64 4 80,-2489,-1357,16,16,-233348,-233360,-2424,-1292,-2425,-1293
RECAL 1 4 8 16 16 40,RECAL 3 0 9999 64 4 80,RECAL 3 1 -2337 64 4 80,-2403,1227,16,16,-233337,-233388,-2337,1289,-2339,1291
RECAL 1 4 8 17 17 40,RECAL 3 0 9999 64 4 80,RECAL 3 1 -2356 64 4 80,-2423,2149,16,17,-234084,-234095,-2356,2211,-2355,2213
RECAL 1 4 8 18 18 40,RECAL 3 0 9999 64 4 80,RECAL 3 1 -2361 64 4 80,-2423,2792,16,15,-234386,-234447,-2361,2853,-2363,2856
RECAL 1 4 9 1 1 41,RECAL 3 0 9999 64 4 80,RECAL 3 1 2279 64 4 80,2217,-2877,16,16,-235606,-235699,2279,-2809,2281,-2813
RECAL 1 4 9 2 2 41,RECAL 3 0 9999 64 4 80,RECAL 3 1 2282 64 4 80,2219,-2247,16,16,-236502,-236525,2282,-2180,2283,-2183
RECAL 1 4 9 3 3 41,RECAL 3 0 9999 64 4 80,RECAL 3 1 2201 64 4 80,2138,-1341,16,16,-236115,-236148,2201,-1277,2202,-1277
RECAL 1 4 9 4 4 41,RECAL 3 0 9999 64 4 80,RECAL 3 1 2311 64 4 80,2249,1221,15,15,-237099,-237203,2311,1283,2309,1281
RECAL 1 4 9 5 5 41,RECAL 3 0 9999 64 4 80,RECAL 3 1 2321 64 4 80,2257,2120,16,16,-235812,-235801,2321,2183,2321,2184
RECAL 1 4 9 6 6 41,RECAL 3 0 9999 64 4 80,RECAL 3 1 2317 64 4 80,2254,2749,16,16,-236181,-236193,2317,2811,2318,2813
RECAL 1 4 9 7 7 41,RECAL 3 0 9999 64 4 80,RECAL 3 1 -209 64 4 80,-309,2767,15,25,-235051,-235225,-208.6,2829,-209,2827
RECAL 1 4 9 8 8 41,RECAL 3 0 9999 64 4 80,RECAL 3 1 -142 64 4 80,-236,2145,16,24,-234990,-234999,-142.3,2208,-140,2209
RECAL 1 4 9 9 9 41,RECAL 3 0 9999 64 4 80,RECAL 3 1 -239 64 4 80,-325,1259,16,22,-236353,-236354,-238.8,1324,-237,1323
RECAL 1 4 9 10 10 41,RECAL 3 0 9999 64 4 80,RECAL 3 1 -778 64 4 80,-839,-1298,16,15,-235530,-235546,-778.4,-1232,-779,-1234
RECAL 1 4 9 11 11 41,RECAL 3 0 9999 64 4 80,RECAL 3 1 -464 64 4 80,-525,-2220,16,15,-237092,-237055,-463.9,-2154,-465,-2156
RECAL 1 4 9 12 12 41,RECAL 3 0 9999 64 4 80,RECAL 3 1 -524 64 4 80,-563,-2855,16,10,-235774,-235780,-524.4,-2789,-523,-2791
RECAL 1 4 9 13 13 41,RECAL 3 0 9999 64 4 80,RECAL 3 1 -2368 64 4 80,-2434,-2882,17,17,-238215,-238482,-2368,-2815,-2366,-2814
RECAL 1 4 9 14 14 41,RECAL 3 0 9999 64 4 80,RECAL 3 1 -2356 64 4 80,-2423,-2252,16,17,-238094,-238116,-2356,-2187,-2355,-2188
RECAL 1 4 9 15 15 41,RECAL 3 0 9999 64 4 80,RECAL 3 1 -2432 64 4 80,-2496,-1353,16,16,-235227,-235240,-2432,-1290,-2432,-1289
RECAL 1 4 9 16 16 41,RECAL 3 0 9999 64 4 80,RECAL 3 1 -2328 64 4 80,-2395,1202,16,17,-238531,-238550,-2328,1266,-2327,1266
RECAL 1 4 9 17 17 41,RECAL 3 0 9999 64 4 80,RECAL 3 1 -2321 64 4 80,-2387,2111,15,17,-237827,-238062,-2321,2173,-2319,2171
RECAL 1 4 9 18 18 41,RECAL 3 0 9999 64 4 80,RECAL 3 1 -2328 64 4 80,-2394,2738,16,17,-238647,-238687,-2328,2799,-2326,2802
RECAL 1 4 10 1 1 42,RECAL 3 0 9999 64 4 80,RECAL 3 1 2252 64 4 80,2189,-2894,16,16,-238277,-238361,2252,-2831,2253,-2830
RECAL 1 4 10 2 2 42,RECAL 3 0 9999 64 4 80,RECAL 3 1 2275 64 4 80,2212,-2267,16,16,-238284,-238304,2275,-2202,2276,-2203
RECAL 1 4 10 3 3 42,RECAL 3 0 9999 64 4 80,RECAL 3 1 2195 64 4 80,2133,-1372,16,15,-237085,-237119,2195,-1310,2193,-1308
RECAL 1 4 10 4 4 42,RECAL 3 0 9999 64 4 80,RECAL 3 1 2310 64 4 80,2245,1177,15,16,-241618,-241566,2310,1240,2309,1237
RECAL 1 4 10 5 5 42,RECAL 3 0 9999 64 4 80,RECAL 3 1 2327 64 4 80,2264,2099,15,16,-239170,-239562,2327,2160,2328,2159
RECAL 1 4 10 6 6 42,RECAL 3 0 9999 64 4 80,RECAL 3 1 2295 64 4 80,2231,2732,15,16,-239337,-239360,2295,2795,2295,2792
RECAL 1 4 10 7 7 42,RECAL 3 0 9999 64 4 80,RECAL 3 1 104 64 4 80,4,2777,16,25,-234147,-234125,104.2,2838,104,2841
RECAL 1 4 10 8 8 42,RECAL 3 0 9999 64 4 80,RECAL 3 1 440 64 4 80,371,2155,16,17,-234344,-234339,439.6,2217,439,2219
RECAL 1 4 10 9 9 42,RECAL 3 0 9999 64 4 80,RECAL 3 1 297 64 4 80,223,1277,15,18,-236288,-236469,297.3,1338,295,1337
RECAL 1 4 10 10 10 42,RECAL 3 0 9999 64 4 80,RECAL 3 1 -676 64 4 80,-745,-1272,16,17,-235880,-235869,-676.1,-1210,-677,-1208
RECAL 1 4 10 11 11 42,RECAL 3 0 9999 64 4 80,RECAL 3 1 -239 64 4 80,-239,-2219,19,0,-235176,-242751,-239,-2142,-239,-2143
RECAL 1 4 10 12 12 42,RECAL 3 0 9999 64 4 80,RECAL 3 1 -468 64 4 80,-538,-2849,16,18,-235078,-235051,-467.5,-2784,-466,-2785
RECAL 1 4 10 13 13 42,RECAL 3 0 9999 64 4 80,RECAL 3 1 -2333 64 4 80,-2399,-2875,16,17,-235501,-235572,-2333,-2809,-2331,-2811
RECAL 1 4 10 14 14 42,RECAL 3 0 9999 64 4 80,RECAL 3 1 -2309 64 4 80,-2373,-2242,16,16,-235660,-235660,-2309,-2176,-2309,-2178
RECAL 1 4 10 15 15 42,RECAL 3 0 9999 64 4 80,RECAL 3 1 -2380 64 4 80,-2446,-1333,16,16,-233852,-233889,-2380,-1269,-2382,-1269
RECAL 1 4 10 16 16 42,RECAL 3 0 9999 64 4 80,RECAL 3 1 -2276 64 4 80,-2341,1217,16,16,-234339,-234345,-2276,1280,-2277,1281
RECAL 1 4 10 17 17 42,RECAL 3 0 9999 64 4 80,RECAL 3 1 -2255 64 4 80,-2319,2119,16,16,-234288,-234288,-2255,2181,-2255,2183
RECAL 1 4 10 18 18 42,RECAL 3 0 9999 64 4 80,RECAL 3 1 -2292 64 4 80,-2358,2748,16,17,-235980,-236052,-2292,2811,-2290,2812
RECAL 1 4 11 1 1 43,RECAL 3 0 9999 64 4 80,RECAL 3 1 2267 64 4 80,2203,-2888,16,16,-237645,-237685,2267,-2824,2267,-2824
RECAL 1 4 11 2 2 43,RECAL 3 0 9999 64 4 80,RECAL 3 1 2265 64 4 80,2202,-2253,16,16,-236143,-236125,2265,-2189,2266,-2189
RECAL 1 4 11 3 3 43,RECAL 3 0 9999 64 4 80,RECAL 3 1 2179 64 4 80,2117,-1336,16,16,-236662,-236680,2179,-1273,2181,-1272
RECAL 1 4 11 4 4 43,RECAL 3 0 9999 64 4 80,RECAL 3 1 2193 64 4 80,2128,1247,15,16,-236738,-236788,2193,1309,2192,1307
RECAL 1 4 11 5 5 43,RECAL 3 0 9999 64 4 80,RECAL 3 1 2299 64 4 80,2234,2146,16,16,-236776,-236777,2299,2208,2298,2210
RECAL 1 4 11 6 6 43,RECAL 3 0 9999 64 4 80,RECAL 3 1 2307 64 4 80,2241,2775,16,17,-234738,-234793,2307,2836,2309,2839
RECAL 1 4 11 7 7 43,RECAL 3 0 9999 64 4 80,RECAL 3 1 -218 64 4 80,-280,2783,16,15,-234524,-234537,-217.9,2843,-220,2847
RECAL 1 4 11 8 8 43,RECAL 3 0 9999 64 4 80,RECAL 3 1 -283 64 4 80,-360,2153,16,19,-234086,-234090,-282.9,2216,-284,2217
RECAL 1 4 11 9 9 43,RECAL 3 0 9999 64 4 80,RECAL 3 1 -772 64 4 80,-842,1266,15,17,-235958,-236117,-772.4,1327,-774,1326
RECAL 1 4 11 10 10 43,RECAL 3 0 9999 64 4 80,RECAL 3 1 -803 64 4 80,-858,-1319,16,14,-236370,-236356,-802.8,-1255,-802,-1255
RECAL 1 4 11 11 11 43,RECAL 3 0 9999 64 4 80,RECAL 3 1 -504 64 4 80,-574,-2240,16,17,-238262,-238259,-504,-2177,-506,-2176
RECAL 1 4 11 12 12 43,RECAL 3 0 9999 64 4 80,RECAL 3 1 -512 64 4 80,-580,-2876,16,17,-238091,-238102,-512.1,-2813,-512,-2812
RECAL 1 4 11 13 13 43,RECAL 3 0 9999 64 4 80,RECAL 3 1 -2355 64 4 80,-2418,-2906,16,16,-240756,-240813,-2355,-2843,-2354,-2842
RECAL 1 4 11 14 14 43,RECAL 3 0 9999 64 4 80,RECAL 3 1 -2355 64 4 80,-2420,-2280,16,16,-234799,-234807,-2355,-2216,-2356,-2216
RECAL 1 4 11 15 15 43,RECAL 3 0 9999 64 4 80,RECAL 3 1 -2428 64 4 80,-2492,-1386,16,16,-233301,-233306,-2428,-1323,-2428,-1322
RECAL 1 4 11 16 16 43,RECAL 3 0 9999 64 4 80,RECAL 3 1 -2420 64 4 80,-2484,1192,16,16,-234043,-234049,-2420,1254,-2420,1256
RECAL 1 4 11 17 17 43,RECAL 3 0 9999 64 4 80,RECAL 3 1 -2322 64 4 80,-2387,2112,16,16,-234088,-234092,-2322,2175,-2323,2176
RECAL 1 4 11 18 18 43,RECAL 3 0 9999 64 4 80,RECAL 3 1 -2319 64 4 80,-2384,2749,15,16,-233963,-234319,-2319,2810,-2320,2809
RECAL 1 4 12 1 1 44,RECAL 3 0 9999 64 4 80,RECAL 3 1 2163 64 4 80,2098,-2719,16,16,-236559,-236609,2163,-2654,2162,-2655
RECAL 1 4 12 2 2 44,RECAL 3 0 9999 64 4 80,RECAL 3 1 2169 64 4 80,2105,-2125,16,16,-238103,-238119,2169,-2061,2169,-2061
RECAL 1 4 12 3 3 44,RECAL 3 0 9999 64 4 80,RECAL 3 1 2179 64 4 80,2114,-1268,16,16,-238472,-238500,2179,-1203,2178,-1204
RECAL 1 4 12 4 4 44,RECAL 3 0 9999 64 4 80,RECAL 3 1 2097 64 4 80,2033,1155,16,16,-237914,-237909,2097,1218,2097,1219
RECAL 1 4 12 5 5 44,RECAL 3 0 9999 64 4 80,RECAL 3 1 2183 64 4 80,2121,2003,16,15,-236652,-236701,2183,2066,2181,2067
RECAL 1 4 12 6 6 44,RECAL 3 0 9999 64 4 80,RECAL 3 1 2200 64 4 80,2135,2595,16,16,-236991,-237051,2200,2656,2199,2659
RECAL 1 4 12 7 7 44,RECAL 3 0 9999 64 4 80,RECAL 3 1 -413 64 4 80,-469,2602,16,14,-238443,-238419,-412.7,2662,-413,2666
RECAL 1 4 12 8 8 44,RECAL 3 0 9999 64 4 80,RECAL 3 1 -489 64 4 80,-550,2012,16,16,-235342,-235355,-489.3,2075,-486,2076
RECAL 1 4 12 9 9 44,RECAL 3 0 9999 64 4 80,RECAL 3 1 -794 64 4 80,-859,1171,16,16,-237200,-237198,-794.1,1233,-795,1235
RECAL 1 4 12 10 10 44,RECAL 3 0 9999 64 4 80,RECAL 3 1 -495 64 4 80,-554,-1251,17,15,-236527,-236562,-494.8,-1185,-494,-1183
RECAL 1 4 12 11 11 44,RECAL 3 0 9999 64 4 80,RECAL 3 1 -544 64 4 80,-610,-2115,16,17,-235802,-235796,-543.8,-2051,-542,-2051
RECAL 1 4 12 12 12 44,RECAL 3 0 9999 64 4 80,RECAL 3 1 -593 64 4 80,-658,-2710,16,16,-236043,-236048,-592.5,-2645,-594,-2646
RECAL 1 4 12 13 13 44,RECAL 3 0 9999 64 4 80,RECAL 3 1 -2272 64 4 80,-2335,-2735,16,16,-235357,-235414,-2272,-2671,-2271,-2671
RECAL 1 4 12 14 14 44,RECAL 3 0 9999 64 4 80,RECAL 3 1 -2263 64 4 80,-2327,-2149,16,16,-235506,-235529,-2263,-2085,-2263,-2085
RECAL 1 4 12 15 15 44,RECAL 3 0 9999 64 4 80,RECAL 3 1 -2255 64 4 80,-2319,-1310,16,16,-235342,-235350,-2255,-1244,-2255,-1246
RECAL 1 4 12 16 16 44,RECAL 3 0 9999 64 4 80,RECAL 3 1 -2330 64 4 80,-2395,1109,16,16,-235882,-235902,-2330,1172,-2331,1173
RECAL 1 4 12 17 17 44,RECAL 3 0 9999 64 4 80,RECAL 3 1 -2253 64 4 80,-2317,1976,16,16,-236344,-236363,-2253,2039,-2253,2040
RECAL 1 4 12 18 18 44,RECAL 3 0 9999 64 4 80,RECAL 3 1 -2239 64 4 80,-2304,2571,16,16,-237234,-237289,-2239,2633,-2240,2635
RECAL 1 4 13 1 1 45,RECAL 3 0 9999 64 4 80,RECAL 3 1 2240 64 4 80,2178,-2741,16,15,-240003,-240061,2240,-2673,2238,-2677
RECAL 1 4 13 2 2 45,RECAL 3 0 9999 64 4 80,RECAL 3 1 2253 64 4 80,2189,-2136,16,16,-238483,-238439,2253,-2072,2253,-2072
RECAL 1 4 13 3 3 45,RECAL 3 0 9999 64 4 80,RECAL 3 1 2162 64 4 80,2099,-1256,16,16,-238936,-238965,2162,-1193,2163,-1192
RECAL 1 4 13 4 4 45,RECAL 3 0 9999 64 4 80,RECAL 3 1 2151 64 4 80,2087,1208,16,16,-239463,-239483,2151,1271,2151,1272
RECAL 1 4 13 5 5 45,RECAL 3 0 9999 64 4 80,RECAL 3 1 2221 64 4 80,2157,2055,16,16,-237896,-237897,2221,2117,2221,2119
RECAL 1 4 13 6 6 45,RECAL 3 0 9999 64 4 80,RECAL 3 1 2202 64 4 80,2140,2648,16,15,-237018,-237079,2202,2709,2200,2712
RECAL 1 4 13 7 7 45,RECAL 3 0 9999 64 4 80,RECAL 3 1 192 64 4 80,142,2673,16,12,-235864,-235856,191.7,2736,190,2737
RECAL 1 4 13 8 8 45,RECAL 3 0 9999 64 4 80,RECAL 3 1 380 64 4 80,305,2089,15,18,-238402,-238404,380.3,2151,377,2149
RECAL 1 4 13 9 9 45,RECAL 3 0 9999 64 4 80,RECAL 3 1 -451 64 4 80,-520,1261,16,17,-237184,-237199,-451.4,1325,-452,1325
RECAL 1 4 13 10 10 45,RECAL 3 0 9999 64 4 80,RECAL 3 1 -396 64 4 80,-465,-1191,16,17,-237364,-237328,-396.2,-1128,-397,-1127
RECAL 1 4 13 11 11 45,RECAL 3 0 9999 64 4 80,RECAL 3 1 562 64 4 80,503,-2100,16,15,-237731,-237717,562.2,-2033,563,-2036
RECAL 1 4 13 12 12 45,RECAL 3 0 9999 64 4 80,RECAL 3 1 486 64 4 80,417,-2712,16,17,-237851,-237848,485.8,-2643,485,-2648
RECAL 1 4 13 13 13 45,RECAL 3 0 9999 64 4 80,RECAL 3 1 -2142 64 4 80,-2207,-2749,16,16,-238209,-238245,-2142,-2683,-2143,-2685
RECAL 1 4 13 14 14 45,RECAL 3 0 9999 64 4 80,RECAL 3 1 -2121 64 4 80,-2186,-2149,16,16,-237270,-237302,-2121,-2085,-2122,-2085
RECAL 1 4 13 15 15 45,RECAL 3 0 9999 64 4 80,RECAL 3 1 -2217 64 4 80,-2282,-1284,16,16,-235512,-235531,-2217,-1220,-2218,-1220
RECAL 1 4 13 16 16 45,RECAL 3 0 9999 64 4 80,RECAL 3 1 -2228 64 4 80,-2293,1181,15,16,-237989,-238219,-2228,1242,-2229,1241
RECAL 1 4 13 17 17 45,RECAL 3 0 9999 64 4 80,RECAL 3 1 -2156 64 4 80,-2219,2035,16,16,-236680,-236699,-2156,2099,-2155,2099
RECAL 1 4 13 18 18 45,RECAL 3 0 9999 64 4 80,RECAL 3 1 -2180 64 4 80,-2245,2630,16,16,-237806,-237814,-2180,2692,-2181,2694
RECAL 1 4 14 1 1 46,RECAL 3 0 9999 64 4 80,RECAL 3 1 2291 64 4 80,2228,-2883,16,16,-235197,-235207,2291,-2819,2292,-2819
RECAL 1 4 14 2 2 46,RECAL 3 0 9999 64 4 80,RECAL 3 1 2220 64 4 80,2156,-2253,16,16,-237104,-237075,2220,-2188,2220,-2189
RECAL 1 4 14 3 3 46,RECAL 3 0 9999 64 4 80,RECAL 3 1 2338 64 4 80,2274,-1344,16,16,-233970,-233984,2338,-1281,2338,-1280
RECAL 1 4 14 4 4 46,RECAL 3 0 9999 64 4 80,RECAL 3 1 2255 64 4 80,2191,1227,16,16,-234586,-234570,2255,1290,2255,1291
RECAL 1 4 14 5 5 46,RECAL 3 0 9999 64 4 80,RECAL 3 1 2317 64 4 80,2255,2134,15,15,-236123,-236530,2317,2195,2315,2194
RECAL 1 4 14 6 6 46,RECAL 3 0 9999 64 4 80,RECAL 3 1 2339 64 4 80,2275,2763,15,16,-234964,-235314,2339,2824,2339,2823
RECAL 1 4 14 7 7 46,RECAL 3 0 9999 64 4 80,RECAL 3 1 -282 64 4 80,-366,2732,15,20,-235056,-235615,-281.9,2793,-286,2792
RECAL 1 4 14 8 8 46,RECAL 3 0 9999 64 4 80,RECAL 3 1 -443 64 4 80,-503,2093,16,15,-234125,-234104,-442.7,2156,-443,2157
RECAL 1 4 14 9 9 46,RECAL 3 0 9999 64 4 80,RECAL 3 1 -702 64 4 80,-772,1164,16,17,-233182,-233183,-701.7,1227,-704,1228
RECAL 1 4 14 10 10 46,RECAL 3 0 9999 64 4 80,RECAL 3 1 -289 64 4 80,-335,-1411,16,12,-232416,-232410,-289.1,-1346,-287,-1347
RECAL 1 4 14 11 11 46,RECAL 3 0 9999 64 4 80,RECAL 3 1 -817 64 4 80,-887,-2291,16,18,-235256,-235273,-816.8,-2225,-815,-2227
RECAL 1 4 14 12 12 46,RECAL 3 0 9999 64 4 80,RECAL 3 1 -607 64 4 80,-672,-2912,16,16,-234090,-234080,-607,-2849,-608,-2848
RECAL 1 4 14 13 13 46,RECAL 3 0 9999 64 4 80,RECAL 3 1 -2408 64 4 80,-2475,-2900,16,17,-235152,-235184,-2408,-2836,-2407,-2836
RECAL 1 4 14 14 14 46,RECAL 3 0 9999 64 4 80,RECAL 3 1 -2466 64 4 80,-2532,-2276,16,16,-233816,-233875,-2466,-2211,-2468,-2212
RECAL 1 4 14 15 15 46,RECAL 3 0 9999 64 4 80,RECAL 3 1 -2365 64 4 80,-2431,-1387,16,17,-235184,-235235,-2365,-1323,-2363,-1323
RECAL 1 4 14 16 16 46,RECAL 3 0 9999 64 4 80,RECAL 3 1 -2437 64 4 80,-2502,1184,15,16,-236408,-236459,-2437,1246,-2438,1244
RECAL 1 4 14 17 17 46,RECAL 3 0 9999 64 4 80,RECAL 3 1 -2384 64 4 80,-2449,2105,16,16,-237788,-237793,-2384,2168,-2385,2169
RECAL 1 4 14 18 18 46,RECAL 3 0 9999 64 4 80,RECAL 3 1 -2360 64 4 80,-2425,2740,16,16,-242293,-242324,-2360,2801,-2361,2804
RECAL 1 4 15 1 1 47,RECAL 3 0 9999 64 4 80,RECAL 3 1 2313 64 4 80,2249,-2743,16,16,-240847,-240871,2313,-2676,2313,-2679
RECAL 1 4 15 2 2 47,RECAL 3 0 9999 64 4 80,RECAL 3 1 2238 64 4 80,2176,-2145,16,16,-240834,-240891,2238,-2080,2240,-2081
RECAL 1 4 15 3 3 47,RECAL 3 0 9999 64 4 80,RECAL 3 1 2326 64 4 80,2263,-1271,16,16,-239193,-239249,2326,-1207,2327,-1207
RECAL 1 4 15 4 4 47,RECAL 3 0 9999 64 4 80,RECAL 3 1 2242 64 4 80,2180,1186,15,15,-240027,-240580,2242,1245,2240,1246
RECAL 1 4 15 5 5 47,RECAL 3 0 9999 64 4 80,RECAL 3 1 2326 64 4 80,2263,2039,15,16,-240187,-240885,2326,2099,2327,2099
RECAL 1 4 15 6 6 47,RECAL 3 0 9999 64 4 80,RECAL 3 1 2326 64 4 80,2263,2634,15,16,-239195,-239762,2326,2696,2327,2694
RECAL 1 4 15 7 7 47,RECAL 3 0 9999 64 4 80,RECAL 3 1 802 64 4 80,737,2638,16,17,-238214,-238233,802.4,2699,805,2702
RECAL 1 4 15 8 8 47,RECAL 3 0 9999 64 4 80,RECAL 3 1 778 64 4 80,714,2047,15,16,-236627,-237272,777.8,2108,778,2107
RECAL 1 4 15 9 9 47,RECAL 3 0 9999 64 4 80,RECAL 3 1 408 64 4 80,348,1194,15,15,-236630,-236728,407.6,1255,408,1254
RECAL 1 4 15 10 10 47,RECAL 3 0 9999 64 4 80,RECAL 3 1 762 64 4 80,686,-1263,17,19,-238317,-238862,762.1,-1193,762,-1195
RECAL 1 4 15 11 11 47,RECAL 3 0 9999 64 4 80,RECAL 3 1 414 64 4 80,356,-2134,16,14,-237594,-237616,413.7,-2071,412,-2070
RECAL 1 4 15 12 12 47,RECAL 3 0 9999 64 4 80,RECAL 3 1 746 64 4 80,683,-2737,16,16,-240332,-240290,746.1,-2671,747,-2673
RECAL 1 4 15 13 13 47,RECAL 3 0 9999 64 4 80,RECAL 3 1 -2091 64 4 80,-2154,NULL,NULL,NULL,NULL,NULL,NULL,NULL,NULL,NULL
RECAL 1 4 15 14 14 47,RECAL 3 0 9999 64 4 80,RECAL 3 1 -2167 64 4 80,-2232,-2176,17,16,-241239,-241309,-2167,-2110,-2168,-2108
RECAL 1 4 15 15 15 47,RECAL 3 0 9999 64 4 80,RECAL 3 1 -2074 64 4 80,-2140,-1322,16,16,-239614,-239677,-2074,-1259,-2076,-1258
RECAL 1 4 15 16 16 47,RECAL 3 0 9999 64 4 80,RECAL 3 1 -2166 64 4 80,-2233,1127,16,17,-239374,-239422,-2166,1190,-2165,1191
RECAL 1 4 15 17 17 47,RECAL 3 0 9999 64 4 80,RECAL 3 1 -2081 64 4 80,-2147,2006,15,17,-239655,-239843,-2081,2068,-2079,2066
RECAL 1 4 15 18 18 47,RECAL 3 0 9999 64 4 80,RECAL 3 1 -2074 64 4 80,-2139,2610,15,16,-239651,-240730,-2074,2671,-2075,2670
RECAL 1 4 16 1 1 48,RECAL 3 0 9999 64 4 80,RECAL 3 1 2323 64 4 80,2261,-2770,16,16,-239232,-239274,2323,-2703,2325,-2706
RECAL 1 4 16 2 2 48,RECAL 3 0 9999 64 4 80,RECAL 3 1 2247 64 4 80,2183,-2172,16,16,-239734,-239725,2247,-2106,2247,-2108
RECAL 1 4 16 3 3 48,RECAL 3 0 9999 64 4 80,RECAL 3 1 2306 64 4 80,2245,-1305,15,15,-240524,-240643,2306,-1244,2305,-1245
RECAL 1 4 16 4 4 48,RECAL 3 0 9999 64 4 80,RECAL 3 1 2337 64 4 80,2272,1162,15,16,-242136,-242460,2337,1222,2336,1222
RECAL 1 4 16 5 5 48,RECAL 3 0 9999 64 4 80,RECAL 3 1 2340 64 4 80,2274,2030,16,16,-241573,-241619,2340,2092,2338,2094
RECAL 1 4 16 6 6 48,RECAL 3 0 9999 64 4 80,RECAL 3 1 2347 64 4 80,2282,2632,15,16,-242669,-243089,2347,2694,2346,2692
RECAL 1 4 16 7 7 48,RECAL 3 0 9999 64 4 80,RECAL 3 1 777 64 4 80,713,2664,15,16,-240637,-240822,777.2,2726,777,2724
RECAL 1 4 16 8 8 48,RECAL 3 0 9999 64 4 80,RECAL 3 1 744 64 4 80,674,2070,16,17,-239668,-239670,743.7,2134,742,2134
RECAL 1 4 16 9 9 48,RECAL 3 0 9999 64 4 80,RECAL 3 1 730 64 4 80,675,1228,16,14,-237613,-237629,730.5,1291,731,1292
RECAL 1 4 16 10 10 48,RECAL 3 0 9999 64 4 80,RECAL 3 1 609 64 4 80,549,-1232,16,15,-239060,-239045,609.2,-1169,609,-1168
RECAL 1 4 16 11 11 48,RECAL 3 0 9999 64 4 80,RECAL 3 1 304 64 4 80,233,-2127,16,18,-237027,-237020,303.9,-2062,305,-2063
RECAL 1 4 16 12 12 48,RECAL 3 0 9999 64 4 80,RECAL 3 1 694 64 4 80,639,-2735,16,13,-238591,-238607,693.8,-2669,691,-2671
RECAL 1 4 16 13 13 48,RECAL 3 0 9999 64 4 80,RECAL 3 1 -2132 64 4 80,-2198,-2760,16,16,-239171,-239222,-2132,-2692,-2134,-2696
RECAL 1 4 16 14 14 48,RECAL 3 0 9999 64 4 80,RECAL 3 1 -2209 64 4 80,-2274,-2160,16,16,-238822,-238834,-2209,-2095,-2210,-2096
RECAL 1 4 16 15 15 48,RECAL 3 0 9999 64 4 80,RECAL 3 1 -2150 64 4 80,-2215,-1292,17,16,-238605,-238656,-2150,-1226,-2151,-1224
RECAL 1 4 16 16 16 48,RECAL 3 0 9999 64 4 80,RECAL 3 1 -2114 64 4 80,-2179,1172,16,16,-239898,-239904,-2114,1235,-2115,1236
RECAL 1 4 16 17 17 48,RECAL 3 0 9999 64 4 80,RECAL 3 1 -2112 64 4 80,-2176,2036,15,16,-240031,-239934,-2112,2098,-2112,2096
RECAL 1 4 16 18 18 48,RECAL 3 0 9999 64 4 80,RECAL 3 1 -2112 64 4 80,-2176,2637,15,16,-242660,-242772,-2112,2699,-2112,2697
RECAL 1 4 17 1 1 49,RECAL 3 0 9999 64 4 80,RECAL 3 1 2354 64 4 80,2293,-2843,16,15,-239709,-239713,2354,-2778,2353,-2779
RECAL 1 4 17 2 2 49,RECAL 3 0 9999 64 4 80,RECAL 3 1 2255 64 4 80,2192,-2217,16,16,-238158,-238195,2255,-2154,2256,-2153
RECAL 1 4 17 3 3 49,RECAL 3 0 9999 64 4 80,RECAL 3 1 2246 64 4 80,2185,-1314,16,15,-237733,-237760,2246,-1251,2245,-1250
RECAL 1 4 17 4 4 49,RECAL 3 0 9999 64 4 80,RECAL 3 1 2339 64 4 80,2276,1220,16,16,-236510,-236501,2339,1283,2340,1284
RECAL 1 4 17 5 5 49,RECAL 3 0 9999 64 4 80,RECAL 3 1 2327 64 4 80,2263,2113,16,16,-238122,-238118,2327,2175,2327,2177
RECAL 1 4 17 6 6 49,RECAL 3 0 9999 64 4 80,RECAL 3 1 2318 64 4 80,2255,2736,16,16,-238443,-238445,2318,2797,2319,2800
RECAL 1 4 17 7 7 49,RECAL 3 0 9999 64 4 80,RECAL 3 1 121 64 4 80,121,2768,15,0,-238216,-238857,121,2829,121,2828
RECAL 1 4 17 8 8 49,RECAL 3 0 9999 64 4 80,RECAL 3 1 224 64 4 80,162,2154,15,16,-237178,-237263,224.1,2216,226,2214
RECAL 1 4 17 9 9 49,RECAL 3 0 9999 64 4 80,RECAL 3 1 338 64 4 80,268,1292,16,17,-236397,-236408,338.2,1354,336,1356
RECAL 1 4 17 10 10 49,RECAL 3 0 9999 64 4 80,RECAL 3 1 -611 64 4 80,-674,-1243,16,16,-238298,-238311,-611.1,-1180,-610,-1179
RECAL 1 4 17 11 11 49,RECAL 3 0 9999 64 4 80,RECAL 3 1 -561 64 4 80,-626,-2176,16,16,-236776,-236777,-561.2,-2112,-562,-2112
RECAL 1 4 17 12 12 49,RECAL 3 0 9999 64 4 80,RECAL 3 1 431 64 4 80,368,-2809,16,15,-239020,-238990,430.9,-2744,428,-2745
RECAL 1 4 17 13 13 49,RECAL 3 0 9999 64 4 80,RECAL 3 1 -2276 64 4 80,-2341,-2845,16,16,-239194,-239200,-2276,-2781,-2277,-2781
RECAL 1 4 17 14 14 49,RECAL 3 0 9999 64 4 80,RECAL 3 1 -2368 64 4 80,-2433,-2224,16,16,-240108,-240168,-2368,-2160,-2369,-2160
RECAL 1 4 17 15 15 49,RECAL 3 0 9999 64 4 80,RECAL 3 1 -2378 64 4 80,-2441,-1330,16,16,-239215,-239254,-2378,-1267,-2377,-1266
RECAL 1 4 17 16 16 49,RECAL 3 0 9999 64 4 80,RECAL 3 1 -2287 64 4 80,-2353,1205,16,16,-236393,-236430,-2287,1268,-2289,1269
RECAL 1 4 17 17 17 49,RECAL 3 0 9999 64 4 80,RECAL 3 1 -2301 64 4 80,-2365,2102,16,16,-237604,-237612,-2301,2165,-2301,2166
RECAL 1 4 17 18 18 49,RECAL 3 0 9999 64 4 80,RECAL 3 1 -2309 64 4 80,-2374,2728,15,16,-238570,-238814,-2309,2790,-2310,2788
RECAL 1 4 18 1 1 50,RECAL 3 0 9999 64 4 80,RECAL 3 1 2411 64 4 80,2347,-2851,16,16,-238667,-238690,2411,-2786,2411,-2787
RECAL 1 4 18 2 2 50,RECAL 3 0 9999 64 4 80,RECAL 3 1 2400 64 4 80,2337,-2209,16,16,-239025,-239057,2400,-2145,2401,-2145
RECAL 1 4 18 3 3 50,RECAL 3 0 9999 64 4 80,RECAL 3 1 2297 64 4 80,2233,-1271,16,16,-239246,-239244,2297,-1208,2297,-1207
RECAL 1 4 18 4 4 50,RECAL 3 0 9999 64 4 80,RECAL 3 1 2382 64 4 80,2319,1282,15,16,-241394,-241541,2382,1343,2383,1342
RECAL 1 4 18 5 5 50,RECAL 3 0 9999 64 4 80,RECAL 3 1 2366 64 4 80,2301,2160,16,16,-239581,-239635,2366,2223,2365,2224
RECAL 1 4 18 6 6 50,RECAL 3 0 9999 64 4 80,RECAL 3 1 2360 64 4 80,2295,2784,16,16,-239574,-239577,2360,2846,2359,2848
RECAL 1 4 18 7 7 50,RECAL 3 0 9999 64 4 80,RECAL 3 1 307 64 4 80,248,2746,16,14,-241704,-241700,307.2,2808,304,2810
RECAL 1 4 18 8 8 50,RECAL 3 0 9999 64 4 80,RECAL 3 1 390 64 4 80,315,2114,16,19,-238985,-238983,390.1,2177,391,2178
RECAL 1 4 18 9 9 50,RECAL 3 0 9999 64 4 80,RECAL 3 1 461 64 4 80,392,1205,15,17,-241174,-241221,460.8,1267,460,1265
RECAL 1 4 18 10 10 50,RECAL 3 0 9999 64 4 80,RECAL 3 1 -470 64 4 80,-538,-1355,16,17,-241375,-241370,-469.6,-1291,-470,-1291
RECAL 1 4 18 11 11 50,RECAL 3 0 9999 64 4 80,RECAL 3 1 561 64 4 80,489,-2254,16,18,-241170,-241192,561.3,-2191,561,-2190
RECAL 1 4 18 12 12 50,RECAL 3 0 9999 64 4 80,RECAL 3 1 627 64 4 80,558,-2887,16,17,-240213,-240212,627.1,-2822,626,-2823
RECAL 1 4 18 13 13 50,RECAL 3 0 9999 64 4 80,RECAL 3 1 -2270 64 4 80,-2334,-2883,16,16,-240495,-240479,-2270,-2817,-2270,-2819
RECAL 1 4 18 14 14 50,RECAL 3 0 9999 64 4 80,RECAL 3 1 -2281 64 4 80,-2347,-2252,16,16,-239732,-239785,-2281,-2188,-2283,-2188
RECAL 1 4 18 15 15 50,RECAL 3 0 9999 64 4 80,RECAL 3 1 -2380 64 4 80,-2444,-1353,16,16,-239179,-239160,-2380,-1287,-2380,-1289
RECAL 1 4 18 16 16 50,RECAL 3 0 9999 64 4 80,RECAL 3 1 -2294 64 4 80,-2358,1197,16,16,-241056,-241049,-2294,1261,-2294,1261
RECAL 1 4 18 17 17 50,RECAL 3 0 9999 64 4 80,RECAL 3 1 -2312 64 4 80,-2375,2111,16,16,-239856,-239879,-2312,2173,-2311,2175
RECAL 1 4 18 18 18 50,RECAL 3 0 9999 64 4 80,RECAL 3 1 -2323 64 4 80,-2387,2743,16,16,-240744,-240758,-2323,2806,-2323,2807
RECAL 1 4 19 1 1 51,RECAL 3 0 9999 64 4 80,RECAL 3 1 2321 64 4 80,2257,-2863,17,16,-241517,-240175,2321,-2801,2321,-2795
RECAL 1 4 19 2 2 51,RECAL 3 0 9999 64 4 80,RECAL 3 1 2266 64 4 80,2203,-2304,16,16,-239556,-239586,2266,-2240,2267,-2240
RECAL 1 4 19 3 3 51,RECAL 3 0 9999 64 4 80,RECAL 3 1 2334 64 4 80,2272,-1557,16,16,-240936,-240989,2334,-1491,2336,-1493
RECAL 1 4 19 4 4 51,RECAL 3 0 9999 64 4 80,RECAL 3 1 2353 64 4 80,2289,747,16,16,-240020,-240002,2353,811,2353,811
RECAL 1 4 19 5 5 51,RECAL 3 0 9999 64 4 80,RECAL 3 1 2326 64 4 80,2262,1794,16,16,-240182,-240185,2326,1856,2326,1858
RECAL 1 4 19 6 6 51,RECAL 3 0 9999 64 4 80,RECAL 3 1 2375 64 4 80,2310,2435,16,16,-239909,-239916,2375,2495,2374,2499
RECAL 1 4 19 7 7 51,RECAL 3 0 9999 64 4 80,RECAL 3 1 908 64 4 80,845,2472,16,16,-239559,-239568,908.1,2530,909,2536
RECAL 1 4 19 8 8 51,RECAL 3 0 9999 64 4 80,RECAL 3 1 761 64 4 80,702,1844,16,15,-238364,-238361,760.9,1907,762,1908
RECAL 1 4 19 9 9 51,RECAL 3 0 9999 64 4 80,RECAL 3 1 833 64 4 80,769,863,16,16,-239079,-239069,832.8,926,833,927
RECAL 1 4 19 10 10 51,RECAL 3 0 9999 64 4 80,RECAL 3 1 780 64 4 80,713,-1488,16,17,-239633,-239624,780.4,-1422,781,-1424
RECAL 1 4 19 11 11 51,RECAL 3 0 9999 64 4 80,RECAL 3 1 553 64 4 80,501,-2257,16,13,-239175,-239160,553.3,-2194,553,-2193
RECAL 1 4 19 12 12 51,RECAL 3 0 9999 64 4 80,RECAL 3 1 760 64 4 80,698,-2822,16,15,-239897,-239899,759.5,-2760,758,-2758
RECAL 1 4 19 13 13 51,RECAL 3 0 9999 64 4 80,RECAL 3 1 -2076 64 4 80,-2140,-2847,16,16,-240464,-240462,-2076,-2781,-2076,-2783
RECAL 1 4 19 14 14 51,RECAL 3 0 9999 64 4 80,RECAL 3 1 -2126 64 4 80,-2188,-2285,16,16,-239596,-239676,-2126,-2222,-2124,-2221
RECAL 1 4 19 15 15 51,RECAL 3 0 9999 64 4 80,RECAL 3 1 -2055 64 4 80,-2120,-1531,16,16,-238868,-238867,-2055,-1466,-2056,-1467
RECAL 1 4 19 16 16 51,RECAL 3 0 9999 64 4 80,RECAL 3 1 -2035 64 4 80,-2099,784,16,16,-238094,-238067,-2035,849.8,-2035,848
RECAL 1 4 19 17 17 51,RECAL 3 0 9999 64 4 80,RECAL 3 1 -2065 64 4 80,-2130,1807,16,16,-238014,-238034,-2065,1870,-2066,1871
RECAL 1 4 19 18 18 51,RECAL 3 0 9999 64 4 80,RECAL 3 1 -2017 64 4 80,-2082,2444,16,16,-240319,-240286,-2017,2503,-2018,2508
RECAL 1 4 20 1 1 52,RECAL 3 0 9999 64 4 80,RECAL 3 1 2273 64 4 80,2209,-2912,16,16,-238000,-238023,2273,-2850,2273,-2848
RECAL 1 4 20 2 2 52,RECAL 3 0 9999 64 4 80,RECAL 3 1 2294 64 4 80,2231,-2283,16,16,-237361,-237402,2294,-2221,2295,-2219
RECAL 1 4 20 3 3 52,RECAL 3 0 9999 64 4 80,RECAL 3 1 2314 64 4 80,2251,-1387,16,16,-237422,-237450,2314,-1325,2315,-1323
RECAL 1 4 20 4 4 52,RECAL 3 0 9999 64 4 80,RECAL 3 1 2238 64 4 80,2177,1191,15,15,-237616,-237574,2238,1254,2237,1251
RECAL 1 4 20 5 5 52,RECAL 3 0 9999 64 4 80,RECAL 3 1 2343 64 4 80,2281,2111,16,15,-237403,-237484,2343,2173,2341,2175
RECAL 1 4 20 6 6 52,RECAL 3 0 9999 64 4 80,RECAL 3 1 2353 64 4 80,2290,2749,16,16,-238277,-238343,2353,2810,2354,2813
RECAL 1 4 20 7 7 52,RECAL 3 0 9999 64 4 80,RECAL 3 1 -77 64 4 80,-196,2789,15,29,-238214,-238566,-77.23,2851,-80,2849
RECAL 1 4 20 8 8 52,RECAL 3 0 9999 64 4 80,RECAL 3 1 -256 64 4 80,-273,2165,16,5,-237631,-237654,-255.9,2227,-253,2229
RECAL 1 4 20 9 9 52,RECAL 3 0 9999 64 4 80,RECAL 3 1 -774 64 4 80,-836,1275,16,15,-235366,-235368,-774.4,1339,-776,1339
RECAL 1 4 20 10 10 52,RECAL 3 0 9999 64 4 80,RECAL 3 1 -452 64 4 80,-507,-1300,16,14,-237054,-237026,-452.4,-1236,-451,-1236
RECAL 1 4 20 11 11 52,RECAL 3 0 9999 64 4 80,RECAL 3 1 -580 64 4 80,-650,-2235,16,17,-237223,-237218,-580.5,-2171,-582,-2171
RECAL 1 4 20 12 12 52,RECAL 3 0 9999 64 4 80,RECAL 3 1 -671 64 4 80,-739,-2872,16,17,-237678,-237701,-671.2,-2810,-671,-2808
RECAL 1 4 20 13 13 52,RECAL 3 0 9999 64 4 80,RECAL 3 1 -2436 64 4 80,-2499,-2896,16,16,-236572,-236565,-2436,-2834,-2435,-2832
RECAL 1 4 20 14 14 52,RECAL 3 0 9999 64 4 80,RECAL 3 1 -2417 64 4 80,-2482,-2263,16,16,-238031,-238043,-2417,-2201,-2418,-2199
RECAL 1 4 20 15 15 52,RECAL 3 0 9999 64 4 80,RECAL 3 1 -2396 64 4 80,-2461,-1354,15,16,-235741,-235847,-2396,-1292,-2397,-1294
RECAL 1 4 20 16 16 52,RECAL 3 0 9999 64 4 80,RECAL 3 1 -2466 64 4 80,-2529,1223,16,16,-239321,-239331,-2466,1285,-2465,1287
RECAL 1 4 20 17 17 52,RECAL 3 0 9999 64 4 80,RECAL 3 1 -2368 64 4 80,-2433,2130,16,16,-237698,-237694,-2368,2193,-2369,2194
RECAL 1 4 20 18 18 52,RECAL 3 0 9999 64 4 80,RECAL 3 1 -2360 64 4 80,-2423,2763,15,16,-241588,-241710,-2360,2825,-2359,2823
RECAL 1 4 21 1 1 53,RECAL 3 0 9999 64 4 80,RECAL 3 1 2418 64 4 80,2355,-2906,16,16,-237480,-237488,2418,-2842,2419,-2842
RECAL 1 4 21 2 2 53,RECAL 3 0 9999 64 4 80,RECAL 3 1 2412 64 4 80,2347,-2266,16,16,-237819,-237821,2412,-2202,2411,-2202
RECAL 1 4 21 3 3 53,RECAL 3 0 9999 64 4 80,RECAL 3 1 2412 64 4 80,2350,-1347,16,16,-237836,-237874,2412,-1283,2414,-1283
RECAL 1 4 21 4 4 53,RECAL 3 0 9999 64 4 80,RECAL 3 1 2412 64 4 80,2350,1238,16,15,-239669,-239732,2412,1302,2410,1302
RECAL 1 4 21 5 5 53,RECAL 3 0 9999 64 4 80,RECAL 3 1 2395 64 4 80,2331,2150,16,16,-238043,-238060,2395,2213,2395,2214
RECAL 1 4 21 6 6 53,RECAL 3 0 9999 64 4 80,RECAL 3 1 2385 64 4 80,2322,2787,16,16,-237055,-237074,2385,2847,2386,2851
RECAL 1 4 21 7 7 53,RECAL 3 0 9999 64 4 80,NULL,-150,NULL,NULL,NULL,NULL,NULL,NULL,NULL,NULL,NULL
RECAL 1 4 21 8 8 53,RECAL 3 0 9999 64 4 80,RECAL 3 1 294 64 4 80,210,2137,16,20,-237520,-237496,294,2201,290,2201
RECAL 1 4 21 9 9 53,RECAL 3 0 9999 64 4 80,RECAL 3 1 409 64 4 80,344,1219,16,16,-237883,-237891,408.9,1283,408,1283
RECAL 1 4 21 10 10 53,RECAL 3 0 9999 64 4 80,RECAL 3 1 421 64 4 80,346,-1365,16,19,-237953,-237943,420.7,-1301,422,-1301
RECAL 1 4 21 11 11 53,RECAL 3 0 9999 64 4 80,RECAL 3 1 419 64 4 80,364,-2277,16,14,-237778,-237762,419.5,-2214,420,-2213
RECAL 1 4 21 12 12 53,RECAL 3 0 9999 64 4 80,RECAL 3 1 451 64 4 80,374,-2914,16,19,-239617,-239627,450.5,-2851,450,-2850
RECAL 1 4 21 13 13 53,RECAL 3 0 9999 64 4 80,RECAL 3 1 -2340 64 4 80,-2406,-2881,16,16,-240723,-240760,-2340,-2817,-2342,-2817
RECAL 1 4 21 14 14 53,RECAL 3 0 9999 64 4 80,RECAL 3 1 -2351 64 4 80,-2414,-2238,16,16,-239425,-239452,-2351,-2174,-2350,-2174
RECAL 1 4 21 15 15 53,RECAL 3 0 9999 64 4 80,RECAL 3 1 -2339 64 4 80,-2402,-1299,16,16,-236981,-236976,-2339,-1235,-2338,-1235
RECAL 1 4 21 16 16 53,RECAL 3 0 9999 64 4 80,RECAL 3 1 -2347 64 4 80,-2410,1283,15,16,-238854,-238943,-2347,1345,-2346,1343
RECAL 1 4 21 17 17 53,RECAL 3 0 9999 64 4 80,RECAL 3 1 -2370 64 4 80,-2434,2176,15,16,-239269,-239460,-2370,2237,-2370,2236
RECAL 1 4 21 18 18 53,RECAL 3 0 9999 64 4 80,RECAL 3 1 -2377 64 4 80,-2442,2803,16,16,-238076,-238075,-2377,2865,-2378,2867
RECAL 1 4 22 1 1 54,RECAL 3 0 9999 64 4 80,RECAL 3 1 2152 64 4 80,2088,-2730,16,16,-236583,-236559,2152,-2665,2152,-2666
RECAL 1 4 22 2 2 54,RECAL 3 0 9999 64 4 80,RECAL 3 1 2146 64 4 80,2082,-2126,16,16,-237368,-237396,2146,-2062,2146,-2062
RECAL 1 4 22 3 3 54,RECAL 3 0 9999 64 4 80,RECAL 3 1 2150 64 4 80,2086,-1243,16,16,-237331,-237317,2150,-1181,2150,-1179
RECAL 1 4 22 4 4 54,RECAL 3 0 9999 64 4 80,RECAL 3 1 2120 64 4 80,2058,1191,16,15,-238821,-238887,2120,1253,2118,1255
RECAL 1 4 22 5 5 54,RECAL 3 0 9999 64 4 80,RECAL 3 1 2204 64 4 80,2140,2040,15,16,-237638,-237758,2204,2102,2204,2100
RECAL 1 4 22 6 6 54,RECAL 3 0 9999 64 4 80,RECAL 3 1 2194 64 4 80,2130,2632,16,16,-238448,-238414,2194,2691,2194,2696
RECAL 1 4 22 7 7 54,RECAL 3 0 9999 64 4 80,RECAL 3 1 -368 64 4 80,-434,2630,16,16,-236222,-236210,-367.9,2691,-370,2694
RECAL 1 4 22 8 8 54,RECAL 3 0 9999 64 4 80,RECAL 3 1 -306 64 4 80,-366,2039,15,15,-235438,-235767,-306.4,2100,-306,2099
RECAL 1 4 22 9 9 54,RECAL 3 0 9999 64 4 80,RECAL 3 1 -699 64 4 80,-769,1194,15,18,-235664,-235683,-699.3,1256,-697,1254
RECAL 1 4 22 10 10 54,RECAL 3 0 9999 64 4 80,RECAL 3 1 -590 64 4 80,-654,-1246,16,15,-236161,-236150,-590.1,-1183,-594,-1182
RECAL 1 4 22 11 11 54,RECAL 3 0 9999 64 4 80,RECAL 3 1 -614 64 4 80,-677,-2124,16,16,-236801,-236789,-613.8,-2062,-613,-2060
RECAL 1 4 22 12 12 54,RECAL 3 0 9999 64 4 80,RECAL 3 1 -609 64 4 80,-676,-2728,16,17,-235617,-235592,-609.5,-2664,-608,-2664
RECAL 1 4 22 13 13 54,RECAL 3 0 9999 64 4 80,RECAL 3 1 -2281 64 4 80,-2345,NULL,NULL,NULL,NULL,NULL,NULL,NULL,NULL,NULL
RECAL 1 4 22 14 14 54,RECAL 3 0 9999 64 4 80,RECAL 3 1 -2282 64 4 80,-2346,-2174,16,16,-235520,-235530,-2282,-2110,-2282,-2110
RECAL 1 4 22 15 15 54,RECAL 3 0 9999 64 4 80,RECAL 3 1 -2279 64 4 80,-2343,-1329,16,16,-235441,-235445,-2279,-1264,-2279,-1265
RECAL 1 4 22 16 16 54,RECAL 3 0 9999 64 4 80,RECAL 3 1 -2304 64 4 80,-2368,1106,15,16,-235941,-236096,-2304,1167,-2304,1166
RECAL 1 4 22 17 17 54,RECAL 3 0 9999 64 4 80,RECAL 3 1 -2229 64 4 80,-2292,1987,15,16,-235636,-235746,-2229,2049,-2228,2047
RECAL 1 4 22 18 18 54,RECAL 3 0 9999 64 4 80,RECAL 3 1 -2240 64 4 80,-2304,2588,16,16,-237928,-237934,-2240,2649,-2240,2652
RECAL 1 4 23 1 1 55,RECAL 3 0 9999 64 4 80,RECAL 3 1 2447 64 4 80,2384,-2885,17,16,-238127,-238286,2447,-2819,2448,-2817
RECAL 1 4 23 2 2 55,RECAL 3 0 9999 64 4 80,RECAL 3 1 2407 64 4 80,2344,-2255,16,16,-237221,-237245,2407,-2190,2408,-2191
RECAL 1 4 23 3 3 55,RECAL 3 0 9999 64 4 80,RECAL 3 1 2376 64 4 80,2313,-1347,16,16,-238243,-238274,2376,-1285,2377,-1283
RECAL 1 4 23 4 4 55,RECAL 3 0 9999 64 4 80,RECAL 3 1 2374 64 4 80,2314,1212,16,15,-237603,-237607,2374,1275,2374,1276
RECAL 1 4 23 5 5 55,RECAL 3 0 9999 64 4 80,RECAL 3 1 2472 64 4 80,2409,2119,15,16,-236774,-237028,2472,2180,2473,2179
RECAL 1 4 23 6 6 55,RECAL 3 0 9999 64 4 80,RECAL 3 1 2482 64 4 80,2419,2750,15,16,-235246,-235771,2482,2810,2483,2810
RECAL 1 4 23 7 7 55,RECAL 3 0 9999 64 4 80,RECAL 3 1 824 64 4 80,760,2785,15,16,-236154,-236446,824.2,2846,824,2845
RECAL 1 4 23 8 8 55,RECAL 3 0 9999 64 4 80,RECAL 3 1 780 64 4 80,726,2166,15,14,-239778,-240014,779.9,2227,782,2226
RECAL 1 4 23 9 9 55,RECAL 3 0 9999 64 4 80,RECAL 3 1 313 64 4 80,237,1291,15,19,-235618,-235828,312.9,1352,313,1351
RECAL 1 4 23 10 10 55,RECAL 3 0 9999 64 4 80,RECAL 3 1 311 64 4 80,239,-1267,16,17,-237292,-237273,310.6,-1204,307,-1203
RECAL 1 4 23 11 11 55,RECAL 3 0 9999 64 4 80,RECAL 3 1 501 64 4 80,433,-2207,16,18,-237300,-237310,501.5,-2141,505,-2143
RECAL 1 4 23 12 12 55,RECAL 3 0 9999 64 4 80,RECAL 3 1 707 64 4 80,642,-2846,16,16,-237060,-237033,706.9,-2780,706,-2782
RECAL 1 4 23 13 13 55,RECAL 3 0 9999 64 4 80,RECAL 3 1 -2270 64 4 80,-2336,-2873,16,17,-238673,-238716,-2270,-2807,-2268,-2809
RECAL 1 4 23 14 14 55,RECAL 3 0 9999 64 4 80,RECAL 3 1 -2311 64 4 80,-2376,-2241,16,16,-238335,-238381,-2311,-2177,-2312,-2177
RECAL 1 4 23 15 15 55,RECAL 3 0 9999 64 4 80,RECAL 3 1 -2337 64 4 80,-2401,-1328,16,16,-237558,-237554,-2337,-1264,-2337,-1264
RECAL 1 4 23 16 16 55,RECAL 3 0 9999 64 4 80,RECAL 3 1 -2340 64 4 80,-2405,1232,16,16,-236914,-236931,-2340,1294,-2341,1296
RECAL 1 4 23 17 17 55,RECAL 3 0 9999 64 4 80,RECAL 3 1 -2238 64 4 80,-2303,2127,16,16,-236692,-236711,-2238,2189,-2239,2191
RECAL 1 4 23 18 18 55,RECAL 3 0 9999 64 4 80,RECAL 3 1 -2237 64 4 80,-2303,2756,15,16,-238720,-239300,-2237,2816,-2239,2816
RECAL 1 4 24 1 1 56,RECAL 3 0 9999 64 4 80,RECAL 3 1 2328 64 4 80,2264,-2865,16,16,-238457,-238435,2328,-2798,2328,-2801
RECAL 1 4 24 2 2 56,RECAL 3 0 9999 64 4 80,RECAL 3 1 2351 64 4 80,2289,-2292,16,15,-238203,-238267,2351,-2227,2349,-2228
RECAL 1 4 24 3 3 56,RECAL 3 0 9999 64 4 80,RECAL 3 1 2295 64 4 80,2231,-1508,16,16,-239324,-239339,2295,-1444,2295,-1444
RECAL 1 4 24 4 4 56,RECAL 3 0 9999 64 4 80,RECAL 3 1 2386 64 4 80,2324,878,16,16,-241192,-241237,2386,941.7,2388,942
RECAL 1 4 24 5 5 56,RECAL 3 0 9999 64 4 80,RECAL 3 1 2323 64 4 80,2259,1875,16,16,-240774,-240763,2323,1937,2323,1939
RECAL 1 4 24 6 6 56,RECAL 3 0 9999 64 4 80,RECAL 3 1 2399 64 4 80,2334,2507,16,16,-241624,-241669,2399,2569,2398,2571
RECAL 1 4 24 7 7 56,RECAL 3 0 9999 64 4 80,RECAL 3 1 925 64 4 80,860,2494,16,16,-238845,-238852,925.3,2556,924,2558
RECAL 1 4 24 8 8 56,RECAL 3 0 9999 64 4 80,RECAL 3 1 653 64 4 80,587,1857,16,16,-237371,-237362,652.9,1920,651,1921
RECAL 1 4 24 9 9 56,RECAL 3 0 9999 64 4 80,RECAL 3 1 873 64 4 80,806,846,16,17,-237580,-237562,873,909.4,874,910
RECAL 1 4 24 10 10 56,RECAL 3 0 9999 64 4 80,RECAL 3 1 536 64 4 80,466,-1531,16,17,-236927,-236949,536.4,-1467,534,-1467
RECAL 1 4 24 11 11 56,RECAL 3 0 9999 64 4 80,RECAL 3 1 752 64 4 80,683,-2303,16,17,-238048,-238054,752,-2239,751,-2239
RECAL 1 4 24 12 12 56,RECAL 3 0 9999 64 4 80,RECAL 3 1 702 64 4 80,645,-2874,16,14,-236615,-236633,702.2,-2810,701,-2810
RECAL 1 4 24 13 13 56,RECAL 3 0 9999 64 4 80,RECAL 3 1 -2128 64 4 80,-2193,-2831,16,16,-236253,-236265,-2128,-2765,-2129,-2767
RECAL 1 4 24 14 14 56,RECAL 3 0 9999 64 4 80,RECAL 3 1 -2108 64 4 80,-2172,-2252,16,16,-237351,-237368,-2108,-2187,-2108,-2188
RECAL 1 4 24 15 15 56,RECAL 3 0 9999 64 4 80,RECAL 3 1 -2166 64 4 80,-2228,-1452,16,15,-236296,-236347,-2166,-1389,-2168,-1388
RECAL 1 4 24 16 16 56,RECAL 3 0 9999 64 4 80,RECAL 3 1 -2069 64 4 80,-2133,958,16,16,-236977,-236992,-2069,1021,-2069,1022
RECAL 1 4 24 17 17 56,RECAL 3 0 9999 64 4 80,RECAL 3 1 -2132 64 4 80,-2198,1912,16,16,-236802,-236832,-2132,1975,-2134,1976
RECAL 1 4 24 18 18 56,RECAL 3 0 9999 64 4 80,RECAL 3 1 -2052 64 4 80,-2116,2536,16,16,-239807,-239811,-2052,2597,-2052,2600
RECAL 1 4 25 1 1 57,RECAL 3 0 9999 64 4 80,RECAL 3 1 2318 64 4 80,2254,-2860,16,16,-238903,-238958,2318,-2797,2318,-2796
RECAL 1 4 25 2 2 57,RECAL 3 0 9999 64 4 80,RECAL 3 1 2334 64 4 80,2269,-2299,16,17,-237062,-237196,2334,-2236,2337,-2235
RECAL 1 4 25 3 3 57,RECAL 3 0 9999 64 4 80,RECAL 3 1 2352 64 4 80,2287,-1546,16,16,-238394,-238449,2352,-1482,2351,-1482
RECAL 1 4 25 4 4 57,RECAL 3 0 9999 64 4 80,RECAL 3 1 2294 64 4 80,2229,780,16,16,-237798,-237817,2294,843.4,2293,844
RECAL 1 4 25 5 5 57,RECAL 3 0 9999 64 4 80,RECAL 3 1 2387 64 4 80,2321,1809,16,17,-236604,-236694,2387,1873,2389,1873
RECAL 1 4 25 6 6 57,RECAL 3 0 9999 64 4 80,RECAL 3 1 2403 64 4 80,2337,2447,16,16,-236466,-236480,2403,2510,2401,2511
RECAL 1 4 25 7 7 57,RECAL 3 0 9999 64 4 80,RECAL 3 1 988 64 4 80,922,2451,16,16,-237149,-237165,988.3,2512,986,2515
RECAL 1 4 25 8 8 57,RECAL 3 0 9999 64 4 80,RECAL 3 1 933 64 4 80,866,1816,16,17,-236592,-236599,932.8,1878,934,1880
RECAL 1 4 25 9 9 57,RECAL 3 0 9999 64 4 80,RECAL 3 1 662 64 4 80,606,797,16,14,-237748,-237779,662.5,859.8,662,861
RECAL 1 4 25 10 10 57,RECAL 3 0 9999 64 4 80,RECAL 3 1 844 64 4 80,782,-1535,15,15,-237024,-237209,844.3,-1474,842,-1475
RECAL 1 4 25 11 11 57,RECAL 3 0 9999 64 4 80,RECAL 3 1 799 64 4 80,735,-2293,16,16,-236782,-236823,799.2,-2229,799,-2229
RECAL 1 4 25 12 12 57,RECAL 3 0 9999 64 4 80,RECAL 3 1 757 64 4 80,691,-2853,15,16,-238149,-237385,757.3,-2787,755,-2793
RECAL 1 4 25 13 13 57,RECAL 3 0 9999 64 4 80,RECAL 3 1 -2076 64 4 80,-2140,-2815,16,16,-236031,-236039,-2076,-2750,-2076,-2751
RECAL 1 4 25 14 14 57,RECAL 3 0 9999 64 4 80,RECAL 3 1 -2055 64 4 80,-2118,-2247,16,16,-235699,-235676,-2055,-2185,-2054,-2183
RECAL 1 4 25 15 15 57,RECAL 3 0 9999 64 4 80,RECAL 3 1 -2032 64 4 80,-2098,-1469,16,16,-235712,-235761,-2032,-1404,-2034,-1405
RECAL 1 4 25 16 16 57,RECAL 3 0 9999 64 4 80,RECAL 3 1 -2096 64 4 80,-2162,900,16,17,-236135,-236197,-2096,964.1,-2094,964
RECAL 1 4 25 17 17 57,RECAL 3 0 9999 64 4 80,RECAL 3 1 -1995 64 4 80,-2061,1866,15,16,-235226,-235258,-1995,1928,-1997,1926
RECAL 1 4 25 18 18 57,RECAL 3 0 9999 64 4 80,RECAL 3 1 -1983 64 4 80,-2049,2488,16,16,-236482,-236516,-1983,2550,-1985,2552
RECAL 1 4 26 1 1 58,RECAL 3 0 9999 64 4 80,RECAL 3 1 2438 64 4 80,2374,-2886,17,16,-238334,-238410,2438,-2821,2438,-2818
RECAL 1 4 26 2 2 58,RECAL 3 0 9999 64 4 80,RECAL 3 1 2407 64 4 80,2345,-2250,16,16,-237560,-237629,2407,-2185,2409,-2186
RECAL 1 4 26 3 3 58,RECAL 3 0 9999 64 4 80,RECAL 3 1 2468 64 4 80,2407,-1328,16,15,-238566,-238558,2468,-1263,2467,-1264
RECAL 1 4 26 4 4 58,RECAL 3 0 9999 64 4 80,RECAL 3 1 2407 64 4 80,2344,1253,15,16,-238342,-238464,2407,1314,2408,1313
RECAL 1 4 26 5 5 58,RECAL 3 0 9999 64 4 80,RECAL 3 1 2400 64 4 80,2336,2155,15,16,-238106,-238164,2400,2217,2400,2215
RECAL 1 4 26 6 6 58,RECAL 3 0 9999 64 4 80,RECAL 3 1 2429 64 4 80,2365,2782,16,16,-241281,-241265,2429,2843,2429,2846
RECAL 1 4 26 7 7 58,RECAL 3 0 9999 64 4 80,RECAL 3 1 609 64 4 80,543,2787,15,16,-240486,-240712,609.5,2849,607,2847
RECAL 1 4 26 8 8 58,RECAL 3 0 9999 64 4 80,RECAL 3 1 446 64 4 80,375,2160,16,17,-238991,-238998,445.8,2223,443,2224
RECAL 1 4 26 9 9 58,RECAL 3 0 9999 64 4 80,RECAL 3 1 312 64 4 80,241,1266,16,18,-237674,-237697,311.7,1330,313,1330
RECAL 1 4 26 10 10 58,RECAL 3 0 9999 64 4 80,RECAL 3 1 726 64 4 80,666,-1310,15,15,-238013,-238006,725.7,-1248,726,-1250
RECAL 1 4 26 11 11 58,RECAL 3 0 9999 64 4 80,RECAL 3 1 467 64 4 80,404,-2240,16,16,-238225,-238217,466.6,-2177,468,-2176
RECAL 1 4 26 12 12 58,RECAL 3 0 9999 64 4 80,RECAL 3 1 637 64 4 80,570,-2877,16,16,-239580,-239554,636.6,-2812,634,-2813
RECAL 1 4 26 13 13 58,RECAL 3 0 9999 64 4 80,RECAL 3 1 -2287 64 4 80,-2352,-2903,16,16,-239209,-239204,-2287,-2838,-2288,-2839
RECAL 1 4 26 14 14 58,RECAL 3 0 9999 64 4 80,RECAL 3 1 -2318 64 4 80,-2382,-2274,16,16,-238179,-238151,-2318,-2209,-2318,-2210
RECAL 1 4 26 15 15 58,RECAL 3 0 9999 64 4 80,RECAL 3 1 -2256 64 4 80,-2322,-1372,15,17,-239908,-240049,-2256,-1310,-2254,-1312
RECAL 1 4 26 16 16 58,RECAL 3 0 9999 64 4 80,RECAL 3 1 -2340 64 4 80,-2406,1202,16,16,-238598,-238695,-2340,1265,-2342,1266
RECAL 1 4 26 17 17 58,RECAL 3 0 9999 64 4 80,RECAL 3 1 -2320 64 4 80,-2386,2126,15,16,-240845,-241336,-2320,2187,-2322,2186
RECAL 1 4 26 18 18 58,RECAL 3 0 9999 64 4 80,RECAL 3 1 -2297 64 4 80,-2362,2758,16,16,-241495,-241504,-2297,2819,-2298,2822
RECAL 1 4 27 1 1 59,RECAL 3 0 9999 64 4 80,RECAL 3 1 2405 64 4 80,2340,-2888,16,16,-237959,-237947,2405,-2825,2404,-2824
RECAL 1 4 27 2 2 59,RECAL 3 0 9999 64 4 80,RECAL 3 1 2393 64 4 80,2329,-2244,16,16,-237444,-237438,2393,-2179,2393,-2180
RECAL 1 4 27 3 3 59,RECAL 3 0 9999 64 4 80,RECAL 3 1 2390 64 4 80,2325,-1307,15,16,-238884,-238926,2390,-1245,2389,-1247
RECAL 1 4 27 4 4 59,RECAL 3 0 9999 64 4 80,RECAL 3 1 2274 64 4 80,2209,1264,15,16,-238890,-239045,2274,1325,2273,1324
RECAL 1 4 27 5 5 59,RECAL 3 0 9999 64 4 80,RECAL 3 1 2369 64 4 80,2306,2164,15,16,-238747,-239015,2369,2225,2370,2224
RECAL 1 4 27 6 6 59,RECAL 3 0 9999 64 4 80,RECAL 3 1 2360 64 4 80,2295,2801,15,16,-239483,-239520,2360,2862,2359,2861
RECAL 1 4 27 7 7 59,RECAL 3 0 9999 64 4 80,RECAL 3 1 -118 64 4 80,-130,2831,15,3,-237123,-237323,-117.6,2891,-118,2891
RECAL 1 4 27 8 8 59,RECAL 3 0 9999 64 4 80,RECAL 3 1 172 64 4 80,106,2202,15,17,-236435,-236708,172.3,2263,174,2262
RECAL 1 4 27 9 9 59,RECAL 3 0 9999 64 4 80,RECAL 3 1 -651 64 4 80,-711,1329,15,15,-237914,-238075,-651.1,1390,-651,1389
RECAL 1 4 27 10 10 59,RECAL 3 0 9999 64 4 80,RECAL 3 1 390 64 4 80,324,-1235,15,16,-239624,-239654,390,-1173,388,-1175
RECAL 1 4 27 11 11 59,RECAL 3 0 9999 64 4 80,RECAL 3 1 419 64 4 80,334,-2201,16,21,-237026,-237037,418.6,-2138,418,-2137
RECAL 1 4 27 12 12 59,RECAL 3 0 9999 64 4 80,RECAL 3 1 496 64 4 80,413,-2853,16,21,-237561,-237561,496.4,-2789,497,-2789
RECAL 1 4 27 13 13 59,RECAL 3 0 9999 64 4 80,RECAL 3 1 -2309 64 4 80,-2371,-2891,16,15,-237533,-237568,-2309,-2828,-2311,-2827
RECAL 1 4 27 14 14 59,RECAL 3 0 9999 64 4 80,RECAL 3 1 -2319 64 4 80,-2384,-2248,16,16,-238205,-238255,-2319,-2186,-2320,-2184
RECAL 1 4 27 15 15 59,RECAL 3 0 9999 64 4 80,RECAL 3 1 -2321 64 4 80,-2388,-1326,16,17,-237075,-237088,-2321,-1262,-2320,-1262
RECAL 1 4 27 16 16 59,RECAL 3 0 9999 64 4 80,RECAL 3 1 -2431 64 4 80,-2496,1243,16,16,-236585,-236628,-2431,1306,-2432,1307
RECAL 1 4 27 17 17 59,RECAL 3 0 9999 64 4 80,RECAL 3 1 -2344 64 4 80,-2407,2150,15,16,-235601,-235995,-2344,2211,-2343,2210
RECAL 1 4 27 18 18 59,RECAL 3 0 9999 64 4 80,RECAL 3 1 -2356 64 4 80,-2418,2786,16,15,-238619,-238682,-2356,2846,-2358,2850
RECAL 1 4 28 1 1 60,RECAL 3 0 9999 64 4 80,RECAL 3 1 2285 64 4 80,2219,-2732,16,16,-237290,-237386,2285,-2669,2283,-2668
RECAL 1 4 28 2 2 60,RECAL 3 0 9999 64 4 80,RECAL 3 1 2263 64 4 80,2198,-2131,16,16,-237376,-237429,2263,-2069,2262,-2067
RECAL 1 4 28 3 3 60,RECAL 3 0 9999 64 4 80,RECAL 3 1 2151 64 4 80,2086,-1262,16,16,-237560,-237540,2151,-1199,2150,-1198
RECAL 1 4 28 4 4 60,RECAL 3 0 9999 64 4 80,RECAL 3 1 2122 64 4 80,2058,1180,16,16,-238400,-238411,2122,1243,2122,1244
RECAL 1 4 28 5 5 60,RECAL 3 0 9999 64 4 80,RECAL 3 1 2108 64 4 80,2045,2036,16,16,-238517,-238525,2108,2098,2109,2100
RECAL 1 4 28 6 6 60,RECAL 3 0 9999 64 4 80,RECAL 3 1 2167 64 4 80,2104,2628,16,16,-239397,-239394,2167,2691,2168,2692
RECAL 1 4 28 7 7 60,RECAL 3 0 9999 64 4 80,RECAL 3 1 -606 64 4 80,-677,2648,16,18,-236348,-236355,-606,2710,-605,2712
RECAL 1 4 28 8 8 60,RECAL 3 0 9999 64 4 80,RECAL 3 1 -777 64 4 80,-842,2062,15,16,-236381,-236641,-777.1,2124,-778,2122
RECAL 1 4 28 9 9 60,RECAL 3 0 9999 64 4 80,RECAL 3 1 -725 64 4 80,-795,1223,16,18,-235373,-235359,-725,1286,-723,1287
RECAL 1 4 28 10 10 60,RECAL 3 0 9999 64 4 80,RECAL 3 1 -629 64 4 80,-698,-1215,15,17,-235712,-235812,-628.9,-1154,-630,-1155
RECAL 1 4 28 11 11 60,RECAL 3 0 9999 64 4 80,RECAL 3 1 414 64 4 80,340,-2105,16,19,-235585,-235588,414.4,-2042,416,-2041
RECAL 1 4 28 12 12 60,RECAL 3 0 9999 64 4 80,RECAL 3 1 538 64 4 80,466,-2712,16,18,-236810,-236805,537.6,-2648,538,-2648
RECAL 1 4 28 13 13 60,RECAL 3 0 9999 64 4 80,RECAL 3 1 -2167 64 4 80,-2233,-2751,16,17,-236440,-236520,-2167,-2688,-2165,-2687
RECAL 1 4 28 14 14 60,RECAL 3 0 9999 64 4 80,RECAL 3 1 -2185 64 4 80,-2251,-2158,16,17,-235862,-235933,-2185,-2094,-2183,-2094
RECAL 1 4 28 15 15 60,RECAL 3 0 9999 64 4 80,RECAL 3 1 -2294 64 4 80,-2359,-1309,16,16,-236001,-236039,-2294,-1245,-2295,-1245
RECAL 1 4 28 16 16 60,RECAL 3 0 9999 64 4 80,RECAL 3 1 -2318 64 4 80,-2384,1135,15,17,-235472,-235799,-2318,1195,-2316,1195
RECAL 1 4 28 17 17 60,RECAL 3 0 9999 64 4 80,RECAL 3 1 -2331 64 4 80,-2397,2004,16,16,-236143,-236209,-2331,2067,-2333,2068
RECAL 1 4 28 18 18 60,RECAL 3 0 9999 64 4 80,RECAL 3 1 -2284 64 4 80,-2347,2604,16,16,-237416,-237400,-2284,2666,-2283,2668
RECAL 1 4 29 1 1 61,RECAL 3 0 9999 64 4 80,RECAL 3 1 2308 64 4 80,2243,-2899,16,16,-236926,-236919,2308,-2835,2307,-2835
RECAL 1 4 29 2 2 61,RECAL 3 0 9999 64 4 80,RECAL 3 1 2312 64 4 80,2247,-2263,16,16,-238851,-238877,2312,-2199,2311,-2199
RECAL 1 4 29 3 3 61,RECAL 3 0 9999 64 4 80,RECAL 3 1 2225 64 4 80,2161,-1348,16,16,-237892,-237890,2225,-1285,2225,-1284
RECAL 1 4 29 4 4 61,RECAL 3 0 9999 64 4 80,RECAL 3 1 2222 64 4 80,2159,1241,16,16,-238085,-238096,2222,1305,2223,1305
RECAL 1 4 29 5 5 61,RECAL 3 0 9999 64 4 80,RECAL 3 1 2233 64 4 80,2167,2150,16,16,-237434,-237481,2233,2212,2231,2214
RECAL 1 4 29 6 6 61,RECAL 3 0 9999 64 4 80,RECAL 3 1 2310 64 4 80,2245,2782,16,16,-236101,-236107,2310,2845,2309,2846
RECAL 1 4 29 7 7 61,RECAL 3 0 9999 64 4 80,RECAL 3 1 -633 64 4 80,-706,2778,15,18,-236946,-236952,-633.4,2841,-634,2838
RECAL 1 4 29 8 8 61,RECAL 3 0 9999 64 4 80,RECAL 3 1 -865 64 4 80,-932,2145,15,17,-236909,-237075,-865.2,2207,-864,2205
RECAL 1 4 29 9 9 61,RECAL 3 0 9999 64 4 80,RECAL 3 1 -885 64 4 80,-954,1231,16,17,-236418,-236395,-884.5,1293,-886,1295
RECAL 1 4 29 10 10 61,RECAL 3 0 9999 64 4 80,RECAL 3 1 -877 64 4 80,-938,-1357,16,15,-238258,-238242,-876.9,-1292,-878,-1293
RECAL 1 4 29 11 11 61,RECAL 3 0 9999 64 4 80,RECAL 3 1 -622 64 4 80,-691,-2266,15,17,-237248,-237284,-621.6,-2204,-623,-2206
RECAL 1 4 29 12 12 61,RECAL 3 0 9999 64 4 80,RECAL 3 1 -639 64 4 80,-705,-2903,16,16,-239130,-239129,-638.7,-2838,-641,-2839
RECAL 1 4 29 13 13 61,RECAL 3 0 9999 64 4 80,RECAL 3 1 -2447 64 4 80,-2513,-2904,16,16,-235308,-235398,-2447,-2841,-2449,-2840
RECAL 1 4 29 14 14 61,RECAL 3 0 9999 64 4 80,RECAL 3 1 -2444 64 4 80,-2511,-2271,16,17,-235235,-235278,-2444,-2206,-2443,-2207
RECAL 1 4 29 15 15 61,RECAL 3 0 9999 64 4 80,RECAL 3 1 -2518 64 4 80,-2585,-1362,16,17,-234804,-234854,-2518,-1300,-2517,-1298
RECAL 1 4 29 16 16 61,RECAL 3 0 9999 64 4 80,RECAL 3 1 -2521 64 4 80,-2588,1224,15,17,-235000,-235149,-2521,1285,-2520,1284
RECAL 1 4 29 17 17 61,RECAL 3 0 9999 64 4 80,RECAL 3 1 -2513 64 4 80,-2580,2139,16,17,-235085,-235148,-2513,2201,-2512,2203
RECAL 1 4 29 18 18 61,RECAL 3 0 9999 64 4 80,RECAL 3 1 -2450 64 4 80,-2516,2774,15,17,-234926,-235240,-2450,2836,-2448,2834
RECAL 1 4 30 1 1 62,RECAL 3 0 9999 64 4 80,RECAL 3 1 2434 64 4 80,2373,-2742,17,15,-233957,-234386,2434,-2675,2433,-2674
RECAL 1 4 30 2 2 62,RECAL 3 0 9999 64 4 80,RECAL 3 1 2423 64 4 80,2360,-2144,16,16,-235432,-235485,2423,-2078,2424,-2080
RECAL 1 4 30 3 3 62,RECAL 3 0 9999 64 4 80,RECAL 3 1 2418 64 4 80,2356,-1277,16,16,-235614,-235694,2418,-1213,2420,-1213
RECAL 1 4 30 4 4 62,RECAL 3 0 9999 64 4 80,RECAL 3 1 2410 64 4 80,2348,1155,16,15,-235468,-235543,2410,1217,2408,1219
RECAL 1 4 30 5 5 62,RECAL 3 0 9999 64 4 80,RECAL 3 1 2319 64 4 80,2255,2016,16,16,-235270,-235258,2319,2079,2319,2080
RECAL 1 4 30 6 6 62,RECAL 3 0 9999 64 4 80,RECAL 3 1 2396 64 4 80,2334,2613,15,15,-234745,-235309,2396,2674,2394,2673
RECAL 1 4 30 7 7 62,RECAL 3 0 9999 64 4 80,RECAL 3 1 923 64 4 80,860,2609,15,16,-234050,-234957,923,2670,924,2669
RECAL 1 4 30 8 8 62,RECAL 3 0 9999 64 4 80,RECAL 3 1 679 64 4 80,616,2009,15,16,-234451,-234954,679,2070,680,2069
RECAL 1 4 30 9 9 62,RECAL 3 0 9999 64 4 80,RECAL 3 1 939 64 4 80,874,1140,16,16,-235859,-235870,939.2,1202,938,1204
RECAL 1 4 30 10 10 62,RECAL 3 0 9999 64 4 80,RECAL 3 1 953 64 4 80,889,-1296,16,16,-234545,-234553,953.3,-1230,953,-1232
RECAL 1 4 30 11 11 62,RECAL 3 0 9999 64 4 80,RECAL 3 1 983 64 4 80,926,-2155,17,14,-233696,-233834,983.1,-2089,982,-2087
RECAL 1 4 30 12 12 62,RECAL 3 0 9999 64 4 80,RECAL 3 1 1028 64 4 80,969,-2746,17,15,-233886,-234092,1028,-2680,1029,-2678
RECAL 1 4 30 13 13 62,RECAL 3 0 9999 64 4 80,RECAL 3 1 -2011 64 4 80,-2077,-2715,16,17,-235073,-235103,-2011,-2650,-2009,-2651
RECAL 1 4 30 14 14 62,RECAL 3 0 9999 64 4 80,RECAL 3 1 -2021 64 4 80,-2084,-2118,17,16,-233982,-234344,-2021,-2051,-2020,-2050
RECAL 1 4 30 15 15 62,RECAL 3 0 9999 64 4 80,RECAL 3 1 -2027 64 4 80,-2090,-1233,17,16,-233796,-233837,-2027,-1167,-2026,-1165
RECAL 1 4 30 16 16 62,RECAL 3 0 9999 64 4 80,RECAL 3 1 -2033 64 4 80,-2100,1202,15,16,-234915,-235176,-2033,1264,-2036,1262
RECAL 1 4 30 17 17 62,RECAL 3 0 9999 64 4 80,RECAL 3 1 -2137 64 4 80,-2204,2043,16,17,-235112,-235157,-2137,2105,-2136,2107
RECAL 1 4 30 18 18 62,RECAL 3 0 9999 64 4 80,RECAL 3 1 -2057 64 4 80,-2119,2632,16,15,-235599,-235657,-2057,2693,-2059,2696
RECAL 1 4 31 1 1 63,RECAL 3 0 9999 64 4 80,RECAL 3 1 2475 64 4 80,2413,-2937,16,15,-238703,-238766,2475,-2872,2473,-2873
RECAL 1 4 31 2 2 63,RECAL 3 0 9999 64 4 80,RECAL 3 1 2462 64 4 80,2398,-2306,16,16,-239843,-239853,2462,-2242,2462,-2242
RECAL 1 4 31 3 3 63,RECAL 3 0 9999 64 4 80,RECAL 3 1 2521 64 4 80,2456,-1404,16,16,-239389,-239439,2521,-1342,2520,-1340
RECAL 1 4 31 4 4 63,RECAL 3 0 9999 64 4 80,RECAL 3 1 2434 64 4 80,2368,1190,15,17,-238506,-238544,2434,1252,2436,1250
RECAL 1 4 31 5 5 63,RECAL 3 0 9999 64 4 80,RECAL 3 1 2440 64 4 80,2374,2126,16,16,-238529,-238552,2440,2189,2438,2190
RECAL 1 4 31 6 6 63,RECAL 3 0 9999 64 4 80,RECAL 3 1 2526 64 4 80,2463,2770,15,16,-237483,-237820,2526,2832,2527,2830
RECAL 1 4 31 7 7 63,RECAL 3 0 9999 64 4 80,RECAL 3 1 792 64 4 80,723,2765,16,17,-236754,-236741,792,2829,791,2829
RECAL 1 4 31 8 8 63,RECAL 3 0 9999 64 4 80,RECAL 3 1 368 64 4 80,285,2124,16,21,-236357,-236329,368.5,2187,369,2188
RECAL 1 4 31 9 9 63,RECAL 3 0 9999 64 4 80,RECAL 3 1 332 64 4 80,235,1187,15,25,-236768,-236784,332.3,1249,335,1247
RECAL 1 4 31 10 10 63,RECAL 3 0 9999 64 4 80,RECAL 3 1 773 64 4 80,707,-1409,16,17,-237445,-237462,773.4,-1346,775,-1345
RECAL 1 4 31 11 11 63,RECAL 3 0 9999 64 4 80,RECAL 3 1 524 64 4 80,448,-2307,16,19,-239139,-239119,523.5,-2244,524,-2243
RECAL 1 4 31 12 12 63,RECAL 3 0 9999 64 4 80,RECAL 3 1 584 64 4 80,511,-2938,16,18,-238660,-238657,583.7,-2875,583,-2874
RECAL 1 4 31 13 13 63,RECAL 3 0 9999 64 4 80,RECAL 3 1 -2348 64 4 80,-2413,-2905,15,16,-242885,-242072,-2348,-2840,-2349,-2845
RECAL 1 4 31 14 14 63,RECAL 3 0 9999 64 4 80,RECAL 3 1 -2356 64 4 80,-2420,-2265,16,16,-239262,-239240,-2356,-2202,-2356,-2201
RECAL 1 4 31 15 15 63,RECAL 3 0 9999 64 4 80,RECAL 3 1 -2295 64 4 80,-2359,-1341,16,16,-237845,-237840,-2295,-1278,-2295,-1277
RECAL 1 4 31 16 16 63,RECAL 3 0 9999 64 4 80,RECAL 3 1 -2385 64 4 80,-2451,1252,16,16,-237915,-237950,-2385,1315,-2387,1316
RECAL 1 4 31 17 17 63,RECAL 3 0 9999 64 4 80,RECAL 3 1 -2381 64 4 80,-2445,2165,15,16,-237595,-237593,-2381,2227,-2381,2225
RECAL 1 4 31 18 18 63,RECAL 3 0 9999 64 4 80,RECAL 3 1 -2293 64 4 80,-2358,2797,16,16,-238791,-238792,-2293,2859,-2294,2861
RECAL 1 4 32 1 1 64,RECAL 3 0 9999 64 4 80,RECAL 3 1 2247 64 4 80,2184,-2897,16,16,-238705,-238738,2247,-2833,2248,-2833
RECAL 1 4 32 2 2 64,RECAL 3 0 9999 64 4 80,RECAL 3 1 2280 64 4 80,2219,-2261,16,15,-238510,-238552,2280,-2198,2279,-2197
RECAL 1 4 32 3 3 64,RECAL 3 0 9999 64 4 80,RECAL 3 1 2219 64 4 80,2155,-1351,15,16,-239393,-239497,2219,-1290,2219,-1291
RECAL 1 4 32 4 4 64,RECAL 3 0 9999 64 4 80,RECAL 3 1 2247 64 4 80,2185,1210,16,16,-242046,-242114,2247,1273,2249,1274
RECAL 1 4 32 5 5 64,RECAL 3 0 9999 64 4 80,RECAL 3 1 2346 64 4 80,2285,2125,15,15,-241786,-242353,2346,2185,2345,2185
RECAL 1 4 32 6 6 64,RECAL 3 0 9999 64 4 80,RECAL 3 1 2329 64 4 80,2265,2764,15,16,-243116,-243295,2329,2825,2329,2824
RECAL 1 4 32 7 7 64,RECAL 3 0 9999 64 4 80,RECAL 3 1 -334 64 4 80,-401,2745,16,17,-237182,-237187,-334.2,2807,-333,2809
RECAL 1 4 32 8 8 64,RECAL 3 0 9999 64 4 80,NULL,-136,NULL,NULL,NULL,NULL,NULL,NULL,NULL,NULL,NULL
RECAL 1 4 32 9 9 64,RECAL 3 0 9999 64 4 80,RECAL 3 1 -698 64 4 80,-758,1174,16,15,-236682,-236704,-697.8,1237,-698,1238
RECAL 1 4 32 10 10 64,RECAL 3 0 9999 64 4 80,RECAL 3 1 -770 64 4 80,-835,-1388,16,16,-235796,-235791,-770.4,-1325,-771,-1324
RECAL 1 4 32 11 11 64,RECAL 3 0 9999 64 4 80,RECAL 3 1 -573 64 4 80,-639,-2282,16,17,-236846,-236840,-572.5,-2219,-571,-2218
RECAL 1 4 32 12 12 64,RECAL 3 0 9999 64 4 80,RECAL 3 1 -719 64 4 80,-786,-2911,16,17,-237052,-237076,-718.7,-2847,-718,-2847
RECAL 1 4 32 13 13 64,RECAL 3 0 9999 64 4 80,RECAL 3 1 -2423 64 4 80,-2489,-2893,16,17,-237646,-237701,-2423,-2829,-2421,-2829
RECAL 1 4 32 14 14 64,RECAL 3 0 9999 64 4 80,RECAL 3 1 -2396 64 4 80,-2460,-2260,16,16,-237045,-237064,-2396,-2197,-2396,-2196
RECAL 1 4 32 15 15 64,RECAL 3 0 9999 64 4 80,RECAL 3 1 -2448 64 4 80,-2513,-1353,16,16,-236957,-236959,-2448,-1290,-2449,-1289
RECAL 1 4 32 16 16 64,RECAL 3 0 9999 64 4 80,RECAL 3 1 -2424 64 4 80,-2488,1213,15,16,-236601,-236913,-2424,1273,-2424,1273
RECAL 1 4 32 17 17 64,RECAL 3 0 9999 64 4 80,RECAL 3 1 -2331 64 4 80,-2393,2123,15,15,-237510,-237756,-2331,2185,-2333,2183
RECAL 1 4 32 18 18 64,RECAL 3 0 9999 64 4 80,RECAL 3 1 -2353 64 4 80,-2417,2760,15,16,-238486,-238937,-2353,2821,-2353,2820
RECAL 1 1 1 1 1 33,RECAL 3 0 9999 64 4 80,RECAL 3 1 2165 64 4 80,2097,-2763,15,17,-235723,-236817,2165,-2702,2165,-2703
RECAL 1 1 2 1 1 34,RECAL 3 0 9999 64 4 80,RECAL 3 1 2108 64 4 80,2039,-2168,15,17,-234350,-235163,2108,-2108,2107,-2108
RECAL 1 1 3 1 1 35,RECAL 3 0 9999 64 4 80,RECAL 3 1 2136 64 4 80,2067,-1318,15,17,-235293,-235410,2136,-1257,2135,-1258
RECAL 1 1 4 1 1 36,RECAL 3 0 9999 64 4 80,RECAL 3 1 2124 64 4 80,2055,1137,16,17,-233822,-233826,2124,1202,2123,1201
RECAL 1 1 5 1 1 37,RECAL 3 0 9999 64 4 80,RECAL 3 1 2194 64 4 80,2125,2009,16,17,-235777,-235817,2194,2075,2193,2073
RECAL 1 1 6 1 1 38,RECAL 3 0 9999 64 4 80,RECAL 3 1 2158 64 4 80,2089,2609,17,17,-234979,-235386,2158,2674,2157,2677
RECAL 1 1 7 1 1 39,RECAL 3 0 9999 64 4 80,RECAL 3 1 301 64 4 80,223,2642,17,20,-235960,-236594,301.3,2707,303,2710
RECAL 1 1 15 1 1 47,RECAL 3 0 9999 64 4 80,RECAL 3 1 554 64 4 80,482,2049,16,18,-240791,-240831,554.4,2115,554,2113
RECAL 1 1 32 1 1 64,RECAL 3 0 9999 64 4 80,RECAL 3 1 -231 64 4 80,-307,1211,16,18,-238616,-238644,-230.5,1277,-235,1275
RECAL 1 1 49 1 1 17,RECAL 3 0 9999 64 4 80,RECAL 3 1 -85 64 4 80,-207,-1242,15,30,-242654,-242653,-84.88,-1180,-87,-1182
RECAL 1 1 8 1 1 40,RECAL 3 0 9999 64 4 80,RECAL 3 1 -385 64 4 80,-455,-2124,16,18,-235579,-235570,-384.7,-2062,-383,-2060
RECAL 1 1 9 1 1 41,RECAL 3 0 9999 64 4 80,RECAL 3 1 415 64 4 80,334,-2726,15,19,-233983,-235575,415.2,-2666,410,-2666
RECAL 1 1 10 1 1 42,RECAL 3 0 9999 64 4 80,RECAL 3 1 -2114 64 4 80,-2178,-2729,15,16,-237518,-238468,-2114,-2668,-2114,-2669
RECAL 1 1 11 1 1 43,RECAL 3 0 9999 64 4 80,RECAL 3 1 -2174 64 4 80,-2235,-2128,16,15,-237654,-237723,-2174,-2066,-2175,-2064
RECAL 1 1 12 1 1 44,RECAL 3 0 9999 64 4 80,RECAL 3 1 -2143 64 4 80,-2205,-1248,16,15,-236669,-236768,-2143,-1184,-2145,-1184
RECAL 1 1 13 1 1 45,RECAL 3 0 9999 64 4 80,RECAL 3 1 -2153 64 4 80,-2216,1205,16,16,-240282,-240317,-2153,1270,-2152,1269
RECAL 1 1 14 1 1 46,RECAL 3 0 9999 64 4 80,RECAL 3 1 -2088 64 4 80,-2151,2044,16,16,-235268,-235275,-2088,2110,-2087,2108
RECAL 1 2 15 1 1 47,RECAL 3 0 9999 64 4 80,RECAL 3 1 2206 64 4 80,2137,-2701,15,17,-239617,-240509,2206,-2639,2205,-2641
RECAL 1 2 16 1 1 48,RECAL 3 0 9999 64 4 80,RECAL 3 1 2219 64 4 80,2151,-2109,16,17,-239078,-239065,2219,-2047,2219,-2045
RECAL 1 2 17 1 1 49,RECAL 3 0 9999 64 4 80,RECAL 3 1 2243 64 4 80,2174,-1246,15,17,-239542,-239545,2243,-1184,2242,-1186
RECAL 1 2 18 1 1 50,RECAL 3 0 9999 64 4 80,RECAL 3 1 2171 64 4 80,2103,1177,17,17,-238236,-238356,2171,1244,2171,1245
RECAL 1 2 19 1 1 51,RECAL 3 0 9999 64 4 80,RECAL 3 1 2250 64 4 80,2182,2012,17,17,-238866,-239835,2250,2080,2250,2080
RECAL 1 2 20 1 1 52,RECAL 3 0 9999 64 4 80,RECAL 3 1 2202 64 4 80,2135,2599,16,17,-237876,-237924,2202,2664,2203,2663
RECAL 1 2 21 1 1 53,RECAL 3 0 9999 64 4 80,RECAL 3 1 278 64 4 80,182,2616,17,24,-236090,-237363,278.3,2683,278,2684
RECAL 1 2 22 1 1 54,RECAL 3 0 9999 64 4 80,RECAL 3 1 580 64 4 80,504,2040,16,19,-236429,-236425,579.9,2106,580,2104
RECAL 1 2 23 1 1 55,RECAL 3 0 9999 64 4 80,RECAL 3 1 -276 64 4 80,-356,1217,17,19,-238236,-238253,-276,1283,-280,1285
RECAL 1 2 24 1 1 56,RECAL 3 0 9999 64 4 80,RECAL 3 1 530 64 4 80,452,-1205,17,20,-238242,-238250,529.9,-1139,532,-1137
RECAL 1 2 25 1 1 57,RECAL 3 0 9999 64 4 80,RECAL 3 1 415 64 4 80,336,-2085,16,19,-238784,-238842,414.9,-2022,412,-2021
RECAL 1 2 26 1 1 58,RECAL 3 0 9999 64 4 80,RECAL 3 1 340 64 4 80,259,-2680,15,20,-237663,-238324,340.5,-2618,339,-2620
RECAL 1 2 27 1 1 59,RECAL 3 0 9999 64 4 80,RECAL 3 1 -2162 64 4 80,-2226,-2700,15,16,-237462,-238044,-2162,-2638,-2162,-2640
RECAL 1 2 28 1 1 60,RECAL 3 0 9999 64 4 80,RECAL 3 1 -2149 64 4 80,-2214,-2115,16,16,-237394,-237460,-2149,-2050,-2150,-2051
RECAL 1 2 29 1 1 61,RECAL 3 0 9999 64 4 80,RECAL 3 1 -2125 64 4 80,-2191,-1254,16,16,-236933,-236993,-2125,-1191,-2127,-1190
RECAL 1 2 30 1 1 62,RECAL 3 0 9999 64 4 80,RECAL 3 1 -2198 64 4 80,-2262,1165,16,16,-234509,-234507,-2198,1230,-2198,1229
RECAL 1 2 31 1 1 63,RECAL 3 0 9999 64 4 80,RECAL 3 1 -2117 64 4 80,-2181,2006,17,16,-238045,-238806,-2117,2073,-2117,2074
RECAL 1 2 32 1 1 64,RECAL 3 0 9999 64 4 80,RECAL 3 1 2235 64 4 80,2169,-2675,15,17,-237399,-238774,2235,-2614,2237,-2615
RECAL 1 2 33 1 1 1,RECAL 3 0 9999 64 4 80,RECAL 3 1 2146 64 4 80,2081,-2055,15,16,-235794,-235951,2146,-1993,2145,-1995
RECAL 1 2 34 1 1 2,RECAL 3 0 9999 64 4 80,RECAL 3 1 2220 64 4 80,2155,-1107,15,16,-235343,-235484,2220,-1046,2219,-1047
RECAL 1 2 35 1 1 3,RECAL 3 0 9999 64 4 80,RECAL 3 1 2213 64 4 80,2148,1327,17,16,-235870,-236019,2213,1394,2212,1395
RECAL 1 2 36 1 1 4,RECAL 3 0 9999 64 4 80,RECAL 3 1 2118 64 4 80,2052,2127,17,16,-234719,-235070,2118,2193,2116,2195
RECAL 1 2 37 1 1 5,RECAL 3 0 9999 64 4 80,RECAL 3 1 2198 64 4 80,2132,2704,17,17,-234277,-235578,2198,2771,2200,2772
RECAL 1 2 38 1 1 6,RECAL 3 0 9999 64 4 80,RECAL 3 1 391 64 4 80,330,2659,17,16,-233116,-234090,390.8,2726,394,2727
RECAL 1 2 39 1 1 7,RECAL 3 0 9999 64 4 80,RECAL 3 1 -499 64 4 80,-548,2073,16,12,-237611,-237620,-499.3,2138,-500,2137
RECAL 1 2 40 1 1 8,RECAL 3 0 9999 64 4 80,RECAL 3 1 492 64 4 80,436,1241,16,14,-231597,-231594,492.3,1306,492,1305
RECAL 1 2 41 1 1 9,RECAL 3 0 9999 64 4 80,RECAL 3 1 522 64 4 80,465,-1213,15,14,-237427,-237477,521.8,-1151,521,-1153
RECAL 1 2 42 1 1 10,RECAL 3 0 9999 64 4 80,RECAL 3 1 -330 64 4 80,-375,-2108,15,11,-236502,-236619,-329.9,-2046,-331,-2048
RECAL 1 2 43 1 1 11,RECAL 3 0 9999 64 4 80,RECAL 3 1 584 64 4 80,523,-2717,15,15,-236661,-237026,584,-2654,583,-2657
RECAL 1 2 44 1 1 12,RECAL 3 0 9999 64 4 80,RECAL 3 1 -2113 64 4 80,-2173,-2680,15,15,-234712,-236517,-2113,-2621,-2113,-2620
RECAL 1 2 45 1 1 13,RECAL 3 0 9999 64 4 80,RECAL 3 1 -2197 64 4 80,-2256,-2060,15,15,-237019,-237632,-2197,-1999,-2196,-2000
RECAL 1 2 46 1 1 14,RECAL 3 0 9999 64 4 80,RECAL 3 1 -2121 64 4 80,-2181,-1127,15,15,-234748,-234913,-2121,-1067,-2121,-1067
RECAL 1 2 47 1 1 15,RECAL 3 0 9999 64 4 80,RECAL 3 1 -2126 64 4 80,-2188,1309,17,15,-238932,-239118,-2126,1375,-2128,1377
RECAL 1 2 48 1 1 16,RECAL 3 0 9999 64 4 80,RECAL 3 1 -2223 64 4 80,-2283,2117,16,15,-240712,-240717,-2223,2181,-2223,2181
RECAL 1 2 49 1 1 17,RECAL 3 0 9999 64 4 80,RECAL 3 1 2239 64 4 80,2169,-2135,15,17,-240989,-242228,2239,-2076,2237,-2075
RECAL 1 2 50 1 1 18,RECAL 3 0 9999 64 4 80,RECAL 3 1 2140 64 4 80,2072,-1254,16,17,-240511,-240533,2140,-1192,2140,-1190
RECAL 1 2 51 1 1 19,RECAL 3 0 9999 64 4 80,RECAL 3 1 2213 64 4 80,2145,1207,17,17,-237726,-237927,2213,1274,2213,1275
RECAL 1 2 52 1 1 20,RECAL 3 0 9999 64 4 80,RECAL 3 1 2192 64 4 80,2123,2057,17,17,-238557,-239552,2192,2125,2191,2125
RECAL 1 2 53 1 1 21,RECAL 3 0 9999 64 4 80,RECAL 3 1 2179 64 4 80,2111,2655,17,17,-237874,-238976,2179,2722,2179,2723
RECAL 1 2 54 1 1 22,RECAL 3 0 9999 64 4 80,RECAL 3 1 -58 64 4 80,-87,2681,17,7,-236001,-237278,-57.91,2748,-59,2749
RECAL 1 2 55 1 1 23,RECAL 3 0 9999 64 4 80,RECAL 3 1 295 64 4 80,219,2093,17,19,-239078,-239223,295.1,2159,295,2161
RECAL 1 2 56 1 1 24,RECAL 3 0 9999 64 4 80,RECAL 3 1 441 64 4 80,370,1266,16,18,-238607,-238601,440.6,1331,442,1330
RECAL 1 2 57 1 1 25,RECAL 3 0 9999 64 4 80,RECAL 3 1 -420 64 4 80,-482,-1193,16,16,-240118,-240123,-420,-1130,-418,-1129
RECAL 1 2 58 1 1 26,RECAL 3 0 9999 64 4 80,RECAL 3 1 569 64 4 80,500,-2099,15,17,-239428,-240649,569,-2040,568,-2039
RECAL 1 2 59 1 1 27,RECAL 3 0 9999 64 4 80,RECAL 3 1 389 64 4 80,322,-2717,15,17,-240392,-241401,389.2,-2655,390,-2657
RECAL 1 2 60 1 1 28,RECAL 3 0 9999 64 4 80,RECAL 3 1 -2147 64 4 80,-2208,-2758,15,15,-238477,-240368,-2147,-2698,-2148,-2698
RECAL 1 2 61 1 1 29,RECAL 3 0 9999 64 4 80,RECAL 3 1 -2110 64 4 80,-2171,-2157,15,15,-236780,-237060,-2110,-2095,-2111,-2097
RECAL 1 2 62 1 1 30,RECAL 3 0 9999 64 4 80,RECAL 3 1 -2210 64 4 80,-2271,-1292,15,15,-234786,-235149,-2210,-1233,-2211,-1232
RECAL 1 2 63 1 1 31,RECAL 3 0 9999 64 4 80,RECAL 3 1 -2136 64 4 80,-2197,1168,17,15,-238449,-238584,-2136,1235,-2137,1236
RECAL 1 2 64 1 1 32,RECAL 3 0 9999 64 4 80,RECAL 3 1 -2158 64 4 80,-2219,2032,17,15,-239884,-240800,-2158,2100,-2159,2100
RECAL 1 5 33 1 1 1,RECAL 3 0 9999 64 4 80,RECAL 3 1 2462 64 4 80,2395,-2879,16,17,-235776,-235766,2462,-2816,2463,-2815
RECAL 1 5 34 1 1 2,RECAL 3 0 9999 64 4 80,RECAL 3 1 2399 64 4 80,2334,-2255,15,16,-235425,-235482,2399,-2193,2398,-2195
RECAL 1 5 35 1 1 3,RECAL 3 0 9999 64 4 80,RECAL 3 1 2444 64 4 80,2379,-1356,16,16,-235984,-235998,2444,-1293,2443,-1292
RECAL 1 5 36 1 1 4,RECAL 3 0 9999 64 4 80,RECAL 3 1 2328 64 4 80,2263,1205,16,16,-235073,-235079,2328,1270,2327,1269
RECAL 1 5 37 1 1 5,RECAL 3 0 9999 64 4 80,RECAL 3 1 2329 64 4 80,2264,2114,16,16,-235565,-235609,2329,2180,2328,2178
RECAL 1 5 38 1 1 6,RECAL 3 0 9999 64 4 80,RECAL 3 1 2411 64 4 80,2346,2742,17,16,-233546,-234103,2411,2808,2410,2810
RECAL 1 5 39 1 1 7,RECAL 3 0 9999 64 4 80,RECAL 3 1 212 64 4 80,154,2728,17,14,-237476,-237796,212,2793,210,2796
RECAL 1 5 47 1 1 15,RECAL 3 0 9999 64 4 80,RECAL 3 1 -630 64 4 80,-683,2099,16,14,-239013,-239085,-630,2164,-627,2163
RECAL 1 5 64 1 1 32,RECAL 3 0 9999 64 4 80,RECAL 3 1 -609 64 4 80,-669,1182,16,16,-240912,-240973,-608.9,1247,-605,1246
RECAL 1 5 17 1 1 49,RECAL 3 0 9999 64 4 80,RECAL 3 1 487 64 4 80,431,-1380,16,14,-240065,-240096,487.2,-1315,487,-1316
RECAL 1 5 40 1 1 8,RECAL 3 0 9999 64 4 80,RECAL 3 1 -144 64 4 80,-170,-2269,16,7,-231621,-231614,-144.1,-2206,-142,-2205
RECAL 1 5 41 1 1 9,RECAL 3 0 9999 64 4 80,RECAL 3 1 594 64 4 80,537,-2887,15,15,-236001,-237527,594,-2827,597,-2827
RECAL 1 5 42 1 1 10,RECAL 3 0 9999 64 4 80,RECAL 3 1 -2328 64 4 80,-2387,-2856,16,15,-236266,-236302,-2328,-2793,-2327,-2792
RECAL 1 5 43 1 1 11,RECAL 3 0 9999 64 4 80,RECAL 3 1 -2394 64 4 80,-2452,-2227,16,15,-236521,-236568,-2394,-2165,-2392,-2163
RECAL 1 5 44 1 1 12,RECAL 3 0 9999 64 4 80,RECAL 3 1 -2346 64 4 80,-2405,-1312,16,15,-236353,-236399,-2346,-1249,-2345,-1248
RECAL 1 5 45 1 1 13,RECAL 3 0 9999 64 4 80,RECAL 3 1 -2457 64 4 80,-2515,1245,16,15,-237584,-237611,-2457,1311,-2455,1309
RECAL 1 5 46 1 1 14,RECAL 3 0 9999 64 4 80,RECAL 3 1 -2458 64 4 80,-2517,2133,17,15,-234196,-234867,-2458,2200,-2457,2201
RECAL 1 6 47 1 1 15,RECAL 3 0 9999 64 4 80,RECAL 3 1 2134 64 4 80,2067,-2738,15,17,-237481,-239030,2134,-2678,2135,-2678
RECAL 1 6 48 1 1 16,RECAL 3 0 9999 64 4 80,RECAL 3 1 2126 64 4 80,2058,-2135,15,17,-239728,-240662,2126,-2075,2126,-2075
RECAL 1 6 49 1 1 17,RECAL 3 0 9999 64 4 80,RECAL 3 1 2184 64 4 80,2117,-1259,14,17,-241988,-242622,2184,-1201,2185,-1203
RECAL 1 6 50 1 1 18,RECAL 3 0 9999 64 4 80,RECAL 3 1 2171 64 4 80,2103,1195,16,17,-240311,-240326,2171,1261,2171,1259
RECAL 1 6 51 1 1 19,RECAL 3 0 9999 64 4 80,RECAL 3 1 2134 64 4 80,2067,2040,17,17,-237655,-237996,2134,2106,2135,2108
RECAL 1 6 52 1 1 20,RECAL 3 0 9999 64 4 80,RECAL 3 1 2156 64 4 80,2088,2639,16,17,-239577,-239585,2156,2703,2156,2703
RECAL 1 6 53 1 1 21,RECAL 3 0 9999 64 4 80,RECAL 3 1 -172 64 4 80,-232,2647,17,14,-237907,-239235,-172,2713,-176,2715
RECAL 1 6 54 1 1 22,RECAL 3 0 9999 64 4 80,RECAL 3 1 -359 64 4 80,-421,2059,17,16,-236925,-237290,-358.8,2125,-357,2127
RECAL 1 6 55 1 1 23,RECAL 3 0 9999 64 4 80,RECAL 3 1 272 64 4 80,176,1226,16,23,-239081,-239052,272.3,1290,268,1290
RECAL 1 6 56 1 1 24,RECAL 3 0 9999 64 4 80,RECAL 3 1 349 64 4 80,287,-1223,14,16,-238129,-238643,349,-1165,351,-1167
RECAL 1 6 57 1 1 25,RECAL 3 0 9999 64 4 80,RECAL 3 1 -418 64 4 80,-495,-2116,15,20,-238842,-239994,-418.4,-2057,-415,-2056
RECAL 1 6 58 1 1 26,RECAL 3 0 9999 64 4 80,RECAL 3 1 -383 64 4 80,-447,-2722,15,16,-238094,-240691,-383,-2664,-383,-2662
RECAL 1 6 59 1 1 27,RECAL 3 0 9999 64 4 80,RECAL 3 1 -2185 64 4 80,-2246,-2753,14,15,-237734,-241319,-2185,-2695,-2186,-2697
RECAL 1 6 60 1 1 28,RECAL 3 0 9999 64 4 80,RECAL 3 1 -2192 64 4 80,-2253,-2155,14,15,-238474,-240247,-2192,-2097,-2193,-2099
RECAL 1 6 61 1 1 29,RECAL 3 0 9999 64 4 80,RECAL 3 1 -2135 64 4 80,-2197,-1303,14,16,-236642,-237272,-2135,-1245,-2133,-1247
RECAL 1 6 62 1 1 30,RECAL 3 0 9999 64 4 80,RECAL 3 1 -2143 64 4 80,-2205,1153,15,16,-235227,-235311,-2143,1215,-2141,1213
RECAL 1 6 63 1 1 31,RECAL 3 0 9999 64 4 80,RECAL 3 1 -2184 64 4 80,-2245,2014,17,15,-238473,-238647,-2184,2080,-2185,2082
RECAL 1 6 64 1 1 32,RECAL 3 0 9999 64 4 80,RECAL 3 1 2125 64 4 80,2059,-2738,15,16,-239296,-240979,2125,-2678,2123,-2678
RECAL 1 6 1 1 1 33,RECAL 3 0 9999 64 4 80,RECAL 3 1 2144 64 4 80,2079,-2132,14,16,-235219,-237073,2144,-2074,2143,-2076
RECAL 1 6 2 1 1 34,RECAL 3 0 9999 64 4 80,RECAL 3 1 2163 64 4 80,2097,-1254,15,16,-235446,-235754,2163,-1194,2161,-1194
RECAL 1 6 3 1 1 35,RECAL 3 0 9999 64 4 80,RECAL 3 1 2098 64 4 80,2033,1197,16,16,-235799,-235816,2098,1262,2097,1261
RECAL 1 6 4 1 1 36,RECAL 3 0 9999 64 4 80,RECAL 3 1 2139 64 4 80,2074,2042,17,16,-234031,-234442,2139,2109,2138,2110
RECAL 1 6 5 1 1 37,RECAL 3 0 9999 64 4 80,RECAL 3 1 2162 64 4 80,2097,2638,17,16,-235526,-236298,2162,2704,2161,2706
RECAL 1 6 6 1 1 38,RECAL 3 0 9999 64 4 80,RECAL 3 1 -315 64 4 80,-364,2613,17,11,-234678,-235858,-315,2680,-320,2681
RECAL 1 6 7 1 1 39,RECAL 3 0 9999 64 4 80,RECAL 3 1 -440 64 4 80,-488,2015,16,12,-236552,-236563,-439.6,2081,-440,2079
RECAL 1 6 8 1 1 40,RECAL 3 0 9999 64 4 80,RECAL 3 1 -628 64 4 80,-685,1154,16,14,-235556,-235592,-628,1217,-629,1218
RECAL 1 6 9 1 1 41,RECAL 3 0 9999 64 4 80,RECAL 3 1 -277 64 4 80,-321,-1302,15,12,-235676,-235759,-276.8,-1240,-273,-1242
RECAL 1 6 10 1 1 42,RECAL 3 0 9999 64 4 80,RECAL 3 1 -444 64 4 80,-489,-2159,15,11,-237506,-238191,-444,-2098,-445,-2099
RECAL 1 6 11 1 1 43,RECAL 3 0 9999 64 4 80,RECAL 3 1 -537 64 4 80,-594,-2756,15,14,-235873,-237793,-537.5,-2696,-538,-2696
RECAL 1 6 12 1 1 44,RECAL 3 0 9999 64 4 80,RECAL 3 1 -2241 64 4 80,-2300,-2740,14,15,-232941,-236311,-2241,-2682,-2240,-2684
RECAL 1 6 13 1 1 45,RECAL 3 0 9999 64 4 80,RECAL 3 1 -2218 64 4 80,-2275,-2140,15,14,-238027,-239481,-2218,-2082,-2219,-2080
RECAL 1 6 14 1 1 46,RECAL 3 0 9999 64 4 80,RECAL 3 1 -2199 64 4 80,-2257,-1271,15,14,-234150,-234652,-2199,-1213,-2201,-1211
RECAL 1 6 15 1 1 47,RECAL 3 0 9999 64 4 80,RECAL 3 1 -2263 64 4 80,-2320,1174,17,14,-240136,-240360,-2263,1241,-2264,1242
RECAL 1 6 16 1 1 48,RECAL 3 0 9999 64 4 80,RECAL 3 1 -2223 64 4 80,-2281,2027,17,15,-237994,-239048,-2223,2095,-2221,2095
RECAL 1 6 17 1 1 49,RECAL 3 0 9999 64 4 80,RECAL 3 1 2229 64 4 80,2164,-2115,15,16,-239457,-240123,2229,-2054,2228,-2055
RECAL 1 6 18 1 1 50,RECAL 3 0 9999 64 4 80,RECAL 3 1 2207 64 4 80,2142,-1252,16,16,-238617,-238646,2207,-1188,2206,-1188
RECAL 1 6 19 1 1 51,RECAL 3 0 9999 64 4 80,RECAL 3 1 2164 64 4 80,2100,1172,16,16,-240253,-240255,2164,1235,2164,1236
RECAL 1 6 20 1 1 52,RECAL 3 0 9999 64 4 80,RECAL 3 1 2220 64 4 80,2157,2017,16,16,-237945,-237980,2220,2080,2221,2081
RECAL 1 6 21 1 1 53,RECAL 3 0 9999 64 4 80,RECAL 3 1 2201 64 4 80,2137,2599,16,16,-237773,-237763,2201,2661,2201,2663
RECAL 1 6 22 1 1 54,RECAL 3 0 9999 64 4 80,NULL,198,NULL,NULL,NULL,NULL,NULL,NULL,NULL,NULL,NULL
RECAL 1 6 23 1 1 55,RECAL 3 0 9999 64 4 80,RECAL 3 1 434 64 4 80,378,1987,16,13,-238541,-238528,433.8,2052,430,2051
RECAL 1 6 24 1 1 56,RECAL 3 0 9999 64 4 80,RECAL 3 1 -336 64 4 80,-388,1129,16,13,-238482,-238483,-336.2,1194,-336,1193
RECAL 1 6 25 1 1 57,RECAL 3 0 9999 64 4 80,RECAL 3 1 346 64 4 80,286,-1293,15,16,-238646,-238805,345.8,-1232,350,-1233
RECAL 1 6 26 1 1 58,RECAL 3 0 9999 64 4 80,RECAL 3 1 475 64 4 80,413,-2139,15,16,-238526,-238610,474.7,-2077,477,-2079
RECAL 1 6 27 1 1 59,RECAL 3 0 9999 64 4 80,RECAL 3 1 558 64 4 80,492,-2726,16,17,-238059,-238057,557.8,-2663,560,-2662
RECAL 1 6 28 1 1 60,RECAL 3 0 9999 64 4 80,RECAL 3 1 -2128 64 4 80,-2189,-2704,15,15,-236728,-237338,-2128,-2642,-2129,-2644
RECAL 1 6 29 1 1 61,RECAL 3 0 9999 64 4 80,RECAL 3 1 -2145 64 4 80,-2207,-2116,15,15,-236788,-237003,-2145,-2054,-2147,-2056
RECAL 1 6 30 1 1 62,RECAL 3 0 9999 64 4 80,RECAL 3 1 -2167 64 4 80,-2229,-1261,16,15,-234624,-234687,-2167,-1196,-2169,-1197
RECAL 1 6 31 1 1 63,RECAL 3 0 9999 64 4 80,RECAL 3 1 -2210 64 4 80,-2271,1167,16,15,-238665,-238690,-2210,1230,-2211,1231
RECAL 1 6 32 1 1 64,RECAL 3 0 9999 64 4 80,RECAL 3 1 -2152 64 4 80,-2214,2007,16,15,-238700,-238784,-2152,2072,-2154,2071
