cmd_path,cmd_sweep_0,cmd_sweep_1,base_dac_y,base_dac_x,max_cross_x_index,max_cross_y_index,max_cross_x,max_cross_y,fit_x,fit_y,dac_y_at_max_cross,dac_x_at_max_cross
RECAL 1 3 1 1 1 33,RECAL 3 0 9999 9999 64 4 80,RECAL 3 1 9999 2187 64 4 80,2122,-2727,15,16,-232808,-235671,2187,-2667,2186,-2667
RECAL 1 3 1 2 2 33,RECAL 3 0 9999 9999 64 4 80,RECAL 3 1 9999 2145 64 4 80,2080,-2125,15,16,-227113,-227845,2145,-2064,2144,-2065
RECAL 1 3 1 3 3 33,RECAL 3 0 9999 9999 64 4 80,RECAL 3 1 9999 2187 64 4 80,2121,-1254,15,17,-228832,-229142,2187,-1193,2189,-1194
RECAL 1 3 1 4 4 33,RECAL 3 0 9999 9999 64 4 80,RECAL 3 1 9999 2119 64 4 80,2054,1172,16,16,-230441,-230510,2119,1238,2118,1236
RECAL 1 3 1 5 5 33,RECAL 3 0 9999 9999 64 4 80,RECAL 3 1 9999 2204 64 4 80,2137,2021,17,17,-230575,-231472,2204,2088,2205,2089
RECAL 1 3 1 6 6 33,RECAL 3 0 9999 9999 64 4 80,RECAL 3 1 9999 2196 64 4 80,2130,2614,17,16,-233322,-236447,2196,2683,2194,2682
RECAL 1 3 1 7 7 33,RECAL 3 0 9999 9999 64 4 80,RECAL 3 1 9999 -442 64 4 80,-476,2637,18,9,-231411,-235058,-442.1,2704,-440,2709
RECAL 1 3 1 8 8 33,RECAL 3 0 9999 9999 64 4 80,RECAL 3 1 9999 -351 64 4 80,-397,2050,17,11,-229737,-230524,-351.2,2117,-353,2118
RECAL 1 3 1 9 9 33,RECAL 3 0 9999 9999 64 4 80,RECAL 3 1 9999 -720 64 4 80,-774,1222,16,14,-227651,-227654,-719.5,1288,-718,1286
RECAL 1 3 1 10 10 33,RECAL 3 0 9999 9999 64 4 80,RECAL 3 1 9999 -449 64 4 80,-504,-1198,15,13,-230180,-230192,-449.5,-1136,-452,-1138
RECAL 1 3 1 11 11 33,RECAL 3 0 9999 9999 64 4 80,RECAL 3 1 9999 -645 64 4 80,-699,-2091,15,13,-228954,-230030,-645.1,-2031,-647,-2031
RECAL 1 3 1 12 12 33,RECAL 3 0 9999 9999 64 4 80,RECAL 3 1 9999 -488 64 4 80,-545,-2699,15,14,-232241,-235428,-487.9,-2640,-489,-2639
RECAL 1 3 1 13 13 33,RECAL 3 0 9999 9999 64 4 80,RECAL 3 1 9999 -2264 64 4 80,-2322,-2733,15,15,-230984,-234478,-2264,-2675,-2262,-2673
RECAL 1 3 1 14 14 33,RECAL 3 0 9999 9999 64 4 80,RECAL 3 1 9999 -2298 64 4 80,-2357,-2137,15,15,-228375,-229516,-2298,-2077,-2297,-2077
RECAL 1 3 1 15 15 33,RECAL 3 0 9999 9999 64 4 80,RECAL 3 1 9999 -2260 64 4 80,-2316,-1279,15,14,-227936,-228246,-2260,-1219,-2260,-1219
RECAL 1 3 1 16 16 33,RECAL 3 0 9999 9999 64 4 80,RECAL 3 1 9999 -2322 64 4 80,-2378,1145,16,14,-232218,-232245,-2322,1211,-2322,1209
RECAL 1 3 1 17 17 33,RECAL 3 0 9999 9999 64 4 80,RECAL 3 1 9999 -2243 64 4 80,-2301,2003,17,15,-232112,-232865,-2243,2069,-2241,2071
RECAL 1 3 1 18 18 33,RECAL 3 0 9999 9999 64 4 80,RECAL 3 1 9999 -2257 64 4 80,-2313,2599,17,14,-233806,-236254,-2257,2667,-2257,2667
RECAL 1 3 2 1 1 34,RECAL 3 0 9999 9999 64 4 80,RECAL 3 1 9999 2183 64 4 80,2118,-2797,15,16,-221118,-224088,2183,-2738,2182,-2737
RECAL 1 3 2 2 2 34,RECAL 3 0 9999 9999 64 4 80,RECAL 3 1 9999 2095 64 4 80,2029,-2203,15,16,-217407,-219516,2095,-2145,2093,-2143
RECAL 1 3 2 3 3 34,RECAL 3 0 9999 9999 64 4 80,RECAL 3 1 9999 2082 64 4 80,2015,-1361,15,17,-217057,-217365,2082,-1300,2083,-1301
RECAL 1 3 2 4 4 34,RECAL 3 0 9999 9999 64 4 80,RECAL 3 1 9999 2092 64 4 80,2025,1103,16,17,-218035,-218064,2092,1166,2093,1167
RECAL 1 3 2 5 5 34,RECAL 3 0 9999 9999 64 4 80,RECAL 3 1 9999 2152 64 4 80,2085,1998,16,17,-220633,-220656,2152,2061,2153,2062
RECAL 1 3 2 6 6 34,RECAL 3 0 9999 9999 64 4 80,RECAL 3 1 9999 2082 64 4 80,2018,2604,17,16,-225480,-226653,2082,2669,2082,2672
RECAL 1 3 2 7 7 34,RECAL 3 0 9999 9999 64 4 80,RECAL 3 1 9999 -805 64 4 80,-864,2590,17,15,-225459,-226287,-805.3,2655,-804,2658
RECAL 1 3 2 8 8 34,RECAL 3 0 9999 9999 64 4 80,RECAL 3 1 9999 -545 64 4 80,-610,1978,17,16,-219416,-219522,-544.8,2044,-546,2046
RECAL 1 3 2 9 9 34,RECAL 3 0 9999 9999 64 4 80,RECAL 3 1 9999 -742 64 4 80,-798,1072,16,14,-218200,-218175,-742.3,1136,-742,1136
RECAL 1 3 2 10 10 34,RECAL 3 0 9999 9999 64 4 80,RECAL 3 1 9999 -777 64 4 80,-831,-1386,15,13,-217738,-218143,-777,-1326,-779,-1326
RECAL 1 3 2 11 11 34,RECAL 3 0 9999 9999 64 4 80,RECAL 3 1 9999 -748 64 4 80,-803,-2218,15,14,-219717,-221597,-748.4,-2159,-747,-2158
RECAL 1 3 2 12 12 34,RECAL 3 0 9999 9999 64 4 80,RECAL 3 1 9999 -397 64 4 80,-448,-2808,15,12,-222062,-224472,-396.6,-2748,-400,-2748
RECAL 1 3 2 13 13 34,RECAL 3 0 9999 9999 64 4 80,RECAL 3 1 9999 -2232 64 4 80,-2292,-2830,15,15,-225015,-228392,-2232,-2772,-2232,-2770
RECAL 1 3 2 14 14 34,RECAL 3 0 9999 9999 64 4 80,RECAL 3 1 9999 -2309 64 4 80,-2370,-2248,15,15,-222580,-224515,-2309,-2189,-2310,-2188
RECAL 1 3 2 15 15 34,RECAL 3 0 9999 9999 64 4 80,RECAL 3 1 9999 -2320 64 4 80,-2379,-1436,15,15,-222039,-222434,-2320,-1376,-2319,-1376
RECAL 1 3 2 16 16 34,RECAL 3 0 9999 9999 64 4 80,RECAL 3 1 9999 -2311 64 4 80,-2372,1005,17,15,-221707,-221777,-2311,1071,-2312,1073
RECAL 1 3 2 17 17 34,RECAL 3 0 9999 9999 64 4 80,RECAL 3 1 9999 -2258 64 4 80,-2316,1942,16,14,-224784,-224904,-2258,2008,-2260,2006
RECAL 1 3 2 18 18 34,RECAL 3 0 9999 9999 64 4 80,RECAL 3 1 9999 -2323 64 4 80,-2381,2561,17,14,-230024,-230904,-2323,2626,-2325,2629
RECAL 1 3 3 1 1 35,RECAL 3 0 9999 9999 64 4 80,RECAL 3 1 9999 2173 64 4 80,2107,-2705,15,17,-219604,-221984,2173,-2644,2175,-2645
RECAL 1 3 3 2 2 35,RECAL 3 0 9999 9999 64 4 80,RECAL 3 1 9999 2203 64 4 80,2138,-2115,15,16,-213197,-214008,2203,-2054,2202,-2055
RECAL 1 3 3 3 3 35,RECAL 3 0 9999 9999 64 4 80,RECAL 3 1 9999 2110 64 4 80,2043,-1269,15,17,-214816,-214959,2110,-1207,2111,-1209
RECAL 1 3 3 4 4 35,RECAL 3 0 9999 9999 64 4 80,RECAL 3 1 9999 2102 64 4 80,2035,1131,16,17,-214539,-214598,2102,1197,2103,1195
RECAL 1 3 3 5 5 35,RECAL 3 0 9999 9999 64 4 80,RECAL 3 1 9999 2184 64 4 80,2120,1982,16,16,-213542,-213539,2184,2047,2184,2046
RECAL 1 3 3 6 6 35,RECAL 3 0 9999 9999 64 4 80,RECAL 3 1 9999 2179 64 4 80,2113,2570,17,17,-221864,-223750,2179,2636,2181,2638
RECAL 1 3 3 7 7 35,RECAL 3 0 9999 9999 64 4 80,RECAL 3 1 9999 -431 64 4 80,-484,2545,17,13,-221663,-223974,-431,2613,-432,2613
RECAL 1 3 3 8 8 35,RECAL 3 0 9999 9999 64 4 80,RECAL 3 1 9999 -366 64 4 80,-416,1950,17,13,-222142,-222794,-365.9,2017,-364,2018
RECAL 1 3 3 9 9 35,RECAL 3 0 9999 9999 64 4 80,RECAL 3 1 9999 -719 64 4 80,-777,1084,16,14,-216188,-216186,-719.2,1150,-721,1148
RECAL 1 3 3 10 10 35,RECAL 3 0 9999 9999 64 4 80,RECAL 3 1 9999 -695 64 4 80,-753,-1315,16,14,-217011,-217015,-695.4,-1252,-697,-1251
RECAL 1 3 3 11 11 35,RECAL 3 0 9999 9999 64 4 80,RECAL 3 1 9999 -224 64 4 80,-275,-2142,15,12,-214854,-215599,-224.1,-2081,-227,-2082
RECAL 1 3 3 12 12 35,RECAL 3 0 9999 9999 64 4 80,RECAL 3 1 9999 -458 64 4 80,-522,-2723,15,16,-217779,-220956,-458.3,-2665,-458,-2663
RECAL 1 3 3 13 13 35,RECAL 3 0 9999 9999 64 4 80,RECAL 3 1 9999 -2240 64 4 80,-2301,-2697,15,15,-220108,-222085,-2240,-2636,-2241,-2637
RECAL 1 3 3 14 14 35,RECAL 3 0 9999 9999 64 4 80,RECAL 3 1 9999 -2210 64 4 80,-2270,-2107,15,15,-218279,-218496,-2210,-2045,-2210,-2047
RECAL 1 3 3 15 15 35,RECAL 3 0 9999 9999 64 4 80,RECAL 3 1 9999 -2296 64 4 80,-2356,-1262,16,15,-217202,-217206,-2296,-1197,-2296,-1198
RECAL 1 3 3 16 16 35,RECAL 3 0 9999 9999 64 4 80,RECAL 3 1 9999 -2303 64 4 80,-2362,1140,17,15,-217645,-217717,-2303,1206,-2302,1208
RECAL 1 3 3 17 17 35,RECAL 3 0 9999 9999 64 4 80,RECAL 3 1 9999 -2225 64 4 80,-2284,1983,17,15,-218911,-219486,-2225,2049,-2224,2051
RECAL 1 3 3 18 18 35,RECAL 3 0 9999 9999 64 4 80,RECAL 3 1 9999 -2236 64 4 80,-2296,2571,17,15,-224263,-226462,-2236,2638,-2236,2639
RECAL 1 3 4 1 1 36,RECAL 3 0 9999 9999 64 4 80,RECAL 3 1 9999 2187 64 4 80,2120,-2793,15,17,-223388,-226917,2187,-2735,2188,-2733
RECAL 1 3 4 2 2 36,RECAL 3 0 9999 9999 64 4 80,RECAL 3 1 9999 2196 64 4 80,2130,-2207,15,17,-221217,-222152,2196,-2146,2198,-2147
RECAL 1 3 4 3 3 36,RECAL 3 0 9999 9999 64 4 80,RECAL 3 1 9999 2148 64 4 80,2082,-1385,16,17,-219668,-219746,2148,-1322,2150,-1321
RECAL 1 3 4 4 4 36,RECAL 3 0 9999 9999 64 4 80,RECAL 3 1 9999 2230 64 4 80,2163,1056,17,17,-221455,-221763,2230,1124,2231,1124
RECAL 1 3 4 5 5 36,RECAL 3 0 9999 9999 64 4 80,RECAL 3 1 9999 2244 64 4 80,2175,1961,17,17,-224799,-226484,2244,2030,2243,2029
RECAL 1 3 4 6 6 36,RECAL 3 0 9999 9999 64 4 80,RECAL 3 1 9999 2256 64 4 80,2187,2575,17,17,-229016,-232525,2256,2644,2255,2643
RECAL 1 3 4 7 7 36,RECAL 3 0 9999 9999 64 4 80,RECAL 3 1 9999 745 64 4 80,683,2614,17,15,-227550,-230217,745,2681,743,2682
RECAL 1 3 4 8 8 36,RECAL 3 0 9999 9999 64 4 80,RECAL 3 1 9999 697 64 4 80,629,2011,18,17,-224427,-226630,696.9,2080,697,2083
RECAL 1 3 4 9 9 36,RECAL 3 0 9999 9999 64 4 80,RECAL 3 1 9999 641 64 4 80,572,1148,17,17,-220397,-220621,640.9,1215,640,1216
RECAL 1 3 4 10 10 36,RECAL 3 0 9999 9999 128 4 80,RECAL 3 1 9999 84 128 4 80,-71,-1368,33,39,-220165,-220261,84.09,-1238,85,-1236
RECAL 1 3 4 11 11 36,RECAL 3 0 9999 9999 64 4 80,RECAL 3 1 9999 495 64 4 80,426,-2155,15,17,-221663,-221981,495.4,-2093,494,-2095
RECAL 1 3 4 12 12 36,RECAL 3 0 9999 9999 64 4 80,RECAL 3 1 9999 458 64 4 80,401,-2753,15,14,-227476,-228569,457.9,-2691,457,-2693
RECAL 1 3 4 13 13 36,RECAL 3 0 9999 9999 64 4 80,RECAL 3 1 9999 -2112 64 4 80,-2173,-2777,15,15,-232997,-234584,-2112,-2716,-2113,-2717
RECAL 1 3 4 14 14 36,RECAL 3 0 9999 9999 64 4 80,RECAL 3 1 9999 -2102 64 4 80,-2163,-2187,15,15,-227520,-227888,-2102,-2125,-2103,-2127
RECAL 1 3 4 15 15 36,RECAL 3 0 9999 9999 64 4 80,RECAL 3 1 9999 -2149 64 4 80,-2206,-1356,16,14,-223534,-223578,-2149,-1291,-2150,-1292
RECAL 1 3 4 16 16 36,RECAL 3 0 9999 9999 64 4 80,RECAL 3 1 9999 -2063 64 4 80,-2126,1084,18,16,-222667,-223464,-2063,1154,-2062,1156
RECAL 1 3 4 17 17 36,RECAL 3 0 9999 9999 64 4 80,RECAL 3 1 9999 -2049 64 4 80,-2110,1977,17,15,-227412,-228403,-2049,2045,-2050,2045
RECAL 1 3 4 18 18 36,RECAL 3 0 9999 9999 64 4 80,RECAL 3 1 9999 -2042 64 4 80,-2101,2585,17,15,-232878,-235533,-2042,2653,-2041,2653
RECAL 1 3 5 1 1 37,RECAL 3 0 9999 9999 64 4 80,RECAL 3 1 9999 2184 64 4 80,2118,-2863,15,17,-226666,-229556,2184,-2803,2186,-2803
RECAL 1 3 5 2 2 37,RECAL 3 0 9999 9999 64 4 80,RECAL 3 1 9999 2179 64 4 80,2113,-2282,15,17,-224439,-226914,2179,-2224,2181,-2222
RECAL 1 3 5 3 3 37,RECAL 3 0 9999 9999 64 4 80,RECAL 3 1 9999 2215 64 4 80,2147,-1489,15,17,-222925,-223079,2215,-1427,2215,-1429
RECAL 1 3 5 4 4 37,RECAL 3 0 9999 9999 64 4 80,RECAL 3 1 9999 2144 64 4 80,2078,934,16,17,-222687,-222792,2144,999.7,2146,998
RECAL 1 3 5 5 5 37,RECAL 3 0 9999 9999 64 4 80,RECAL 3 1 9999 2241 64 4 80,2173,1904,17,17,-224423,-225248,2241,1971,2241,1972
RECAL 1 3 5 6 6 37,RECAL 3 0 9999 9999 64 4 80,RECAL 3 1 9999 2257 64 4 80,2190,2537,17,17,-225118,-226586,2257,2603,2258,2605
RECAL 1 3 5 7 7 37,RECAL 3 0 9999 9999 64 4 80,RECAL 3 1 9999 594 64 4 80,532,2571,18,15,-226236,-229772,593.5,2639,592,2643
RECAL 1 3 5 8 8 37,RECAL 3 0 9999 9999 64 4 80,RECAL 3 1 9999 531 64 4 80,476,1952,17,14,-224357,-224938,531,2019,532,2020
RECAL 1 3 5 9 9 37,RECAL 3 0 9999 9999 64 4 80,RECAL 3 1 9999 -471 64 4 80,-528,1028,16,14,-223107,-223110,-470.5,1094,-472,1092
RECAL 1 3 5 10 10 37,RECAL 3 0 9999 9999 64 4 80,RECAL 3 1 9999 385 64 4 80,323,-1420,15,16,-222616,-222656,385.5,-1358,387,-1360
RECAL 1 3 5 11 11 37,RECAL 3 0 9999 9999 64 4 80,RECAL 3 1 9999 -211 64 4 80,-241,-2240,15,8,-225277,-226364,-210.9,-2179,-209,-2180
RECAL 1 3 5 12 12 37,RECAL 3 0 9999 9999 128 4 80,RECAL 3 1 9999 -180 128 4 80,-287,-2890,31,28,-236181,-238123,-179.9,-2764,-175,-2766
RECAL 1 3 5 13 13 37,RECAL 3 0 9999 9999 64 4 80,RECAL 3 1 9999 -2201 64 4 80,-2260,-2846,15,15,-234733,-237931,-2201,-2788,-2200,-2786
RECAL 1 3 5 14 14 37,RECAL 3 0 9999 9999 64 4 80,RECAL 3 1 9999 -2202 64 4 80,-2259,-2268,15,14,-228535,-229399,-2202,-2207,-2203,-2208
RECAL 1 3 5 15 15 37,RECAL 3 0 9999 9999 64 4 80,RECAL 3 1 9999 -2164 64 4 80,-2222,-1469,16,14,-228570,-228644,-2164,-1405,-2166,-1405
RECAL 1 3 5 16 16 37,RECAL 3 0 9999 9999 64 4 80,RECAL 3 1 9999 -2238 64 4 80,-2296,965,16,14,-229622,-229732,-2238,1030,-2240,1029
RECAL 1 3 5 17 17 37,RECAL 3 0 9999 9999 64 4 80,RECAL 3 1 9999 -2140 64 4 80,-2198,1917,17,14,-232225,-233228,-2140,1984,-2142,1985
RECAL 1 3 5 18 18 37,RECAL 3 0 9999 9999 64 4 80,RECAL 3 1 9999 -2129 64 4 80,-2186,2544,17,14,-242496,-245484,-2129,2614,-2130,2612
RECAL 1 3 6 1 1 38,RECAL 3 0 9999 9999 64 4 80,RECAL 3 1 9999 2271 64 4 80,2208,-2694,15,16,-240617,-242552,2271,-2633,2272,-2634
RECAL 1 3 6 2 2 38,RECAL 3 0 9999 9999 64 4 80,RECAL 3 1 9999 2185 64 4 80,2124,-2096,15,15,-244995,-245153,2185,-2033,2184,-2036
RECAL 1 3 6 3 3 38,RECAL 3 0 9999 9999 64 4 80,RECAL 3 1 9999 2176 64 4 80,2115,-1224,16,15,-242795,-242831,2176,-1162,2175,-1160
RECAL 1 3 6 4 4 38,RECAL 3 0 9999 9999 64 4 80,RECAL 3 1 9999 2265 64 4 80,2203,1184,17,16,-238386,-238776,2265,1251,2267,1252
RECAL 1 3 6 5 5 38,RECAL 3 0 9999 9999 64 4 80,RECAL 3 1 9999 2259 64 4 80,2200,2022,17,15,-246739,-247550,2259,2088,2260,2090
RECAL 1 3 6 6 6 38,RECAL 3 0 9999 9999 64 4 80,RECAL 3 1 9999 2252 64 4 80,2191,2611,17,15,-252978,-255663,2252,2678,2251,2679
RECAL 1 3 6 7 7 38,RECAL 3 0 9999 9999 64 4 80,RECAL 3 1 9999 501 64 4 80,464,2572,17,9,-245789,-248542,501.5,2639,500,2640
RECAL 1 3 6 8 8 38,RECAL 3 0 9999 9999 64 4 80,RECAL 3 1 9999 504 64 4 80,462,1975,17,10,-237136,-237702,503.7,2041,502,2043
RECAL 1 3 6 9 9 38,RECAL 3 0 9999 9999 64 4 80,RECAL 3 1 9999 533 64 4 80,496,1108,17,9,-234894,-235053,533,1175,532,1176
RECAL 1 3 6 10 10 38,RECAL 3 0 9999 9999 64 4 80,RECAL 3 1 9999 -359 64 4 80,-365,-1300,16,1,-233052,-233056,-358.8,-1235,-361,-1236
RECAL 1 3 6 11 11 38,RECAL 3 0 9999 9999 64 4 80,RECAL 3 1 9999 -297 64 4 80,-304,-2141,16,2,-235197,-235230,-296.6,-2079,-296,-2077
RECAL 1 3 6 12 12 38,RECAL 3 0 9999 9999 64 4 80,RECAL 3 1 9999 590 64 4 80,547,-2728,15,11,-241555,-243890,589.9,-2668,591,-2668
RECAL 1 3 6 13 13 38,RECAL 3 0 9999 9999 64 4 80,RECAL 3 1 9999 -2132 64 4 80,-2188,-2726,15,14,-239308,-241052,-2132,-2665,-2132,-2666
RECAL 1 3 6 14 14 38,RECAL 3 0 9999 9999 64 4 80,RECAL 3 1 9999 -2212 64 4 80,-2266,-2139,15,14,-240030,-240522,-2212,-2077,-2210,-2079
RECAL 1 3 6 15 15 38,RECAL 3 0 9999 9999 64 4 80,RECAL 3 1 9999 -2220 64 4 80,-2275,-1299,16,14,-237320,-237326,-2220,-1234,-2219,-1235
RECAL 1 3 6 16 16 38,RECAL 3 0 9999 9999 64 4 80,RECAL 3 1 9999 -2136 64 4 80,-2191,1110,16,14,-239036,-239092,-2136,1175,-2135,1174
RECAL 1 3 6 17 17 38,RECAL 3 0 9999 9999 64 4 80,RECAL 3 1 9999 -2143 64 4 80,-2199,1975,17,14,-239565,-240156,-2143,2042,-2143,2043
RECAL 1 3 6 18 18 38,RECAL 3 0 9999 9999 64 4 80,RECAL 3 1 9999 -2150 64 4 80,-2205,2570,17,14,-245126,-247437,-2150,2637,-2149,2638
RECAL 1 3 7 1 1 39,RECAL 3 0 9999 9999 64 4 80,RECAL 3 1 9999 2183 64 4 80,2117,-2859,15,17,-232880,-236749,2183,-2801,2185,-2799
RECAL 1 3 7 2 2 39,RECAL 3 0 9999 9999 64 4 80,RECAL 3 1 9999 2105 64 4 80,2040,-2283,15,16,-227749,-229396,2105,-2223,2104,-2223
RECAL 1 3 7 3 3 39,RECAL 3 0 9999 9999 64 4 80,RECAL 3 1 9999 2105 64 4 80,2039,-1493,16,16,-228897,-228974,2105,-1430,2103,-1429
RECAL 1 3 7 4 4 39,RECAL 3 0 9999 9999 64 4 80,RECAL 3 1 9999 2194 64 4 80,2127,934,16,17,-225396,-225459,2194,997.8,2195,998
RECAL 1 3 7 5 5 39,RECAL 3 0 9999 9999 64 4 80,RECAL 3 1 9999 2199 64 4 80,2133,1907,17,16,-225855,-226431,2199,1974,2197,1975
RECAL 1 3 7 6 6 39,RECAL 3 0 9999 9999 64 4 80,RECAL 3 1 9999 2205 64 4 80,2138,2540,17,17,-229867,-231661,2205,2607,2206,2608
RECAL 1 3 7 7 7 39,RECAL 3 0 9999 9999 64 4 80,RECAL 3 1 9999 437 64 4 80,380,2515,17,14,-233829,-234890,436.5,2581,436,2583
RECAL 1 3 7 8 8 39,RECAL 3 0 9999 9999 64 4 80,RECAL 3 1 9999 416 64 4 80,353,1875,16,16,-233354,-233328,415.5,1941,417,1939
RECAL 1 3 7 9 9 39,RECAL 3 0 9999 9999 64 4 80,RECAL 3 1 9999 363 64 4 80,301,869,16,16,-228098,-228107,363.2,931.6,365,933
RECAL 1 3 7 10 10 39,RECAL 3 0 9999 9999 64 4 80,RECAL 3 1 9999 -544 64 4 80,-601,-1533,15,14,-227628,-227791,-544.4,-1471,-545,-1473
RECAL 1 3 7 11 11 39,RECAL 3 0 9999 9999 64 4 80,RECAL 3 1 9999 -564 64 4 80,-623,-2311,15,15,-229316,-229896,-563.6,-2249,-563,-2251
RECAL 1 3 7 12 12 39,RECAL 3 0 9999 9999 64 4 80,RECAL 3 1 9999 291 64 4 80,248,-2881,15,11,-229889,-232740,291.1,-2822,292,-2821
RECAL 1 3 7 13 13 39,RECAL 3 0 9999 9999 64 4 80,RECAL 3 1 9999 -2158 64 4 80,-2215,-2883,15,14,-232430,-234801,-2158,-2823,-2159,-2823
RECAL 1 3 7 14 14 39,RECAL 3 0 9999 9999 64 4 80,RECAL 3 1 9999 -2232 64 4 80,-2292,-2310,14,15,-230505,-233588,-2232,-2252,-2232,-2254
RECAL 1 3 7 15 15 39,RECAL 3 0 9999 9999 64 4 80,RECAL 3 1 9999 -2229 64 4 80,-2287,-1538,15,14,-228153,-228512,-2229,-1477,-2231,-1478
RECAL 1 3 7 16 16 39,RECAL 3 0 9999 9999 64 4 80,RECAL 3 1 9999 -2144 64 4 80,-2204,855,17,15,-228360,-228443,-2144,921.7,-2144,923
RECAL 1 3 7 17 17 39,RECAL 3 0 9999 9999 64 4 80,RECAL 3 1 9999 -2136 64 4 80,-2196,1868,17,15,-230086,-231340,-2136,1936,-2136,1936
RECAL 1 3 7 18 18 39,RECAL 3 0 9999 9999 64 4 80,RECAL 3 1 9999 -2135 64 4 80,-2195,2510,17,15,-231880,-233884,-2135,2578,-2135,2578
RECAL 1 3 8 1 1 40,RECAL 3 0 9999 9999 64 4 80,RECAL 3 1 9999 2215 64 4 80,2147,-2737,15,17,-232327,-235353,2215,-2678,2215,-2677
RECAL 1 3 8 2 2 40,RECAL 3 0 9999 9999 64 4 80,RECAL 3 1 9999 2132 64 4 80,2068,-2139,15,16,-222104,-222796,2132,-2078,2132,-2079
RECAL 1 3 8 3 3 40,RECAL 3 0 9999 9999 64 4 80,RECAL 3 1 9999 2128 64 4 80,2060,-1270,16,17,-220530,-220538,2128,-1207,2128,-1206
RECAL 1 3 8 4 4 40,RECAL 3 0 9999 9999 64 4 80,RECAL 3 1 9999 2223 64 4 80,2155,1158,17,17,-220989,-221381,2223,1226,2223,1226
RECAL 1 3 8 5 5 40,RECAL 3 0 9999 9999 64 4 80,RECAL 3 1 9999 2216 64 4 80,2148,2020,17,17,-222847,-223896,2216,2087,2216,2088
RECAL 1 3 8 6 6 40,RECAL 3 0 9999 9999 64 4 80,RECAL 3 1 9999 2215 64 4 80,2151,2616,17,16,-226048,-229371,2215,2685,2215,2684
RECAL 1 3 8 7 7 40,RECAL 3 0 9999 9999 64 4 80,RECAL 3 1 9999 -269 64 4 80,-269,2647,17,1,-229476,-232283,-268.9,2715,-265,2715
RECAL 1 3 8 8 8 40,RECAL 3 0 9999 9999 64 4 80,RECAL 3 1 9999 -246 64 4 80,-287,2060,17,10,-224687,-225682,-245.9,2127,-247,2128
RECAL 1 3 8 9 9 40,RECAL 3 0 9999 9999 64 4 80,RECAL 3 1 9999 -146 64 4 80,-217,1226,17,18,-222803,-223144,-146.2,1293,-145,1294
RECAL 1 3 8 10 10 40,RECAL 3 0 9999 9999 64 4 80,RECAL 3 1 9999 -686 64 4 80,-739,-1197,16,13,-220601,-220604,-686.3,-1132,-687,-1133
RECAL 1 3 8 11 11 40,RECAL 3 0 9999 9999 64 4 80,RECAL 3 1 9999 -681 64 4 80,-738,-2095,15,14,-220933,-221363,-681.3,-2034,-682,-2035
RECAL 1 3 8 12 12 40,RECAL 3 0 9999 -242 64 4 80,RECAL 3 1 9999 -293 64 4 80,-306,-2703,15,3,-225040,-227163,-293.4,-2643,-294,-2643
RECAL 1 3 8 13 13 40,RECAL 3 0 9999 9999 64 4 80,RECAL 3 1 9999 -2227 64 4 80,-2286,-2734,15,15,-226152,-228528,-2227,-2674,-2226,-2674
RECAL 1 3 8 14 14 40,RECAL 3 0 9999 9999 64 4 80,RECAL 3 1 9999 -2298 64 4 80,-2356,-2135,15,15,-224130,-225284,-2298,-2075,-2296,-2075
RECAL 1 3 8 15 15 40,RECAL 3 0 9999 9999 64 4 80,RECAL 3 1 9999 -2302 64 4 80,-2361,-1272,16,15,-225551,-225587,-2302,-1207,-2301,-1208
RECAL 1 3 8 16 16 40,RECAL 3 0 9999 9999 64 4 80,RECAL 3 1 9999 -2217 64 4 80,-2275,1158,17,15,-223572,-223701,-2217,1224,-2215,1226
RECAL 1 3 8 17 17 40,RECAL 3 0 9999 9999 64 4 80,RECAL 3 1 9999 -2223 64 4 80,-2282,2015,17,15,-232145,-233275,-2223,2082,-2222,2083
RECAL 1 3 8 18 18 40,RECAL 3 0 9999 9999 64 4 80,RECAL 3 1 9999 -2226 64 4 80,-2287,2612,17,15,-228402,-231333,-2226,2681,-2227,2680
RECAL 1 3 9 1 1 41,RECAL 3 0 9999 9999 64 4 80,RECAL 3 1 9999 2206 64 4 80,2138,-2681,15,17,-237672,-240473,2206,-2620,2206,-2621
RECAL 1 3 9 2 2 41,RECAL 3 0 9999 9999 64 4 80,RECAL 3 1 9999 2107 64 4 80,2041,-2092,15,16,-230564,-232286,2107,-2033,2105,-2032
RECAL 1 3 9 3 3 41,RECAL 3 0 9999 9999 64 4 80,RECAL 3 1 9999 2109 64 4 80,2042,-1242,16,17,-230094,-230117,2109,-1179,2110,-1178
RECAL 1 3 9 4 4 41,RECAL 3 0 9999 9999 64 4 80,RECAL 3 1 9999 2196 64 4 80,2128,1136,16,17,-228848,-228855,2196,1200,2196,1200
RECAL 1 3 9 5 5 41,RECAL 3 0 9999 9999 64 4 80,RECAL 3 1 9999 2192 64 4 80,2126,1978,17,16,-226180,-226769,2192,2044,2190,2046
RECAL 1 3 9 6 6 41,RECAL 3 0 9999 9999 64 4 80,RECAL 3 1 9999 2184 64 4 80,2117,2563,17,17,-231095,-233872,2184,2632,2185,2631
RECAL 1 3 9 7 7 41,RECAL 3 0 9999 -184 64 4 80,RECAL 3 1 9999 -238 64 4 80,-248,2593,17,3,-234478,-236449,-238.5,2661,-236,2661
RECAL 1 3 9 8 8 41,RECAL 3 0 9999 -158 64 4 80,RECAL 3 1 9999 -211 64 4 80,-222,2012,17,3,-231409,-232548,-210.7,2079,-210,2080
RECAL 1 3 9 9 9 41,RECAL 3 0 9999 9999 64 4 80,RECAL 3 1 9999 -165 64 4 80,-253,1201,16,21,-232947,-232960,-165.1,1265,-169,1265
RECAL 1 3 9 10 10 41,RECAL 3 0 9999 9999 64 4 80,RECAL 3 1 9999 -643 64 4 80,-709,-1177,15,17,-228345,-228455,-643.5,-1116,-641,-1117
RECAL 1 3 9 11 11 41,RECAL 3 0 9999 9999 64 4 80,RECAL 3 1 9999 -659 64 4 80,-723,-2052,15,16,-230251,-231604,-658.9,-1992,-659,-1992
RECAL 1 3 9 12 12 41,RECAL 3 0 9999 9999 64 4 80,RECAL 3 1 9999 206 64 4 80,153,-2648,15,13,-238312,-241948,206.3,-2589,205,-2588
RECAL 1 3 9 13 13 41,RECAL 3 0 9999 9999 64 4 80,RECAL 3 1 9999 -2179 64 4 80,-2239,-2680,14,15,-236147,-239915,-2179,-2620,-2179,-2624
RECAL 1 3 9 14 14 41,RECAL 3 0 9999 9999 64 4 80,RECAL 3 1 9999 -2271 64 4 80,-2332,-2096,15,15,-234602,-235782,-2271,-2036,-2272,-2036
RECAL 1 3 9 15 15 41,RECAL 3 0 9999 9999 64 4 80,RECAL 3 1 9999 -2273 64 4 80,-2334,-1250,15,15,-232623,-232835,-2273,-1189,-2274,-1190
RECAL 1 3 9 16 16 41,RECAL 3 0 9999 9999 64 4 80,RECAL 3 1 9999 -2246 64 4 80,-2307,1130,17,15,-230852,-230987,-2246,1196,-2247,1198
RECAL 1 3 9 17 17 41,RECAL 3 0 9999 9999 64 4 80,RECAL 3 1 9999 -2196 64 4 80,-2255,1969,17,15,-233940,-234367,-2196,2035,-2195,2037
RECAL 1 3 9 18 18 41,RECAL 3 0 9999 9999 64 4 80,RECAL 3 1 9999 -2195 64 4 80,-2256,2557,17,15,-235857,-237792,-2195,2624,-2196,2625
RECAL 1 3 10 1 1 42,RECAL 3 0 9999 9999 64 4 80,RECAL 3 1 9999 2192 64 4 80,2128,-2726,14,16,-241552,-246855,2192,-2667,2192,-2670
RECAL 1 3 10 2 2 42,RECAL 3 0 9999 9999 64 4 80,RECAL 3 1 9999 2162 64 4 80,2096,-2130,15,16,-237225,-238596,2162,-2070,2160,-2070
RECAL 1 3 10 3 3 42,RECAL 3 0 9999 9999 64 4 80,RECAL 3 1 9999 2140 64 4 80,2074,-1267,16,16,-241605,-241675,2140,-1204,2138,-1203
RECAL 1 3 10 4 4 42,RECAL 3 0 9999 9999 64 4 80,RECAL 3 1 9999 2202 64 4 80,2136,1149,16,16,-238268,-238351,2202,1215,2200,1213
RECAL 1 3 10 5 5 42,RECAL 3 0 9999 9999 64 4 80,RECAL 3 1 9999 2270 64 4 80,2203,2008,17,17,-238449,-239004,2270,2074,2271,2076
RECAL 1 3 10 6 6 42,RECAL 3 0 9999 9999 64 4 80,RECAL 3 1 9999 2264 64 4 80,2198,2605,17,17,-248019,-250478,2264,2672,2266,2673
RECAL 1 3 10 7 7 42,RECAL 3 0 9999 9999 64 4 80,RECAL 3 1 9999 305 64 4 80,261,2618,17,11,-239152,-242056,304.6,2687,305,2686
RECAL 1 3 10 8 8 42,RECAL 3 0 9999 9999 64 4 80,RECAL 3 1 9999 343 64 4 80,287,2025,17,15,-236122,-236815,343,2092,347,2093
RECAL 1 3 10 9 9 42,RECAL 3 0 9999 9999 64 4 80,RECAL 3 1 9999 -456 64 4 80,-502,1179,16,11,-235896,-235904,-455.8,1243,-458,1243
RECAL 1 3 10 10 10 42,RECAL 3 0 9999 9999 64 4 80,RECAL 3 1 9999 -702 64 4 80,-755,-1238,16,13,-235955,-235951,-702.2,-1175,-703,-1174
RECAL 1 3 10 11 11 42,RECAL 3 0 9999 9999 64 4 80,RECAL 3 1 9999 -641 64 4 80,-689,-2112,15,12,-239292,-240557,-641.4,-2052,-641,-2052
RECAL 1 3 10 12 12 42,RECAL 3 0 9999 9999 64 4 80,RECAL 3 1 9999 -539 64 4 80,-594,-2712,14,14,-236423,-241361,-539.1,-2653,-538,-2656
RECAL 1 3 10 13 13 42,RECAL 3 0 9999 9999 64 4 80,RECAL 3 1 9999 -2283 64 4 80,-2338,-2730,15,14,-244175,-247647,-2283,-2673,-2282,-2670
RECAL 1 3 10 14 14 42,RECAL 3 0 9999 9999 64 4 80,RECAL 3 1 9999 -2306 64 4 80,-2361,-2135,15,14,-239677,-240728,-2306,-2075,-2305,-2075
RECAL 1 3 10 15 15 42,RECAL 3 0 9999 9999 64 4 80,RECAL 3 1 9999 -2325 64 4 80,-2380,-1277,15,14,-239600,-239803,-2325,-1216,-2324,-1217
RECAL 1 3 10 16 16 42,RECAL 3 0 9999 9999 64 4 80,RECAL 3 1 9999 -2269 64 4 80,-2324,1134,16,14,-236595,-236649,-2269,1199,-2268,1198
RECAL 1 3 10 17 17 42,RECAL 3 0 9999 9999 64 4 80,RECAL 3 1 9999 -2205 64 4 80,-2261,1997,17,14,-240447,-241286,-2205,2064,-2205,2065
RECAL 1 3 10 18 18 42,RECAL 3 0 9999 9999 64 4 80,RECAL 3 1 9999 -2214 64 4 80,-2271,2595,17,14,-247082,-250714,-2214,2665,-2215,2663
RECAL 1 3 11 1 1 43,RECAL 3 0 9999 9999 64 4 80,RECAL 3 1 9999 2182 64 4 80,2114,-2715,15,17,-242320,-245886,2182,-2656,2182,-2655
RECAL 1 3 11 2 2 43,RECAL 3 0 9999 9999 64 4 80,RECAL 3 1 9999 2145 64 4 80,2078,-2118,15,17,-232363,-232820,2145,-2056,2146,-2058
RECAL 1 3 11 3 3 43,RECAL 3 0 9999 9999 64 4 80,RECAL 3 1 9999 2230 64 4 80,2162,-1251,16,17,-230601,-230595,2230,-1188,2230,-1187
RECAL 1 3 11 4 4 43,RECAL 3 0 9999 9999 64 4 80,RECAL 3 1 9999 2124 64 4 80,2059,1159,17,16,-232091,-232366,2124,1226,2123,1227
RECAL 1 3 11 5 5 43,RECAL 3 0 9999 9999 64 4 80,RECAL 3 1 9999 2211 64 4 80,2144,2008,17,17,-233077,-234856,2211,2077,2212,2076
RECAL 1 3 11 6 6 43,RECAL 3 0 9999 9999 64 4 80,RECAL 3 1 9999 2203 64 4 80,2136,2603,17,17,-239980,-243562,2203,2672,2204,2671
RECAL 1 3 11 7 7 43,RECAL 3 0 9999 9999 64 4 80,RECAL 3 1 9999 -245 64 4 80,-288,2629,17,11,-243168,-246395,-245.4,2698,-244,2697
RECAL 1 3 11 8 8 43,RECAL 3 0 9999 75 128 4 80,RECAL 3 1 9999 65 128 4 80,-53,1981,33,30,-234102,-235357,65.07,2111,67,2113
RECAL 1 3 11 9 9 43,RECAL 3 0 9999 9999 64 4 80,RECAL 3 1 9999 -639 64 4 80,-697,1217,17,15,-232786,-233485,-639.4,1286,-637,1285
RECAL 1 3 11 10 10 43,RECAL 3 0 9999 9999 64 4 80,RECAL 3 1 9999 310 64 4 80,249,-1182,16,16,-237085,-237091,309.6,-1118,313,-1118
RECAL 1 3 11 11 11 43,RECAL 3 0 9999 9999 64 4 80,RECAL 3 1 9999 -565 64 4 80,-609,-2075,15,11,-234316,-235108,-564.9,-2014,-565,-2015
RECAL 1 3 11 12 12 43,RECAL 3 0 9999 9999 64 4 80,RECAL 3 1 9999 -408 64 4 80,-420,-2682,15,3,-240995,-242901,-408,-2621,-408,-2622
RECAL 1 3 11 13 13 43,RECAL 3 0 9999 9999 64 4 80,RECAL 3 1 9999 -2221 64 4 80,-2278,-2721,15,14,-237595,-241133,-2221,-2663,-2222,-2661
RECAL 1 3 11 14 14 43,RECAL 3 0 9999 9999 64 4 80,RECAL 3 1 9999 -2250 64 4 80,-2306,-2128,15,14,-238099,-238127,-2250,-2065,-2250,-2068
RECAL 1 3 11 15 15 43,RECAL 3 0 9999 9999 64 4 80,RECAL 3 1 9999 -2171 64 4 80,-2228,-1273,16,14,-235046,-235095,-2171,-1211,-2172,-1209
RECAL 1 3 11 16 16 43,RECAL 3 0 9999 9999 64 4 80,RECAL 3 1 9999 -2270 64 4 80,-2328,1133,17,15,-233934,-234375,-2270,1201,-2268,1201
RECAL 1 3 11 17 17 43,RECAL 3 0 9999 9999 64 4 80,RECAL 3 1 9999 -2189 64 4 80,-2248,1992,17,15,-234707,-236440,-2189,2061,-2188,2060
RECAL 1 3 11 18 18 43,RECAL 3 0 9999 9999 64 4 80,RECAL 3 1 9999 -2200 64 4 80,-2259,2588,17,15,-241348,-244781,-2200,2657,-2199,2656
RECAL 1 3 12 1 1 44,RECAL 3 0 9999 9999 64 4 80,RECAL 3 1 9999 2271 64 4 80,2205,-2732,15,16,-239704,-240729,2271,-2669,2269,-2672
RECAL 1 3 12 2 2 44,RECAL 3 0 9999 9999 64 4 80,RECAL 3 1 9999 2186 64 4 80,2120,-2125,15,16,-235907,-236596,2186,-2064,2184,-2065
RECAL 1 3 12 3 3 44,RECAL 3 0 9999 9999 64 4 80,RECAL 3 1 9999 2177 64 4 80,2112,-1249,16,16,-238062,-238104,2177,-1184,2176,-1185
RECAL 1 3 12 4 4 44,RECAL 3 0 9999 9999 64 4 80,RECAL 3 1 9999 2265 64 4 80,2201,1191,17,16,-242563,-242837,2265,1258,2265,1259
RECAL 1 3 12 5 5 44,RECAL 3 0 9999 9999 64 4 80,RECAL 3 1 9999 2252 64 4 80,2187,2038,17,16,-239839,-240903,2252,2105,2251,2106
RECAL 1 3 12 6 6 44,RECAL 3 0 9999 9999 64 4 80,RECAL 3 1 9999 2246 64 4 80,2183,2632,17,16,-250063,-253166,2246,2700,2247,2700
RECAL 1 3 12 7 7 44,RECAL 3 0 9999 25 128 4 80,RECAL 3 1 9999 -56 128 4 80,-103,2532,33,12,-244000,-247094,-55.7,2664,-55,2664
RECAL 1 3 12 8 8 44,RECAL 3 0 9999 196 64 4 80,RECAL 3 1 9999 169 64 4 80,132,1990,17,9,-237864,-239921,168.6,2060,168,2058
RECAL 1 3 12 9 9 44,RECAL 3 0 9999 9999 64 4 80,RECAL 3 1 9999 321 64 4 80,278,1110,17,12,-238213,-238662,320.6,1179,326,1178
RECAL 1 3 12 10 10 44,RECAL 3 0 9999 9999 64 4 80,RECAL 3 1 9999 -586 64 4 80,-637,-1324,16,13,-236442,-236437,-585.5,-1260,-585,-1260
RECAL 1 3 12 11 11 44,RECAL 3 0 9999 9999 64 4 80,RECAL 3 1 9999 -522 64 4 80,-564,-2173,15,11,-239882,-240161,-522.3,-2111,-520,-2113
RECAL 1 3 12 12 12 44,RECAL 3 0 9999 9999 64 4 80,RECAL 3 1 9999 378 64 4 80,328,-2769,15,12,-239701,-241051,378.2,-2708,376,-2709
RECAL 1 3 12 13 13 44,RECAL 3 0 9999 9999 64 4 80,RECAL 3 1 9999 -2207 64 4 80,-2264,-2748,15,14,-241217,-243074,-2207,-2688,-2208,-2688
RECAL 1 3 12 14 14 44,RECAL 3 0 9999 9999 64 4 80,RECAL 3 1 9999 -2287 64 4 80,-2342,-2147,16,14,-238934,-238936,-2287,-2085,-2286,-2083
RECAL 1 3 12 15 15 44,RECAL 3 0 9999 9999 64 4 80,RECAL 3 1 9999 -2295 64 4 80,-2349,-1288,16,14,-239160,-239222,-2295,-1223,-2293,-1224
RECAL 1 3 12 16 16 44,RECAL 3 0 9999 9999 64 4 80,RECAL 3 1 9999 -2216 64 4 80,-2274,1149,17,14,-240241,-240409,-2216,1215,-2218,1217
RECAL 1 3 12 17 17 44,RECAL 3 0 9999 9999 64 4 80,RECAL 3 1 9999 -2230 64 4 80,-2288,2012,17,15,-249355,-250995,-2230,2081,-2228,2080
RECAL 1 3 12 18 18 44,RECAL 3 0 9999 9999 64 4 80,RECAL 3 1 9999 -2232 64 4 80,-2290,2611,18,15,-257920,-262262,-2232,2679,-2230,2683
RECAL 1 3 13 1 1 45,RECAL 3 0 9999 9999 64 4 80,RECAL 3 1 9999 2182 64 4 80,2116,-2864,15,17,-235378,-237935,2182,-2804,2184,-2804
RECAL 1 3 13 2 2 45,RECAL 3 0 9999 9999 64 4 80,RECAL 3 1 9999 2065 64 4 80,2000,-2297,15,16,-235853,-236488,2065,-2236,2064,-2237
RECAL 1 3 13 3 3 45,RECAL 3 0 9999 9999 64 4 80,RECAL 3 1 9999 2141 64 4 80,2073,-1524,16,17,-233664,-233641,2141,-1460,2141,-1460
RECAL 1 3 13 4 4 45,RECAL 3 0 9999 9999 64 4 80,RECAL 3 1 9999 2118 64 4 80,2052,872,17,16,-231161,-231466,2118,940.3,2116,940
RECAL 1 3 13 5 5 45,RECAL 3 0 9999 9999 64 4 80,RECAL 3 1 9999 2073 64 4 80,2006,1868,17,17,-232085,-233503,2073,1937,2074,1936
RECAL 1 3 13 6 6 45,RECAL 3 0 9999 9999 64 4 80,RECAL 3 1 9999 2075 64 4 80,2008,2503,17,17,-238741,-241111,2075,2570,2076,2571
RECAL 1 3 13 7 7 45,RECAL 3 0 9999 9999 64 4 80,RECAL 3 1 9999 -728 64 4 80,-788,2453,17,15,-232939,-234087,-728,2518,-728,2521
RECAL 1 3 13 8 8 45,RECAL 3 0 9999 9999 64 4 80,RECAL 3 1 9999 -714 64 4 80,-785,1796,18,18,-235620,-239459,-713.8,1868,-713,1868
RECAL 1 3 13 9 9 45,RECAL 3 0 9999 9999 64 4 80,RECAL 3 1 9999 -540 64 4 80,-601,718,17,15,-231233,-231300,-540.3,784.8,-541,786
RECAL 1 3 13 10 10 45,RECAL 3 0 9999 9999 64 4 80,RECAL 3 1 9999 -434 64 4 80,-491,-1607,16,14,-236436,-236451,-434.4,-1545,-435,-1543
RECAL 1 3 13 11 11 45,RECAL 3 0 9999 9999 64 4 80,RECAL 3 1 9999 -741 64 4 80,-805,-2353,15,16,-236983,-237750,-741.2,-2292,-741,-2293
RECAL 1 3 13 12 12 45,RECAL 3 0 9999 9999 64 4 80,RECAL 3 1 9999 108 64 4 80,63,-2909,15,10,-242524,-245233,107.6,-2850,103,-2849
RECAL 1 3 13 13 13 45,RECAL 3 0 9999 9999 64 4 80,RECAL 3 1 9999 -2186 64 4 80,-2244,-2885,15,15,-243962,-246595,-2186,-2826,-2184,-2825
RECAL 1 3 13 14 14 45,RECAL 3 0 9999 9999 64 4 80,RECAL 3 1 9999 -2292 64 4 80,-2352,-2325,15,15,-235515,-236472,-2292,-2264,-2292,-2265
RECAL 1 3 13 15 15 45,RECAL 3 0 9999 9999 64 4 80,RECAL 3 1 9999 -2220 64 4 80,-2277,-1567,16,14,-230870,-230907,-2220,-1505,-2221,-1503
RECAL 1 3 13 16 16 45,RECAL 3 0 9999 9999 64 4 80,RECAL 3 1 9999 -2244 64 4 80,-2302,795,16,15,-230407,-230505,-2244,860.6,-2242,859
RECAL 1 3 13 17 17 45,RECAL 3 0 9999 9999 64 4 80,RECAL 3 1 9999 -2286 64 4 80,-2346,1831,17,15,-236091,-236259,-2286,1897,-2286,1899
RECAL 1 3 13 18 18 45,RECAL 3 0 9999 9999 64 4 80,RECAL 3 1 9999 -2287 64 4 80,-2348,2474,17,15,-246890,-247645,-2287,2538,-2288,2542
RECAL 1 3 14 1 1 46,RECAL 3 0 9999 9999 64 4 80,RECAL 3 1 9999 2189 64 4 80,2124,-2739,15,16,-240490,-243750,2189,-2680,2188,-2679
RECAL 1 3 14 2 2 46,RECAL 3 0 9999 9999 64 4 80,RECAL 3 1 9999 2202 64 4 80,2139,-2139,15,16,-236240,-238022,2202,-2080,2203,-2079
RECAL 1 3 14 3 3 46,RECAL 3 0 9999 9999 64 4 80,RECAL 3 1 9999 2221 64 4 80,2154,-1273,15,17,-233480,-233619,2221,-1212,2222,-1213
RECAL 1 3 14 4 4 46,RECAL 3 0 9999 9999 64 4 80,RECAL 3 1 9999 2239 64 4 80,2174,1156,16,16,-234709,-234759,2239,1222,2238,1220
RECAL 1 3 14 5 5 46,RECAL 3 0 9999 9999 64 4 80,RECAL 3 1 9999 2253 64 4 80,2188,2014,17,16,-235234,-236136,2253,2081,2252,2082
RECAL 1 3 14 6 6 46,RECAL 3 0 9999 9999 64 4 80,RECAL 3 1 9999 2229 64 4 80,2164,2610,17,16,-238502,-241014,2229,2679,2228,2678
RECAL 1 3 14 7 7 46,RECAL 3 0 9999 9999 64 4 80,RECAL 3 1 9999 49 64 4 80,48,2587,17,0,-240593,-242791,49.21,2655,48,2655
RECAL 1 3 14 8 8 46,RECAL 3 0 9999 9999 64 4 80,RECAL 3 1 9999 358 64 4 80,319,1986,17,9,-235778,-236215,357.8,2052,355,2054
RECAL 1 3 14 9 9 46,RECAL 3 0 9999 9999 64 4 80,RECAL 3 1 9999 234 64 4 80,181,1107,16,12,-236408,-236399,233.6,1172,229,1171
RECAL 1 3 14 10 10 46,RECAL 3 0 9999 9999 64 4 80,RECAL 3 1 9999 -192 64 4 80,-230,-1318,15,10,-234233,-234718,-191.6,-1258,-190,-1258
RECAL 1 3 14 11 11 46,RECAL 3 0 9999 -329 64 4 80,RECAL 3 1 9999 -380 64 4 80,-393,-2173,17,3,-240002,-240410,-380.3,-2106,-381,-2105
RECAL 1 3 14 12 12 46,RECAL 3 0 9999 9999 64 4 80,RECAL 3 1 9999 -478 64 4 80,-506,-2758,14,7,-237348,-241243,-477.6,-2697,-478,-2702
RECAL 1 3 14 13 13 46,RECAL 3 0 9999 9999 64 4 80,RECAL 3 1 9999 -2252 64 4 80,-2308,-2737,15,14,-246500,-249152,-2252,-2677,-2252,-2677
RECAL 1 3 14 14 14 46,RECAL 3 0 9999 9999 64 4 80,RECAL 3 1 9999 -2238 64 4 80,-2292,-2138,15,14,-237585,-239344,-2238,-2079,-2236,-2078
RECAL 1 3 14 15 15 46,RECAL 3 0 9999 9999 64 4 80,RECAL 3 1 9999 -2216 64 4 80,-2273,-1277,16,14,-238838,-238841,-2216,-1215,-2217,-1213
RECAL 1 3 14 16 16 46,RECAL 3 0 9999 9999 64 4 80,RECAL 3 1 9999 -2199 64 4 80,-2257,1152,16,15,-245449,-245536,-2199,1216,-2197,1216
RECAL 1 3 14 17 17 46,RECAL 3 0 9999 9999 64 4 80,RECAL 3 1 9999 -2186 64 4 80,-2242,2009,17,14,-245352,-245859,-2186,2076,-2186,2077
RECAL 1 3 14 18 18 46,RECAL 3 0 9999 9999 64 4 80,RECAL 3 1 9999 -2212 64 4 80,-2268,2605,17,14,-252256,-254675,-2212,2674,-2212,2673
RECAL 1 3 15 1 1 47,RECAL 3 0 9999 9999 64 4 80,RECAL 3 1 9999 2247 64 4 80,2179,-2668,15,17,-248716,-251623,2247,-2609,2247,-2608
RECAL 1 3 15 2 2 47,RECAL 3 0 9999 9999 64 4 80,RECAL 3 1 9999 2208 64 4 80,2140,-2041,15,17,-245223,-247274,2208,-1983,2208,-1981
RECAL 1 3 15 3 3 47,RECAL 3 0 9999 9999 64 4 80,RECAL 3 1 9999 2186 64 4 80,2119,-1086,15,17,-243023,-243244,2186,-1025,2187,-1026
RECAL 1 3 15 4 4 47,RECAL 3 0 9999 9999 64 4 80,RECAL 3 1 9999 2246 64 4 80,2179,1339,17,17,-242059,-242222,2246,1405,2247,1407
RECAL 1 3 15 5 5 47,RECAL 3 0 9999 9999 64 4 80,RECAL 3 1 9999 2217 64 4 80,2149,2133,17,17,-245241,-246447,2217,2200,2217,2201
RECAL 1 3 15 6 6 47,RECAL 3 0 9999 9999 64 4 80,RECAL 3 1 9999 2189 64 4 80,2121,2710,17,17,-252205,-254497,2189,2777,2189,2778
RECAL 1 3 15 7 7 47,RECAL 3 0 9999 9999 128 4 80,RECAL 3 1 9999 114 128 4 80,-13,2661,33,32,-253908,-256907,114.3,2794,115,2793
RECAL 1 3 15 8 8 47,RECAL 3 0 9999 9999 64 4 80,RECAL 3 1 9999 418 64 4 80,352,2154,17,17,-249854,-250964,418.4,2221,420,2222
RECAL 1 3 15 9 9 47,RECAL 3 0 9999 9999 64 4 80,RECAL 3 1 9999 563 64 4 80,496,1376,16,17,-249725,-249743,562.8,1441,564,1440
RECAL 1 3 15 10 10 47,RECAL 3 0 9999 9999 128 4 80,RECAL 3 1 9999 164 128 4 80,21,-1101,32,38,-251009,-251012,164.3,-972.3,173,-973
RECAL 1 3 15 11 11 47,RECAL 3 0 9999 9999 64 4 80,RECAL 3 1 9999 381 64 4 80,323,-2014,15,15,-251605,-253436,381.3,-1956,383,-1954
RECAL 1 3 15 12 12 47,RECAL 3 0 9999 9999 64 4 80,RECAL 3 1 9999 572 64 4 80,501,-2646,15,18,-255800,-257861,572.4,-2585,573,-2586
RECAL 1 3 15 13 13 47,RECAL 3 0 9999 9999 64 4 80,RECAL 3 1 9999 -2121 64 4 80,-2180,-2684,15,15,-255982,-258602,-2121,-2625,-2120,-2624
RECAL 1 3 15 14 14 47,RECAL 3 0 9999 9999 64 4 80,RECAL 3 1 9999 -2156 64 4 80,-2217,-2066,15,15,-249820,-251471,-2156,-2007,-2157,-2006
RECAL 1 3 15 15 15 47,RECAL 3 0 9999 9999 64 4 80,RECAL 3 1 9999 -2180 64 4 80,-2240,-1140,15,15,-250349,-250419,-2180,-1078,-2180,-1080
RECAL 1 3 15 16 16 47,RECAL 3 0 9999 9999 64 4 80,RECAL 3 1 9999 -2118 64 4 80,-2178,1300,16,15,-248281,-248281,-2118,1364,-2118,1364
RECAL 1 3 15 17 17 47,RECAL 3 0 9999 9999 64 4 80,RECAL 3 1 9999 -2151 64 4 80,-2211,2105,17,15,-255726,-256935,-2151,2172,-2151,2173
RECAL 1 3 15 18 18 47,RECAL 3 0 9999 9999 64 4 80,RECAL 3 1 9999 -2184 64 4 80,-2245,2686,17,15,-254421,-256378,-2184,2753,-2185,2754
RECAL 1 3 16 1 1 48,RECAL 3 0 9999 9999 64 4 80,RECAL 3 1 9999 2179 64 4 80,2117,-2713,15,15,-242211,-245625,2179,-2655,2177,-2653
RECAL 1 3 16 2 2 48,RECAL 3 0 9999 9999 64 4 80,RECAL 3 1 9999 2113 64 4 80,2048,-2114,15,16,-243487,-243701,2113,-2052,2112,-2054
RECAL 1 3 16 3 3 48,RECAL 3 0 9999 9999 64 4 80,RECAL 3 1 9999 2174 64 4 80,2110,-1246,16,16,-240609,-240612,2174,-1181,2174,-1182
RECAL 1 3 16 4 4 48,RECAL 3 0 9999 9999 64 4 80,RECAL 3 1 9999 2138 64 4 80,2073,1159,17,16,-242817,-243487,2138,1228,2137,1227
RECAL 1 3 16 5 5 48,RECAL 3 0 9999 9999 64 4 80,RECAL 3 1 9999 2241 64 4 80,2177,2011,17,16,-244381,-246051,2241,2079,2241,2079
RECAL 1 3 16 6 6 48,RECAL 3 0 9999 9999 64 4 80,RECAL 3 1 9999 2255 64 4 80,2188,2605,18,17,-246828,-251787,2255,2673,2256,2677
RECAL 1 3 16 7 7 48,RECAL 3 0 9999 9999 64 4 80,RECAL 3 1 9999 366 64 4 80,317,2577,17,12,-247187,-249855,366.3,2645,365,2645
RECAL 1 3 16 8 8 48,RECAL 3 0 9999 9999 64 4 80,RECAL 3 1 9999 276 64 4 80,245,1973,17,8,-242089,-243968,276,2042,277,2041
RECAL 1 3 16 9 9 48,RECAL 3 0 9999 9999 64 4 80,RECAL 3 1 9999 -641 64 4 80,-695,1099,17,14,-242681,-243253,-640.8,1168,-639,1167
RECAL 1 3 16 10 10 48,RECAL 3 0 9999 9999 64 4 80,RECAL 3 1 9999 -493 64 4 80,-545,-1304,16,13,-239253,-239257,-492.6,-1240,-493,-1240
RECAL 1 3 16 11 11 48,RECAL 3 0 9999 9999 64 4 80,RECAL 3 1 9999 -733 64 4 80,-784,-2147,15,13,-236086,-236478,-733.2,-2085,-732,-2087
RECAL 1 3 16 12 12 48,RECAL 3 0 9999 9999 64 4 80,RECAL 3 1 9999 -511 64 4 80,-549,-2739,15,10,-238029,-240136,-510.7,-2679,-509,-2679
RECAL 1 3 16 13 13 48,RECAL 3 0 9999 9999 64 4 80,RECAL 3 1 9999 -2257 64 4 80,-2313,-2728,15,14,-245427,-247406,-2257,-2668,-2257,-2668
RECAL 1 3 16 14 14 48,RECAL 3 0 9999 9999 64 4 80,RECAL 3 1 9999 -2313 64 4 80,-2370,-2133,15,14,-243894,-244453,-2313,-2072,-2314,-2073
RECAL 1 3 16 15 15 48,RECAL 3 0 9999 9999 64 4 80,RECAL 3 1 9999 -2260 64 4 80,-2313,-1282,16,13,-245262,-245332,-2260,-1218,-2261,-1218
RECAL 1 3 16 16 16 48,RECAL 3 0 9999 9999 64 4 80,RECAL 3 1 9999 -2291 64 4 80,-2348,1120,17,14,-245422,-245956,-2291,1188,-2292,1188
RECAL 1 3 16 17 17 48,RECAL 3 0 9999 9999 64 4 80,RECAL 3 1 9999 -2197 64 4 80,-2253,1984,17,14,-247012,-248954,-2197,2053,-2197,2052
RECAL 1 3 16 18 18 48,RECAL 3 0 9999 9999 64 4 80,RECAL 3 1 9999 -2186 64 4 80,-2239,2583,17,13,-252179,-255818,-2186,2654,-2187,2651
RECAL 1 3 17 1 1 49,RECAL 3 0 9999 9999 64 4 80,RECAL 3 1 9999 2180 64 4 80,2119,-2740,15,15,-237864,-239329,2180,-2679,2179,-2680
RECAL 1 3 17 2 2 49,RECAL 3 0 9999 9999 64 4 80,RECAL 3 1 9999 2169 64 4 80,2104,-2139,15,16,-232672,-232924,2169,-2077,2168,-2079
RECAL 1 3 17 3 3 49,RECAL 3 0 9999 9999 64 4 80,RECAL 3 1 9999 2172 64 4 80,2108,-1267,16,16,-234071,-234064,2172,-1204,2172,-1203
RECAL 1 3 17 4 4 49,RECAL 3 0 9999 9999 64 4 80,RECAL 3 1 9999 2076 64 4 80,2014,1180,16,15,-229909,-229971,2076,1245,2074,1244
RECAL 1 3 17 5 5 49,RECAL 3 0 9999 9999 64 4 80,RECAL 3 1 9999 2073 64 4 80,2010,2033,17,16,-233855,-234621,2073,2099,2074,2101
RECAL 1 3 17 6 6 49,RECAL 3 0 9999 9999 64 4 80,RECAL 3 1 9999 2159 64 4 80,2099,2624,17,15,-235650,-237844,2159,2690,2159,2692
RECAL 1 3 17 7 7 49,RECAL 3 0 9999 9999 64 4 80,RECAL 3 1 9999 -364 64 4 80,-390,2649,17,7,-244033,-247297,-363.6,2717,-362,2717
RECAL 1 3 17 8 8 49,RECAL 3 0 9999 9999 64 4 80,RECAL 3 1 9999 -726 64 4 80,-774,2067,16,12,-240542,-240523,-726.1,2132,-726,2131
RECAL 1 3 17 9 9 49,RECAL 3 0 9999 9999 64 4 80,RECAL 3 1 9999 -710 64 4 80,-757,1236,16,12,-237601,-237600,-710.1,1301,-709,1300
RECAL 1 3 17 10 10 49,RECAL 3 0 9999 9999 64 4 80,RECAL 3 1 9999 -251 64 4 80,-297,-1206,16,10,-238789,-238795,-251,-1142,-257,-1142
RECAL 1 3 17 11 11 49,RECAL 3 0 9999 9999 64 4 80,RECAL 3 1 9999 -270 64 4 80,-302,-2102,15,8,-241279,-242252,-269.7,-2042,-270,-2042
RECAL 1 3 17 12 12 49,RECAL 3 0 9999 9999 128 4 80,RECAL 3 1 9999 -144 128 4 80,-255,-2773,31,28,-243778,-246604,-144.4,-2651,-143,-2649
RECAL 1 3 17 13 13 49,RECAL 3 0 9999 9999 64 4 80,RECAL 3 1 9999 -2185 64 4 80,-2242,-2744,15,14,-238343,-240047,-2185,-2684,-2186,-2684
RECAL 1 3 17 14 14 49,RECAL 3 0 9999 9999 64 4 80,RECAL 3 1 9999 -2196 64 4 80,-2253,-2148,15,14,-240539,-241535,-2196,-2088,-2197,-2088
RECAL 1 3 17 15 15 49,RECAL 3 0 9999 9999 64 4 80,RECAL 3 1 9999 -2194 64 4 80,-2251,-1288,16,14,-234997,-235040,-2194,-1224,-2195,-1224
RECAL 1 3 17 16 16 49,RECAL 3 0 9999 9999 64 4 80,RECAL 3 1 9999 -2283 64 4 80,-2340,1155,17,14,-231513,-231848,-2283,1222,-2284,1223
RECAL 1 3 17 17 17 49,RECAL 3 0 9999 9999 64 4 80,RECAL 3 1 9999 -2283 64 4 80,-2339,2019,17,14,-237465,-237710,-2283,2084,-2283,2087
RECAL 1 3 17 18 18 49,RECAL 3 0 9999 9999 64 4 80,RECAL 3 1 9999 -2207 64 4 80,-2262,2612,17,14,-240724,-241811,-2207,2677,-2206,2680
RECAL 1 3 18 1 1 50,RECAL 3 0 9999 9999 64 4 80,RECAL 3 1 9999 2161 64 4 80,2096,-2767,15,16,-228078,-231422,2161,-2708,2160,-2707
RECAL 1 3 18 2 2 50,RECAL 3 0 9999 9999 64 4 80,RECAL 3 1 9999 2091 64 4 80,2029,-2169,15,15,-226396,-226950,2091,-2107,2089,-2109
RECAL 1 3 18 3 3 50,RECAL 3 0 9999 9999 64 4 80,RECAL 3 1 9999 2093 64 4 80,2029,-1305,16,16,-229236,-229237,2093,-1243,2093,-1241
RECAL 1 3 18 4 4 50,RECAL 3 0 9999 9999 64 4 80,RECAL 3 1 9999 2107 64 4 80,2044,1161,16,16,-230163,-230206,2107,1225,2108,1225
RECAL 1 3 18 5 5 50,RECAL 3 0 9999 9999 64 4 80,RECAL 3 1 9999 2211 64 4 80,2147,2028,17,16,-232541,-232969,2211,2094,2211,2096
RECAL 1 3 18 6 6 50,RECAL 3 0 9999 9999 64 4 80,RECAL 3 1 9999 2219 64 4 80,2155,2630,17,16,-238064,-239649,2219,2695,2219,2698
RECAL 1 3 18 7 7 50,RECAL 3 0 9999 9999 64 4 80,RECAL 3 1 9999 330 64 4 80,285,2668,17,11,-240984,-243355,329.8,2734,329,2736
RECAL 1 3 18 8 8 50,RECAL 3 0 9999 9999 64 4 80,RECAL 3 1 9999 269 64 4 80,224,2078,16,11,-234423,-234412,269.4,2144,268,2142
RECAL 1 3 18 9 9 50,RECAL 3 0 9999 9999 64 4 80,RECAL 3 1 9999 -657 64 4 80,-715,1244,16,14,-232466,-232478,-657,1309,-659,1308
RECAL 1 3 18 10 10 50,RECAL 3 0 9999 9999 64 4 80,RECAL 3 1 9999 -700 64 4 80,-758,-1213,16,15,-232402,-232411,-699.5,-1151,-698,-1149
RECAL 1 3 18 11 11 50,RECAL 3 0 9999 9999 64 4 80,RECAL 3 1 9999 -720 64 4 80,-773,-2114,15,13,-230814,-232180,-719.6,-2054,-721,-2054
RECAL 1 3 18 12 12 50,RECAL 3 0 9999 9999 64 4 80,RECAL 3 1 9999 -452 64 4 80,-491,-2726,15,10,-233725,-235755,-451.5,-2666,-451,-2666
RECAL 1 3 18 13 13 50,RECAL 3 0 9999 9999 64 4 80,RECAL 3 1 9999 -2231 64 4 80,-2288,-2754,15,14,-234008,-236655,-2231,-2695,-2232,-2694
RECAL 1 3 18 14 14 50,RECAL 3 0 9999 9999 64 4 80,RECAL 3 1 9999 -2292 64 4 80,-2350,-2153,15,15,-235298,-235790,-2292,-2091,-2290,-2093
RECAL 1 3 18 15 15 50,RECAL 3 0 9999 9999 64 4 80,RECAL 3 1 9999 -2290 64 4 80,-2348,-1281,16,15,-234509,-234616,-2290,-1218,-2288,-1217
RECAL 1 3 18 16 16 50,RECAL 3 0 9999 9999 64 4 80,RECAL 3 1 9999 -2276 64 4 80,-2334,1183,16,14,-237771,-237870,-2276,1247,-2278,1247
RECAL 1 3 18 17 17 50,RECAL 3 0 9999 9999 64 4 80,RECAL 3 1 9999 -2178 64 4 80,-2237,2040,16,15,-235058,-235125,-2178,2105,-2177,2104
RECAL 1 3 18 18 18 50,RECAL 3 0 9999 9999 64 4 80,RECAL 3 1 9999 -2173 64 4 80,-2230,2637,17,14,-239174,-240663,-2173,2702,-2174,2705
RECAL 1 3 19 1 1 51,RECAL 3 0 9999 9999 64 4 80,RECAL 3 1 9999 2184 64 4 80,2120,-2864,15,16,-241154,-242129,2184,-2801,2184,-2804
RECAL 1 3 19 2 2 51,RECAL 3 0 9999 9999 64 4 80,RECAL 3 1 9999 2224 64 4 80,2162,-2272,15,15,-235421,-235610,2224,-2209,2222,-2212
RECAL 1 3 19 3 3 51,RECAL 3 0 9999 9999 64 4 80,RECAL 3 1 9999 2216 64 4 80,2152,-1448,16,16,-233886,-233901,2216,-1384,2216,-1384
RECAL 1 3 19 4 4 51,RECAL 3 0 9999 9999 64 4 80,RECAL 3 1 9999 2209 64 4 80,2147,1031,16,15,-231072,-231168,2209,1096,2207,1095
RECAL 1 3 19 5 5 51,RECAL 3 0 9999 9999 64 4 80,RECAL 3 1 9999 2199 64 4 80,2135,1975,16,16,-233081,-233105,2199,2040,2199,2039
RECAL 1 3 19 6 6 51,RECAL 3 0 9999 9999 64 4 80,RECAL 3 1 9999 2192 64 4 80,2129,2602,17,16,-242923,-244395,2192,2669,2193,2670
RECAL 1 3 19 7 7 51,RECAL 3 0 9999 9999 64 4 80,RECAL 3 1 9999 234 64 4 80,210,2617,17,7,-232263,-232414,234.4,2681,238,2685
RECAL 1 3 19 8 8 51,RECAL 3 0 9999 9999 64 4 80,RECAL 3 1 9999 311 64 4 80,258,1993,16,13,-233288,-233272,310.5,2059,310,2057
RECAL 1 3 19 9 9 51,RECAL 3 0 9999 9999 64 4 80,RECAL 3 1 9999 378 64 4 80,339,1067,16,10,-234334,-234317,377.9,1132,379,1131
RECAL 1 3 19 10 10 51,RECAL 3 0 9999 9999 64 4 80,RECAL 3 1 9999 442 64 4 80,393,-1421,16,12,-232524,-232523,442.3,-1356,441,-1357
RECAL 1 3 19 11 11 51,RECAL 3 0 9999 9999 64 4 80,RECAL 3 1 9999 484 64 4 80,432,-2254,16,13,-236693,-236706,484.2,-2191,484,-2190
RECAL 1 3 19 12 12 51,RECAL 3 0 9999 181 64 4 80,RECAL 3 1 9999 126 64 4 80,117,-2849,15,2,-239167,-239730,125.6,-2786,125,-2789
RECAL 1 3 19 13 13 51,RECAL 3 0 9999 9999 64 4 80,RECAL 3 1 9999 -2178 64 4 80,-2236,-2876,15,14,-249857,-250253,-2178,-2812,-2180,-2816
RECAL 1 3 19 14 14 51,RECAL 3 0 9999 9999 64 4 80,RECAL 3 1 9999 -2133 64 4 80,-2191,-2288,15,15,-239712,-239895,-2133,-2226,-2131,-2228
RECAL 1 3 19 15 15 51,RECAL 3 0 9999 9999 64 4 80,RECAL 3 1 9999 -2142 64 4 80,-2201,-1450,16,15,-235595,-235637,-2142,-1385,-2141,-1386
RECAL 1 3 19 16 16 51,RECAL 3 0 9999 9999 64 4 80,RECAL 3 1 9999 -2150 64 4 80,-2209,1029,16,15,-231338,-231386,-2150,1093,-2149,1093
RECAL 1 3 19 17 17 51,RECAL 3 0 9999 9999 64 4 80,RECAL 3 1 9999 -2161 64 4 80,-2217,1971,16,14,-235691,-235700,-2161,2036,-2161,2035
RECAL 1 3 19 18 18 51,RECAL 3 0 9999 9999 64 4 80,RECAL 3 1 9999 -2171 64 4 80,-2230,2599,16,15,-235469,-235490,-2171,2666,-2170,2663
RECAL 1 3 20 1 1 52,RECAL 3 0 9999 9999 64 4 80,RECAL 3 1 9999 2162 64 4 80,2095,-2765,15,17,-239262,-241776,2162,-2705,2163,-2705
RECAL 1 3 20 2 2 52,RECAL 3 0 9999 9999 64 4 80,RECAL 3 1 9999 2080 64 4 80,2014,-2164,15,16,-240998,-241893,2080,-2103,2078,-2104
RECAL 1 3 20 3 3 52,RECAL 3 0 9999 9999 64 4 80,RECAL 3 1 9999 2079 64 4 80,2015,-1294,16,16,-239811,-239818,2079,-1232,2079,-1230
RECAL 1 3 20 4 4 52,RECAL 3 0 9999 9999 64 4 80,RECAL 3 1 9999 2182 64 4 80,2115,1167,16,17,-241736,-241810,2182,1233,2183,1231
RECAL 1 3 20 5 5 52,RECAL 3 0 9999 9999 64 4 80,RECAL 3 1 9999 2183 64 4 80,2117,2035,17,16,-252256,-253128,2183,2102,2181,2103
RECAL 1 3 20 6 6 52,RECAL 3 0 9999 9999 64 4 80,RECAL 3 1 9999 2184 64 4 80,2117,2638,17,17,-258799,-259504,2184,2702,2185,2706
RECAL 1 3 20 7 7 52,RECAL 3 0 9999 9999 64 4 80,RECAL 3 1 9999 -347 64 4 80,-421,2666,17,18,-244400,-246411,-347.4,2732,-349,2734
RECAL 1 3 20 8 8 52,RECAL 3 0 9999 9999 64 4 80,RECAL 3 1 9999 -349 64 4 80,-408,2075,16,14,-240230,-240227,-349,2141,-352,2139
RECAL 1 3 20 9 9 52,RECAL 3 0 9999 9999 64 4 80,RECAL 3 1 9999 -351 64 4 80,-401,1233,17,12,-239697,-239772,-351,1299,-353,1301
RECAL 1 3 20 10 10 52,RECAL 3 0 9999 9999 64 4 80,RECAL 3 1 9999 -777 64 4 80,-835,-1220,15,15,-236022,-236076,-776.7,-1158,-775,-1160
RECAL 1 3 20 11 11 52,RECAL 3 0 9999 9999 64 4 80,RECAL 3 1 9999 -780 64 4 80,-842,-2122,16,15,-240846,-240884,-780.4,-2060,-782,-2058
RECAL 1 3 20 12 12 52,RECAL 3 0 9999 9999 64 4 80,RECAL 3 1 9999 -504 64 4 80,-569,-2731,15,16,-236942,-238915,-504.2,-2671,-505,-2671
RECAL 1 3 20 13 13 52,RECAL 3 0 9999 9999 64 4 80,RECAL 3 1 9999 -2246 64 4 80,-2306,-2761,15,15,-245441,-248629,-2246,-2703,-2246,-2701
RECAL 1 3 20 14 14 52,RECAL 3 0 9999 9999 64 4 80,RECAL 3 1 9999 -2319 64 4 80,-2378,-2161,15,15,-244831,-245268,-2319,-2099,-2318,-2101
RECAL 1 3 20 15 15 52,RECAL 3 0 9999 9999 64 4 80,RECAL 3 1 9999 -2320 64 4 80,-2380,-1290,15,15,-240448,-240536,-2320,-1228,-2320,-1230
RECAL 1 3 20 16 16 52,RECAL 3 0 9999 9999 64 4 80,RECAL 3 1 9999 -2226 64 4 80,-2286,1169,16,15,-246020,-246018,-2226,1234,-2226,1233
RECAL 1 3 20 17 17 52,RECAL 3 0 9999 9999 64 4 80,RECAL 3 1 9999 -2224 64 4 80,-2281,2033,17,14,-252349,-253854,-2224,2101,-2225,2101
RECAL 1 3 20 18 18 52,RECAL 3 0 9999 9999 64 4 80,RECAL 3 1 9999 -2223 64 4 80,-2284,2632,17,15,-260313,-263148,-2223,2700,-2224,2700
RECAL 1 3 21 1 1 53,RECAL 3 0 9999 9999 64 4 80,RECAL 3 1 9999 2225 64 4 80,2159,-2704,15,17,-252039,-252756,2225,-2641,2227,-2644
RECAL 1 3 21 2 2 53,RECAL 3 0 9999 9999 64 4 80,RECAL 3 1 9999 2142 64 4 80,2076,-2110,15,16,-250117,-250595,2142,-2048,2140,-2050
RECAL 1 3 21 3 3 53,RECAL 3 0 9999 9999 64 4 80,RECAL 3 1 9999 2220 64 4 80,2153,-1257,16,17,-243821,-243878,2220,-1192,2221,-1193
RECAL 1 3 21 4 4 53,RECAL 3 0 9999 9999 64 4 80,RECAL 3 1 9999 2208 64 4 80,2143,1154,17,16,-242767,-242970,2208,1221,2207,1222
RECAL 1 3 21 5 5 53,RECAL 3 0 9999 9999 64 4 80,RECAL 3 1 9999 2205 64 4 80,2138,2001,17,17,-248382,-249596,2205,2068,2206,2069
RECAL 1 3 21 6 6 53,RECAL 3 0 9999 9999 64 4 80,RECAL 3 1 9999 2199 64 4 80,2135,2588,18,16,-250168,-254252,2199,2656,2199,2660
RECAL 1 3 21 7 7 53,RECAL 3 0 9999 9999 64 4 80,RECAL 3 1 9999 -228 64 4 80,-290,2613,18,16,-258206,-262338,-228.2,2681,-226,2685
RECAL 1 3 21 8 8 53,RECAL 3 0 9999 9999 64 4 80,RECAL 3 1 9999 142 64 4 80,112,2026,17,7,-250124,-252069,142.2,2095,140,2094
RECAL 1 3 21 9 9 53,RECAL 3 0 9999 9999 128 4 80,RECAL 3 1 9999 -89 128 4 80,-196,1142,33,27,-243763,-243978,-88.67,1268,-88,1274
RECAL 1 3 21 10 10 53,RECAL 3 0 9999 9999 64 4 80,RECAL 3 1 9999 312 64 4 80,265,-1200,16,11,-242605,-242605,312.4,-1136,309,-1136
RECAL 1 3 21 11 11 53,RECAL 3 0 9999 9999 64 4 80,RECAL 3 1 9999 -545 64 4 80,-601,-2078,15,14,-249911,-250357,-545.1,-2017,-545,-2018
RECAL 1 3 21 12 12 53,RECAL 3 0 9999 9999 64 4 80,RECAL 3 1 9999 350 64 4 80,290,-2679,15,14,-248034,-249988,349.6,-2619,346,-2619
RECAL 1 3 21 13 13 53,RECAL 3 0 9999 9999 64 4 80,RECAL 3 1 9999 -2172 64 4 80,-2230,-2709,15,15,-252343,-253331,-2172,-2647,-2170,-2649
RECAL 1 3 21 14 14 53,RECAL 3 0 9999 9999 64 4 80,RECAL 3 1 9999 -2248 64 4 80,-2307,-2118,15,15,-251905,-252299,-2248,-2056,-2247,-2058
RECAL 1 3 21 15 15 53,RECAL 3 0 9999 9999 64 4 80,RECAL 3 1 9999 -2176 64 4 80,-2235,-1272,16,15,-248934,-248933,-2176,-1207,-2175,-1208
RECAL 1 3 21 16 16 53,RECAL 3 0 9999 9999 64 4 80,RECAL 3 1 9999 -2190 64 4 80,-2249,1131,17,15,-246909,-247328,-2190,1199,-2189,1199
RECAL 1 3 21 17 17 53,RECAL 3 0 9999 9999 64 4 80,RECAL 3 1 9999 -2190 64 4 80,-2251,1983,17,15,-251994,-253929,-2190,2052,-2191,2051
RECAL 1 3 21 18 18 53,RECAL 3 0 9999 9999 64 4 80,RECAL 3 1 9999 -2201 64 4 80,-2261,2578,17,15,-258487,-260248,-2201,2645,-2201,2646
RECAL 1 3 22 1 1 54,RECAL 3 0 9999 9999 64 4 80,RECAL 3 1 9999 2183 64 4 80,2117,-2859,15,16,-249357,-251974,2183,-2799,2181,-2799
RECAL 1 3 22 2 2 54,RECAL 3 0 9999 9999 64 4 80,RECAL 3 1 9999 2206 64 4 80,2138,-2276,15,17,-244064,-245070,2206,-2215,2206,-2216
RECAL 1 3 22 3 3 54,RECAL 3 0 9999 9999 64 4 80,RECAL 3 1 9999 2233 64 4 80,2167,-1469,16,16,-242108,-242185,2233,-1405,2231,-1405
RECAL 1 3 22 4 4 54,RECAL 3 0 9999 9999 64 4 80,RECAL 3 1 9999 2175 64 4 80,2110,986,16,16,-246020,-246058,2175,1049,2174,1050
RECAL 1 3 22 5 5 54,RECAL 3 0 9999 9999 64 4 80,RECAL 3 1 9999 2224 64 4 80,2158,1942,17,17,-247689,-248160,2224,2009,2226,2010
RECAL 1 3 22 6 6 54,RECAL 3 0 9999 9999 64 4 80,RECAL 3 1 9999 2302 64 4 80,2235,2570,17,17,-248901,-250364,2302,2636,2303,2638
RECAL 1 3 22 7 7 54,RECAL 3 0 9999 9999 64 4 80,RECAL 3 1 9999 771 64 4 80,711,2612,17,15,-245136,-247280,771.1,2680,771,2680
RECAL 1 3 22 8 8 54,RECAL 3 0 9999 9999 64 4 80,RECAL 3 1 9999 443 64 4 80,395,2001,17,12,-242034,-242066,442.7,2067,443,2069
RECAL 1 3 22 9 9 54,RECAL 3 0 9999 9999 64 4 80,RECAL 3 1 9999 -235 64 4 80,-299,1094,16,16,-242409,-242415,-234.9,1158,-235,1158
RECAL 1 3 22 10 10 54,RECAL 3 0 9999 9999 64 4 80,RECAL 3 1 9999 476 64 4 80,423,-1378,15,13,-239273,-239851,476,-1318,475,-1318
RECAL 1 3 22 11 11 54,RECAL 3 0 9999 9999 64 4 80,RECAL 3 1 9999 320 64 4 80,251,-2219,15,17,-238975,-240672,319.6,-2160,319,-2159
RECAL 1 3 22 12 12 54,RECAL 3 0 9999 9999 64 4 80,RECAL 3 1 9999 -148 64 4 80,-216,-2813,15,18,-257528,-261166,-147.5,-2755,-144,-2753
RECAL 1 3 22 13 13 54,RECAL 3 0 9999 9999 64 4 80,RECAL 3 1 9999 -2194 64 4 80,-2256,-2829,15,16,-247288,-250171,-2194,-2770,-2192,-2769
RECAL 1 3 22 14 14 54,RECAL 3 0 9999 9999 64 4 80,RECAL 3 1 9999 -2169 64 4 80,-2229,-2240,15,15,-242567,-244117,-2169,-2180,-2169,-2180
RECAL 1 3 22 15 15 54,RECAL 3 0 9999 9999 64 4 80,RECAL 3 1 9999 -2141 64 4 80,-2201,-1415,15,15,-245167,-245281,-2141,-1353,-2141,-1355
RECAL 1 3 22 16 16 54,RECAL 3 0 9999 9999 64 4 80,RECAL 3 1 9999 -2200 64 4 80,-2257,1049,16,14,-247923,-247936,-2200,1111,-2201,1113
RECAL 1 3 22 17 17 54,RECAL 3 0 9999 9999 64 4 80,RECAL 3 1 9999 -2149 64 4 80,-2208,1974,17,15,-248820,-248944,-2149,2040,-2148,2042
RECAL 1 3 22 18 18 54,RECAL 3 0 9999 9999 64 4 80,RECAL 3 1 9999 -2069 64 4 80,-2126,2592,17,14,-251018,-251734,-2069,2657,-2070,2660
RECAL 1 3 23 1 1 55,RECAL 3 0 9999 9999 64 4 80,RECAL 3 1 9999 2180 64 4 80,2116,-2861,15,16,-235348,-238541,2180,-2802,2180,-2801
RECAL 1 3 23 2 2 55,RECAL 3 0 9999 9999 64 4 80,RECAL 3 1 9999 2083 64 4 80,2016,-2283,15,17,-229920,-230742,2083,-2222,2084,-2223
RECAL 1 3 23 3 3 55,RECAL 3 0 9999 9999 64 4 80,RECAL 3 1 9999 2170 64 4 80,2105,-1490,16,16,-229241,-229242,2170,-1427,2169,-1426
RECAL 1 3 23 4 4 55,RECAL 3 0 9999 9999 64 4 80,RECAL 3 1 9999 2097 64 4 80,2029,940,16,17,-226841,-226841,2097,1005,2097,1004
RECAL 1 3 23 5 5 55,RECAL 3 0 9999 9999 64 4 80,RECAL 3 1 9999 2158 64 4 80,2092,1913,16,17,-229316,-229411,2158,1977,2160,1977
RECAL 1 3 23 6 6 55,RECAL 3 0 9999 9999 64 4 80,RECAL 3 1 9999 2156 64 4 80,2089,2543,17,17,-234397,-235670,2156,2608,2157,2611
RECAL 1 3 23 7 7 55,RECAL 3 0 9999 9999 64 4 80,RECAL 3 1 9999 -423 64 4 80,-497,2500,17,18,-235802,-237353,-423.1,2566,-425,2568
RECAL 1 3 23 8 8 55,RECAL 3 0 9999 9999 64 4 80,RECAL 3 1 9999 -400 64 4 80,-466,1854,17,16,-232003,-232868,-399.6,1922,-402,1922
RECAL 1 3 23 9 9 55,RECAL 3 0 9999 9999 64 4 80,RECAL 3 1 9999 -660 64 4 80,-722,826,16,16,-230263,-230281,-659.9,889.8,-658,890
RECAL 1 3 23 10 10 55,RECAL 3 0 9999 9999 64 4 80,RECAL 3 1 9999 -287 64 4 80,-357,-1560,15,18,-233112,-233395,-287.1,-1499,-285,-1500
RECAL 1 3 23 11 11 55,RECAL 3 0 9999 9999 64 4 80,RECAL 3 1 9999 -716 64 4 80,-774,-2329,15,15,-233769,-234139,-716.3,-2267,-714,-2269
RECAL 1 3 23 12 12 55,RECAL 3 0 9999 -179 64 4 80,RECAL 3 1 9999 -235 64 4 80,-243,-2898,15,2,-245429,-246856,-235,-2835,-235,-2838
RECAL 1 3 23 13 13 55,RECAL 3 0 9999 9999 64 4 80,RECAL 3 1 9999 -2201 64 4 80,-2261,-2886,15,15,-236076,-237993,-2201,-2824,-2201,-2826
RECAL 1 3 23 14 14 55,RECAL 3 0 9999 9999 64 4 80,RECAL 3 1 9999 -2288 64 4 80,-2349,-2317,15,15,-235097,-236235,-2288,-2256,-2289,-2257
RECAL 1 3 23 15 15 55,RECAL 3 0 9999 9999 64 4 80,RECAL 3 1 9999 -2206 64 4 80,-2266,-1545,15,15,-229598,-229716,-2206,-1483,-2206,-1485
RECAL 1 3 23 16 16 55,RECAL 3 0 9999 9999 64 4 80,RECAL 3 1 9999 -2277 64 4 80,-2337,849,16,15,-231594,-231613,-2277,913.9,-2277,913
RECAL 1 3 23 17 17 55,RECAL 3 0 9999 9999 64 4 80,RECAL 3 1 9999 -2219 64 4 80,-2280,1866,16,15,-230771,-230791,-2219,1931,-2220,1930
RECAL 1 3 23 18 18 55,RECAL 3 0 9999 9999 64 4 80,RECAL 3 1 9999 -2225 64 4 80,-2286,2507,17,15,-236933,-238356,-2225,2573,-2226,2575
RECAL 1 3 24 1 1 56,RECAL 3 0 9999 9999 64 4 80,RECAL 3 1 9999 2233 64 4 80,2168,-2669,15,16,-232662,-234007,2233,-2608,2232,-2609
RECAL 1 3 24 2 2 56,RECAL 3 0 9999 9999 64 4 80,RECAL 3 1 9999 2148 64 4 80,2081,-2081,16,17,-230592,-230584,2148,-2018,2149,-2017
RECAL 1 3 24 3 3 56,RECAL 3 0 9999 9999 64 4 80,RECAL 3 1 9999 2226 64 4 80,2160,-1227,16,16,-226601,-226666,2226,-1162,2224,-1163
RECAL 1 3 24 4 4 56,RECAL 3 0 9999 9999 64 4 80,RECAL 3 1 9999 2223 64 4 80,2156,1147,17,17,-228025,-228251,2223,1214,2224,1215
RECAL 1 3 24 5 5 56,RECAL 3 0 9999 9999 64 4 80,RECAL 3 1 9999 2216 64 4 80,2150,1982,17,17,-229471,-230567,2216,2049,2218,2050
RECAL 1 3 24 6 6 56,RECAL 3 0 9999 9999 64 4 80,RECAL 3 1 9999 2205 64 4 80,2138,2564,18,17,-234621,-238512,2205,2633,2206,2636
RECAL 1 3 24 7 7 56,RECAL 3 0 9999 9999 64 4 80,RECAL 3 1 9999 267 64 4 80,220,2592,17,12,-232166,-234944,267.4,2663,268,2660
RECAL 1 3 24 8 8 56,RECAL 3 0 9999 9999 64 4 80,RECAL 3 1 9999 375 64 4 80,330,2016,17,11,-229868,-231847,375.5,2085,374,2084
RECAL 1 3 24 9 9 56,RECAL 3 0 9999 9999 64 4 80,RECAL 3 1 9999 408 64 4 80,354,1207,17,14,-228630,-228719,407.9,1273,410,1275
RECAL 1 3 24 10 10 56,RECAL 3 0 9999 9999 64 4 80,RECAL 3 1 9999 423 64 4 80,376,-1162,16,12,-227926,-227938,422.8,-1100,424,-1098
RECAL 1 3 24 11 11 56,RECAL 3 0 9999 9999 64 4 80,RECAL 3 1 9999 -444 64 4 80,-488,-2042,15,11,-235639,-235803,-443.8,-1980,-444,-1982
RECAL 1 3 24 12 12 56,RECAL 3 0 9999 9999 64 4 80,RECAL 3 1 9999 474 64 4 80,419,-2639,15,14,-242334,-245756,473.8,-2582,475,-2579
RECAL 1 3 24 13 13 56,RECAL 3 0 9999 9999 64 4 80,RECAL 3 1 9999 -2138 64 4 80,-2197,-2672,15,15,-241112,-244066,-2138,-2614,-2137,-2612
RECAL 1 3 24 14 14 56,RECAL 3 0 9999 9999 64 4 80,RECAL 3 1 9999 -2221 64 4 80,-2280,-2085,15,15,-237228,-238080,-2221,-2025,-2220,-2025
RECAL 1 3 24 15 15 56,RECAL 3 0 9999 9999 64 4 80,RECAL 3 1 9999 -2144 64 4 80,-2201,-1239,16,14,-236796,-236841,-2144,-1176,-2145,-1175
RECAL 1 3 24 16 16 56,RECAL 3 0 9999 9999 64 4 80,RECAL 3 1 9999 -2147 64 4 80,-2203,1132,17,14,-234016,-234343,-2147,1199,-2147,1200
RECAL 1 3 24 17 17 56,RECAL 3 0 9999 9999 64 4 80,RECAL 3 1 9999 -2155 64 4 80,-2212,1969,17,14,-240353,-242480,-2155,2039,-2156,2037
RECAL 1 3 24 18 18 56,RECAL 3 0 9999 9999 64 4 80,RECAL 3 1 9999 -2169 64 4 80,-2229,2555,17,15,-238010,-240594,-2169,2625,-2169,2623
RECAL 1 3 25 1 1 57,RECAL 3 0 9999 9999 64 4 80,RECAL 3 1 9999 2209 64 4 80,2144,-2695,15,16,-243135,-244629,2209,-2632,2208,-2635
RECAL 1 3 25 2 2 57,RECAL 3 0 9999 9999 64 4 80,RECAL 3 1 9999 2146 64 4 80,2080,-2104,16,17,-233675,-233719,2146,-2042,2148,-2040
RECAL 1 3 25 3 3 57,RECAL 3 0 9999 9999 64 4 80,RECAL 3 1 9999 2121 64 4 80,2057,-1252,16,16,-231469,-231466,2121,-1188,2121,-1188
RECAL 1 3 25 4 4 57,RECAL 3 0 9999 9999 64 4 80,RECAL 3 1 9999 2124 64 4 80,2061,1149,16,16,-230607,-230620,2124,1214,2125,1213
RECAL 1 3 25 5 5 57,RECAL 3 0 9999 9999 64 4 80,RECAL 3 1 9999 2130 64 4 80,2063,1990,17,17,-230022,-231190,2130,2057,2131,2058
RECAL 1 3 25 6 6 57,RECAL 3 0 9999 9999 64 4 80,RECAL 3 1 9999 2192 64 4 80,2126,2578,17,16,-236355,-238679,2192,2646,2190,2646
RECAL 1 3 25 7 7 57,RECAL 3 0 9999 9999 64 4 80,RECAL 3 1 9999 -256 64 4 80,-283,2547,17,7,-239658,-240689,-256.4,2612,-255,2615
RECAL 1 3 25 8 8 57,RECAL 3 0 9999 9999 64 4 80,RECAL 3 1 9999 -597 64 4 80,-654,1950,17,14,-234101,-234508,-596.5,2016,-598,2018
RECAL 1 3 25 9 9 57,RECAL 3 0 9999 9999 64 4 80,RECAL 3 1 9999 -605 64 4 80,-661,1080,16,14,-231071,-231077,-605.2,1145,-605,1144
RECAL 1 3 25 10 10 57,RECAL 3 0 9999 9999 64 4 80,RECAL 3 1 9999 -622 64 4 80,-687,-1316,15,16,-234798,-234878,-622.4,-1254,-623,-1256
RECAL 1 3 25 11 11 57,RECAL 3 0 9999 9999 64 4 80,RECAL 3 1 9999 -527 64 4 80,-585,-2142,15,15,-235350,-236081,-526.8,-2080,-525,-2082
RECAL 1 3 25 12 12 57,RECAL 3 0 9999 9999 64 4 80,RECAL 3 1 9999 150 64 4 80,103,-2725,15,12,-244189,-246550,149.9,-2664,151,-2665
RECAL 1 3 25 13 13 57,RECAL 3 0 9999 9999 64 4 80,RECAL 3 1 9999 -2195 64 4 80,-2255,-2697,15,15,-242812,-244984,-2195,-2636,-2195,-2637
RECAL 1 3 25 14 14 57,RECAL 3 0 9999 9999 64 4 80,RECAL 3 1 9999 -2249 64 4 80,-2309,-2109,15,15,-243475,-244622,-2249,-2049,-2249,-2049
RECAL 1 3 25 15 15 57,RECAL 3 0 9999 9999 64 4 80,RECAL 3 1 9999 -2271 64 4 80,-2328,-1262,16,14,-237053,-237091,-2271,-1200,-2272,-1198
RECAL 1 3 25 16 16 57,RECAL 3 0 9999 9999 64 4 80,RECAL 3 1 9999 -2269 64 4 80,-2328,1136,16,15,-234439,-234430,-2269,1199,-2268,1200
RECAL 1 3 25 17 17 57,RECAL 3 0 9999 9999 64 4 80,RECAL 3 1 9999 -2266 64 4 80,-2325,1981,17,15,-235791,-236064,-2266,2046,-2265,2049
RECAL 1 3 25 18 18 57,RECAL 3 0 9999 9999 64 4 80,RECAL 3 1 9999 -2209 64 4 80,-2270,2568,17,15,-238410,-240119,-2209,2635,-2210,2636
RECAL 1 3 26 1 1 58,RECAL 3 0 9999 9999 64 4 80,RECAL 3 1 9999 2149 64 4 80,2086,-2722,15,16,-247842,-250286,2149,-2662,2150,-2662
RECAL 1 3 26 2 2 58,RECAL 3 0 9999 9999 64 4 80,RECAL 3 1 9999 2128 64 4 80,2063,-2119,15,16,-247117,-247635,2128,-2057,2127,-2059
RECAL 1 3 26 3 3 58,RECAL 3 0 9999 9999 64 4 80,RECAL 3 1 9999 2157 64 4 80,2093,-1249,16,16,-242959,-242986,2157,-1184,2157,-1185
RECAL 1 3 26 4 4 58,RECAL 3 0 9999 9999 64 4 80,RECAL 3 1 9999 2085 64 4 80,2022,1177,17,16,-245404,-245611,2085,1244,2086,1245
RECAL 1 3 26 5 5 58,RECAL 3 0 9999 9999 64 4 80,RECAL 3 1 9999 2146 64 4 80,2080,2022,17,16,-252287,-254236,2146,2091,2144,2090
RECAL 1 3 26 6 6 58,RECAL 3 0 9999 9999 64 4 80,RECAL 3 1 9999 2127 64 4 80,2063,2618,17,16,-261107,-264202,2127,2687,2127,2686
RECAL 1 3 26 7 7 58,RECAL 3 0 9999 -10 200 4 80,RECAL 3 1 9999 46 200 4 80,-210,2500,51,64,-263472,-266890,45.6,2705,46,2704
RECAL 1 3 26 8 8 58,RECAL 3 0 9999 9999 64 4 80,RECAL 3 1 9999 318 64 4 80,256,2045,17,16,-249685,-251667,318.4,2114,320,2113
RECAL 1 3 26 9 9 58,RECAL 3 0 9999 9999 64 4 80,RECAL 3 1 9999 -431 64 4 80,-485,1216,17,14,-249255,-249623,-430.6,1284,-429,1284
RECAL 1 3 26 10 10 58,RECAL 3 0 9999 9999 64 4 80,RECAL 3 1 9999 383 64 4 80,321,-1205,16,15,-245462,-245481,383.2,-1142,381,-1141
RECAL 1 3 26 11 11 58,RECAL 3 0 9999 9999 128 4 80,RECAL 3 1 9999 83 128 4 80,-29,-2159,31,27,-246174,-246588,82.81,-2031,79,-2035
RECAL 1 3 26 12 12 58,RECAL 3 0 9999 9999 64 4 80,RECAL 3 1 9999 332 64 4 80,285,-2701,15,12,-246804,-249924,331.5,-2643,333,-2641
RECAL 1 3 26 13 13 58,RECAL 3 0 9999 9999 64 4 80,RECAL 3 1 9999 -2111 64 4 80,-2169,-2724,15,15,-253045,-256113,-2111,-2666,-2109,-2664
RECAL 1 3 26 14 14 58,RECAL 3 0 9999 9999 64 4 80,RECAL 3 1 9999 -2100 64 4 80,-2158,-1264,16,14,-252420,-252478,-2100,-1201,-2102,-1200
RECAL 1 3 26 15 15 58,RECAL 3 0 9999 9999 64 4 80,RECAL 3 1 9999 -2129 64 4 80,-2187,-2124,15,15,-254181,-255830,-2129,-2065,-2127,-2064
RECAL 1 3 26 16 16 58,RECAL 3 0 9999 9999 64 4 80,RECAL 3 1 9999 -2170 64 4 80,-2229,1158,17,15,-254848,-255234,-2170,1226,-2169,1226
RECAL 1 3 26 17 17 58,RECAL 3 0 9999 9999 64 4 80,RECAL 3 1 9999 -2110 64 4 80,-2170,2012,17,15,-263019,-263635,-2110,2078,-2110,2080
RECAL 1 3 26 18 18 58,RECAL 3 0 9999 9999 64 4 80,RECAL 3 1 9999 -2134 64 4 80,-2191,2606,18,14,-264512,-268263,-2134,2674,-2135,2678
RECAL 1 3 27 1 1 59,RECAL 3 0 9999 9999 64 4 80,RECAL 3 1 9999 2412 64 4 80,2352,-2792,15,15,-254979,-257382,2412,-2734,2412,-2732
RECAL 1 3 27 2 2 59,RECAL 3 0 9999 9999 64 4 80,RECAL 3 1 9999 2382 64 4 80,2319,-2173,15,16,-251681,-252306,2382,-2112,2383,-2113
RECAL 1 3 27 3 3 59,RECAL 3 0 9999 9999 64 4 80,RECAL 3 1 9999 2347 64 4 80,2282,-1271,15,16,-250052,-250117,2347,-1209,2346,-1211
RECAL 1 3 27 4 4 59,RECAL 3 0 9999 9999 64 4 80,RECAL 3 1 9999 2318 64 4 80,2255,1224,16,16,-248608,-248658,2318,1289,2319,1288
RECAL 1 3 27 5 5 59,RECAL 3 0 9999 9999 64 4 80,RECAL 3 1 9999 2367 64 4 80,2304,2089,17,16,-251762,-252303,2367,2155,2368,2157
RECAL 1 3 27 6 6 59,RECAL 3 0 9999 9999 64 4 80,RECAL 3 1 9999 2344 64 4 80,2280,2696,17,16,-253951,-256768,2344,2766,2344,2764
RECAL 1 3 27 7 7 59,RECAL 3 0 9999 9999 64 4 80,RECAL 3 1 9999 834 64 4 80,778,2674,17,14,-257775,-260879,834.2,2744,834,2742
RECAL 1 3 27 8 8 59,RECAL 3 0 9999 9999 64 4 80,RECAL 3 1 9999 880 64 4 80,823,2061,17,14,-255355,-256587,879.8,2129,879,2129
RECAL 1 3 27 9 9 59,RECAL 3 0 9999 9999 64 4 80,RECAL 3 1 9999 722 64 4 80,669,1179,17,13,-255682,-255713,722.4,1245,721,1247
RECAL 1 3 27 10 10 59,RECAL 3 0 9999 9999 64 4 80,RECAL 3 1 9999 813 64 4 80,758,-1318,15,14,-256826,-257113,812.7,-1257,814,-1258
RECAL 1 3 27 11 11 59,RECAL 3 0 9999 9999 64 4 80,RECAL 3 1 9999 916 64 4 80,864,-2201,15,13,-258058,-258277,916.1,-2139,916,-2141
RECAL 1 3 27 12 12 59,RECAL 3 0 9999 9999 64 4 80,RECAL 3 1 9999 1014 64 4 80,960,-2811,15,13,-259996,-263282,1014,-2755,1012,-2751
RECAL 1 3 27 13 13 59,RECAL 3 0 9999 9999 64 4 80,RECAL 3 1 9999 -1993 64 4 80,-2047,-2793,15,13,-259390,-261368,-1993,-2734,-1995,-2733
RECAL 1 3 27 14 14 59,RECAL 3 0 9999 9999 64 4 80,RECAL 3 1 9999 -2026 64 4 80,-2081,-2175,15,14,-255233,-255955,-2026,-2115,-2025,-2115
RECAL 1 3 27 15 15 59,RECAL 3 0 9999 9999 64 4 80,RECAL 3 1 9999 -2065 64 4 80,-2121,-1279,16,14,-256718,-256726,-2065,-1216,-2065,-1215
RECAL 1 3 27 16 16 59,RECAL 3 0 9999 9999 64 4 80,RECAL 3 1 9999 -2097 64 4 80,-2152,1213,17,14,-257440,-257712,-2097,1280,-2096,1281
RECAL 1 3 27 17 17 59,RECAL 3 0 9999 9999 64 4 80,RECAL 3 1 9999 -2042 64 4 80,-2099,2084,17,14,-264549,-265104,-2042,2150,-2043,2152
RECAL 1 3 27 18 18 59,RECAL 3 0 9999 9999 64 4 80,RECAL 3 1 9999 -2070 64 4 80,-2125,2689,17,14,-265122,-267620,-2070,2758,-2069,2757
RECAL 1 3 28 1 1 60,RECAL 3 0 9999 9999 64 4 80,RECAL 3 1 9999 2235 64 4 80,2168,-2779,15,17,-249497,-251182,2235,-2718,2236,-2719
RECAL 1 3 28 2 2 60,RECAL 3 0 9999 9999 64 4 80,RECAL 3 1 9999 2143 64 4 80,2079,-2169,16,16,-248271,-248253,2143,-2107,2143,-2105
RECAL 1 3 28 3 3 60,RECAL 3 0 9999 9999 64 4 80,RECAL 3 1 9999 2225 64 4 80,2159,-1279,15,17,-248591,-248743,2225,-1217,2227,-1219
RECAL 1 3 28 4 4 60,RECAL 3 0 9999 9999 64 4 80,RECAL 3 1 9999 2220 64 4 80,2152,1212,17,17,-250692,-251205,2220,1280,2220,1280
RECAL 1 3 28 5 5 60,RECAL 3 0 9999 9999 64 4 80,RECAL 3 1 9999 2188 64 4 80,2121,2078,17,17,-256108,-257314,2188,2145,2189,2146
RECAL 1 3 28 6 6 60,RECAL 3 0 9999 9999 64 4 80,RECAL 3 1 9999 2199 64 4 80,2136,2682,17,16,-263357,-266125,2199,2749,2200,2750
RECAL 1 3 28 7 7 60,RECAL 3 0 9999 9999 64 4 80,RECAL 3 1 9999 -239 64 4 80,-265,2643,17,5,-261812,-265163,-239.1,2712,-245,2711
RECAL 1 3 28 8 8 60,RECAL 3 0 9999 9999 64 4 80,RECAL 3 1 9999 -312 64 4 80,-375,2029,17,16,-253023,-254483,-312,2097,-311,2097
RECAL 1 3 28 9 9 60,RECAL 3 0 9999 9999 64 4 80,RECAL 3 1 9999 258 64 4 80,183,1131,17,18,-251580,-252148,258.2,1200,255,1199
RECAL 1 3 28 10 10 60,RECAL 3 0 9999 9999 64 4 80,RECAL 3 1 9999 325 64 4 80,281,-1360,16,12,-248280,-248290,325.4,-1296,329,-1296
RECAL 1 3 28 11 11 60,RECAL 3 0 9999 9999 64 4 80,RECAL 3 1 9999 -558 64 4 80,-623,-2215,16,16,-252249,-252272,-558.2,-2153,-559,-2151
RECAL 1 3 28 12 12 60,RECAL 3 0 9999 9999 64 4 80,RECAL 3 1 9999 391 64 4 80,318,-2813,15,18,-252411,-254540,391.3,-2753,390,-2753
RECAL 1 3 28 13 13 60,RECAL 3 0 9999 9999 64 4 80,RECAL 3 1 9999 -2179 64 4 80,-2239,-2781,15,15,-256313,-258425,-2179,-2721,-2179,-2721
RECAL 1 3 28 14 14 60,RECAL 3 0 9999 9999 64 4 80,RECAL 3 1 9999 -2264 64 4 80,-2322,-2176,16,14,-254893,-255022,-2264,-2114,-2266,-2112
RECAL 1 3 28 15 15 60,RECAL 3 0 9999 9999 64 4 80,RECAL 3 1 9999 -2184 64 4 80,-2244,-1296,16,15,-256386,-256402,-2184,-1230,-2184,-1232
RECAL 1 3 28 16 16 60,RECAL 3 0 9999 9999 64 4 80,RECAL 3 1 9999 -2190 64 4 80,-2251,1195,17,15,-257992,-258606,-2190,1264,-2191,1263
RECAL 1 3 28 17 17 60,RECAL 3 0 9999 9999 64 4 80,RECAL 3 1 9999 -2222 64 4 80,-2282,2066,17,15,-266814,-268385,-2222,2134,-2222,2134
RECAL 1 3 28 18 18 60,RECAL 3 0 9999 9999 64 4 80,RECAL 3 1 9999 -2215 64 4 80,-2275,2671,17,15,-271580,-274044,-2215,2738,-2215,2739
RECAL 1 3 29 1 1 61,RECAL 3 0 9999 9999 64 4 80,RECAL 3 1 9999 2153 64 4 80,2088,-2806,15,16,-246071,-249324,2153,-2748,2152,-2746
RECAL 1 3 29 2 2 61,RECAL 3 0 9999 9999 64 4 80,RECAL 3 1 9999 2127 64 4 80,2061,-2199,15,16,-241532,-242021,2127,-2138,2125,-2139
RECAL 1 3 29 3 3 61,RECAL 3 0 9999 9999 64 4 80,RECAL 3 1 9999 2099 64 4 80,2033,-1324,15,16,-240085,-240340,2099,-1263,2097,-1264
RECAL 1 3 29 4 4 61,RECAL 3 0 9999 9999 64 4 80,RECAL 3 1 9999 2209 64 4 80,2145,1167,16,16,-238876,-238889,2209,1233,2209,1231
RECAL 1 3 29 5 5 61,RECAL 3 0 9999 9999 64 4 80,RECAL 3 1 9999 2163 64 4 80,2099,2054,17,16,-241132,-241242,2163,2119,2163,2122
RECAL 1 3 29 6 6 61,RECAL 3 0 9999 9999 64 4 80,RECAL 3 1 9999 2240 64 4 80,2173,2662,17,17,-245476,-248643,2240,2731,2241,2730
RECAL 1 3 29 7 7 61,RECAL 3 0 9999 9999 64 4 80,RECAL 3 1 9999 392 64 4 80,329,2707,17,15,-240237,-242433,391.9,2774,389,2775
RECAL 1 3 29 8 8 61,RECAL 3 0 9999 9999 64 4 80,RECAL 3 1 9999 -476 64 4 80,-530,2109,17,13,-243000,-244013,-475.8,2176,-478,2177
RECAL 1 3 29 9 9 61,RECAL 3 0 9999 158 64 4 80,RECAL 3 1 9999 116 64 4 80,94,1263,17,6,-240097,-240213,116.1,1329,118,1331
RECAL 1 3 29 10 10 61,RECAL 3 0 9999 9999 64 4 80,RECAL 3 1 9999 -719 64 4 80,-781,-1227,16,15,-238247,-238248,-719.4,-1161,-721,-1163
RECAL 1 3 29 11 11 61,RECAL 3 0 9999 9999 64 4 80,RECAL 3 1 9999 -635 64 4 80,-694,-2139,15,14,-248138,-249691,-635.4,-2080,-638,-2079
RECAL 1 3 29 12 12 61,RECAL 3 0 9999 9999 64 4 80,RECAL 3 1 9999 -549 64 4 80,-597,-2760,15,12,-243393,-245780,-549.3,-2700,-549,-2700
RECAL 1 3 29 13 13 61,RECAL 3 0 9999 9999 64 4 80,RECAL 3 1 9999 -2262 64 4 80,-2318,-2783,15,14,-254993,-258434,-2262,-2726,-2262,-2723
RECAL 1 3 29 14 14 61,RECAL 3 0 9999 9999 64 4 80,RECAL 3 1 9999 -2285 64 4 80,-2342,-2172,15,14,-247934,-248824,-2285,-2112,-2286,-2112
RECAL 1 3 29 15 15 61,RECAL 3 0 9999 9999 64 4 80,RECAL 3 1 9999 -2309 64 4 80,-2367,-1284,16,14,-241932,-242010,-2309,-1222,-2311,-1220
RECAL 1 3 29 16 16 61,RECAL 3 0 9999 9999 64 4 80,RECAL 3 1 9999 -2203 64 4 80,-2263,1207,16,15,-238818,-238818,-2203,1272,-2203,1271
RECAL 1 3 29 17 17 61,RECAL 3 0 9999 9999 64 4 80,RECAL 3 1 9999 -2249 64 4 80,-2307,2075,17,15,-242163,-242488,-2249,2141,-2247,2143
RECAL 1 3 29 18 18 61,RECAL 3 0 9999 9999 64 4 80,RECAL 3 1 9999 -2178 64 4 80,-2236,2681,16,15,-251045,-251220,-2178,2747,-2176,2745
RECAL 1 3 30 1 1 62,RECAL 3 0 9999 9999 64 4 80,RECAL 3 1 9999 2235 64 4 80,2168,-2736,15,17,-235435,-237030,2235,-2675,2236,-2676
RECAL 1 3 30 2 2 62,RECAL 3 0 9999 9999 64 4 80,RECAL 3 1 9999 2145 64 4 80,2080,-2138,16,16,-237031,-237049,2145,-2075,2144,-2074
RECAL 1 3 30 3 3 62,RECAL 3 0 9999 9999 64 4 80,RECAL 3 1 9999 2127 64 4 80,2062,-1276,16,16,-234688,-234702,2127,-1212,2126,-1212
RECAL 1 3 30 4 4 62,RECAL 3 0 9999 9999 64 4 80,RECAL 3 1 9999 2207 64 4 80,2142,1138,17,16,-235576,-235853,2207,1205,2206,1206
RECAL 1 3 30 5 5 62,RECAL 3 0 9999 9999 64 4 80,RECAL 3 1 9999 2191 64 4 80,2125,2002,17,17,-237337,-238756,2191,2070,2193,2070
RECAL 1 3 30 6 6 62,RECAL 3 0 9999 9999 64 4 80,RECAL 3 1 9999 2180 64 4 80,2114,2604,17,16,-250099,-251922,2180,2670,2178,2672
RECAL 1 3 30 7 7 62,RECAL 3 0 9999 9999 64 4 80,RECAL 3 1 9999 -494 64 4 80,-535,2629,17,10,-248500,-250339,-493.5,2695,-495,2697
RECAL 1 3 30 8 8 62,RECAL 3 0 9999 9999 64 4 80,RECAL 3 1 9999 -423 64 4 80,-484,2035,17,15,-238740,-239724,-423.2,2102,-424,2103
RECAL 1 3 30 9 9 62,RECAL 3 0 9999 9999 64 4 80,RECAL 3 1 9999 -303 64 4 80,-353,1194,17,13,-237895,-238076,-302.8,1261,-301,1262
RECAL 1 3 30 10 10 62,RECAL 3 0 9999 9999 64 4 80,RECAL 3 1 9999 -684 64 4 80,-743,-1217,16,15,-238963,-238972,-683.9,-1154,-683,-1153
RECAL 1 3 30 11 11 62,RECAL 3 0 9999 9999 64 4 80,RECAL 3 1 9999 -630 64 4 80,-690,-2103,16,15,-238652,-238683,-629.8,-2041,-630,-2039
RECAL 1 3 30 12 12 62,RECAL 3 0 9999 9999 64 4 80,RECAL 3 1 9999 213 64 4 80,169,-2707,15,11,-250780,-253669,212.9,-2649,213,-2647
RECAL 1 3 30 13 13 62,RECAL 3 0 9999 9999 64 4 80,RECAL 3 1 9999 -2200 64 4 80,-2258,-2715,15,14,-247328,-249936,-2200,-2656,-2202,-2655
RECAL 1 3 30 14 14 62,RECAL 3 0 9999 9999 64 4 80,RECAL 3 1 9999 -2279 64 4 80,-2335,-2114,15,14,-250603,-250625,-2279,-2052,-2279,-2054
RECAL 1 3 30 15 15 62,RECAL 3 0 9999 9999 64 4 80,RECAL 3 1 9999 -2297 64 4 80,-2354,-1240,16,14,-243524,-243547,-2297,-1175,-2298,-1176
RECAL 1 3 30 16 16 62,RECAL 3 0 9999 9999 64 4 80,RECAL 3 1 9999 -2223 64 4 80,-2281,1172,17,14,-242799,-243093,-2223,1239,-2225,1240
RECAL 1 3 30 17 17 62,RECAL 3 0 9999 9999 64 4 80,RECAL 3 1 9999 -2239 64 4 80,-2297,2020,17,14,-246890,-248352,-2239,2088,-2241,2088
RECAL 1 3 30 18 18 62,RECAL 3 0 9999 9999 64 4 80,RECAL 3 1 9999 -2249 64 4 80,-2306,2616,17,14,-251528,-254131,-2249,2684,-2250,2684
RECAL 1 3 31 1 1 63,RECAL 3 0 9999 9999 64 4 80,RECAL 3 1 9999 2184 64 4 80,2118,-2862,15,17,-243571,-245153,2184,-2800,2186,-2802
RECAL 1 3 31 2 2 63,RECAL 3 0 9999 9999 64 4 80,RECAL 3 1 9999 2096 64 4 80,2032,-2280,15,16,-238845,-238919,2096,-2217,2096,-2220
RECAL 1 3 31 3 3 63,RECAL 3 0 9999 9999 64 4 80,RECAL 3 1 9999 2079 64 4 80,2015,-1477,16,16,-237840,-237845,2079,-1412,2079,-1413
RECAL 1 3 31 4 4 63,RECAL 3 0 9999 9999 64 4 80,RECAL 3 1 9999 2061 64 4 80,1999,979,16,15,-236463,-236545,2061,1044,2059,1043
RECAL 1 3 31 5 5 63,RECAL 3 0 9999 9999 64 4 80,RECAL 3 1 9999 2139 64 4 80,2075,1937,17,16,-237649,-237686,2139,2002,2139,2005
RECAL 1 3 31 6 6 63,RECAL 3 0 9999 9999 64 4 80,RECAL 3 1 9999 2127 64 4 80,2062,2567,17,16,-247141,-249585,2127,2635,2126,2635
RECAL 1 3 31 7 7 63,RECAL 3 0 9999 9999 64 4 80,RECAL 3 1 9999 -550 64 4 80,-605,2542,17,14,-242860,-244965,-549.7,2609,-549,2610
RECAL 1 3 31 8 8 63,RECAL 3 0 9999 9999 64 4 80,RECAL 3 1 9999 -461 64 4 80,-503,1904,17,10,-239444,-239847,-461.2,1970,-463,1972
RECAL 1 3 31 9 9 63,RECAL 3 0 9999 9999 64 4 80,RECAL 3 1 9999 -751 64 4 80,-806,918,16,14,-237756,-237762,-751.3,983.6,-750,982
RECAL 1 3 31 10 10 63,RECAL 3 0 9999 9999 64 4 80,RECAL 3 1 9999 -699 64 4 80,-752,-1515,15,13,-239859,-240009,-698.9,-1453,-700,-1455
RECAL 1 3 31 11 11 63,RECAL 3 0 9999 9999 64 4 80,RECAL 3 1 9999 -653 64 4 80,-706,-2304,15,13,-240917,-241858,-653,-2243,-654,-2244
RECAL 1 3 31 12 12 63,RECAL 3 0 9999 9999 64 4 80,RECAL 3 1 9999 -88 64 4 80,-186,-2882,15,25,-247903,-249454,-88.15,-2820,-86,-2822
RECAL 1 3 31 13 13 63,RECAL 3 0 9999 9999 64 4 80,RECAL 3 1 9999 -2185 64 4 80,-2240,-2860,15,14,-258215,-259679,-2185,-2799,-2184,-2800
RECAL 1 3 31 14 14 63,RECAL 3 0 9999 9999 64 4 80,RECAL 3 1 9999 -2264 64 4 80,-2322,-2280,16,15,-249405,-249484,-2264,-2218,-2262,-2216
RECAL 1 3 31 15 15 63,RECAL 3 0 9999 9999 64 4 80,RECAL 3 1 9999 -2280 64 4 80,-2339,-1478,16,15,-246261,-246297,-2280,-1415,-2279,-1414
RECAL 1 3 31 16 16 63,RECAL 3 0 9999 9999 64 4 80,RECAL 3 1 9999 -2297 64 4 80,-2354,969,16,14,-243329,-243381,-2297,1034,-2298,1033
RECAL 1 3 31 17 17 63,RECAL 3 0 9999 9999 64 4 80,RECAL 3 1 9999 -2225 64 4 80,-2282,1929,17,14,-247750,-248454,-2225,1996,-2226,1997
RECAL 1 3 31 18 18 63,RECAL 3 0 9999 9999 64 4 80,RECAL 3 1 9999 -2240 64 4 80,-2299,2560,17,15,-256980,-258925,-2240,2627,-2239,2628
RECAL 1 3 32 1 1 64,RECAL 3 0 9999 9999 64 4 80,RECAL 3 1 9999 2403 64 4 80,2337,-2714,15,17,-242843,-245797,2403,-2654,2405,-2654
RECAL 1 3 32 2 2 64,RECAL 3 0 9999 9999 64 4 80,RECAL 3 1 9999 2321 64 4 80,2253,-2110,15,17,-243074,-244001,2321,-2050,2321,-2050
RECAL 1 3 32 3 3 64,RECAL 3 0 9999 9999 64 4 80,RECAL 3 1 9999 2319 64 4 80,2253,-1227,15,17,-239922,-240160,2319,-1166,2321,-1167
RECAL 1 3 32 4 4 64,RECAL 3 0 9999 9999 64 4 80,RECAL 3 1 9999 2389 64 4 80,2322,1193,16,17,-243569,-243627,2389,1259,2390,1257
RECAL 1 3 32 5 5 64,RECAL 3 0 9999 9999 64 4 80,RECAL 3 1 9999 2385 64 4 80,2320,2032,17,16,-249132,-249813,2385,2098,2384,2100
RECAL 1 3 32 6 6 64,RECAL 3 0 9999 9999 64 4 80,RECAL 3 1 9999 2380 64 4 80,2314,2625,17,16,-251525,-253267,2380,2692,2378,2693
RECAL 1 3 32 7 7 64,RECAL 3 0 9999 9999 64 4 80,RECAL 3 1 9999 882 64 4 80,816,2594,17,16,-251894,-252809,882,2660,880,2662
RECAL 1 3 32 8 8 64,RECAL 3 0 9999 9999 64 4 80,RECAL 3 1 9999 867 64 4 80,803,1995,17,16,-247664,-248330,867.1,2061,867,2063
RECAL 1 3 32 9 9 64,RECAL 3 0 9999 9999 64 4 80,RECAL 3 1 9999 889 64 4 80,825,1131,16,16,-246733,-246731,889.4,1194,889,1195
RECAL 1 3 32 10 10 64,RECAL 3 0 9999 9999 64 4 80,RECAL 3 1 9999 677 64 4 80,615,-1287,15,15,-242281,-242455,676.9,-1226,675,-1227
RECAL 1 3 32 11 11 64,RECAL 3 0 9999 9999 64 4 80,RECAL 3 1 9999 683 64 4 80,613,-2142,15,18,-248296,-249064,683,-2081,685,-2082
RECAL 1 3 32 12 12 64,RECAL 3 0 9999 9999 64 4 80,RECAL 3 1 9999 946 64 4 80,878,-2740,15,17,-246641,-248550,945.9,-2678,946,-2680
RECAL 1 3 32 13 13 64,RECAL 3 0 9999 9999 64 4 80,RECAL 3 1 9999 -2038 64 4 80,-2100,-2734,15,15,-249434,-251397,-2038,-2674,-2040,-2674
RECAL 1 3 32 14 14 64,RECAL 3 0 9999 9999 64 4 80,RECAL 3 1 9999 -2126 64 4 80,-2187,-2141,15,15,-252414,-253496,-2126,-2081,-2127,-2081
RECAL 1 3 32 15 15 64,RECAL 3 0 9999 9999 64 4 80,RECAL 3 1 9999 -2126 64 4 80,-2186,-1285,16,15,-251530,-251524,-2126,-1223,-2126,-1221
RECAL 1 3 32 16 16 64,RECAL 3 0 9999 9999 64 4 80,RECAL 3 1 9999 -2052 64 4 80,-2112,1133,16,15,-252764,-252787,-2052,1197,-2052,1197
RECAL 1 3 32 17 17 64,RECAL 3 0 9999 9999 64 4 80,RECAL 3 1 9999 -2061 64 4 80,-2121,1998,17,15,-256702,-257202,-2061,2064,-2061,2066
RECAL 1 3 32 18 18 64,RECAL 3 0 9999 9999 64 4 80,RECAL 3 1 9999 -2067 64 4 80,-2128,2596,17,15,-277110,-277378,-2067,2660,-2068,2664
RECAL 1 4 1 1 1 33,RECAL 3 0 9999 9999 64 4 80,RECAL 3 1 9999 2318 64 4 80,2251,-2683,14,17,-231691,-236884,2318,-2624,2319,-2627
RECAL 1 4 1 2 2 33,RECAL 3 0 9999 9999 64 4 80,RECAL 3 1 9999 2312 64 4 80,2244,-2097,16,17,-227807,-227843,2312,-2034,2312,-2033
RECAL 1 4 1 3 3 33,RECAL 3 0 9999 9999 64 4 80,RECAL 3 1 9999 2317 64 4 80,2249,-1247,17,17,-228465,-228807,2317,-1179,2317,-1179
RECAL 1 4 1 4 4 33,RECAL 3 0 9999 9999 64 4 80,RECAL 3 1 9999 2230 64 4 80,2162,1139,18,17,-228065,-229913,2230,1211,2230,1211
RECAL 1 4 1 5 5 33,RECAL 3 0 9999 9999 64 4 80,RECAL 3 1 9999 2317 64 4 80,2249,1983,18,17,-227198,-230537,2317,2053,2317,2055
RECAL 1 4 1 6 6 33,RECAL 3 0 9999 9999 64 4 80,RECAL 3 1 9999 2322 64 4 80,2255,2572,17,17,-232636,-235461,2322,2639,2323,2640
RECAL 1 4 1 7 7 33,RECAL 3 0 9999 9999 64 4 80,RECAL 3 1 9999 885 64 4 80,823,2540,17,16,-234305,-234758,884.9,2603,887,2608
RECAL 1 4 1 8 8 33,RECAL 3 0 9999 9999 64 4 80,RECAL 3 1 9999 858 64 4 80,794,1942,17,16,-228105,-230039,858.4,2011,858,2010
RECAL 1 4 1 9 9 33,RECAL 3 0 9999 9999 64 4 80,RECAL 3 1 9999 555 64 4 80,497,1080,16,14,-227651,-227657,554.7,1145,553,1144
RECAL 1 4 1 10 10 33,RECAL 3 0 9999 9999 64 4 80,RECAL 3 1 9999 854 64 4 80,791,-1317,18,16,-229100,-230110,854.3,-1247,855,-1245
RECAL 1 4 1 11 11 33,RECAL 3 0 9999 9999 64 4 80,RECAL 3 1 9999 840 64 4 80,780,-2134,15,15,-228503,-230614,840.5,-2076,840,-2074
RECAL 1 4 1 12 12 33,RECAL 3 0 9999 9999 64 4 80,RECAL 3 1 9999 857 64 4 80,793,-2714,15,16,-232682,-236159,856.6,-2657,857,-2654
RECAL 1 4 1 13 13 33,RECAL 3 0 9999 9999 64 4 80,RECAL 3 1 9999 -2018 64 4 80,-2077,-2687,16,15,-234932,-234973,-2018,-2621,-2017,-2623
RECAL 1 4 1 14 14 33,RECAL 3 0 9999 9999 64 4 80,RECAL 3 1 9999 -2015 64 4 80,-2074,-2097,16,15,-229645,-229680,-2015,-2034,-2014,-2033
RECAL 1 4 1 15 15 33,RECAL 3 0 9999 9999 64 4 80,RECAL 3 1 9999 -2006 64 4 80,-2065,-1246,17,15,-228961,-229161,-2006,-1179,-2005,-1178
RECAL 1 4 1 16 16 33,RECAL 3 0 9999 9999 64 4 80,RECAL 3 1 9999 -2104 64 4 80,-2162,1140,18,15,-231437,-232744,-2104,1211,-2102,1212
RECAL 1 4 1 17 17 33,RECAL 3 0 9999 9999 64 4 80,RECAL 3 1 9999 -2007 64 4 80,-2066,1980,18,15,-229053,-232385,-2007,2051,-2006,2052
RECAL 1 4 1 18 18 33,RECAL 3 0 9999 9999 64 4 80,RECAL 3 1 9999 -2008 64 4 80,-2067,2569,17,15,-235906,-236469,-2008,2633,-2007,2637
RECAL 1 4 2 1 1 34,RECAL 3 0 9999 9999 64 4 80,RECAL 3 1 9999 2359 64 4 80,2295,-2711,15,16,-220923,-224229,2359,-2654,2359,-2651
RECAL 1 4 2 2 2 34,RECAL 3 0 9999 9999 64 4 80,RECAL 3 1 9999 2288 64 4 80,2222,-2120,15,16,-218714,-219637,2288,-2059,2286,-2060
RECAL 1 4 2 3 3 34,RECAL 3 0 9999 9999 64 4 80,RECAL 3 1 9999 2288 64 4 80,2222,-1263,15,16,-217492,-217572,2288,-1201,2286,-1203
RECAL 1 4 2 4 4 34,RECAL 3 0 9999 9999 64 4 80,RECAL 3 1 9999 2314 64 4 80,2249,1147,17,16,-217886,-218176,2314,1214,2313,1215
RECAL 1 4 2 5 5 34,RECAL 3 0 9999 9999 64 4 80,RECAL 3 1 9999 2374 64 4 80,2309,1997,17,16,-219180,-220789,2374,2066,2373,2065
RECAL 1 4 2 6 6 34,RECAL 3 0 9999 9999 64 4 80,RECAL 3 1 9999 2379 64 4 80,2312,2588,17,17,-222894,-226310,2379,2657,2380,2656
RECAL 1 4 2 7 7 34,RECAL 3 0 9999 9999 64 4 80,RECAL 3 1 9999 977 64 4 80,920,2557,17,14,-222686,-225934,977,2626,976,2625
RECAL 1 4 2 8 8 34,RECAL 3 0 9999 9999 64 4 80,RECAL 3 1 9999 956 64 4 80,902,1959,17,14,-217537,-218935,956.3,2028,958,2027
RECAL 1 4 2 9 9 34,RECAL 3 0 9999 9999 64 4 80,RECAL 3 1 9999 789 64 4 80,740,1085,17,12,-217082,-217521,789,1153,788,1153
RECAL 1 4 2 10 10 34,RECAL 3 0 9999 9999 64 4 80,RECAL 3 1 9999 704 64 4 80,658,-1321,15,12,-217547,-217607,704.3,-1259,706,-1261
RECAL 1 4 2 11 11 34,RECAL 3 0 9999 9999 64 4 80,RECAL 3 1 9999 714 64 4 80,667,-2152,15,12,-219479,-221204,714.2,-2093,715,-2092
RECAL 1 4 2 12 12 34,RECAL 3 0 9999 9999 64 4 80,RECAL 3 1 9999 932 64 4 80,879,-2736,15,13,-220483,-224189,932.4,-2680,931,-2676
RECAL 1 4 2 13 13 34,RECAL 3 0 9999 9999 64 4 80,RECAL 3 1 9999 -2007 64 4 80,-2063,-2729,15,14,-226147,-227621,-2007,-2669,-2007,-2669
RECAL 1 4 2 14 14 34,RECAL 3 0 9999 9999 64 4 80,RECAL 3 1 9999 -2082 64 4 80,-2137,-2143,15,14,-222055,-222905,-2082,-2082,-2081,-2083
RECAL 1 4 2 15 15 34,RECAL 3 0 9999 9999 64 4 80,RECAL 3 1 9999 -2082 64 4 80,-2136,-1305,16,13,-220833,-220899,-2082,-1241,-2084,-1241
RECAL 1 4 2 16 16 34,RECAL 3 0 9999 9999 64 4 80,RECAL 3 1 9999 -2053 64 4 80,-2108,1105,16,14,-220251,-220284,-2053,1170,-2052,1169
RECAL 1 4 2 17 17 34,RECAL 3 0 9999 9999 64 4 80,RECAL 3 1 9999 -1987 64 4 80,-2042,1970,17,14,-222522,-223906,-1987,2039,-1986,2038
RECAL 1 4 2 18 18 34,RECAL 3 0 9999 9999 64 4 80,RECAL 3 1 9999 -1987 64 4 80,-2042,2564,18,14,-226297,-230002,-1987,2633,-1986,2636
RECAL 1 4 3 1 1 35,RECAL 3 0 9999 9999 64 4 80,RECAL 3 1 9999 2195 64 4 80,2132,-2726,14,16,-217063,-222227,2195,-2667,2196,-2670
RECAL 1 4 3 2 2 35,RECAL 3 0 9999 9999 64 4 80,RECAL 3 1 9999 2199 64 4 80,2135,-2146,15,16,-213969,-214102,2199,-2084,2199,-2086
RECAL 1 4 3 3 3 35,RECAL 3 0 9999 9999 64 4 80,RECAL 3 1 9999 2207 64 4 80,2144,-1312,16,16,-215070,-215102,2207,-1249,2208,-1248
RECAL 1 4 3 4 4 35,RECAL 3 0 9999 9999 64 4 80,RECAL 3 1 9999 2211 64 4 80,2147,1087,17,16,-214205,-214628,2211,1155,2211,1155
RECAL 1 4 3 5 5 35,RECAL 3 0 9999 9999 64 4 80,RECAL 3 1 9999 2130 64 4 80,2068,1959,17,16,-213366,-213469,2130,2024,2132,2027
RECAL 1 4 3 6 6 35,RECAL 3 0 9999 9999 64 4 80,RECAL 3 1 9999 2220 64 4 80,2157,2551,18,16,-219333,-223579,2220,2620,2221,2623
RECAL 1 4 3 7 7 35,RECAL 3 0 9999 9999 64 4 80,RECAL 3 1 9999 -247 64 4 80,-256,2584,17,2,-220675,-223365,-247.2,2652,-248,2652
RECAL 1 4 3 8 8 35,RECAL 3 0 9999 9999 64 4 80,RECAL 3 1 9999 -698 64 4 80,-744,1993,18,12,-217302,-221990,-698.2,2065,-696,2065
RECAL 1 4 3 9 9 35,RECAL 3 0 9999 9999 64 4 80,RECAL 3 1 9999 -317 64 4 80,-339,1158,16,6,-215614,-215602,-316.6,1224,-315,1222
RECAL 1 4 3 10 10 35,RECAL 3 0 9999 9999 64 4 80,RECAL 3 1 9999 -343 64 4 80,-375,-1245,16,8,-216615,-216618,-343.4,-1180,-343,-1181
RECAL 1 4 3 11 11 35,RECAL 3 0 9999 9999 64 4 80,RECAL 3 1 9999 -413 64 4 80,-452,-2107,16,10,-215247,-215266,-412.6,-2042,-412,-2043
RECAL 1 4 3 12 12 35,RECAL 3 0 9999 9999 64 4 80,RECAL 3 1 9999 -443 64 4 80,-480,-2698,16,9,-220509,-220603,-443.1,-2636,-444,-2634
RECAL 1 4 3 13 13 35,RECAL 3 0 9999 9999 64 4 80,RECAL 3 1 9999 -2267 64 4 80,-2322,-2696,15,14,-219658,-220527,-2267,-2633,-2266,-2636
RECAL 1 4 3 14 14 35,RECAL 3 0 9999 9999 64 4 80,RECAL 3 1 9999 -2263 64 4 80,-2318,-2111,17,14,-216107,-216840,-2263,-2044,-2262,-2043
RECAL 1 4 3 15 15 35,RECAL 3 0 9999 9999 64 4 80,RECAL 3 1 9999 -2253 64 4 80,-2308,-1249,16,14,-215699,-215712,-2253,-1184,-2252,-1185
RECAL 1 4 3 16 16 35,RECAL 3 0 9999 9999 64 4 80,RECAL 3 1 9999 -2249 64 4 80,-2305,1153,16,14,-216654,-216660,-2249,1219,-2249,1217
RECAL 1 4 3 17 17 35,RECAL 3 0 9999 9999 64 4 80,RECAL 3 1 9999 -2321 64 4 80,-2377,1997,16,14,-218138,-218151,-2321,2059,-2321,2061
RECAL 1 4 3 18 18 35,RECAL 3 0 9999 9999 64 4 80,RECAL 3 1 9999 -2241 64 4 80,-2295,2581,17,14,-223277,-224487,-2241,2647,-2239,2649
RECAL 1 4 4 1 1 36,RECAL 3 0 9999 9999 64 4 80,RECAL 3 1 9999 2207 64 4 80,2144,-2665,15,16,-224312,-227317,2207,-2606,2208,-2605
RECAL 1 4 4 2 2 36,RECAL 3 0 9999 9999 64 4 80,RECAL 3 1 9999 2238 64 4 80,2174,-2082,15,16,-221182,-222289,2238,-2022,2238,-2022
RECAL 1 4 4 3 3 36,RECAL 3 0 9999 9999 64 4 80,RECAL 3 1 9999 2151 64 4 80,2088,-1247,15,16,-219756,-219845,2151,-1185,2152,-1187
RECAL 1 4 4 4 4 36,RECAL 3 0 9999 9999 64 4 80,RECAL 3 1 9999 2234 64 4 80,2169,1109,17,16,-221738,-221838,2234,1175,2233,1177
RECAL 1 4 4 5 5 36,RECAL 3 0 9999 9999 64 4 80,RECAL 3 1 9999 2225 64 4 80,2161,1946,17,16,-224971,-227025,2225,2016,2225,2014
RECAL 1 4 4 6 6 36,RECAL 3 0 9999 9999 64 4 80,RECAL 3 1 9999 2218 64 4 80,2154,2531,17,16,-229399,-233019,2218,2600,2218,2599
RECAL 1 4 4 7 7 36,RECAL 3 0 9999 9999 64 4 80,RECAL 3 1 9999 -493 64 4 80,-504,2533,17,3,-225566,-227946,-492.7,2600,-492,2601
RECAL 1 4 4 8 8 36,RECAL 3 0 9999 9999 64 4 80,RECAL 3 1 9999 454 64 4 80,431,1947,18,6,-222316,-224934,454.1,2017,455,2019
RECAL 1 4 4 9 9 36,RECAL 3 0 9999 9999 64 4 80,RECAL 3 1 9999 501 64 4 80,474,1113,17,7,-218554,-218889,500.9,1181,502,1181
RECAL 1 4 4 10 10 36,RECAL 3 0 9999 9999 64 4 80,RECAL 3 1 9999 -394 64 4 80,-400,-1244,16,2,-218311,-218314,-393.9,-1179,-392,-1180
RECAL 1 4 4 11 11 36,RECAL 3 0 9999 9999 64 4 80,RECAL 3 1 9999 522 64 4 80,489,-2077,15,8,-219644,-220921,522.2,-2017,521,-2017
RECAL 1 4 4 12 12 36,RECAL 3 0 9999 9999 64 4 80,RECAL 3 1 9999 343 64 4 80,339,-2658,14,1,-222470,-226920,343.4,-2599,343,-2602
RECAL 1 4 4 13 13 36,RECAL 3 0 9999 9999 64 4 80,RECAL 3 1 9999 -2154 64 4 80,-2209,-2673,14,14,-225718,-232977,-2154,-2616,-2153,-2617
RECAL 1 4 4 14 14 36,RECAL 3 0 9999 9999 64 4 80,RECAL 3 1 9999 -2121 64 4 80,-2176,-2095,14,14,-222907,-226172,-2121,-2037,-2120,-2039
RECAL 1 4 4 15 15 36,RECAL 3 0 9999 9999 64 4 80,RECAL 3 1 9999 -2207 64 4 80,-2262,-1269,15,14,-222311,-222387,-2207,-1207,-2206,-1209
RECAL 1 4 4 16 16 36,RECAL 3 0 9999 9999 64 4 80,RECAL 3 1 9999 -2123 64 4 80,-2179,1082,17,14,-221536,-221722,-2123,1149,-2123,1150
RECAL 1 4 4 17 17 36,RECAL 3 0 9999 9999 64 4 80,RECAL 3 1 9999 -2135 64 4 80,-2189,1929,17,14,-224479,-226201,-2135,1998,-2133,1997
RECAL 1 4 4 18 18 36,RECAL 3 0 9999 9999 64 4 80,RECAL 3 1 9999 -2220 64 4 80,-2274,2514,17,14,-230302,-233654,-2220,2583,-2218,2582
RECAL 1 4 5 1 1 37,RECAL 3 0 9999 9999 64 4 80,RECAL 3 1 9999 2354 64 4 80,2289,-2801,15,16,-226994,-229837,2354,-2743,2353,-2741
RECAL 1 4 5 2 2 37,RECAL 3 0 9999 9999 64 4 80,RECAL 3 1 9999 2352 64 4 80,2288,-2182,15,16,-225258,-227201,2352,-2124,2352,-2122
RECAL 1 4 5 3 3 37,RECAL 3 0 9999 9999 64 4 80,RECAL 3 1 9999 2262 64 4 80,2199,-1293,17,16,-223256,-223566,2262,-1225,2263,-1225
RECAL 1 4 5 4 4 37,RECAL 3 0 9999 9999 64 4 80,RECAL 3 1 9999 2359 64 4 80,2295,1209,18,16,-220696,-222725,2359,1282,2359,1281
RECAL 1 4 5 5 5 37,RECAL 3 0 9999 9999 64 4 80,RECAL 3 1 9999 2287 64 4 80,2224,2084,17,16,-223190,-225473,2287,2154,2288,2152
RECAL 1 4 5 6 6 37,RECAL 3 0 9999 9999 64 4 80,RECAL 3 1 9999 2317 64 4 80,2252,2698,17,16,-225443,-226695,2317,2764,2316,2766
RECAL 1 4 5 7 7 37,RECAL 3 0 9999 9999 64 4 80,RECAL 3 1 9999 320 64 4 80,270,2663,16,12,-229589,-229602,320.1,2727,318,2727
RECAL 1 4 5 8 8 37,RECAL 3 0 9999 9999 64 4 80,RECAL 3 1 9999 -243 64 4 80,-299,2044,16,14,-224985,-224979,-242.6,2108,-243,2108
RECAL 1 4 5 9 9 37,RECAL 3 0 9999 9999 64 4 80,RECAL 3 1 9999 564 64 4 80,516,1141,16,12,-222767,-222773,563.5,1205,564,1205
RECAL 1 4 5 10 10 37,RECAL 3 0 9999 9999 64 4 80,RECAL 3 1 9999 -414 64 4 80,-464,-1362,15,13,-222049,-222598,-413.7,-1303,-412,-1302
RECAL 1 4 5 11 11 37,RECAL 3 0 9999 9999 64 4 80,RECAL 3 1 9999 537 64 4 80,487,-2227,14,13,-224142,-226506,537.2,-2169,539,-2171
RECAL 1 4 5 12 12 37,RECAL 3 0 9999 9999 64 4 80,RECAL 3 1 9999 548 64 4 80,491,-2832,13,14,-227175,-238515,548,-2777,547,-2780
RECAL 1 4 5 13 13 37,RECAL 3 0 9999 9999 64 4 80,RECAL 3 1 9999 -2236 64 4 80,-2293,-2800,15,14,-234455,-237860,-2236,-2743,-2237,-2740
RECAL 1 4 5 14 14 37,RECAL 3 0 9999 9999 64 4 80,RECAL 3 1 9999 -2234 64 4 80,-2291,-2184,15,14,-227712,-229520,-2234,-2125,-2235,-2124
RECAL 1 4 5 15 15 37,RECAL 3 0 9999 9999 64 4 80,RECAL 3 1 9999 -2322 64 4 80,-2379,-1289,15,14,-227781,-228217,-2322,-1229,-2323,-1229
RECAL 1 4 5 16 16 37,RECAL 3 0 9999 9999 64 4 80,RECAL 3 1 9999 -2226 64 4 80,-2281,1205,18,14,-227795,-228924,-2226,1276,-2225,1277
RECAL 1 4 5 17 17 37,RECAL 3 0 9999 9999 64 4 80,RECAL 3 1 9999 -2301 64 4 80,-2358,2077,18,14,-228272,-232733,-2301,2149,-2302,2149
RECAL 1 4 5 18 18 37,RECAL 3 0 9999 9999 64 4 80,RECAL 3 1 9999 -2271 64 4 80,-2327,2686,18,14,-235185,-244676,-2271,2760,-2271,2758
RECAL 1 4 6 1 1 38,RECAL 3 0 9999 9999 64 4 80,RECAL 3 1 9999 2447 64 4 80,2379,-2740,15,17,-239950,-242249,2447,-2681,2447,-2680
RECAL 1 4 6 2 2 38,RECAL 3 0 9999 9999 64 4 80,RECAL 3 1 9999 2420 64 4 80,2350,-2134,14,17,-241413,-244584,2420,-2077,2418,-2078
RECAL 1 4 6 3 3 38,RECAL 3 0 9999 9999 64 4 80,RECAL 3 1 9999 2382 64 4 80,2312,-1267,16,17,-242070,-242198,2382,-1204,2380,-1203
RECAL 1 4 6 4 4 38,RECAL 3 0 9999 9999 64 4 80,RECAL 3 1 9999 2385 64 4 80,2316,1172,16,17,-238006,-238050,2385,1236,2384,1236
RECAL 1 4 6 5 5 38,RECAL 3 0 9999 9999 64 4 80,RECAL 3 1 9999 2471 64 4 80,2402,2028,18,17,-243882,-247317,2471,2099,2470,2100
RECAL 1 4 6 6 6 38,RECAL 3 0 9999 9999 64 4 80,RECAL 3 1 9999 2486 64 4 80,2418,2631,17,17,-251952,-255352,2486,2700,2486,2699
RECAL 1 4 6 7 7 38,RECAL 3 0 9999 9999 64 4 80,RECAL 3 1 9999 1109 64 4 80,1043,2631,18,17,-244501,-248965,1109,2699,1111,2703
RECAL 1 4 6 8 8 38,RECAL 3 0 9999 9999 64 4 80,RECAL 3 1 9999 1078 64 4 80,1011,2034,17,17,-236934,-238080,1078,2102,1079,2102
RECAL 1 4 6 9 9 38,RECAL 3 0 9999 9999 64 4 80,RECAL 3 1 9999 852 64 4 80,784,1183,16,17,-235953,-235953,851.5,1247,852,1247
RECAL 1 4 6 10 10 38,RECAL 3 0 9999 9999 64 4 80,RECAL 3 1 9999 835 64 4 80,770,-1263,17,16,-234437,-234457,835,-1197,834,-1195
RECAL 1 4 6 11 11 38,RECAL 3 0 9999 9999 64 4 80,RECAL 3 1 9999 926 64 4 80,860,-2133,15,16,-235682,-236086,925.9,-2072,924,-2073
RECAL 1 4 6 12 12 38,RECAL 3 0 9999 9999 64 4 80,RECAL 3 1 9999 1022 64 4 80,955,-2736,14,17,-238667,-244716,1022,-2679,1023,-2680
RECAL 1 4 6 13 13 38,RECAL 3 0 9999 9999 64 4 80,RECAL 3 1 9999 -2011 64 4 80,-2072,-2762,16,15,-242304,-242368,-2011,-2702,-2012,-2698
RECAL 1 4 6 14 14 38,RECAL 3 0 9999 9999 64 4 80,RECAL 3 1 9999 -2037 64 4 80,-2097,-2161,15,15,-240643,-242566,-2037,-2103,-2037,-2101
RECAL 1 4 6 15 15 38,RECAL 3 0 9999 9999 64 4 80,RECAL 3 1 9999 -2076 64 4 80,-2136,-1317,16,15,-238888,-238869,-2076,-1252,-2076,-1253
RECAL 1 4 6 16 16 38,RECAL 3 0 9999 9999 64 4 80,RECAL 3 1 9999 -2074 64 4 80,-2135,1126,17,15,-240502,-240917,-2074,1194,-2075,1194
RECAL 1 4 6 17 17 38,RECAL 3 0 9999 9999 64 4 80,RECAL 3 1 9999 -1974 64 4 80,-2034,2001,16,15,-241338,-241342,-1974,2066,-1974,2065
RECAL 1 4 6 18 18 38,RECAL 3 0 9999 9999 64 4 80,RECAL 3 1 9999 -1967 64 4 80,-2029,2611,16,16,-248824,-248940,-1967,2674,-1965,2675
RECAL 1 4 7 1 1 39,RECAL 3 0 9999 9999 64 4 80,RECAL 3 1 9999 2374 64 4 80,2307,-2982,15,17,-235354,-236944,2374,-2919,2375,-2922
RECAL 1 4 7 2 2 39,RECAL 3 0 9999 9999 64 4 80,RECAL 3 1 9999 2327 64 4 80,2260,-2339,15,17,-228609,-229537,2327,-2279,2328,-2279
RECAL 1 4 7 3 3 39,RECAL 3 0 9999 9999 64 4 80,RECAL 3 1 9999 2319 64 4 80,2254,-1404,14,16,-227233,-229118,2319,-1350,2318,-1348
RECAL 1 4 7 4 4 39,RECAL 3 0 9999 9999 64 4 80,RECAL 3 1 9999 2432 64 4 80,2365,1242,16,17,-225439,-225458,2432,1306,2433,1306
RECAL 1 4 7 5 5 39,RECAL 3 0 9999 9999 64 4 80,RECAL 3 1 9999 2432 64 4 80,2365,2188,16,17,-226252,-226257,2432,2252,2433,2252
RECAL 1 4 7 6 6 39,RECAL 3 0 9999 9999 64 4 80,RECAL 3 1 9999 2437 64 4 80,2371,2836,16,17,-231714,-231778,2437,2897,2439,2900
RECAL 1 4 7 7 7 39,RECAL 3 0 9999 9999 64 4 80,RECAL 3 1 9999 -472 64 4 80,-534,2862,18,16,-231250,-234790,-471.5,2931,-470,2934
RECAL 1 4 7 8 8 39,RECAL 3 0 9999 9999 64 4 80,RECAL 3 1 9999 -457 64 4 80,-518,2225,18,15,-228396,-233149,-457.3,2298,-458,2297
RECAL 1 4 7 9 9 39,RECAL 3 0 9999 9999 64 4 80,RECAL 3 1 9999 -473 64 4 80,-536,1323,15,16,-227631,-228188,-472.9,1382,-472,1383
RECAL 1 4 7 10 10 39,RECAL 3 0 9999 9999 64 4 80,RECAL 3 1 9999 -883 64 4 80,-943,-1325,15,15,-227523,-227927,-882.7,-1266,-883,-1265
RECAL 1 4 7 11 11 39,RECAL 3 0 9999 9999 64 4 80,RECAL 3 1 9999 -867 64 4 80,-930,-2286,14,16,-227091,-230150,-866.9,-2229,-866,-2230
RECAL 1 4 7 12 12 39,RECAL 3 0 9999 9999 64 4 80,RECAL 3 1 9999 -748 64 4 80,-814,-2945,15,16,-232277,-233085,-748.4,-2881,-750,-2885
RECAL 1 4 7 13 13 39,RECAL 3 0 9999 9999 64 4 80,RECAL 3 1 9999 -2567 64 4 80,-2626,-2970,16,15,-235420,-235475,-2567,-2905,-2566,-2906
RECAL 1 4 7 14 14 39,RECAL 3 0 9999 9999 64 4 80,RECAL 3 1 9999 -2600 64 4 80,-2661,-2329,16,15,-233919,-233938,-2600,-2263,-2601,-2265
RECAL 1 4 7 15 15 39,RECAL 3 0 9999 9999 64 4 80,RECAL 3 1 9999 -2611 64 4 80,-2672,-1386,16,15,-229349,-229354,-2611,-1324,-2612,-1322
RECAL 1 4 7 16 16 39,RECAL 3 0 9999 9999 64 4 80,RECAL 3 1 9999 -2507 64 4 80,-2568,1258,16,15,-228776,-228817,-2507,1322,-2508,1322
RECAL 1 4 7 17 17 39,RECAL 3 0 9999 9999 64 4 80,RECAL 3 1 9999 -2506 64 4 80,-2567,2199,15,15,-230529,-231541,-2506,2259,-2507,2259
RECAL 1 4 7 18 18 39,RECAL 3 0 9999 9999 64 4 80,RECAL 3 1 9999 -2503 64 4 80,-2566,2839,16,16,-234110,-234185,-2503,2904,-2502,2903
RECAL 1 4 8 1 1 40,RECAL 3 0 9999 9999 64 4 80,RECAL 3 1 9999 2285 64 4 80,2218,-2774,14,17,-225732,-235954,2285,-2720,2286,-2718
RECAL 1 4 8 2 2 40,RECAL 3 0 9999 9999 64 4 80,RECAL 3 1 9999 2231 64 4 80,2163,-2172,15,17,-221205,-222591,2231,-2112,2231,-2112
RECAL 1 4 8 3 3 40,RECAL 3 0 9999 9999 64 4 80,RECAL 3 1 9999 2284 64 4 80,2216,-1301,17,17,-220442,-220558,2284,-1234,2284,-1233
RECAL 1 4 8 4 4 40,RECAL 3 0 9999 9999 64 4 80,RECAL 3 1 9999 2260 64 4 80,2193,1182,16,17,-221655,-221705,2260,1246,2261,1246
RECAL 1 4 8 5 5 40,RECAL 3 0 9999 9999 64 4 80,RECAL 3 1 9999 2236 64 4 80,2170,2051,17,17,-223760,-224115,2236,2117,2238,2119
RECAL 1 4 8 6 6 40,RECAL 3 0 9999 9999 64 4 80,RECAL 3 1 9999 2228 64 4 80,2162,2662,16,17,-229173,-229305,2228,2725,2230,2726
RECAL 1 4 8 7 7 40,RECAL 3 0 9999 9999 64 4 80,RECAL 3 1 9999 162 64 4 80,104,2644,17,14,-229584,-232814,162,2712,160,2712
RECAL 1 4 8 8 8 40,RECAL 3 0 9999 9999 64 4 80,RECAL 3 1 9999 288 64 4 80,230,2030,18,15,-223305,-225658,288,2100,290,2102
RECAL 1 4 8 9 9 40,RECAL 3 0 9999 9999 64 4 80,RECAL 3 1 9999 417 64 4 80,358,1156,16,15,-223168,-223160,416.9,1218,418,1220
RECAL 1 4 8 10 10 40,RECAL 3 0 9999 9999 64 4 80,RECAL 3 1 9999 569 64 4 80,508,-1328,16,15,-220867,-220867,569.2,-1263,568,-1264
RECAL 1 4 8 11 11 40,RECAL 3 0 9999 9999 64 4 80,RECAL 3 1 9999 262 64 4 80,202,-2194,16,15,-221515,-221528,262.5,-2128,262,-2130
RECAL 1 4 8 12 12 40,RECAL 3 0 9999 9999 64 4 80,RECAL 3 1 9999 594 64 4 80,537,-2796,16,14,-232144,-232182,594.3,-2730,593,-2732
RECAL 1 4 8 13 13 40,RECAL 3 0 9999 9999 64 4 80,RECAL 3 1 9999 -2158 64 4 80,-2218,-2774,16,15,-228986,-229014,-2158,-2708,-2158,-2710
RECAL 1 4 8 14 14 40,RECAL 3 0 9999 9999 64 4 80,RECAL 3 1 9999 -2211 64 4 80,-2271,-2155,15,15,-224113,-225989,-2211,-2096,-2211,-2095
RECAL 1 4 8 15 15 40,RECAL 3 0 9999 9999 64 4 80,RECAL 3 1 9999 -2152 64 4 80,-2213,-1276,16,15,-226075,-226098,-2152,-1214,-2153,-1212
RECAL 1 4 8 16 16 40,RECAL 3 0 9999 9999 64 4 80,RECAL 3 1 9999 -2184 64 4 80,-2244,1201,16,15,-224099,-224100,-2184,1265,-2184,1265
RECAL 1 4 8 17 17 40,RECAL 3 0 9999 9999 64 4 80,RECAL 3 1 9999 -2207 64 4 80,-2267,2055,18,15,-227071,-233286,-2207,2129,-2207,2127
RECAL 1 4 8 18 18 40,RECAL 3 0 9999 9999 64 4 80,RECAL 3 1 9999 -2221 64 4 80,-2280,2668,16,15,-231037,-231088,-2221,2728,-2220,2732
RECAL 1 4 9 1 1 41,RECAL 3 0 9999 9999 64 4 80,RECAL 3 1 9999 2168 64 4 80,2101,-2797,15,17,-237547,-241102,2168,-2738,2169,-2737
RECAL 1 4 9 2 2 41,RECAL 3 0 9999 9999 64 4 80,RECAL 3 1 9999 2075 64 4 80,2009,-2188,15,17,-230578,-232569,2075,-2129,2077,-2128
RECAL 1 4 9 3 3 41,RECAL 3 0 9999 9999 64 4 80,RECAL 3 1 9999 2179 64 4 80,2112,-1319,14,17,-229099,-230456,2179,-1262,2180,-1263
RECAL 1 4 9 4 4 41,RECAL 3 0 9999 9999 64 4 80,RECAL 3 1 9999 2166 64 4 80,2098,1155,16,17,-229114,-229123,2166,1219,2166,1219
RECAL 1 4 9 5 5 41,RECAL 3 0 9999 9999 64 4 80,RECAL 3 1 9999 2173 64 4 80,2105,2040,16,17,-226581,-226594,2173,2104,2173,2104
RECAL 1 4 9 6 6 41,RECAL 3 0 9999 9999 64 4 80,RECAL 3 1 9999 2204 64 4 80,2136,2650,16,17,-233723,-233750,2204,2717,2204,2714
RECAL 1 4 9 7 7 41,RECAL 3 0 9999 9999 64 4 80,RECAL 3 1 9999 -428 64 4 80,-491,2684,17,16,-235735,-238074,-428.2,2753,-427,2752
RECAL 1 4 9 8 8 41,RECAL 3 0 9999 9999 64 4 80,RECAL 3 1 9999 -601 64 4 80,-661,2089,16,15,-234058,-234053,-601,2154,-601,2153
RECAL 1 4 9 9 9 41,RECAL 3 0 9999 9999 64 4 80,RECAL 3 1 9999 -612 64 4 80,-670,1238,15,15,-233078,-233123,-611.5,1300,-610,1298
RECAL 1 4 9 10 10 41,RECAL 3 0 9999 9999 64 4 80,RECAL 3 1 9999 -541 64 4 80,-603,-1240,15,16,-228394,-228616,-540.9,-1179,-539,-1180
RECAL 1 4 9 11 11 41,RECAL 3 0 9999 9999 64 4 80,RECAL 3 1 9999 -898 64 4 80,-957,-2140,15,15,-231066,-231777,-897.7,-2079,-897,-2080
RECAL 1 4 9 12 12 41,RECAL 3 0 9999 9999 64 4 80,RECAL 3 1 9999 -661 64 4 80,-723,-2754,14,16,-237895,-242373,-660.6,-2695,-659,-2698
RECAL 1 4 9 13 13 41,RECAL 3 0 9999 9999 64 4 80,RECAL 3 1 9999 -2318 64 4 80,-2378,-2793,16,15,-240097,-240141,-2318,-2726,-2318,-2729
RECAL 1 4 9 14 14 41,RECAL 3 0 9999 9999 64 4 80,RECAL 3 1 9999 -2394 64 4 80,-2454,-2177,14,15,-231128,-235850,-2394,-2122,-2394,-2121
RECAL 1 4 9 15 15 41,RECAL 3 0 9999 9999 64 4 80,RECAL 3 1 9999 -2296 64 4 80,-2355,-1309,14,15,-231594,-232494,-2296,-1251,-2295,-1253
RECAL 1 4 9 16 16 41,RECAL 3 0 9999 9999 64 4 80,RECAL 3 1 9999 -2311 64 4 80,-2370,1175,14,15,-228935,-230560,-2311,1231,-2310,1231
RECAL 1 4 9 17 17 41,RECAL 3 0 9999 9999 64 4 80,RECAL 3 1 9999 -2300 64 4 80,-2360,2044,16,15,-234473,-234490,-2300,2109,-2300,2108
RECAL 1 4 9 18 18 41,RECAL 3 0 9999 9999 64 4 80,RECAL 3 1 9999 -2273 64 4 80,-2333,2649,17,15,-237137,-237724,-2273,2715,-2273,2717
RECAL 1 4 10 1 1 42,RECAL 3 0 9999 9999 64 4 80,RECAL 3 1 9999 2283 64 4 80,2218,-2771,16,16,-247068,-247233,2283,-2707,2282,-2707
RECAL 1 4 10 2 2 42,RECAL 3 0 9999 9999 64 4 80,RECAL 3 1 9999 2195 64 4 80,2130,-2161,15,16,-238327,-238907,2195,-2100,2194,-2101
RECAL 1 4 10 3 3 42,RECAL 3 0 9999 9999 64 4 80,RECAL 3 1 9999 2284 64 4 80,2219,-1271,14,16,-240729,-241925,2284,-1214,2283,-1215
RECAL 1 4 10 4 4 42,RECAL 3 0 9999 9999 64 4 80,RECAL 3 1 9999 2176 64 4 80,2112,1184,16,16,-238505,-238513,2176,1248,2176,1248
RECAL 1 4 10 5 5 42,RECAL 3 0 9999 9999 64 4 80,RECAL 3 1 9999 2263 64 4 80,2198,2050,17,16,-238554,-239344,2263,2117,2262,2118
RECAL 1 4 10 6 6 42,RECAL 3 0 9999 9999 64 4 80,RECAL 3 1 9999 2258 64 4 80,2193,2650,17,16,-247055,-250574,2258,2720,2257,2718
RECAL 1 4 10 7 7 42,RECAL 3 0 9999 9999 64 4 80,RECAL 3 1 9999 -237 64 4 80,-263,2615,16,6,-242065,-242082,-237.2,2679,-239,2679
RECAL 1 4 10 8 8 42,RECAL 3 0 9999 -127 64 4 80,RECAL 3 1 9999 -172 64 4 80,-191,1996,17,4,-236136,-236672,-171.7,2062,-175,2064
RECAL 1 4 10 9 9 42,RECAL 3 0 9999 9999 64 4 80,RECAL 3 1 9999 -679 64 4 80,-732,1096,17,13,-235893,-236023,-679.2,1163,-680,1164
RECAL 1 4 10 10 10 42,RECAL 3 0 9999 9999 64 4 80,RECAL 3 1 9999 288 64 4 80,261,-1367,16,7,-235884,-235884,288.2,-1302,289,-1303
RECAL 1 4 10 11 11 42,RECAL 3 0 9999 9999 64 4 80,RECAL 3 1 9999 -610 64 4 80,-659,-2205,14,12,-236083,-241088,-610.5,-2149,-611,-2149
RECAL 1 4 10 12 12 42,RECAL 3 0 9999 9999 64 4 80,RECAL 3 1 9999 241 64 4 80,204,-2808,16,9,-241647,-241703,240.9,-2743,240,-2744
RECAL 1 4 10 13 13 42,RECAL 3 0 9999 9999 64 4 80,RECAL 3 1 9999 -2250 64 4 80,-2307,-2764,14,14,-245096,-249389,-2250,-2704,-2251,-2708
RECAL 1 4 10 14 14 42,RECAL 3 0 9999 9999 64 4 80,RECAL 3 1 9999 -2324 64 4 80,-2381,-2164,16,14,-241660,-241682,-2324,-2098,-2325,-2100
RECAL 1 4 10 15 15 42,RECAL 3 0 9999 9999 64 4 80,RECAL 3 1 9999 -2247 64 4 80,-2304,-1277,15,14,-240531,-240854,-2247,-1217,-2248,-1217
RECAL 1 4 10 16 16 42,RECAL 3 0 9999 9999 64 4 80,RECAL 3 1 9999 -2345 64 4 80,-2402,1178,17,14,-237943,-238001,-2345,1244,-2346,1246
RECAL 1 4 10 17 17 42,RECAL 3 0 9999 9999 64 4 80,RECAL 3 1 9999 -2267 64 4 80,-2326,2042,17,15,-240262,-242257,-2267,2111,-2266,2110
RECAL 1 4 10 18 18 42,RECAL 3 0 9999 9999 64 4 80,RECAL 3 1 9999 -2270 64 4 80,-2327,2645,17,14,-247143,-250584,-2270,2715,-2271,2713
RECAL 1 4 11 1 1 43,RECAL 3 0 9999 9999 64 4 80,RECAL 3 1 9999 2414 64 4 80,2344,-2733,15,17,-242696,-245963,2414,-2674,2412,-2673
RECAL 1 4 11 2 2 43,RECAL 3 0 9999 9999 64 4 80,RECAL 3 1 9999 2338 64 4 80,2269,-2128,15,17,-232520,-232770,2338,-2066,2337,-2068
RECAL 1 4 11 3 3 43,RECAL 3 0 9999 9999 64 4 80,RECAL 3 1 9999 2407 64 4 80,2338,-1244,17,17,-230281,-230419,2407,-1178,2406,-1176
RECAL 1 4 11 4 4 43,RECAL 3 0 9999 9999 64 4 80,RECAL 3 1 9999 2318 64 4 80,2249,1182,16,17,-231919,-231943,2318,1244,2317,1246
RECAL 1 4 11 5 5 43,RECAL 3 0 9999 9999 64 4 80,RECAL 3 1 9999 2395 64 4 80,2326,2037,16,17,-234272,-234339,2395,2103,2394,2101
RECAL 1 4 11 6 6 43,RECAL 3 0 9999 9999 64 4 80,RECAL 3 1 9999 2379 64 4 80,2310,2633,17,17,-240785,-243231,2379,2702,2378,2701
RECAL 1 4 11 7 7 43,RECAL 3 0 9999 9999 64 4 80,RECAL 3 1 9999 898 64 4 80,830,2591,18,17,-239965,-246388,897.9,2662,898,2663
RECAL 1 4 11 8 8 43,RECAL 3 0 9999 9999 64 4 80,RECAL 3 1 9999 940 64 4 80,876,1983,18,16,-232870,-235338,939.6,2053,940,2055
RECAL 1 4 11 9 9 43,RECAL 3 0 9999 9999 64 4 80,RECAL 3 1 9999 681 64 4 80,614,1108,16,17,-233667,-233666,681,1171,682,1172
RECAL 1 4 11 10 10 43,RECAL 3 0 9999 9999 64 4 80,RECAL 3 1 9999 953 64 4 80,886,-1326,16,17,-237235,-237233,952.9,-1263,954,-1262
RECAL 1 4 11 11 11 43,RECAL 3 0 9999 9999 64 4 80,RECAL 3 1 9999 717 64 4 80,650,-2175,16,17,-235766,-235796,717.4,-2112,718,-2111
RECAL 1 4 11 12 12 43,RECAL 3 0 9999 9999 64 4 80,RECAL 3 1 9999 987 64 4 80,917,-2767,15,17,-243115,-244607,986.6,-2705,985,-2707
RECAL 1 4 11 13 13 43,RECAL 3 0 9999 9999 64 4 80,RECAL 3 1 9999 -2034 64 4 80,-2094,-2736,16,15,-242399,-242436,-2034,-2670,-2034,-2672
RECAL 1 4 11 14 14 43,RECAL 3 0 9999 9999 64 4 80,RECAL 3 1 9999 -2125 64 4 80,-2185,-2127,16,15,-239580,-239583,-2125,-2065,-2125,-2063
RECAL 1 4 11 15 15 43,RECAL 3 0 9999 9999 64 4 80,RECAL 3 1 9999 -2025 64 4 80,-2086,-1245,15,15,-235749,-236182,-2025,-1185,-2026,-1185
RECAL 1 4 11 16 16 43,RECAL 3 0 9999 9999 64 4 80,RECAL 3 1 9999 -2131 64 4 80,-2192,1185,15,15,-234802,-235099,-2131,1245,-2132,1245
RECAL 1 4 11 17 17 43,RECAL 3 0 9999 9999 64 4 80,RECAL 3 1 9999 -2036 64 4 80,-2098,2028,16,15,-236990,-237061,-2036,2094,-2038,2092
RECAL 1 4 11 18 18 43,RECAL 3 0 9999 9999 64 4 80,RECAL 3 1 9999 -2063 64 4 80,-2124,2628,17,15,-243038,-245277,-2063,2697,-2064,2696
RECAL 1 4 12 1 1 44,RECAL 3 0 9999 9999 64 4 80,RECAL 3 1 9999 2308 64 4 80,2242,-2773,15,17,-240846,-241116,2308,-2709,2310,-2713
RECAL 1 4 12 2 2 44,RECAL 3 0 9999 9999 64 4 80,RECAL 3 1 9999 2218 64 4 80,2152,-2163,16,17,-236847,-236941,2218,-2101,2220,-2099
RECAL 1 4 12 3 3 44,RECAL 3 0 9999 9999 64 4 80,RECAL 3 1 9999 2219 64 4 80,2152,-1298,16,17,-238136,-238178,2219,-1234,2220,-1234
RECAL 1 4 12 4 4 44,RECAL 3 0 9999 9999 64 4 80,RECAL 3 1 9999 2243 64 4 80,2177,1151,18,16,-241649,-242912,2243,1222,2241,1223
RECAL 1 4 12 5 5 44,RECAL 3 0 9999 9999 64 4 80,RECAL 3 1 9999 2301 64 4 80,2235,2023,18,16,-237823,-240927,2301,2093,2299,2095
RECAL 1 4 12 6 6 44,RECAL 3 0 9999 9999 64 4 80,RECAL 3 1 9999 2330 64 4 80,2264,2634,18,17,-248376,-253043,2330,2702,2332,2706
RECAL 1 4 12 7 7 44,RECAL 3 0 9999 9999 64 4 80,RECAL 3 1 9999 784 64 4 80,722,2672,16,15,-247216,-247240,783.9,2736,782,2736
RECAL 1 4 12 8 8 44,RECAL 3 0 9999 9999 64 4 80,RECAL 3 1 9999 679 64 4 80,618,2068,17,15,-238702,-240184,678.6,2136,678,2136
RECAL 1 4 12 9 9 44,RECAL 3 0 9999 9999 64 4 80,RECAL 3 1 9999 378 64 4 80,321,1234,17,14,-238504,-238902,378.3,1302,377,1302
RECAL 1 4 12 10 10 44,RECAL 3 0 9999 9999 64 4 80,RECAL 3 1 9999 253 64 4 80,200,-1214,16,13,-236728,-236731,253.1,-1149,252,-1150
RECAL 1 4 12 11 11 44,RECAL 3 0 9999 9999 64 4 80,RECAL 3 1 9999 193 64 4 80,140,-2110,14,14,-238269,-240890,192.6,-2052,196,-2054
RECAL 1 4 12 12 12 44,RECAL 3 0 9999 9999 64 4 80,RECAL 3 1 9999 703 64 4 80,642,-2735,16,15,-241303,-241317,702.7,-2668,702,-2671
RECAL 1 4 12 13 13 44,RECAL 3 0 9999 9999 64 4 80,RECAL 3 1 9999 -2114 64 4 80,-2173,-2759,15,15,-242126,-243668,-2114,-2698,-2113,-2699
RECAL 1 4 12 14 14 44,RECAL 3 0 9999 9999 64 4 80,RECAL 3 1 9999 -2203 64 4 80,-2261,-2153,16,15,-239989,-240059,-2203,-2090,-2201,-2089
RECAL 1 4 12 15 15 44,RECAL 3 0 9999 9999 64 4 80,RECAL 3 1 9999 -2201 64 4 80,-2260,-1274,15,15,-240184,-240739,-2201,-1215,-2200,-1214
RECAL 1 4 12 16 16 44,RECAL 3 0 9999 9999 64 4 80,RECAL 3 1 9999 -2181 64 4 80,-2239,1167,16,14,-240180,-240257,-2181,1232,-2183,1231
RECAL 1 4 12 17 17 44,RECAL 3 0 9999 9999 64 4 80,RECAL 3 1 9999 -2113 64 4 80,-2172,2023,18,15,-244251,-250806,-2113,2097,-2112,2095
RECAL 1 4 12 18 18 44,RECAL 3 0 9999 9999 64 4 80,RECAL 3 1 9999 -2093 64 4 80,-2151,2633,18,14,-254449,-261978,-2093,2704,-2095,2705
RECAL 1 4 13 1 1 45,RECAL 3 0 9999 9999 64 4 80,RECAL 3 1 9999 2411 64 4 80,2345,-2718,15,17,-236509,-239821,2411,-2658,2413,-2658
RECAL 1 4 13 2 2 45,RECAL 3 0 9999 9999 64 4 80,RECAL 3 1 9999 2333 64 4 80,2265,-2123,14,17,-233341,-237627,2333,-2067,2333,-2067
RECAL 1 4 13 3 3 45,RECAL 3 0 9999 9999 64 4 80,RECAL 3 1 9999 2334 64 4 80,2266,-1273,15,17,-233263,-234015,2334,-1215,2334,-1213
RECAL 1 4 13 4 4 45,RECAL 3 0 9999 9999 64 4 80,RECAL 3 1 9999 2335 64 4 80,2269,1149,16,17,-231423,-231513,2335,1213,2337,1213
RECAL 1 4 13 5 5 45,RECAL 3 0 9999 9999 64 4 80,RECAL 3 1 9999 2414 64 4 80,2346,2000,17,17,-232138,-232909,2414,2067,2414,2068
RECAL 1 4 13 6 6 45,RECAL 3 0 9999 9999 64 4 80,RECAL 3 1 9999 2409 64 4 80,2341,2593,17,17,-237865,-240478,2409,2662,2409,2661
RECAL 1 4 13 7 7 45,RECAL 3 0 9999 9999 64 4 80,RECAL 3 1 9999 1011 64 4 80,949,2623,17,16,-232641,-233690,1011,2689,1013,2691
RECAL 1 4 13 8 8 45,RECAL 3 0 9999 9999 64 4 80,RECAL 3 1 9999 1013 64 4 80,953,2032,18,15,-235424,-238620,1013,2102,1013,2104
RECAL 1 4 13 9 9 45,RECAL 3 0 9999 9999 64 4 80,RECAL 3 1 9999 788 64 4 80,728,1211,16,15,-231309,-231313,787.8,1274,788,1275
RECAL 1 4 13 10 10 45,RECAL 3 0 9999 9999 64 4 80,RECAL 3 1 9999 779 64 4 80,721,-1198,13,14,-234487,-236915,778.8,-1144,777,-1146
RECAL 1 4 13 11 11 45,RECAL 3 0 9999 9999 64 4 80,RECAL 3 1 9999 797 64 4 80,738,-2088,15,15,-237990,-238261,796.9,-2026,798,-2028
RECAL 1 4 13 12 12 45,RECAL 3 0 9999 9999 64 4 80,RECAL 3 1 9999 1002 64 4 80,941,-2682,14,15,-239588,-246536,1002,-2624,1001,-2626
RECAL 1 4 13 13 13 45,RECAL 3 0 9999 9999 64 4 80,RECAL 3 1 9999 -1993 64 4 80,-2052,-2706,13,15,-236261,-248133,-1993,-2651,-1992,-2654
RECAL 1 4 13 14 14 45,RECAL 3 0 9999 9999 64 4 80,RECAL 3 1 9999 -2075 64 4 80,-2132,-2121,14,14,-233766,-236467,-2075,-2063,-2076,-2065
RECAL 1 4 13 15 15 45,RECAL 3 0 9999 9999 64 4 80,RECAL 3 1 9999 -2075 64 4 80,-2132,-1275,17,14,-230870,-231072,-2075,-1208,-2076,-1207
RECAL 1 4 13 16 16 45,RECAL 3 0 9999 9999 64 4 80,RECAL 3 1 9999 -2074 64 4 80,-2131,1144,17,14,-229041,-229819,-2074,1214,-2075,1212
RECAL 1 4 13 17 17 45,RECAL 3 0 9999 9999 64 4 80,RECAL 3 1 9999 -1980 64 4 80,-2037,1994,18,14,-230457,-234926,-1980,2066,-1981,2066
RECAL 1 4 13 18 18 45,RECAL 3 0 9999 9999 64 4 80,RECAL 3 1 9999 -1992 64 4 80,-2050,2585,19,14,-233054,-246317,-1992,2659,-1994,2661
RECAL 1 4 14 1 1 46,RECAL 3 0 9999 9999 64 4 80,RECAL 3 1 9999 2325 64 4 80,2258,-2751,14,17,-238467,-245781,2325,-2694,2326,-2695
RECAL 1 4 14 2 2 46,RECAL 3 0 9999 9999 64 4 80,RECAL 3 1 9999 2326 64 4 80,2258,-2147,14,17,-235973,-239031,2326,-2089,2326,-2091
RECAL 1 4 14 3 3 46,RECAL 3 0 9999 9999 64 4 80,RECAL 3 1 9999 2333 64 4 80,2264,-1282,16,17,-233618,-233627,2333,-1217,2332,-1218
RECAL 1 4 14 4 4 46,RECAL 3 0 9999 9999 64 4 80,RECAL 3 1 9999 2278 64 4 80,2210,1175,15,17,-234530,-234700,2278,1236,2278,1235
RECAL 1 4 14 5 5 46,RECAL 3 0 9999 9999 64 4 80,RECAL 3 1 9999 2322 64 4 80,2255,2036,16,17,-235657,-235687,2322,2101,2323,2100
RECAL 1 4 14 6 6 46,RECAL 3 0 9999 9999 64 4 80,RECAL 3 1 9999 2334 64 4 80,2267,2640,16,17,-240381,-240434,2334,2703,2335,2704
RECAL 1 4 14 7 7 46,RECAL 3 0 9999 9999 64 4 80,RECAL 3 1 9999 766 64 4 80,704,2667,16,15,-242545,-242557,765.8,2732,764,2731
RECAL 1 4 14 8 8 46,RECAL 3 0 9999 9999 64 4 80,RECAL 3 1 9999 720 64 4 80,660,2077,16,15,-236368,-236370,719.6,2139,720,2141
RECAL 1 4 14 9 9 46,RECAL 3 0 9999 9999 64 4 80,RECAL 3 1 9999 533 64 4 80,479,1233,18,14,-234946,-236083,533.4,1304,535,1305
RECAL 1 4 14 10 10 46,RECAL 3 0 9999 9999 64 4 80,RECAL 3 1 9999 741 64 4 80,680,-1199,14,15,-234238,-235291,741.4,-1142,740,-1143
RECAL 1 4 14 11 11 46,RECAL 3 0 9999 9999 64 4 80,RECAL 3 1 9999 728 64 4 80,665,-2100,14,16,-239099,-244445,728,-2045,729,-2044
RECAL 1 4 14 12 12 46,RECAL 3 0 9999 9999 64 4 80,RECAL 3 1 9999 737 64 4 80,677,-2721,16,15,-242838,-242914,736.7,-2657,737,-2657
RECAL 1 4 14 13 13 46,RECAL 3 0 9999 9999 64 4 80,RECAL 3 1 9999 -2105 64 4 80,-2164,-2747,14,15,-242605,-251342,-2105,-2691,-2104,-2691
RECAL 1 4 14 14 14 46,RECAL 3 0 9999 9999 64 4 80,RECAL 3 1 9999 -2098 64 4 80,-2157,-2157,17,15,-241028,-241286,-2098,-2091,-2097,-2089
RECAL 1 4 14 15 15 46,RECAL 3 0 9999 9999 64 4 80,RECAL 3 1 9999 -2092 64 4 80,-2151,-1284,16,15,-239714,-239727,-2092,-1222,-2091,-1220
RECAL 1 4 14 16 16 46,RECAL 3 0 9999 9999 64 4 80,RECAL 3 1 9999 -2149 64 4 80,-2207,1164,17,15,-244867,-245385,-2149,1232,-2147,1232
RECAL 1 4 14 17 17 46,RECAL 3 0 9999 9999 64 4 80,RECAL 3 1 9999 -2102 64 4 80,-2160,2033,16,14,-246380,-246441,-2102,2094,-2104,2097
RECAL 1 4 14 18 18 46,RECAL 3 0 9999 9999 64 4 80,RECAL 3 1 9999 -2096 64 4 80,-2155,2625,18,15,-247967,-254702,-2096,2696,-2095,2697
RECAL 1 4 15 1 1 47,RECAL 3 0 9999 9999 64 4 80,RECAL 3 1 9999 2197 64 4 80,2137,-2649,15,15,-249305,-253118,2197,-2593,2197,-2589
RECAL 1 4 15 2 2 47,RECAL 3 0 9999 9999 64 4 80,RECAL 3 1 9999 2200 64 4 80,2138,-2062,15,16,-248138,-248707,2200,-2000,2202,-2002
RECAL 1 4 15 3 3 47,RECAL 3 0 9999 9999 64 4 80,RECAL 3 1 9999 2206 64 4 80,2145,-1206,16,15,-243328,-243409,2206,-1141,2205,-1142
RECAL 1 4 15 4 4 47,RECAL 3 0 9999 9999 64 4 80,RECAL 3 1 9999 2118 64 4 80,2057,1153,17,15,-242064,-242178,2118,1219,2117,1221
RECAL 1 4 15 5 5 47,RECAL 3 0 9999 9999 64 4 80,RECAL 3 1 9999 2183 64 4 80,2121,1974,17,15,-244453,-246330,2183,2043,2181,2042
RECAL 1 4 15 6 6 47,RECAL 3 0 9999 9999 64 4 80,RECAL 3 1 9999 2176 64 4 80,2115,2553,18,15,-249803,-253856,2176,2622,2175,2625
RECAL 1 4 15 7 7 47,RECAL 3 0 9999 -256 64 4 80,RECAL 3 1 9999 -297 64 4 80,-320,2521,17,6,-248602,-252152,-296.6,2593,-296,2589
RECAL 1 4 15 8 8 47,RECAL 3 0 9999 -173 64 4 80,NULL,NULL,NULL,NULL,NULL,NULL,NULL,NULL,NULL,NULL,NULL
RECAL 1 4 15 9 9 47,RECAL 3 0 9999 9999 64 4 80,RECAL 3 1 9999 -592 64 4 80,-617,1085,17,6,-247246,-247326,-592.1,1151,-593,1153
RECAL 1 4 15 10 10 47,RECAL 3 0 9999 301 64 4 80,RECAL 3 1 9999 252 64 4 80,237,-1277,16,4,-247714,-247726,252.1,-1213,253,-1213
RECAL 1 4 15 11 11 47,RECAL 3 0 9999 218 64 4 80,RECAL 3 1 9999 174 64 4 80,154,-2103,15,4,-249211,-249839,174.3,-2042,170,-2043
RECAL 1 4 15 12 12 47,RECAL 3 0 9999 163 64 4 80,RECAL 3 1 9999 114 64 4 80,99,-2681,15,4,-251478,-255069,113.5,-2625,115,-2621
RECAL 1 4 15 13 13 47,RECAL 3 0 9999 9999 64 4 80,RECAL 3 1 9999 -2185 64 4 80,-2239,-2669,14,14,-253418,-257709,-2185,-2610,-2183,-2613
RECAL 1 4 15 14 14 47,RECAL 3 0 9999 9999 64 4 80,RECAL 3 1 9999 -2181 64 4 80,-2235,-2093,16,14,-249511,-249595,-2181,-2029,-2179,-2029
RECAL 1 4 15 15 15 47,RECAL 3 0 9999 9999 64 4 80,RECAL 3 1 9999 -2173 64 4 80,-2228,-1257,17,14,-248233,-248640,-2173,-1189,-2172,-1189
RECAL 1 4 15 16 16 47,RECAL 3 0 9999 9999 64 4 80,RECAL 3 1 9999 -2256 64 4 80,-2311,1108,16,14,-246414,-246462,-2256,1171,-2255,1172
RECAL 1 4 15 17 17 47,RECAL 3 0 9999 9999 64 4 80,RECAL 3 1 9999 -2197 64 4 80,-2251,1942,18,13,-250971,-254433,-2197,2013,-2199,2014
RECAL 1 4 15 18 18 47,RECAL 3 0 9999 9999 64 4 80,RECAL 3 1 9999 -2204 64 4 80,-2257,2532,17,13,-253049,-253226,-2204,2597,-2205,2600
RECAL 1 4 16 1 1 48,RECAL 3 0 9999 9999 64 4 80,RECAL 3 1 9999 2161 64 4 80,2096,-2694,15,16,-244292,-247460,2161,-2634,2160,-2634
RECAL 1 4 16 2 2 48,RECAL 3 0 9999 9999 64 4 80,RECAL 3 1 9999 2083 64 4 80,2018,-2098,14,16,-242299,-244825,2083,-2040,2082,-2042
RECAL 1 4 16 3 3 48,RECAL 3 0 9999 9999 64 4 80,RECAL 3 1 9999 2077 64 4 80,2011,-1247,15,17,-240431,-240877,2077,-1187,2079,-1187
RECAL 1 4 16 4 4 48,RECAL 3 0 9999 9999 64 4 80,RECAL 3 1 9999 2173 64 4 80,2108,1148,16,16,-243372,-243392,2173,1212,2172,1212
RECAL 1 4 16 5 5 48,RECAL 3 0 9999 9999 64 4 80,RECAL 3 1 9999 2175 64 4 80,2110,1987,16,16,-245525,-245548,2175,2052,2174,2051
RECAL 1 4 16 6 6 48,RECAL 3 0 9999 9999 64 4 80,RECAL 3 1 9999 2174 64 4 80,2110,2574,17,16,-249424,-251028,2174,2640,2174,2642
RECAL 1 4 16 7 7 48,RECAL 3 0 9999 9999 64 4 80,RECAL 3 1 9999 -330 64 4 80,-380,2600,16,12,-249531,-249543,-330.2,2660,-332,2664
RECAL 1 4 16 8 8 48,RECAL 3 0 9999 9999 64 4 80,RECAL 3 1 9999 -375 64 4 80,-421,2019,16,11,-243764,-243739,-375.5,2082,-377,2083
RECAL 1 4 16 9 9 48,RECAL 3 0 9999 9999 64 4 80,RECAL 3 1 9999 -347 64 4 80,-388,1204,14,10,-241002,-243385,-347,1259,-348,1260
RECAL 1 4 16 10 10 48,RECAL 3 0 9999 9999 64 4 80,RECAL 3 1 9999 -737 64 4 80,-792,-1194,16,14,-239257,-239268,-737.1,-1132,-736,-1130
RECAL 1 4 16 11 11 48,RECAL 3 0 9999 9999 64 4 80,RECAL 3 1 9999 -749 64 4 80,-805,-2071,15,14,-236822,-237201,-749.3,-2009,-749,-2011
RECAL 1 4 16 12 12 48,RECAL 3 0 9999 9999 64 4 80,RECAL 3 1 9999 -455 64 4 80,-507,-2668,15,13,-239454,-241492,-455.1,-2606,-455,-2608
RECAL 1 4 16 13 13 48,RECAL 3 0 9999 9999 64 4 80,RECAL 3 1 9999 -2230 64 4 80,-2286,-2694,15,14,-245207,-248224,-2230,-2635,-2230,-2634
RECAL 1 4 16 14 14 48,RECAL 3 0 9999 9999 64 4 80,RECAL 3 1 9999 -2297 64 4 80,-2353,-2109,16,14,-244424,-244418,-2297,-2046,-2297,-2045
RECAL 1 4 16 15 15 48,RECAL 3 0 9999 9999 64 4 80,RECAL 3 1 9999 -2299 64 4 80,-2355,-1264,17,14,-245865,-246297,-2299,-1196,-2299,-1196
RECAL 1 4 16 16 16 48,RECAL 3 0 9999 9999 64 4 80,RECAL 3 1 9999 -2214 64 4 80,-2271,1134,15,14,-246003,-246071,-2214,1196,-2215,1194
RECAL 1 4 16 17 17 48,RECAL 3 0 9999 9999 64 4 80,RECAL 3 1 9999 -2213 64 4 80,-2271,1976,17,14,-248691,-248929,-2213,2041,-2215,2044
RECAL 1 4 16 18 18 48,RECAL 3 0 9999 9999 64 4 80,RECAL 3 1 9999 -2212 64 4 80,-2268,2561,17,14,-252764,-256019,-2212,2631,-2212,2629
RECAL 1 4 17 1 1 49,RECAL 3 0 9999 9999 64 4 80,RECAL 3 1 9999 2195 64 4 80,2135,-2818,14,15,-236077,-240618,2195,-2759,2195,-2762
RECAL 1 4 17 2 2 49,RECAL 3 0 9999 9999 64 4 80,RECAL 3 1 9999 2127 64 4 80,2065,-2212,15,15,-232544,-233772,2127,-2152,2125,-2152
RECAL 1 4 17 3 3 49,RECAL 3 0 9999 9999 64 4 80,RECAL 3 1 9999 2219 64 4 80,2156,-1343,15,16,-234042,-234387,2219,-1283,2220,-1283
RECAL 1 4 17 4 4 49,RECAL 3 0 9999 9999 64 4 80,RECAL 3 1 9999 2225 64 4 80,2164,1153,16,15,-229728,-229759,2225,1217,2224,1217
RECAL 1 4 17 5 5 49,RECAL 3 0 9999 9999 64 4 80,RECAL 3 1 9999 2229 64 4 80,2168,2046,17,15,-233373,-233892,2229,2112,2228,2114
RECAL 1 4 17 6 6 49,RECAL 3 0 9999 9999 64 4 80,RECAL 3 1 9999 2240 64 4 80,2180,2660,17,15,-234976,-236855,2240,2727,2240,2728
RECAL 1 4 17 7 7 49,RECAL 3 0 9999 -303 64 4 80,RECAL 3 1 9999 -358 64 4 80,-367,2688,18,2,-237467,-241515,-357.7,2756,-359,2760
RECAL 1 4 17 8 8 49,RECAL 3 0 9999 -387 64 4 80,RECAL 3 1 9999 -434 64 4 80,-451,2084,17,4,-234996,-236331,-433.6,2152,-435,2152
RECAL 1 4 17 9 9 49,RECAL 3 0 9999 -399 64 4 80,RECAL 3 1 9999 -442 64 4 80,-463,1222,17,5,-233591,-233639,-442.3,1288,-443,1290
RECAL 1 4 17 10 10 49,RECAL 3 0 9999 -410 64 4 80,RECAL 3 1 9999 -470 64 4 80,-474,-1277,16,1,-234194,-234199,-470.2,-1214,-470,-1213
RECAL 1 4 17 11 11 49,RECAL 3 0 9999 9999 64 4 80,RECAL 3 1 9999 -815 64 4 80,-849,-2172,15,9,-240399,-240610,-814.6,-2110,-813,-2112
RECAL 1 4 17 12 12 49,RECAL 3 0 9999 9999 64 4 80,RECAL 3 1 9999 -606 64 4 80,-620,-2787,15,3,-242731,-244880,-605.8,-2727,-608,-2727
RECAL 1 4 17 13 13 49,RECAL 3 0 9999 9999 64 4 80,RECAL 3 1 9999 -2324 64 4 80,-2378,-2812,15,13,-238077,-239505,-2324,-2751,-2326,-2752
RECAL 1 4 17 14 14 49,RECAL 3 0 9999 9999 64 4 80,RECAL 3 1 9999 -2381 64 4 80,-2433,-2198,14,13,-234649,-240139,-2381,-2143,-2381,-2142
RECAL 1 4 17 15 15 49,RECAL 3 0 9999 9999 64 4 80,RECAL 3 1 9999 -2301 64 4 80,-2354,-1335,16,13,-233172,-233208,-2301,-1271,-2302,-1271
RECAL 1 4 17 16 16 49,RECAL 3 0 9999 9999 64 4 80,RECAL 3 1 9999 -2296 64 4 80,-2349,1164,16,13,-230094,-230147,-2296,1227,-2297,1228
RECAL 1 4 17 17 17 49,RECAL 3 0 9999 9999 64 4 80,RECAL 3 1 9999 -2293 64 4 80,-2346,2047,17,13,-235297,-236371,-2293,2115,-2294,2115
RECAL 1 4 17 18 18 49,RECAL 3 0 9999 9999 64 4 80,RECAL 3 1 9999 -2283 64 4 80,-2336,2659,17,13,-237546,-240517,-2283,2728,-2284,2727
RECAL 1 4 18 1 1 50,RECAL 3 0 9999 9999 64 4 80,RECAL 3 1 9999 2331 64 4 80,2274,-2763,15,14,-230194,-231831,2331,-2702,2330,-2703
RECAL 1 4 18 2 2 50,RECAL 3 0 9999 9999 64 4 80,RECAL 3 1 9999 2349 64 4 80,2290,-2157,16,15,-226875,-226866,2349,-2095,2350,-2093
RECAL 1 4 18 3 3 50,RECAL 3 0 9999 9999 64 4 80,RECAL 3 1 9999 2255 64 4 80,2198,-1278,16,14,-228136,-228173,2255,-1216,2254,-1214
RECAL 1 4 18 4 4 50,RECAL 3 0 9999 9999 64 4 80,RECAL 3 1 9999 2331 64 4 80,2273,1184,17,15,-229163,-229237,2331,1250,2333,1252
RECAL 1 4 18 5 5 50,RECAL 3 0 9999 9999 64 4 80,RECAL 3 1 9999 2319 64 4 80,2261,2052,16,14,-231474,-231577,2319,2117,2317,2116
RECAL 1 4 18 6 6 50,RECAL 3 0 9999 9999 64 4 80,RECAL 3 1 9999 2305 64 4 80,2248,2654,17,14,-236819,-237914,2305,2719,2304,2722
RECAL 1 4 18 7 7 50,RECAL 3 0 9999 649 64 4 80,RECAL 3 1 9999 604 64 4 80,585,2676,17,5,-233293,-236115,604.1,2744,605,2744
RECAL 1 4 18 8 8 50,RECAL 3 0 9999 9999 64 4 80,RECAL 3 1 9999 653 64 4 80,645,2081,17,2,-227327,-228176,653.5,2148,653,2149
RECAL 1 4 18 9 9 50,RECAL 3 0 9999 9999 64 4 80,RECAL 3 1 9999 700 64 4 80,684,1240,16,4,-226854,-226846,700.1,1304,700,1304
RECAL 1 4 18 10 10 50,RECAL 3 0 9999 400 64 4 80,RECAL 3 1 9999 339 64 4 80,336,-1223,16,1,-225664,-225669,338.9,-1159,340,-1159
RECAL 1 4 18 11 11 50,RECAL 3 0 9999 9999 64 4 80,RECAL 3 1 9999 760 64 4 80,740,-2123,16,5,-227329,-227385,760,-2061,760,-2059
RECAL 1 4 18 12 12 50,RECAL 3 0 9999 9999 64 4 80,RECAL 3 1 9999 721 64 4 80,702,-2734,15,5,-229278,-232578,721.3,-2676,722,-2674
RECAL 1 4 18 13 13 50,RECAL 3 0 9999 9999 64 4 80,RECAL 3 1 9999 -2136 64 4 80,-2187,-2764,15,13,-234057,-234427,-2136,-2701,-2135,-2704
RECAL 1 4 18 14 14 50,RECAL 3 0 9999 9999 64 4 80,RECAL 3 1 9999 -2116 64 4 80,-2167,-2157,15,13,-231758,-233270,-2116,-2098,-2115,-2097
RECAL 1 4 18 15 15 50,RECAL 3 0 9999 9999 64 4 80,RECAL 3 1 9999 -2213 64 4 80,-2264,-1285,15,13,-231184,-231269,-2213,-1223,-2212,-1225
RECAL 1 4 18 16 16 50,RECAL 3 0 9999 9999 64 4 80,RECAL 3 1 9999 -2133 64 4 80,-2182,1177,16,12,-233570,-233581,-2133,1242,-2134,1241
RECAL 1 4 18 17 17 50,RECAL 3 0 9999 9999 64 4 80,RECAL 3 1 9999 -2148 64 4 80,-2197,2045,17,12,-230728,-230916,-2148,2110,-2149,2113
RECAL 1 4 18 18 18 50,RECAL 3 0 9999 9999 64 4 80,RECAL 3 1 9999 -2169 64 4 80,-2219,2650,16,12,-237159,-237259,-2169,2715,-2171,2714
RECAL 1 4 19 1 1 51,RECAL 3 0 9999 9999 64 4 80,RECAL 3 1 9999 2182 64 4 80,2114,-2791,15,17,-239700,-242539,2182,-2731,2182,-2731
RECAL 1 4 19 2 2 51,RECAL 3 0 9999 9999 64 4 80,RECAL 3 1 9999 2176 64 4 80,2106,-2196,15,17,-234172,-235374,2176,-2136,2174,-2136
RECAL 1 4 19 3 3 51,RECAL 3 0 9999 9999 64 4 80,RECAL 3 1 9999 2073 64 4 80,2003,-1354,17,17,-233187,-233315,2073,-1288,2071,-1286
RECAL 1 4 19 4 4 51,RECAL 3 0 9999 9999 64 4 80,RECAL 3 1 9999 2067 64 4 80,1997,1119,16,18,-230407,-230484,2067,1184,2069,1183
RECAL 1 4 19 5 5 51,RECAL 3 0 9999 9999 64 4 80,RECAL 3 1 9999 2079 64 4 80,2007,2007,17,18,-230948,-231726,2079,2074,2079,2075
RECAL 1 4 19 6 6 51,RECAL 3 0 9999 9999 64 4 80,RECAL 3 1 9999 2145 64 4 80,2074,2610,18,18,-233846,-242469,2145,2682,2146,2682
RECAL 1 4 19 7 7 51,RECAL 3 0 9999 9999 64 4 80,RECAL 3 1 9999 -481 64 4 80,-560,2649,16,20,-232747,-232750,-481.5,2708,-480,2713
RECAL 1 4 19 8 8 51,RECAL 3 0 9999 9999 64 4 80,RECAL 3 1 9999 -757 64 4 80,-827,2047,17,18,-231961,-233039,-756.9,2114,-755,2115
RECAL 1 4 19 9 9 51,RECAL 3 0 9999 9999 64 4 80,RECAL 3 1 9999 -744 64 4 80,-815,1183,18,18,-232999,-234516,-744.4,1255,-743,1255
RECAL 1 4 19 10 10 51,RECAL 3 0 9999 9999 64 4 80,RECAL 3 1 9999 -721 64 4 80,-790,-1281,15,17,-232839,-232862,-721.1,-1219,-722,-1221
RECAL 1 4 19 11 11 51,RECAL 3 0 9999 9999 64 4 80,RECAL 3 1 9999 -198 64 4 80,-306,-2154,15,27,-236477,-236920,-198,-2092,-198,-2094
RECAL 1 4 19 12 12 51,RECAL 3 0 9999 -174 64 4 80,RECAL 3 1 9999 -137 64 4 80,-238,-2759,16,26,-240383,-240393,-137.5,-2697,-134,-2695
RECAL 1 4 19 13 13 51,RECAL 3 0 9999 9999 64 4 80,RECAL 3 1 9999 -2187 64 4 80,-2249,-2785,13,16,-238849,-251888,-2187,-2731,-2185,-2733
RECAL 1 4 19 14 14 51,RECAL 3 0 9999 9999 64 4 80,RECAL 3 1 9999 -2190 64 4 80,-2251,-2191,14,15,-234975,-241000,-2190,-2137,-2191,-2135
RECAL 1 4 19 15 15 51,RECAL 3 0 9999 9999 64 4 80,RECAL 3 1 9999 -2286 64 4 80,-2348,-1358,16,15,-236144,-236225,-2286,-1293,-2288,-1294
RECAL 1 4 19 16 16 51,RECAL 3 0 9999 9999 64 4 80,RECAL 3 1 9999 -2293 64 4 80,-2356,1107,17,16,-231936,-232088,-2293,1173,-2292,1175
RECAL 1 4 19 17 17 51,RECAL 3 0 9999 9999 64 4 80,RECAL 3 1 9999 -2293 64 4 80,-2354,2001,16,15,-236736,-236764,-2293,2066,-2294,2065
RECAL 1 4 19 18 18 51,RECAL 3 0 9999 9999 64 4 80,RECAL 3 1 9999 -2227 64 4 80,-2290,2610,16,16,-236092,-236162,-2227,2669,-2226,2674
RECAL 1 4 20 1 1 52,RECAL 3 0 9999 9999 64 4 80,RECAL 3 1 9999 2043 64 4 80,1978,-2658,15,16,-243087,-243463,2043,-2595,2042,-2598
RECAL 1 4 20 2 2 52,RECAL 3 0 9999 9999 64 4 80,RECAL 3 1 9999 2008 64 4 80,1942,-2037,16,17,-242683,-242777,2008,-1974,2010,-1973
RECAL 1 4 20 3 3 52,RECAL 3 0 9999 9999 64 4 80,RECAL 3 1 9999 2051 64 4 80,1985,-1090,16,16,-240087,-240174,2051,-1024,2049,-1026
RECAL 1 4 20 4 4 52,RECAL 3 0 9999 9999 64 4 80,RECAL 3 1 9999 1917 64 4 80,1850,1321,16,17,-241989,-242013,1917,1387,1918,1385
RECAL 1 4 20 5 5 52,RECAL 3 0 9999 9999 64 4 80,RECAL 3 1 9999 1965 64 4 80,1898,2109,18,17,-245965,-252284,1965,2182,1966,2181
RECAL 1 4 20 6 6 52,RECAL 3 0 9999 9999 64 4 80,RECAL 3 1 9999 1932 64 4 80,1865,2688,18,17,-254809,-259075,1932,2756,1933,2760
RECAL 1 4 20 7 7 52,RECAL 3 0 9999 9999 64 4 80,RECAL 3 1 9999 -1044 64 4 80,-1102,2667,17,15,-245593,-245959,-1044,2729,-1042,2735
RECAL 1 4 20 8 8 52,RECAL 3 0 9999 9999 64 4 80,RECAL 3 1 9999 -952 64 4 80,-1012,2089,16,15,-240247,-240262,-952.3,2152,-952,2153
RECAL 1 4 20 9 9 52,RECAL 3 0 9999 9999 64 4 80,RECAL 3 1 9999 -1034 64 4 80,-1093,1281,15,15,-239725,-239974,-1034,1342,-1033,1341
RECAL 1 4 20 10 10 52,RECAL 3 0 9999 9999 64 4 80,RECAL 3 1 9999 -722 64 4 80,-780,-1147,17,15,-236245,-236302,-722.1,-1081,-720,-1079
RECAL 1 4 20 11 11 52,RECAL 3 0 9999 9999 64 4 80,RECAL 3 1 9999 -846 64 4 80,-904,-2061,15,15,-239694,-241549,-845.8,-2002,-844,-2001
RECAL 1 4 20 12 12 52,RECAL 3 0 9999 9999 64 4 80,RECAL 3 1 9999 -773 64 4 80,-831,-2680,16,14,-239483,-239568,-772.6,-2617,-775,-2616
RECAL 1 4 20 13 13 52,RECAL 3 0 9999 9999 64 4 80,RECAL 3 1 9999 -2281 64 4 80,-2339,-2654,14,15,-243194,-249778,-2281,-2598,-2279,-2598
RECAL 1 4 20 14 14 52,RECAL 3 0 9999 9999 64 4 80,RECAL 3 1 9999 -2312 64 4 80,-2369,-2037,15,14,-243710,-245617,-2312,-1979,-2313,-1977
RECAL 1 4 20 15 15 52,RECAL 3 0 9999 9999 64 4 80,RECAL 3 1 9999 -2273 64 4 80,-2332,-1112,18,15,-239564,-240368,-2273,-1041,-2272,-1040
RECAL 1 4 20 16 16 52,RECAL 3 0 9999 9999 64 4 80,RECAL 3 1 9999 -2388 64 4 80,-2445,1310,16,14,-245025,-245058,-2388,1374,-2389,1374
RECAL 1 4 20 17 17 52,RECAL 3 0 9999 9999 64 4 80,RECAL 3 1 9999 -2350 64 4 80,-2408,2100,18,15,-251056,-253630,-2350,2170,-2348,2172
RECAL 1 4 20 18 18 52,RECAL 3 0 9999 9999 64 4 80,RECAL 3 1 9999 -2382 64 4 80,-2441,2673,19,15,-251363,-262032,-2382,2745,-2381,2749
RECAL 1 4 21 1 1 53,RECAL 3 0 9999 9999 64 4 80,RECAL 3 1 9999 2046 64 4 80,1976,-2718,14,17,-247059,-254151,2046,-2661,2044,-2662
RECAL 1 4 21 2 2 53,RECAL 3 0 9999 9999 64 4 80,RECAL 3 1 9999 2050 64 4 80,1979,-2095,13,18,-243634,-251415,2050,-2042,2051,-2043
RECAL 1 4 21 3 3 53,RECAL 3 0 9999 9999 64 4 80,RECAL 3 1 9999 1974 64 4 80,1901,-1179,15,18,-242526,-242959,1974,-1120,1973,-1119
RECAL 1 4 21 4 4 53,RECAL 3 0 9999 9999 64 4 80,RECAL 3 1 9999 2066 64 4 80,1994,1278,16,18,-241851,-241857,2066,1343,2066,1342
RECAL 1 4 21 5 5 53,RECAL 3 0 9999 9999 64 4 80,RECAL 3 1 9999 1988 64 4 80,1916,2099,18,18,-243326,-248057,1988,2171,1988,2171
RECAL 1 4 21 6 6 53,RECAL 3 0 9999 9999 64 4 80,RECAL 3 1 9999 2023 64 4 80,1951,2694,17,18,-252347,-252742,2023,2757,2023,2762
RECAL 1 4 21 7 7 53,RECAL 3 0 9999 9999 64 4 80,RECAL 3 1 9999 -901 64 4 80,-975,2708,18,18,-251694,-261187,-901.3,2780,-903,2780
RECAL 1 4 21 8 8 53,RECAL 3 0 9999 9999 64 4 80,RECAL 3 1 9999 -953 64 4 80,-1025,2127,18,18,-246395,-251236,-952.9,2199,-953,2199
RECAL 1 4 21 9 9 53,RECAL 3 0 9999 9999 64 4 80,RECAL 3 1 9999 -749 64 4 80,-828,1331,14,20,-242845,-243877,-748.9,1389,-748,1387
RECAL 1 4 21 10 10 53,RECAL 3 0 9999 9999 64 4 80,RECAL 3 1 9999 -979 64 4 80,-1051,-1125,17,18,-242615,-242662,-979,-1059,-979,-1057
RECAL 1 4 21 11 11 53,RECAL 3 0 9999 9999 64 4 80,RECAL 3 1 9999 -795 64 4 80,-871,-2061,13,19,-244313,-251303,-794.6,-2008,-795,-2009
RECAL 1 4 21 12 12 53,RECAL 3 0 9999 9999 64 4 80,RECAL 3 1 9999 -843 64 4 80,-918,-2696,16,19,-250446,-250489,-842.5,-2633,-842,-2632
RECAL 1 4 21 13 13 53,RECAL 3 0 9999 9999 64 4 80,RECAL 3 1 9999 -2321 64 4 80,-2386,-2721,16,16,-254654,-254696,-2321,-2659,-2322,-2657
RECAL 1 4 21 14 14 53,RECAL 3 0 9999 9999 64 4 80,RECAL 3 1 9999 -2309 64 4 80,-2373,-2098,14,16,-249887,-253998,-2309,-2042,-2309,-2042
RECAL 1 4 21 15 15 53,RECAL 3 0 9999 9999 64 4 80,RECAL 3 1 9999 -2379 64 4 80,-2441,-1178,14,16,-248086,-249946,-2379,-1124,-2377,-1122
RECAL 1 4 21 16 16 53,RECAL 3 0 9999 9999 64 4 80,RECAL 3 1 9999 -2296 64 4 80,-2359,1278,14,16,-247297,-248339,-2296,1336,-2295,1334
RECAL 1 4 21 17 17 53,RECAL 3 0 9999 9999 64 4 80,RECAL 3 1 9999 -2364 64 4 80,-2427,2095,17,16,-252189,-253823,-2364,2163,-2363,2163
RECAL 1 4 21 18 18 53,RECAL 3 0 9999 9999 64 4 80,RECAL 3 1 9999 -2338 64 4 80,-2402,2681,18,16,-252287,-260074,-2338,2752,-2338,2753
RECAL 1 4 22 1 1 54,RECAL 3 0 9999 9999 64 4 80,RECAL 3 1 9999 2111 64 4 80,2047,-2788,14,16,-247872,-254286,2111,-2731,2111,-2732
RECAL 1 4 22 2 2 54,RECAL 3 0 9999 9999 64 4 80,RECAL 3 1 9999 2147 64 4 80,2081,-2210,15,17,-244989,-246742,2147,-2151,2149,-2150
RECAL 1 4 22 3 3 54,RECAL 3 0 9999 9999 64 4 80,RECAL 3 1 9999 2096 64 4 80,2030,-1396,15,16,-242020,-242862,2096,-1337,2094,-1336
RECAL 1 4 22 4 4 54,RECAL 3 0 9999 9999 64 4 80,RECAL 3 1 9999 2120 64 4 80,2054,1025,17,17,-245996,-246230,2120,1092,2122,1093
RECAL 1 4 22 5 5 54,RECAL 3 0 9999 9999 64 4 80,RECAL 3 1 9999 2221 64 4 80,2154,1937,16,17,-247910,-247929,2221,2003,2222,2001
RECAL 1 4 22 6 6 54,RECAL 3 0 9999 9999 64 4 80,RECAL 3 1 9999 2207 64 4 80,2140,2548,17,17,-248112,-250075,2207,2613,2208,2616
RECAL 1 4 22 7 7 54,RECAL 3 0 9999 9999 64 4 80,RECAL 3 1 9999 519 64 4 80,466,2574,16,13,-247128,-247151,518.8,2631,518,2638
RECAL 1 4 22 8 8 54,RECAL 3 0 9999 9999 64 4 80,RECAL 3 1 9999 598 64 4 80,540,1966,16,15,-242197,-242194,598.3,2030,600,2030
RECAL 1 4 22 9 9 54,RECAL 3 0 9999 9999 64 4 80,RECAL 3 1 9999 -399 64 4 80,-462,1087,14,16,-241502,-242945,-398.8,1143,-398,1143
RECAL 1 4 22 10 10 54,RECAL 3 0 9999 9999 64 4 80,RECAL 3 1 9999 -518 64 4 80,-575,-1353,15,14,-240177,-240427,-518.1,-1292,-519,-1293
RECAL 1 4 22 11 11 54,RECAL 3 0 9999 9999 64 4 80,RECAL 3 1 9999 -151 64 4 80,-228,-2185,16,19,-241449,-241470,-151.2,-2123,-152,-2121
RECAL 1 4 22 12 12 54,RECAL 3 0 9999 9999 64 4 80,RECAL 3 1 9999 -474 64 4 80,-525,-2759,13,13,-247753,-263137,-474.2,-2706,-473,-2707
RECAL 1 4 22 13 13 54,RECAL 3 0 9999 9999 64 4 80,RECAL 3 1 9999 -2199 64 4 80,-2258,-2778,14,15,-246933,-250878,-2199,-2719,-2198,-2722
RECAL 1 4 22 14 14 54,RECAL 3 0 9999 9999 64 4 80,RECAL 3 1 9999 -2164 64 4 80,-2222,-2202,15,15,-244180,-244410,-2164,-2140,-2162,-2142
RECAL 1 4 22 15 15 54,RECAL 3 0 9999 9999 64 4 80,RECAL 3 1 9999 -2211 64 4 80,-2269,-1381,14,14,-242925,-245210,-2211,-1326,-2213,-1325
RECAL 1 4 22 16 16 54,RECAL 3 0 9999 9999 64 4 80,RECAL 3 1 9999 -2189 64 4 80,-2247,1041,16,15,-248326,-248424,-2189,1104,-2187,1105
RECAL 1 4 22 17 17 54,RECAL 3 0 9999 9999 64 4 80,RECAL 3 1 9999 -2084 64 4 80,-2143,1940,17,15,-246879,-248484,-2084,2009,-2083,2008
RECAL 1 4 22 18 18 54,RECAL 3 0 9999 9999 64 4 80,RECAL 3 1 9999 -2106 64 4 80,-2164,2553,16,15,-251647,-251763,-2106,2616,-2104,2617
RECAL 1 4 23 1 1 55,RECAL 3 0 9999 9999 64 4 80,RECAL 3 1 9999 2427 64 4 80,2363,-2672,14,16,-234625,-240835,2427,-2614,2427,-2616
RECAL 1 4 23 2 2 55,RECAL 3 0 9999 9999 64 4 80,RECAL 3 1 9999 2348 64 4 80,2281,-2087,15,17,-230346,-231998,2348,-2028,2349,-2027
RECAL 1 4 23 3 3 55,RECAL 3 0 9999 9999 64 4 80,RECAL 3 1 9999 2430 64 4 80,2363,-1244,15,17,-229142,-229584,2430,-1184,2431,-1184
RECAL 1 4 23 4 4 55,RECAL 3 0 9999 9999 64 4 80,RECAL 3 1 9999 2346 64 4 80,2280,1122,16,16,-227399,-227475,2346,1186,2344,1186
RECAL 1 4 23 5 5 55,RECAL 3 0 9999 9999 64 4 80,RECAL 3 1 9999 2430 64 4 80,2363,1960,16,17,-229297,-229347,2430,2026,2431,2024
RECAL 1 4 23 6 6 55,RECAL 3 0 9999 9999 64 4 80,RECAL 3 1 9999 2433 64 4 80,2367,2546,17,16,-232790,-235397,2433,2613,2431,2614
RECAL 1 4 23 7 7 55,RECAL 3 0 9999 9999 64 4 80,RECAL 3 1 9999 1092 64 4 80,1035,2574,18,14,-232016,-236431,1092,2642,1091,2646
RECAL 1 4 23 8 8 55,RECAL 3 0 9999 9999 64 4 80,RECAL 3 1 9999 1060 64 4 80,1001,1999,16,15,-232609,-232605,1060,2062,1061,2063
RECAL 1 4 23 9 9 55,RECAL 3 0 9999 9999 64 4 80,RECAL 3 1 9999 860 64 4 80,803,1185,16,14,-230201,-230211,859.8,1248,859,1249
RECAL 1 4 23 10 10 55,RECAL 3 0 9999 9999 64 4 80,RECAL 3 1 9999 1052 64 4 80,994,-1177,15,15,-233432,-233562,1052,-1116,1054,-1117
RECAL 1 4 23 11 11 55,RECAL 3 0 9999 9999 64 4 80,RECAL 3 1 9999 860 64 4 80,800,-2043,15,15,-233396,-234845,859.6,-1983,860,-1983
RECAL 1 4 23 12 12 55,RECAL 3 0 9999 9999 64 4 80,RECAL 3 1 9999 1061 64 4 80,1003,-2637,14,15,-243746,-248648,1061,-2578,1063,-2581
RECAL 1 4 23 13 13 55,RECAL 3 0 9999 9999 64 4 80,RECAL 3 1 9999 -1944 64 4 80,-2001,-2676,15,14,-237839,-238332,-1944,-2612,-1945,-2616
RECAL 1 4 23 14 14 55,RECAL 3 0 9999 9999 64 4 80,RECAL 3 1 9999 -2028 64 4 80,-2083,-2083,14,14,-231849,-235778,-2028,-2026,-2027,-2027
RECAL 1 4 23 15 15 55,RECAL 3 0 9999 9999 64 4 80,RECAL 3 1 9999 -1929 64 4 80,-1985,-1253,16,14,-229207,-229199,-1929,-1191,-1929,-1189
RECAL 1 4 23 16 16 55,RECAL 3 0 9999 9999 64 4 80,RECAL 3 1 9999 -2024 64 4 80,-2081,1106,18,14,-229805,-230778,-2024,1176,-2025,1178
RECAL 1 4 23 17 17 55,RECAL 3 0 9999 9999 64 4 80,RECAL 3 1 9999 -1932 64 4 80,-1989,1956,16,14,-230167,-230182,-1932,2017,-1933,2020
RECAL 1 4 23 18 18 55,RECAL 3 0 9999 9999 64 4 80,RECAL 3 1 9999 -1935 64 4 80,-1991,2541,17,14,-233700,-236897,-1935,2610,-1935,2609
RECAL 1 4 24 1 1 56,RECAL 3 0 9999 9999 64 4 80,RECAL 3 1 9999 2042 64 4 80,1981,-2723,14,15,-230410,-235527,2042,-2663,2041,-2667
RECAL 1 4 24 2 2 56,RECAL 3 0 9999 9999 64 4 80,RECAL 3 1 9999 2092 64 4 80,2029,-2131,14,16,-227820,-231885,2092,-2074,2093,-2075
RECAL 1 4 24 3 3 56,RECAL 3 0 9999 9999 64 4 80,RECAL 3 1 9999 1983 64 4 80,1922,-1281,15,15,-226176,-226778,1983,-1222,1982,-1221
RECAL 1 4 24 4 4 56,RECAL 3 0 9999 9999 64 4 80,RECAL 3 1 9999 2057 64 4 80,1995,1154,16,15,-228448,-228534,2057,1216,2055,1218
RECAL 1 4 24 5 5 56,RECAL 3 0 9999 9999 64 4 80,RECAL 3 1 9999 2030 64 4 80,1969,2005,17,15,-229522,-230028,2030,2071,2029,2073
RECAL 1 4 24 6 6 56,RECAL 3 0 9999 9999 64 4 80,RECAL 3 1 9999 2010 64 4 80,1949,2596,17,15,-236214,-237795,2010,2663,2009,2664
RECAL 1 4 24 7 7 56,RECAL 3 0 9999 9999 64 4 80,RECAL 3 1 9999 -863 64 4 80,-908,2622,16,11,-233239,-233273,-862.5,2689,-864,2686
RECAL 1 4 24 8 8 56,RECAL 3 0 9999 9999 64 4 80,RECAL 3 1 9999 -782 64 4 80,-827,2039,16,11,-230586,-230568,-781.6,2104,-783,2103
RECAL 1 4 24 9 9 56,RECAL 3 0 9999 9999 64 4 80,RECAL 3 1 9999 -699 64 4 80,-743,1207,16,11,-227746,-227747,-698.6,1271,-699,1271
RECAL 1 4 24 10 10 56,RECAL 3 0 9999 9999 64 4 80,RECAL 3 1 9999 -890 64 4 80,-937,-1225,15,12,-226922,-227019,-890.3,-1163,-889,-1165
RECAL 1 4 24 11 11 56,RECAL 3 0 9999 9999 64 4 80,RECAL 3 1 9999 -577 64 4 80,-612,-2094,13,9,-227769,-236009,-576.6,-2041,-576,-2042
RECAL 1 4 24 12 12 56,RECAL 3 0 9999 9999 64 4 80,RECAL 3 1 9999 -766 64 4 80,-809,-2693,13,11,-233649,-246467,-766.5,-2638,-765,-2641
RECAL 1 4 24 13 13 56,RECAL 3 0 9999 9999 64 4 80,RECAL 3 1 9999 -2280 64 4 80,-2332,-2730,14,13,-237533,-242485,-2280,-2671,-2280,-2674
RECAL 1 4 24 14 14 56,RECAL 3 0 9999 9999 64 4 80,RECAL 3 1 9999 -2231 64 4 80,-2284,-2145,15,13,-234409,-235925,-2231,-2086,-2232,-2085
RECAL 1 4 24 15 15 56,RECAL 3 0 9999 9999 64 4 80,RECAL 3 1 9999 -2329 64 4 80,-2382,-1300,14,13,-232303,-234044,-2329,-1244,-2330,-1244
RECAL 1 4 24 16 16 56,RECAL 3 0 9999 9999 64 4 80,RECAL 3 1 9999 -2267 64 4 80,-2320,1123,17,13,-232257,-232438,-2267,1189,-2268,1191
RECAL 1 4 24 17 17 56,RECAL 3 0 9999 9999 64 4 80,RECAL 3 1 9999 -2289 64 4 80,-2343,1983,18,13,-235830,-239539,-2289,2054,-2291,2055
RECAL 1 4 24 18 18 56,RECAL 3 0 9999 9999 64 4 80,RECAL 3 1 9999 -2311 64 4 80,-2365,2582,16,14,-237744,-237885,-2311,2649,-2309,2646
RECAL 1 4 25 1 1 57,RECAL 3 0 9999 9999 64 4 80,RECAL 3 1 9999 2406 64 4 80,2342,-2714,14,16,-239567,-246616,2406,-2657,2406,-2658
RECAL 1 4 25 2 2 57,RECAL 3 0 9999 9999 64 4 80,RECAL 3 1 9999 2342 64 4 80,2278,-2107,14,16,-232305,-234880,2342,-2050,2342,-2051
RECAL 1 4 25 3 3 57,RECAL 3 0 9999 9999 64 4 80,RECAL 3 1 9999 2348 64 4 80,2284,-1224,15,16,-231427,-231720,2348,-1164,2348,-1164
RECAL 1 4 25 4 4 57,RECAL 3 0 9999 9999 64 4 80,RECAL 3 1 9999 2356 64 4 80,2291,1203,16,16,-230638,-230658,2356,1268,2355,1267
RECAL 1 4 25 5 5 57,RECAL 3 0 9999 9999 64 4 80,RECAL 3 1 9999 2447 64 4 80,2381,2042,17,16,-230579,-231053,2447,2108,2445,2110
RECAL 1 4 25 6 6 57,RECAL 3 0 9999 9999 64 4 80,RECAL 3 1 9999 2378 64 4 80,2314,2629,18,16,-234090,-237874,2378,2697,2378,2701
RECAL 1 4 25 7 7 57,RECAL 3 0 9999 9999 64 4 80,RECAL 3 1 9999 896 64 4 80,845,2600,17,13,-236421,-239623,895.7,2670,897,2668
RECAL 1 4 25 8 8 57,RECAL 3 0 9999 9999 64 4 80,RECAL 3 1 9999 1044 64 4 80,986,2003,17,14,-233061,-233946,1044,2070,1042,2071
RECAL 1 4 25 9 9 57,RECAL 3 0 9999 9999 64 4 80,RECAL 3 1 9999 804 64 4 80,753,1143,17,13,-230415,-230578,804.3,1210,805,1211
RECAL 1 4 25 10 10 57,RECAL 3 0 9999 9999 64 4 80,RECAL 3 1 9999 778 64 4 80,725,-1286,15,13,-234450,-234868,778.1,-1226,777,-1226
RECAL 1 4 25 11 11 57,RECAL 3 0 9999 9999 64 4 80,RECAL 3 1 9999 785 64 4 80,732,-2141,14,13,-233349,-236693,785,-2084,784,-2085
RECAL 1 4 25 12 12 57,RECAL 3 0 9999 9999 64 4 80,RECAL 3 1 9999 968 64 4 80,911,-2736,14,14,-237714,-247920,967.9,-2683,967,-2680
RECAL 1 4 25 13 13 57,RECAL 3 0 9999 9999 64 4 80,RECAL 3 1 9999 -2029 64 4 80,-2085,-2733,15,14,-244016,-244999,-2029,-2671,-2029,-2673
RECAL 1 4 25 14 14 57,RECAL 3 0 9999 9999 64 4 80,RECAL 3 1 9999 -2092 64 4 80,-2148,-2127,14,14,-238707,-244621,-2092,-2073,-2092,-2071
RECAL 1 4 25 15 15 57,RECAL 3 0 9999 9999 64 4 80,RECAL 3 1 9999 -2091 64 4 80,-2147,-1262,14,14,-235883,-237160,-2091,-1206,-2091,-1206
RECAL 1 4 25 16 16 57,RECAL 3 0 9999 9999 64 4 80,RECAL 3 1 9999 -2080 64 4 80,-2135,1170,15,14,-232718,-233513,-2080,1228,-2079,1230
RECAL 1 4 25 17 17 57,RECAL 3 0 9999 9999 64 4 80,RECAL 3 1 9999 -1976 64 4 80,-2032,2020,15,14,-235017,-235503,-1976,2080,-1976,2080
RECAL 1 4 25 18 18 57,RECAL 3 0 9999 9999 64 4 80,RECAL 3 1 9999 -2057 64 4 80,-2112,2613,16,14,-238468,-238527,-2057,2678,-2056,2677
RECAL 1 4 26 1 1 58,RECAL 3 0 9999 9999 64 4 80,RECAL 3 1 9999 2044 64 4 80,1975,-2788,15,17,-249215,-251608,2044,-2728,2043,-2728
RECAL 1 4 26 2 2 58,RECAL 3 0 9999 9999 64 4 80,RECAL 3 1 9999 2040 64 4 80,1971,-2195,15,17,-247230,-248247,2040,-2134,2039,-2135
RECAL 1 4 26 3 3 58,RECAL 3 0 9999 9999 64 4 80,RECAL 3 1 9999 1947 64 4 80,1879,-1355,16,17,-242994,-243010,1947,-1291,1947,-1291
RECAL 1 4 26 4 4 58,RECAL 3 0 9999 9999 64 4 80,RECAL 3 1 9999 2022 64 4 80,1954,1107,16,17,-245320,-245329,2022,1173,2022,1171
RECAL 1 4 26 5 5 58,RECAL 3 0 9999 9999 64 4 80,RECAL 3 1 9999 2002 64 4 80,1934,1998,17,17,-251446,-253414,2002,2067,2002,2066
RECAL 1 4 26 6 6 58,RECAL 3 0 9999 9999 64 4 80,RECAL 3 1 9999 1986 64 4 80,1919,2603,18,17,-252617,-263077,1986,2676,1987,2675
RECAL 1 4 26 7 7 58,RECAL 3 0 9999 9999 64 4 80,RECAL 3 1 9999 -955 64 4 80,-1018,2612,18,16,-257621,-266239,-955.4,2683,-954,2684
RECAL 1 4 26 8 8 58,RECAL 3 0 9999 9999 64 4 80,RECAL 3 1 9999 -897 64 4 80,-961,2010,18,16,-248283,-251218,-896.6,2080,-897,2082
RECAL 1 4 26 9 9 58,RECAL 3 0 9999 9999 64 4 80,RECAL 3 1 9999 -837 64 4 80,-902,1126,18,16,-247944,-249574,-837.5,1199,-838,1198
RECAL 1 4 26 10 10 58,RECAL 3 0 9999 9999 64 4 80,RECAL 3 1 9999 -1004 64 4 80,-1067,-1327,15,16,-245340,-246018,-1004,-1268,-1003,-1267
RECAL 1 4 26 11 11 58,RECAL 3 0 9999 9999 64 4 80,RECAL 3 1 9999 -805 64 4 80,-869,-2181,16,16,-247256,-247271,-804.7,-2119,-805,-2117
RECAL 1 4 26 12 12 58,RECAL 3 0 9999 9999 64 4 80,RECAL 3 1 9999 -818 64 4 80,-884,-2809,16,16,-250764,-250825,-818.2,-2743,-820,-2745
RECAL 1 4 26 13 13 58,RECAL 3 0 9999 9999 64 4 80,RECAL 3 1 9999 -2304 64 4 80,-2365,-2805,15,15,-256096,-257630,-2304,-2743,-2305,-2745
RECAL 1 4 26 14 14 58,RECAL 3 0 9999 9999 64 4 80,RECAL 3 1 9999 -2307 64 4 80,-2367,-2219,15,15,-251914,-253384,-2307,-2159,-2307,-2159
RECAL 1 4 26 15 15 58,RECAL 3 0 9999 9999 64 4 80,RECAL 3 1 9999 -2382 64 4 80,-2441,-1392,14,15,-255090,-256648,-2382,-1335,-2381,-1336
RECAL 1 4 26 16 16 58,RECAL 3 0 9999 9999 64 4 80,RECAL 3 1 9999 -2318 64 4 80,-2379,1054,17,15,-255313,-255472,-2318,1121,-2319,1122
RECAL 1 4 26 17 17 58,RECAL 3 0 9999 9999 64 4 80,RECAL 3 1 9999 -2335 64 4 80,-2395,1960,19,15,-254728,-262754,-2335,2035,-2335,2036
RECAL 1 4 26 18 18 58,RECAL 3 0 9999 9999 64 4 80,RECAL 3 1 9999 -2353 64 4 80,-2413,2579,18,15,-264310,-268422,-2353,2646,-2353,2651
RECAL 1 4 27 1 1 59,RECAL 3 0 9999 9999 64 4 80,RECAL 3 1 9999 2147 64 4 80,2083,-2693,15,16,-255937,-259762,2147,-2636,2147,-2633
RECAL 1 4 27 2 2 59,RECAL 3 0 9999 9999 64 4 80,RECAL 3 1 9999 2205 64 4 80,2141,-2105,15,16,-252128,-253463,2205,-2046,2205,-2045
RECAL 1 4 27 3 3 59,RECAL 3 0 9999 9999 64 4 80,RECAL 3 1 9999 2195 64 4 80,2131,-1264,15,16,-250426,-250858,2195,-1204,2195,-1204
RECAL 1 4 27 4 4 59,RECAL 3 0 9999 9999 64 4 80,RECAL 3 1 9999 2095 64 4 80,2030,1110,16,16,-249021,-249033,2095,1172,2094,1174
RECAL 1 4 27 5 5 59,RECAL 3 0 9999 9999 64 4 80,RECAL 3 1 9999 2168 64 4 80,2104,1958,16,16,-252286,-252292,2168,2024,2168,2022
RECAL 1 4 27 6 6 59,RECAL 3 0 9999 9999 64 4 80,RECAL 3 1 9999 2162 64 4 80,2098,2546,17,16,-254559,-256391,2162,2614,2162,2614
RECAL 1 4 27 7 7 59,RECAL 3 0 9999 9999 64 4 80,RECAL 3 1 9999 -406 64 4 80,-445,2528,17,10,-259472,-260357,-406.4,2594,-405,2596
RECAL 1 4 27 8 8 59,RECAL 3 0 9999 9999 64 4 80,RECAL 3 1 9999 -334 64 4 80,-376,1934,16,10,-256492,-256486,-333.6,2000,-336,1998
RECAL 1 4 27 9 9 59,RECAL 3 0 9999 9999 64 4 80,RECAL 3 1 9999 -688 64 4 80,-736,1068,17,12,-255356,-255534,-687.9,1135,-688,1136
RECAL 1 4 27 10 10 59,RECAL 3 0 9999 152 64 4 80,RECAL 3 1 9999 105 64 4 80,88,-1303,15,5,-257354,-257420,104.9,-1241,108,-1243
RECAL 1 4 27 11 11 59,RECAL 3 0 9999 9999 64 4 80,RECAL 3 1 9999 237 64 4 80,215,-2125,14,5,-256619,-259374,236.9,-2067,235,-2069
RECAL 1 4 27 12 12 59,RECAL 3 0 9999 9999 64 4 80,RECAL 3 1 9999 -509 64 4 80,-557,-2707,15,12,-262375,-264914,-509.1,-2649,-509,-2647
RECAL 1 4 27 13 13 59,RECAL 3 0 9999 9999 64 4 80,RECAL 3 1 9999 -2238 64 4 80,-2295,-2678,15,14,-259564,-263165,-2238,-2622,-2239,-2618
RECAL 1 4 27 14 14 59,RECAL 3 0 9999 9999 64 4 80,RECAL 3 1 9999 -2180 64 4 80,-2236,-2096,16,14,-256745,-256735,-2180,-2034,-2180,-2032
RECAL 1 4 27 15 15 59,RECAL 3 0 9999 9999 64 4 80,RECAL 3 1 9999 -2190 64 4 80,-2247,-1248,16,14,-257210,-257253,-2190,-1186,-2191,-1184
RECAL 1 4 27 16 16 59,RECAL 3 0 9999 9999 64 4 80,RECAL 3 1 9999 -2284 64 4 80,-2340,1127,16,14,-257830,-257845,-2284,1189,-2284,1191
RECAL 1 4 27 17 17 59,RECAL 3 0 9999 9999 64 4 80,RECAL 3 1 9999 -2215 64 4 80,-2271,1960,18,14,-259777,-264204,-2215,2031,-2215,2032
RECAL 1 4 27 18 18 59,RECAL 3 0 9999 9999 64 4 80,RECAL 3 1 9999 -2223 64 4 80,-2279,2552,17,14,-266327,-267488,-2223,2619,-2223,2620
RECAL 1 4 28 1 1 60,RECAL 3 0 9999 9999 64 4 80,RECAL 3 1 9999 2214 64 4 80,2154,-2741,15,15,-251676,-252299,2214,-2679,2214,-2681
RECAL 1 4 28 2 2 60,RECAL 3 0 9999 9999 64 4 80,RECAL 3 1 9999 2217 64 4 80,2155,-2139,15,16,-248291,-249093,2217,-2078,2219,-2079
RECAL 1 4 28 3 3 60,RECAL 3 0 9999 9999 64 4 80,RECAL 3 1 9999 2221 64 4 80,2159,-1279,16,15,-248959,-249021,2221,-1214,2219,-1215
RECAL 1 4 28 4 4 60,RECAL 3 0 9999 9999 64 4 80,RECAL 3 1 9999 2132 64 4 80,2072,1152,17,15,-250368,-250966,2132,1221,2132,1220
RECAL 1 4 28 5 5 60,RECAL 3 0 9999 9999 64 4 80,RECAL 3 1 9999 2136 64 4 80,2076,2011,17,15,-254407,-256504,2136,2081,2136,2079
RECAL 1 4 28 6 6 60,RECAL 3 0 9999 9999 64 4 80,RECAL 3 1 9999 2201 64 4 80,2140,2607,18,15,-258898,-264892,2201,2678,2200,2679
RECAL 1 4 28 7 7 60,RECAL 3 0 9999 9999 64 4 80,RECAL 3 1 9999 621 64 4 80,587,2579,18,9,-257432,-262834,620.7,2649,623,2651
RECAL 1 4 28 8 8 60,RECAL 3 0 9999 305 64 4 80,RECAL 3 1 9999 256 64 4 80,241,1976,17,4,-251169,-252275,256.4,2044,257,2044
RECAL 1 4 28 9 9 60,RECAL 3 0 9999 280 64 4 80,RECAL 3 1 9999 224 64 4 80,216,1094,17,2,-249593,-250020,224.4,1162,224,1162
RECAL 1 4 28 10 10 60,RECAL 3 0 9999 9999 64 4 80,RECAL 3 1 9999 687 64 4 80,647,-1334,16,10,-247015,-247003,687,-1269,687,-1270
RECAL 1 4 28 11 11 60,RECAL 3 0 9999 9999 64 4 80,RECAL 3 1 9999 684 64 4 80,646,-2169,15,9,-249208,-251350,684,-2111,682,-2109
RECAL 1 4 28 12 12 60,RECAL 3 0 9999 9999 64 4 80,RECAL 3 1 9999 685 64 4 80,646,-2763,15,9,-250713,-254442,685,-2707,682,-2703
RECAL 1 4 28 13 13 60,RECAL 3 0 9999 9999 64 4 80,RECAL 3 1 9999 -2039 64 4 80,-2091,-2730,15,13,-254533,-256512,-2039,-2671,-2039,-2670
RECAL 1 4 28 14 14 60,RECAL 3 0 9999 9999 64 4 80,RECAL 3 1 9999 -2031 64 4 80,-2082,-2134,16,13,-252252,-252273,-2031,-2068,-2030,-2070
RECAL 1 4 28 15 15 60,RECAL 3 0 9999 9999 64 4 80,RECAL 3 1 9999 -2029 64 4 80,-2080,-1266,16,13,-253209,-253216,-2029,-1201,-2028,-1202
RECAL 1 4 28 16 16 60,RECAL 3 0 9999 9999 64 4 80,RECAL 3 1 9999 -2124 64 4 80,-2175,1163,18,13,-253359,-254609,-2124,1234,-2123,1235
RECAL 1 4 28 17 17 60,RECAL 3 0 9999 9999 64 4 80,RECAL 3 1 9999 -2120 64 4 80,-2169,2015,18,12,-259354,-263215,-2120,2086,-2121,2087
RECAL 1 4 28 18 18 60,RECAL 3 0 9999 9999 64 4 80,RECAL 3 1 9999 -2051 64 4 80,-2102,2609,18,13,-262778,-270117,-2051,2681,-2050,2681
RECAL 1 4 29 1 1 61,RECAL 3 0 9999 9999 64 4 80,RECAL 3 1 9999 2183 64 4 80,2115,-2790,15,17,-247889,-251200,2183,-2731,2183,-2730
RECAL 1 4 29 2 2 61,RECAL 3 0 9999 9999 64 4 80,RECAL 3 1 9999 2143 64 4 80,2075,-2217,15,17,-242019,-242731,2143,-2156,2143,-2157
RECAL 1 4 29 3 3 61,RECAL 3 0 9999 9999 64 4 80,RECAL 3 1 9999 2212 64 4 80,2142,-1407,16,17,-240006,-240067,2212,-1343,2210,-1343
RECAL 1 4 29 4 4 61,RECAL 3 0 9999 9999 64 4 80,RECAL 3 1 9999 2149 64 4 80,2080,1019,16,17,-238527,-238523,2149,1084,2148,1083
RECAL 1 4 29 5 5 61,RECAL 3 0 9999 9999 64 4 80,RECAL 3 1 9999 2241 64 4 80,2172,1934,17,17,-238975,-240472,2241,2003,2240,2002
RECAL 1 4 29 6 6 61,RECAL 3 0 9999 9999 64 4 80,RECAL 3 1 9999 2257 64 4 80,2189,2545,17,17,-245067,-247847,2257,2613,2257,2613
RECAL 1 4 29 7 7 61,RECAL 3 0 9999 9999 64 4 80,RECAL 3 1 9999 537 64 4 80,471,2523,17,16,-241273,-242013,536.9,2587,535,2591
RECAL 1 4 29 8 8 61,RECAL 3 0 9999 9999 64 4 80,RECAL 3 1 9999 505 64 4 80,443,1894,18,16,-239427,-243414,505.3,1966,507,1966
RECAL 1 4 29 9 9 61,RECAL 3 0 9999 9999 64 4 80,RECAL 3 1 9999 -477 64 4 80,-534,944,19,14,-238011,-240219,-476.7,1020,-478,1020
RECAL 1 4 29 10 10 61,RECAL 3 0 9999 9999 64 4 80,RECAL 3 1 9999 340 64 4 80,284,-1458,16,14,-238300,-238296,340.5,-1393,340,-1394
RECAL 1 4 29 11 11 61,RECAL 3 0 9999 9999 64 4 80,RECAL 3 1 9999 -519 64 4 80,-577,-2238,13,14,-241805,-251269,-519,-2185,-521,-2186
RECAL 1 4 29 12 12 61,RECAL 3 0 9999 9999 64 4 80,RECAL 3 1 9999 -223 64 4 80,-293,-2817,15,17,-245512,-247092,-223.4,-2755,-225,-2757
RECAL 1 4 29 13 13 61,RECAL 3 0 9999 9999 64 4 80,RECAL 3 1 9999 -2204 64 4 80,-2264,-2771,14,15,-250286,-261358,-2204,-2717,-2204,-2715
RECAL 1 4 29 14 14 61,RECAL 3 0 9999 9999 64 4 80,RECAL 3 1 9999 -2246 64 4 80,-2304,-2192,14,14,-243751,-250041,-2246,-2137,-2248,-2136
RECAL 1 4 29 15 15 61,RECAL 3 0 9999 9999 64 4 80,RECAL 3 1 9999 -2171 64 4 80,-2231,-1383,16,15,-242602,-242598,-2171,-1319,-2171,-1319
RECAL 1 4 29 16 16 61,RECAL 3 0 9999 9999 64 4 80,RECAL 3 1 9999 -2240 64 4 80,-2298,1043,16,14,-238265,-238372,-2240,1108,-2242,1107
RECAL 1 4 29 17 17 61,RECAL 3 0 9999 9999 64 4 80,RECAL 3 1 9999 -2144 64 4 80,-2202,1952,15,15,-241648,-242661,-2144,2012,-2142,2012
RECAL 1 4 29 18 18 61,RECAL 3 0 9999 9999 64 4 80,RECAL 3 1 9999 -2143 64 4 80,-2201,2547,18,14,-241595,-250264,-2143,2619,-2145,2619
RECAL 1 4 30 1 1 62,RECAL 3 0 9999 9999 64 4 80,RECAL 3 1 9999 2188 64 4 80,2123,-2869,16,16,-238376,-238465,2188,-2806,2187,-2805
RECAL 1 4 30 2 2 62,RECAL 3 0 9999 9999 64 4 80,RECAL 3 1 9999 2254 64 4 80,2189,-2277,15,16,-236287,-237969,2254,-2217,2253,-2217
RECAL 1 4 30 3 3 62,RECAL 3 0 9999 9999 64 4 80,RECAL 3 1 9999 2225 64 4 80,2160,-1460,15,16,-234856,-235105,2225,-1399,2224,-1400
RECAL 1 4 30 4 4 62,RECAL 3 0 9999 9999 64 4 80,RECAL 3 1 9999 2217 64 4 80,2152,1007,16,16,-235827,-235820,2217,1073,2216,1071
RECAL 1 4 30 5 5 62,RECAL 3 0 9999 9999 64 4 80,RECAL 3 1 9999 2191 64 4 80,2126,1958,16,16,-238545,-238567,2191,2023,2190,2022
RECAL 1 4 30 6 6 62,RECAL 3 0 9999 9999 64 4 80,RECAL 3 1 9999 2176 64 4 80,2112,2580,18,16,-244503,-250790,2176,2651,2176,2652
RECAL 1 4 30 7 7 62,RECAL 3 0 9999 9999 64 4 80,RECAL 3 1 9999 -374 64 4 80,-404,2564,18,7,-243533,-249084,-373.9,2634,-376,2636
RECAL 1 4 30 8 8 62,RECAL 3 0 9999 9999 64 4 80,RECAL 3 1 9999 -233 64 4 80,-253,1934,17,4,-238042,-238943,-233,2002,-237,2002
RECAL 1 4 30 9 9 62,RECAL 3 0 9999 9999 64 4 80,RECAL 3 1 9999 276 64 4 80,249,964,17,7,-237224,-237514,275.6,1032,277,1032
RECAL 1 4 30 10 10 62,RECAL 3 0 9999 9999 64 4 80,RECAL 3 1 9999 343 64 4 80,305,-1482,14,9,-236897,-239196,342.8,-1426,341,-1426
RECAL 1 4 30 11 11 62,RECAL 3 0 9999 9999 64 4 80,RECAL 3 1 9999 517 64 4 80,470,-2291,14,12,-235546,-239244,517,-2233,518,-2235
RECAL 1 4 30 12 12 62,RECAL 3 0 9999 9999 64 4 80,RECAL 3 1 9999 -292 64 4 80,-325,-2871,13,7,-243502,-255278,-292.4,-2816,-297,-2819
RECAL 1 4 30 13 13 62,RECAL 3 0 9999 9999 64 4 80,RECAL 3 1 9999 -2218 64 4 80,-2276,-2850,14,14,-243988,-251383,-2218,-2794,-2220,-2794
RECAL 1 4 30 14 14 62,RECAL 3 0 9999 9999 64 4 80,RECAL 3 1 9999 -2149 64 4 80,-2204,-2257,13,14,-242075,-251495,-2149,-2204,-2148,-2205
RECAL 1 4 30 15 15 62,RECAL 3 0 9999 9999 64 4 80,RECAL 3 1 9999 -2180 64 4 80,-2236,-1442,14,14,-242195,-243262,-2180,-1384,-2180,-1386
RECAL 1 4 30 16 16 62,RECAL 3 0 9999 9999 64 4 80,RECAL 3 1 9999 -2188 64 4 80,-2244,1021,16,14,-242117,-242117,-2188,1086,-2188,1085
RECAL 1 4 30 17 17 62,RECAL 3 0 9999 9999 64 4 80,RECAL 3 1 9999 -2212 64 4 80,-2268,1960,17,14,-245865,-246780,-2212,2028,-2212,2028
RECAL 1 4 30 18 18 62,RECAL 3 0 9999 9999 64 4 80,RECAL 3 1 9999 -2230 64 4 80,-2286,2585,17,14,-249470,-252827,-2230,2656,-2230,2653
RECAL 1 4 31 1 1 63,RECAL 3 0 9999 9999 64 4 80,RECAL 3 1 9999 2182 64 4 80,2119,-2864,15,16,-245579,-246424,2182,-2799,2183,-2804
RECAL 1 4 31 2 2 63,RECAL 3 0 9999 9999 64 4 80,RECAL 3 1 9999 2097 64 4 80,2034,-2276,16,16,-239454,-239506,2097,-2213,2098,-2212
RECAL 1 4 31 3 3 63,RECAL 3 0 9999 9999 64 4 80,RECAL 3 1 9999 2191 64 4 80,2128,-1461,16,16,-238095,-238088,2191,-1399,2192,-1397
RECAL 1 4 31 4 4 63,RECAL 3 0 9999 9999 64 4 80,RECAL 3 1 9999 2191 64 4 80,2128,1004,16,16,-236626,-236654,2191,1069,2192,1068
RECAL 1 4 31 5 5 63,RECAL 3 0 9999 9999 64 4 80,RECAL 3 1 9999 2188 64 4 80,2125,1957,16,16,-237583,-237604,2188,2023,2189,2021
RECAL 1 4 31 6 6 63,RECAL 3 0 9999 9999 64 4 80,RECAL 3 1 9999 2196 64 4 80,2135,2581,18,15,-241904,-248592,2196,2652,2195,2653
RECAL 1 4 31 7 7 63,RECAL 3 0 9999 115 64 4 80,RECAL 3 1 9999 54 64 4 80,51,2547,17,1,-242460,-243763,53.85,2614,55,2615
RECAL 1 4 31 8 8 63,RECAL 3 0 9999 -50 128 4 80,RECAL 3 1 9999 -166 128 4 80,-178,1842,33,3,-238686,-239081,-166.2,1971,-166,1974
RECAL 1 4 31 9 9 63,RECAL 3 0 9999 56 128 4 80,RECAL 3 1 9999 -70 128 4 80,-72,848,32,1,-237264,-237269,-69.57,975.7,-68,976
RECAL 1 4 31 10 10 63,RECAL 3 0 9999 -15 128 4 80,RECAL 3 1 9999 -135 128 4 80,-143,-1592,32,2,-239676,-239673,-135.4,-1458,-135,-1464
RECAL 1 4 31 11 11 63,RECAL 3 0 9999 9999 64 4 80,RECAL 3 1 9999 -695 64 4 80,-741,-2315,15,11,-240928,-242120,-695.4,-2254,-697,-2255
RECAL 1 4 31 12 12 63,RECAL 3 0 9999 9999 64 4 80,RECAL 3 1 9999 -285 64 4 80,-291,-2892,14,1,-245315,-249931,-284.9,-2832,-287,-2836
RECAL 1 4 31 13 13 63,RECAL 3 0 9999 9999 64 4 80,RECAL 3 1 9999 -2212 64 4 80,-2268,-2851,14,14,-251516,-261092,-2212,-2796,-2212,-2795
RECAL 1 4 31 14 14 63,RECAL 3 0 9999 9999 64 4 80,RECAL 3 1 9999 -2289 64 4 80,-2343,-2266,15,14,-246213,-248447,-2289,-2208,-2287,-2206
RECAL 1 4 31 15 15 63,RECAL 3 0 9999 9999 64 4 80,RECAL 3 1 9999 -2199 64 4 80,-2253,-1453,15,14,-244228,-244963,-2199,-1394,-2197,-1393
RECAL 1 4 31 16 16 63,RECAL 3 0 9999 9999 64 4 80,RECAL 3 1 9999 -2199 64 4 80,-2253,1003,17,14,-241809,-242105,-2199,1071,-2197,1071
RECAL 1 4 31 17 17 63,RECAL 3 0 9999 9999 64 4 80,RECAL 3 1 9999 -2202 64 4 80,-2256,1950,18,14,-243901,-247060,-2202,2021,-2200,2022
RECAL 1 4 31 18 18 63,RECAL 3 0 9999 9999 64 4 80,RECAL 3 1 9999 -2200 64 4 80,-2254,2576,18,14,-247386,-256810,-2200,2650,-2198,2648
RECAL 1 4 32 1 1 64,RECAL 3 0 9999 9999 64 4 80,RECAL 3 1 9999 2177 64 4 80,2114,-2676,15,16,-246821,-247329,2177,-2614,2178,-2616
RECAL 1 4 32 2 2 64,RECAL 3 0 9999 9999 64 4 80,RECAL 3 1 9999 2141 64 4 80,2079,-2089,15,15,-244740,-245443,2141,-2028,2139,-2029
RECAL 1 4 32 3 3 64,RECAL 3 0 9999 9999 64 4 80,RECAL 3 1 9999 2141 64 4 80,2079,-1243,15,15,-240606,-240743,2141,-1181,2139,-1183
RECAL 1 4 32 4 4 64,RECAL 3 0 9999 9999 64 4 80,RECAL 3 1 9999 2233 64 4 80,2170,1122,16,16,-244125,-244183,2233,1185,2234,1186
RECAL 1 4 32 5 5 64,RECAL 3 0 9999 9999 64 4 80,RECAL 3 1 9999 2233 64 4 80,2168,1959,17,16,-248923,-249624,2233,2026,2232,2027
RECAL 1 4 32 6 6 64,RECAL 3 0 9999 9999 64 4 80,RECAL 3 1 9999 2189 64 4 80,2126,2542,17,16,-249835,-252730,2189,2612,2190,2610
RECAL 1 4 32 7 7 64,RECAL 3 0 9999 9999 64 4 80,RECAL 3 1 9999 -378 64 4 80,-397,2574,16,4,-251818,-251839,-377.9,2641,-381,2638
RECAL 1 4 32 8 8 64,RECAL 3 0 9999 9999 64 4 80,RECAL 3 1 9999 321 64 4 80,299,1995,17,6,-245797,-247234,321.5,2063,323,2063
RECAL 1 4 32 9 9 64,RECAL 3 0 9999 9999 64 4 80,RECAL 3 1 9999 328 64 4 80,294,1183,17,8,-246300,-246454,327.5,1250,326,1251
RECAL 1 4 32 10 10 64,RECAL 3 0 9999 9999 64 4 80,RECAL 3 1 9999 -595 64 4 80,-640,-1173,15,11,-242117,-242368,-595,-1112,-596,-1113
RECAL 1 4 32 11 11 64,RECAL 3 0 9999 9999 64 4 80,RECAL 3 1 9999 -598 64 4 80,-636,-2048,15,9,-248109,-248892,-598.2,-1987,-600,-1988
RECAL 1 4 32 12 12 64,RECAL 3 0 9999 9999 64 4 80,RECAL 3 1 9999 -438 64 4 80,-481,-2641,15,11,-246407,-249549,-437.7,-2584,-437,-2581
RECAL 1 4 32 13 13 64,RECAL 3 0 9999 9999 64 4 80,RECAL 3 1 9999 -2241 64 4 80,-2296,-2677,16,14,-250234,-250286,-2241,-2617,-2240,-2613
RECAL 1 4 32 14 14 64,RECAL 3 0 9999 9999 64 4 80,RECAL 3 1 9999 -2272 64 4 80,-2327,-2092,15,14,-251772,-252175,-2272,-2030,-2271,-2032
RECAL 1 4 32 15 15 64,RECAL 3 0 9999 9999 64 4 80,RECAL 3 1 9999 -2273 64 4 80,-2328,-1246,14,14,-248701,-250215,-2273,-1190,-2272,-1190
RECAL 1 4 32 16 16 64,RECAL 3 0 9999 9999 64 4 80,RECAL 3 1 9999 -2181 64 4 80,-2236,1105,17,14,-250715,-251169,-2181,1173,-2180,1173
RECAL 1 4 32 17 17 64,RECAL 3 0 9999 9999 64 4 80,RECAL 3 1 9999 -2182 64 4 80,-2237,1951,17,14,-255224,-255325,-2182,2017,-2181,2019
RECAL 1 4 32 18 18 64,RECAL 3 0 9999 9999 64 4 80,RECAL 3 1 9999 -2228 64 4 80,-2282,2526,19,14,-257588,-274377,-2228,2602,-2226,2602
RECAL 1 1 1 1 1 33,RECAL 3 0 9999 9999 64 4 80,RECAL 3 1 9999 2538 64 4 80,2467,-2992,13,18,-226743,-236739,2538,-2938,2539,-2940
RECAL 1 1 2 1 1 34,RECAL 3 0 9999 9999 64 4 80,RECAL 3 1 9999 2536 64 4 80,2467,-2329,14,17,-220161,-224338,2536,-2274,2535,-2273
RECAL 1 1 3 1 1 35,RECAL 3 0 9999 9999 64 4 80,RECAL 3 1 9999 2438 64 4 80,2368,-1360,14,17,-220600,-222031,2438,-1305,2436,-1304
RECAL 1 1 4 1 1 36,RECAL 3 0 9999 9999 64 4 80,RECAL 3 1 9999 2528 64 4 80,2458,1336,17,18,-226667,-226910,2528,1402,2530,1404
RECAL 1 1 5 1 1 37,RECAL 3 0 9999 9999 64 4 80,RECAL 3 1 9999 2431 64 4 80,2363,2260,18,17,-227721,-229939,2431,2330,2431,2332
RECAL 1 1 6 1 1 38,RECAL 3 0 9999 9999 64 4 80,RECAL 3 1 9999 2425 64 4 80,2355,2909,18,17,-234788,-242900,2425,2983,2423,2981
RECAL 1 1 7 1 1 39,RECAL 3 0 9999 9999 64 4 80,RECAL 3 1 9999 -591 64 4 80,-637,2944,18,11,-231305,-237333,-590.9,3016,-593,3016
RECAL 1 1 15 1 1 47,RECAL 3 0 9999 9999 64 4 80,RECAL 3 1 9999 -506 64 4 80,-553,2303,18,12,-250758,-253498,-506.1,2374,-505,2375
RECAL 1 1 32 1 1 64,RECAL 3 0 9999 9999 64 4 80,RECAL 3 1 9999 564 64 4 80,510,1409,16,14,-246899,-247193,564.1,1475,566,1473
RECAL 1 1 49 1 1 17,RECAL 3 0 9999 9999 64 4 80,RECAL 3 1 9999 -461 64 4 80,-504,-1276,15,11,-244952,-245679,-461.4,-1218,-460,-1216
RECAL 1 1 8 1 1 40,RECAL 3 0 9999 9999 64 4 80,RECAL 3 1 9999 596 64 4 80,537,-2284,14,15,-232056,-236290,595.6,-2229,597,-2228
RECAL 1 1 9 1 1 41,RECAL 3 0 9999 9999 64 4 80,RECAL 3 1 9999 611 64 4 80,552,-2955,13,15,-231045,-241537,611.4,-2902,612,-2903
RECAL 1 1 10 1 1 42,RECAL 3 0 9999 9999 64 4 80,RECAL 3 1 9999 -2415 64 4 80,-2468,-2959,13,13,-232722,-245892,-2415,-2908,-2416,-2907
RECAL 1 1 11 1 1 43,RECAL 3 0 9999 9999 64 4 80,RECAL 3 1 9999 -2413 64 4 80,-2466,-2292,14,13,-241473,-245136,-2413,-2237,-2414,-2236
RECAL 1 1 12 1 1 44,RECAL 3 0 9999 9999 64 4 80,RECAL 3 1 9999 -2516 64 4 80,-2569,-1292,14,13,-238537,-239412,-2516,-1235,-2517,-1236
RECAL 1 1 13 1 1 45,RECAL 3 0 9999 9999 64 4 80,RECAL 3 1 9999 -2428 64 4 80,-2480,1389,17,13,-237723,-238083,-2428,1456,-2428,1457
RECAL 1 1 14 1 1 46,RECAL 3 0 9999 9999 64 4 80,RECAL 3 1 9999 -2523 64 4 80,-2575,2296,18,13,-240854,-243870,-2523,2367,-2523,2368
RECAL 1 2 15 1 1 47,RECAL 3 0 9999 9999 64 4 80,RECAL 3 1 9999 2468 64 4 80,2396,-2999,14,18,-243082,-251792,2468,-2946,2468,-2943
RECAL 1 2 16 1 1 48,RECAL 3 0 9999 9999 64 4 80,RECAL 3 1 9999 2477 64 4 80,2405,-2350,14,18,-243318,-246629,2477,-2293,2477,-2294
RECAL 1 2 17 1 1 49,RECAL 3 0 9999 9999 64 4 80,RECAL 3 1 9999 2385 64 4 80,2314,-1406,14,18,-238803,-239731,2385,-1349,2386,-1350
RECAL 1 2 18 1 1 50,RECAL 3 0 9999 9999 64 4 80,RECAL 3 1 9999 2375 64 4 80,2304,1284,17,18,-231471,-231947,2375,1352,2376,1352
RECAL 1 2 19 1 1 51,RECAL 3 0 9999 9999 64 4 80,RECAL 3 1 9999 2455 64 4 80,2384,2222,18,18,-238413,-241802,2455,2294,2456,2294
RECAL 1 2 20 1 1 52,RECAL 3 0 9999 9999 64 4 80,RECAL 3 1 9999 2458 64 4 80,2387,2873,18,18,-235959,-242535,2458,2946,2459,2945
RECAL 1 2 21 1 1 53,RECAL 3 0 9999 9999 64 4 80,RECAL 3 1 9999 234 64 4 80,168,2835,18,17,-249945,-255018,233.7,2906,236,2907
RECAL 1 2 22 1 1 54,RECAL 3 0 9999 9999 64 4 80,RECAL 3 1 9999 183 64 4 80,123,2174,17,16,-252829,-254579,183.3,2244,187,2242
RECAL 1 2 23 1 1 55,RECAL 3 0 9999 9999 64 4 80,RECAL 3 1 9999 -662 64 4 80,-716,1197,17,13,-240478,-240814,-662.1,1264,-664,1265
RECAL 1 2 24 1 1 56,RECAL 3 0 9999 9999 64 4 80,RECAL 3 1 9999 -624 64 4 80,-677,-1490,14,13,-233892,-235493,-623.6,-1434,-625,-1434
RECAL 1 2 25 1 1 57,RECAL 3 0 9999 9999 64 4 80,RECAL 3 1 9999 399 64 4 80,343,-2398,14,13,-242120,-246512,399,-2343,395,-2342
RECAL 1 2 26 1 1 58,RECAL 3 0 9999 9999 64 4 80,RECAL 3 1 9999 386 64 4 80,313,-3032,13,18,-238355,-252023,386.1,-2980,385,-2980
RECAL 1 2 27 1 1 59,RECAL 3 0 9999 9999 64 4 80,RECAL 3 1 9999 -2424 64 4 80,-2480,-2998,13,14,-246915,-258889,-2424,-2945,-2424,-2946
RECAL 1 2 28 1 1 60,RECAL 3 0 9999 9999 64 4 80,RECAL 3 1 9999 -2426 64 4 80,-2480,-2352,13,14,-245544,-251508,-2426,-2298,-2424,-2300
RECAL 1 2 29 1 1 61,RECAL 3 0 9999 9999 64 4 80,RECAL 3 1 9999 -2511 64 4 80,-2565,-1413,14,13,-248642,-249734,-2511,-1356,-2513,-1357
RECAL 1 2 30 1 1 62,RECAL 3 0 9999 9999 64 4 80,RECAL 3 1 9999 -2525 64 4 80,-2579,1274,17,13,-235929,-236432,-2525,1343,-2527,1342
RECAL 1 2 31 1 1 63,RECAL 3 0 9999 9999 64 4 80,RECAL 3 1 9999 -2445 64 4 80,-2501,2219,18,14,-241645,-245422,-2445,2291,-2445,2291
RECAL 1 2 32 1 1 64,RECAL 3 0 9999 9999 64 4 80,RECAL 3 1 9999 2398 64 4 80,2326,-2999,14,18,-240410,-245604,2398,-2942,2398,-2943
RECAL 1 2 33 1 1 1,RECAL 3 0 9999 9999 64 4 80,RECAL 3 1 9999 2441 64 4 80,2370,-2357,14,18,-229802,-232354,2441,-2300,2442,-2301
RECAL 1 2 34 1 1 2,RECAL 3 0 9999 9999 64 4 80,RECAL 3 1 9999 2479 64 4 80,2408,-1437,16,18,-222638,-222666,2479,-1375,2480,-1373
RECAL 1 2 35 1 1 3,RECAL 3 0 9999 9999 64 4 80,RECAL 3 1 9999 2434 64 4 80,2363,1240,18,18,-222065,-223613,2434,1313,2435,1312
RECAL 1 2 36 1 1 4,RECAL 3 0 9999 9999 64 4 80,RECAL 3 1 9999 2477 64 4 80,2406,2183,19,18,-222732,-229914,2477,2258,2478,2259
RECAL 1 2 37 1 1 5,RECAL 3 0 9999 9999 64 4 80,RECAL 3 1 9999 2594 64 4 80,2521,2831,19,18,-222663,-232774,2594,2905,2593,2907
RECAL 1 2 38 1 1 6,RECAL 3 0 9999 9999 64 4 80,RECAL 3 1 9999 943 64 4 80,870,2815,19,18,-228209,-239510,943.2,2890,942,2891
RECAL 1 2 39 1 1 7,RECAL 3 0 9999 9999 64 4 80,RECAL 3 1 9999 434 64 4 80,378,2168,19,14,-232852,-238171,434.4,2242,434,2244
RECAL 1 2 40 1 1 8,RECAL 3 0 9999 9999 64 4 80,RECAL 3 1 9999 -239 64 4 80,-295,1203,18,13,-235560,-236816,-239,1276,-243,1275
RECAL 1 2 41 1 1 9,RECAL 3 0 9999 9999 64 4 80,RECAL 3 1 9999 447 64 4 80,386,-1469,15,16,-236896,-236973,447.2,-1407,450,-1409
RECAL 1 2 42 1 1 10,RECAL 3 0 9999 9999 128 4 80,RECAL 3 1 9999 -169 128 4 80,-255,-2443,31,22,-242823,-244103,-168.8,-2321,-167,-2319
RECAL 1 2 43 1 1 11,RECAL 3 0 9999 9999 64 4 80,RECAL 3 1 9999 -529 64 4 80,-583,-3011,13,14,-241895,-251305,-528.6,-2957,-527,-2959
RECAL 1 2 44 1 1 12,RECAL 3 0 9999 9999 64 4 80,RECAL 3 1 9999 -2482 64 4 80,-2537,-2985,13,14,-229239,-238429,-2482,-2931,-2481,-2933
RECAL 1 2 45 1 1 13,RECAL 3 0 9999 9999 64 4 80,RECAL 3 1 9999 -2437 64 4 80,-2491,-2351,15,14,-234236,-235402,-2437,-2292,-2435,-2291
RECAL 1 2 46 1 1 14,RECAL 3 0 9999 9999 64 4 80,RECAL 3 1 9999 -2400 64 4 80,-2455,-1422,15,14,-238959,-239105,-2400,-1361,-2399,-1362
RECAL 1 2 47 1 1 15,RECAL 3 0 9999 9999 64 4 80,RECAL 3 1 9999 -2443 64 4 80,-2497,1246,19,13,-253908,-256221,-2443,1321,-2445,1322
RECAL 1 2 48 1 1 16,RECAL 3 0 9999 9999 64 4 80,RECAL 3 1 9999 -2405 64 4 80,-2458,2193,19,13,-241161,-247707,-2405,2268,-2406,2269
RECAL 1 2 49 1 1 17,RECAL 3 0 9999 9999 64 4 80,RECAL 3 1 9999 2477 64 4 80,2402,-2357,14,19,-237578,-242546,2477,-2303,2478,-2301
RECAL 1 2 50 1 1 18,RECAL 3 0 9999 9999 64 4 80,RECAL 3 1 9999 2486 64 4 80,2411,-1431,14,19,-232620,-233650,2486,-1374,2487,-1375
RECAL 1 2 51 1 1 19,RECAL 3 0 9999 9999 64 4 80,RECAL 3 1 9999 2398 64 4 80,2325,1239,17,18,-236024,-236226,2398,1306,2397,1307
RECAL 1 2 52 1 1 20,RECAL 3 0 9999 9999 64 4 80,RECAL 3 1 9999 2438 64 4 80,2364,2188,17,18,-238393,-239995,2438,2257,2436,2256
RECAL 1 2 53 1 1 21,RECAL 3 0 9999 9999 64 4 80,RECAL 3 1 9999 2514 64 4 80,2439,2838,18,19,-244160,-249780,2514,2910,2515,2910
RECAL 1 2 54 1 1 22,RECAL 3 0 9999 9999 64 4 80,RECAL 3 1 9999 709 64 4 80,633,2873,18,19,-241834,-250347,709,2947,709,2945
RECAL 1 2 55 1 1 23,RECAL 3 0 9999 9999 64 4 80,RECAL 3 1 9999 262 64 4 80,178,2238,18,21,-237603,-240020,261.7,2309,262,2310
RECAL 1 2 56 1 1 24,RECAL 3 0 9999 9999 64 4 80,RECAL 3 1 9999 -365 64 4 80,-440,1324,16,19,-233343,-233346,-364.6,1390,-364,1388
RECAL 1 2 57 1 1 25,RECAL 3 0 9999 9999 64 4 80,RECAL 3 1 9999 597 64 4 80,523,-1345,14,19,-244769,-245708,597.2,-1288,599,-1289
RECAL 1 2 58 1 1 26,RECAL 3 0 9999 9999 64 4 80,RECAL 3 1 9999 534 64 4 80,459,-2305,13,19,-247024,-253388,534.5,-2252,535,-2253
RECAL 1 2 59 1 1 27,RECAL 3 0 9999 9999 64 4 80,RECAL 3 1 9999 453 64 4 80,365,-2958,13,22,-247352,-262150,452.6,-2907,453,-2906
RECAL 1 2 60 1 1 28,RECAL 3 0 9999 9999 64 4 80,RECAL 3 1 9999 -2393 64 4 80,-2450,-2990,13,14,-238381,-248067,-2393,-2936,-2394,-2938
RECAL 1 2 61 1 1 29,RECAL 3 0 9999 9999 64 4 80,RECAL 3 1 9999 -2383 64 4 80,-2440,-2342,13,14,-244067,-250097,-2383,-2289,-2384,-2290
RECAL 1 2 62 1 1 30,RECAL 3 0 9999 9999 64 4 80,RECAL 3 1 9999 -2370 64 4 80,-2427,-1412,14,14,-232698,-234071,-2370,-1357,-2371,-1356
RECAL 1 2 63 1 1 31,RECAL 3 0 9999 9999 64 4 80,RECAL 3 1 9999 -2454 64 4 80,-2510,1256,17,14,-240036,-240419,-2454,1325,-2454,1324
RECAL 1 2 64 1 1 32,RECAL 3 0 9999 9999 64 4 80,RECAL 3 1 9999 -2419 64 4 80,-2475,2200,18,14,-241527,-244673,-2419,2271,-2419,2272
RECAL 1 5 33 1 1 1,RECAL 3 0 9999 9999 64 4 80,RECAL 3 1 9999 2349 64 4 80,2281,-2829,14,17,-224972,-233152,2349,-2775,2349,-2773
RECAL 1 5 34 1 1 2,RECAL 3 0 9999 9999 64 4 80,RECAL 3 1 9999 2240 64 4 80,2172,-2209,14,17,-219919,-223304,2240,-2153,2240,-2153
RECAL 1 5 35 1 1 3,RECAL 3 0 9999 9999 64 4 80,RECAL 3 1 9999 2333 64 4 80,2265,-1307,14,17,-223406,-224136,2333,-1249,2333,-1251
RECAL 1 5 36 1 1 4,RECAL 3 0 9999 9999 64 4 80,RECAL 3 1 9999 2223 64 4 80,2158,1221,16,16,-230808,-230875,2223,1283,2222,1285
RECAL 1 5 37 1 1 5,RECAL 3 0 9999 9999 64 4 80,RECAL 3 1 9999 2315 64 4 80,2248,2105,17,17,-232975,-234022,2315,2173,2316,2173
RECAL 1 5 38 1 1 6,RECAL 3 0 9999 9999 64 4 80,RECAL 3 1 9999 2306 64 4 80,2237,2723,17,17,-236002,-239045,2306,2794,2305,2791
RECAL 1 5 39 1 1 7,RECAL 3 0 9999 9999 64 4 80,RECAL 3 1 9999 -256 64 4 80,-284,2755,18,8,-231887,-237759,-256,2827,-252,2827
RECAL 1 5 47 1 1 15,RECAL 3 0 9999 9999 128 4 80,RECAL 3 1 9999 -42 128 4 80,-74,2084,33,8,-256508,-257660,-41.72,2216,-42,2216
RECAL 1 5 64 1 1 32,RECAL 3 0 9999 9999 64 4 80,RECAL 3 1 9999 -677 64 4 80,-726,1288,17,12,-245328,-245528,-676.6,1354,-678,1356
RECAL 1 5 17 1 1 49,RECAL 3 0 9999 9999 64 4 80,RECAL 3 1 9999 301 64 4 80,264,-1228,15,9,-239608,-240053,301,-1168,300,-1168
RECAL 1 5 40 1 1 8,RECAL 3 0 9999 9999 64 4 80,RECAL 3 1 9999 -621 64 4 80,-668,-2162,14,12,-233505,-236238,-620.5,-2105,-620,-2106
RECAL 1 5 41 1 1 9,RECAL 3 0 9999 9999 64 4 80,RECAL 3 1 9999 413 64 4 80,370,-2794,14,11,-229675,-236562,412.8,-2739,414,-2738
RECAL 1 5 42 1 1 10,RECAL 3 0 9999 9999 64 4 80,RECAL 3 1 9999 -2277 64 4 80,-2329,-2831,13,13,-230004,-241458,-2277,-2778,-2277,-2779
RECAL 1 5 43 1 1 11,RECAL 3 0 9999 9999 64 4 80,RECAL 3 1 9999 -2379 64 4 80,-2431,-2216,14,13,-244718,-248388,-2379,-2160,-2379,-2160
RECAL 1 5 44 1 1 12,RECAL 3 0 9999 9999 64 4 80,RECAL 3 1 9999 -2289 64 4 80,-2342,-1324,14,13,-236740,-237694,-2289,-1267,-2290,-1268
RECAL 1 5 45 1 1 13,RECAL 3 0 9999 9999 64 4 80,RECAL 3 1 9999 -2394 64 4 80,-2447,1198,16,13,-234519,-234557,-2394,1261,-2395,1262
RECAL 1 5 46 1 1 14,RECAL 3 0 9999 9999 64 4 80,RECAL 3 1 9999 -2306 64 4 80,-2360,2095,17,13,-238228,-238398,-2306,2161,-2308,2163
RECAL 1 6 47 1 1 15,RECAL 3 0 9999 9999 64 4 80,RECAL 3 1 9999 2294 64 4 80,2222,-2856,13,18,-242600,-256672,2294,-2804,2294,-2804
RECAL 1 6 48 1 1 16,RECAL 3 0 9999 9999 64 4 80,RECAL 3 1 9999 2283 64 4 80,2212,-2253,14,18,-244796,-248318,2283,-2196,2284,-2197
RECAL 1 6 49 1 1 17,RECAL 3 0 9999 9999 64 4 80,RECAL 3 1 9999 2184 64 4 80,2113,-1400,14,18,-242453,-243677,2184,-1343,2185,-1344
RECAL 1 6 50 1 1 18,RECAL 3 0 9999 9999 64 4 80,RECAL 3 1 9999 2270 64 4 80,2197,1099,16,18,-234653,-234651,2270,1163,2269,1163
RECAL 1 6 51 1 1 19,RECAL 3 0 9999 9999 64 4 80,RECAL 3 1 9999 2169 64 4 80,2098,2023,17,18,-236475,-236835,2169,2090,2170,2091
RECAL 1 6 52 1 1 20,RECAL 3 0 9999 9999 64 4 80,RECAL 3 1 9999 2257 64 4 80,2184,2647,17,18,-237296,-240064,2257,2718,2256,2715
RECAL 1 6 53 1 1 21,RECAL 3 0 9999 9999 64 4 80,RECAL 3 1 9999 -352 64 4 80,-417,2664,18,16,-246180,-252207,-352.5,2736,-353,2736
RECAL 1 6 54 1 1 22,RECAL 3 0 9999 9999 64 4 80,RECAL 3 1 9999 -732 64 4 80,-796,2048,17,16,-249783,-250221,-732.5,2115,-732,2116
RECAL 1 6 55 1 1 23,RECAL 3 0 9999 9999 64 4 80,RECAL 3 1 9999 -186 64 4 80,-254,1145,16,17,-239817,-239811,-185.7,1210,-186,1209
RECAL 1 6 56 1 1 24,RECAL 3 0 9999 9999 64 4 80,RECAL 3 1 9999 -670 64 4 80,-727,-1359,14,14,-232161,-233095,-670.4,-1302,-671,-1303
RECAL 1 6 57 1 1 25,RECAL 3 0 9999 9999 128 4 80,RECAL 3 1 9999 143 128 4 80,8,-2292,30,33,-242294,-245510,143,-2171,140,-2172
RECAL 1 6 58 1 1 26,RECAL 3 0 9999 9999 64 4 80,RECAL 3 1 9999 265 64 4 80,185,-2835,13,20,-240032,-253117,264.8,-2782,265,-2783
RECAL 1 6 59 1 1 27,RECAL 3 0 9999 9999 64 4 80,RECAL 3 1 9999 -2253 64 4 80,-2309,-2848,13,14,-250772,-260665,-2253,-2794,-2253,-2796
RECAL 1 6 60 1 1 28,RECAL 3 0 9999 9999 64 4 80,RECAL 3 1 9999 -2262 64 4 80,-2318,-2244,14,14,-243694,-247194,-2262,-2188,-2262,-2188
RECAL 1 6 61 1 1 29,RECAL 3 0 9999 9999 64 4 80,RECAL 3 1 9999 -2352 64 4 80,-2408,-1386,14,14,-247761,-249385,-2352,-1331,-2352,-1330
RECAL 1 6 62 1 1 30,RECAL 3 0 9999 9999 64 4 80,RECAL 3 1 9999 -2275 64 4 80,-2332,1111,15,14,-233389,-233429,-2275,1173,-2276,1171
RECAL 1 6 63 1 1 31,RECAL 3 0 9999 9999 64 4 80,RECAL 3 1 9999 -2366 64 4 80,-2421,2026,17,14,-238584,-239633,-2366,2094,-2365,2094
RECAL 1 6 64 1 1 32,RECAL 3 0 9999 9999 64 4 80,RECAL 3 1 9999 2270 64 4 80,2202,-2862,14,17,-239217,-245414,2270,-2806,2270,-2806
RECAL 1 6 1 1 1 33,RECAL 3 0 9999 9999 64 4 80,RECAL 3 1 9999 2298 64 4 80,2230,-2244,15,17,-234298,-235920,2298,-2185,2298,-2184
RECAL 1 6 2 1 1 34,RECAL 3 0 9999 9999 64 4 80,RECAL 3 1 9999 2265 64 4 80,2198,-1360,15,17,-223306,-223387,2265,-1298,2266,-1300
RECAL 1 6 3 1 1 35,RECAL 3 0 9999 9999 64 4 80,RECAL 3 1 9999 2276 64 4 80,2209,1154,17,17,-221060,-221283,2276,1221,2277,1222
RECAL 1 6 4 1 1 36,RECAL 3 0 9999 9999 64 4 80,RECAL 3 1 9999 2383 64 4 80,2314,2064,18,17,-222591,-226193,2383,2136,2382,2136
RECAL 1 6 5 1 1 37,RECAL 3 0 9999 9999 64 4 80,RECAL 3 1 9999 2392 64 4 80,2323,2696,18,17,-222697,-228833,2392,2768,2391,2768
RECAL 1 6 6 1 1 38,RECAL 3 0 9999 9999 64 4 80,RECAL 3 1 9999 519 64 4 80,466,2732,19,13,-233068,-242515,519,2806,518,2808
RECAL 1 6 7 1 1 39,RECAL 3 0 9999 9999 64 4 80,RECAL 3 1 9999 449 64 4 80,404,2115,18,11,-234363,-236306,449.2,2185,448,2187
RECAL 1 6 8 1 1 40,RECAL 3 0 9999 9999 64 4 80,RECAL 3 1 9999 -578 64 4 80,-617,1237,17,10,-233568,-233971,-578.4,1305,-577,1305
RECAL 1 6 9 1 1 41,RECAL 3 0 9999 9999 64 4 80,RECAL 3 1 9999 -619 64 4 80,-661,-1277,16,10,-239727,-239781,-619.5,-1215,-621,-1213
RECAL 1 6 10 1 1 42,RECAL 3 0 9999 9999 64 4 80,RECAL 3 1 9999 -484 64 4 80,-523,-2191,14,9,-243019,-246397,-483.9,-2135,-487,-2135
RECAL 1 6 11 1 1 43,RECAL 3 0 9999 9999 64 4 80,RECAL 3 1 9999 -627 64 4 80,-671,-2821,14,11,-238897,-245426,-626.9,-2766,-627,-2765
RECAL 1 6 12 1 1 44,RECAL 3 0 9999 9999 64 4 80,RECAL 3 1 9999 -2401 64 4 80,-2453,-2818,14,13,-229817,-238212,-2401,-2764,-2401,-2762
RECAL 1 6 13 1 1 45,RECAL 3 0 9999 9999 64 4 80,RECAL 3 1 9999 -2375 64 4 80,-2427,-2190,14,13,-234182,-236025,-2375,-2132,-2375,-2134
RECAL 1 6 14 1 1 46,RECAL 3 0 9999 9999 64 4 80,RECAL 3 1 9999 -2401 64 4 80,-2454,-1273,15,13,-241900,-242041,-2401,-1212,-2402,-1213
RECAL 1 6 15 1 1 47,RECAL 3 0 9999 9999 64 4 80,RECAL 3 1 9999 -2393 64 4 80,-2444,1239,17,13,-248730,-249422,-2393,1308,-2392,1307
RECAL 1 6 16 1 1 48,RECAL 3 0 9999 9999 64 4 80,RECAL 3 1 9999 -2293 64 4 80,-2346,2116,18,13,-241122,-244646,-2293,2188,-2294,2188
RECAL 1 6 17 1 1 49,RECAL 3 0 9999 9999 64 4 80,RECAL 3 1 9999 2191 64 4 80,2125,-2187,15,16,-238141,-240034,2191,-2129,2189,-2127
RECAL 1 6 18 1 1 50,RECAL 3 0 9999 9999 64 4 80,RECAL 3 1 9999 2265 64 4 80,2198,-1319,15,17,-231259,-231779,2265,-1260,2266,-1259
RECAL 1 6 19 1 1 51,RECAL 3 0 9999 9999 64 4 80,RECAL 3 1 9999 2162 64 4 80,2096,1152,17,16,-241462,-242066,2162,1221,2160,1220
RECAL 1 6 20 1 1 52,RECAL 3 0 9999 9999 64 4 80,RECAL 3 1 9999 2229 64 4 80,2162,2035,18,17,-240038,-242664,2229,2105,2230,2107
RECAL 1 6 21 1 1 53,RECAL 3 0 9999 9999 64 4 80,RECAL 3 1 9999 2214 64 4 80,2147,2645,19,17,-243679,-253881,2214,2718,2215,2721
RECAL 1 6 22 1 1 54,RECAL 3 0 9999 -219 64 4 80,RECAL 3 1 9999 -272 64 4 80,-283,2655,19,2,-242537,-252451,-272.5,2729,-275,2731
RECAL 1 6 23 1 1 55,RECAL 3 0 9999 207 64 4 80,RECAL 3 1 9999 160 64 4 80,143,2049,18,3,-235611,-238933,160.4,2120,155,2121
RECAL 1 6 24 1 1 56,RECAL 3 0 9999 9999 64 4 80,RECAL 3 1 9999 -561 64 4 80,-597,1177,17,9,-233171,-233748,-560.9,1246,-561,1245
RECAL 1 6 25 1 1 57,RECAL 3 0 9999 9999 64 4 80,RECAL 3 1 9999 448 64 4 80,413,-1294,15,9,-244260,-244636,447.7,-1234,449,-1234
RECAL 1 6 26 1 1 58,RECAL 3 0 9999 9999 64 4 80,RECAL 3 1 9999 -413 64 4 80,-431,-2168,14,4,-246495,-250059,-413.1,-2111,-415,-2112
RECAL 1 6 27 1 1 59,RECAL 3 0 9999 9999 64 4 80,RECAL 3 1 9999 -403 64 4 80,-421,-2776,13,4,-248011,-258157,-402.9,-2722,-405,-2724
RECAL 1 6 28 1 1 60,RECAL 3 0 9999 9999 64 4 80,RECAL 3 1 9999 -2247 64 4 80,-2296,-2767,14,12,-241492,-248130,-2247,-2711,-2248,-2711
RECAL 1 6 29 1 1 61,RECAL 3 0 9999 9999 64 4 80,RECAL 3 1 9999 -2253 64 4 80,-2302,-2160,15,12,-243890,-245555,-2253,-2102,-2254,-2100
RECAL 1 6 30 1 1 62,RECAL 3 0 9999 9999 64 4 80,RECAL 3 1 9999 -2177 64 4 80,-2227,-1282,16,12,-233552,-233615,-2177,-1220,-2179,-1218
RECAL 1 6 31 1 1 63,RECAL 3 0 9999 9999 64 4 80,RECAL 3 1 9999 -2283 64 4 80,-2333,1187,17,12,-240453,-241197,-2283,1257,-2285,1255
RECAL 1 6 32 1 1 64,RECAL 3 0 9999 9999 64 4 80,RECAL 3 1 9999 -2214 64 4 80,-2263,2053,18,12,-238093,-241983,-2214,2125,-2215,2125
