cmd,c0,c1,c2,c3,c4,c5,c6,c7,c8,c9,c10,c11,c12,c13,c14,c15,c16,c17,c18,c19,c20,c21,c22,c23,c24,c25,c26,c27,c28,c29,c30,c31,c32,c33,c34,c35,c36,c37,c38,c39,c40,c41,c42,c43,c44,c45,c46,c47,c48,c49,c50,c51,c52,c53,c54,c55,c56,c57,c58,c59,c60,c61,c62,c63,c64,c65,c66,c67,c68,c69,c70,c71,c72,c73,c74,c75,c76,c77,c78,c79,c80,c81,c82,c83,c84,c85,c86,c87,c88,c89,c90,c91,c92,c93,c94,c95,c96,c97,c98,c99,c100,c101
RECAL 3 0 9999 9999 64 4 80,2122,-337202,-324962,-313595,-303032,-293311,-284410,-276174,-268682,-261985,-256043,-250880,-246471,-242819,-239893,-237750,-236330,-235671,-235759,-236629,-238253,-240655,-243840,-247788,-252478,-257955,-264258,-271346,-279280,-288044,-297596,-307928,-319285,-331553,,,,,,,,,,,,,,,,,,,,,,,,,,,,,,,,,,,,,,,,,,,,,,,,,,,,,,,,,,,,,,,,,,,,
RECAL 3 1 9999 2187 64 4 80,-2727,-510754,-502117,-487553,-466554,-438539,-406740,-374288,-343939,-316787,-293330,-273968,-258186,-246262,-238106,-233647,-232808,-235515,-241714,-251297,-264405,-280777,-300098,-322231,-346614,-372668,-399947,-427217,-454537,-480251,-499529,-510891,-514976,-518180,,,,,,,,,,,,,,,,,,,,,,,,,,,,,,,,,,,,,,,,,,,,,,,,,,,,,,,,,,,,,,,,,,,,
RECAL 3 0 9999 9999 64 4 80,2080,-325338,-313510,-302460,-292264,-282815,-274139,-266242,-259062,-252747,-247096,-242156,-237952,-234472,-231712,-229699,-228399,-227845,-228046,-228992,-230704,-233190,-236463,-240522,-245377,-250947,-257426,-264772,-272940,-281970,-291868,-302638,-314333,-326967,,,,,,,,,,,,,,,,,,,,,,,,,,,,,,,,,,,,,,,,,,,,,,,,,,,,,,,,,,,,,,,,,,,,
RECAL 3 1 9999 2145 64 4 80,-2125,-459255,-437486,-414493,-390906,-367703,-345049,-323641,-303949,-286331,-270885,-257707,-246911,-238498,-232442,-228646,-227113,-227799,-230687,-235772,-243027,-252236,-263619,-276932,-292086,-308867,-327094,-346528,-366812,-388059,-409746,-431574,-453111,-474011,,,,,,,,,,,,,,,,,,,,,,,,,,,,,,,,,,,,,,,,,,,,,,,,,,,,,,,,,,,,,,,,,,,,
RECAL 3 0 9999 9999 64 4 80,2121,-337023,-324339,-312481,-301402,-291204,-281735,-273052,-265077,-257909,-251550,-245984,-241218,-237221,-234026,-231645,-230031,-229177,-229142,-229896,-231466,-233843,-237059,-241080,-245879,-251482,-257952,-265286,-273440,-282480,-292390,-303023,-314729,-327303,,,,,,,,,,,,,,,,,,,,,,,,,,,,,,,,,,,,,,,,,,,,,,,,,,,,,,,,,,,,,,,,,,,,
RECAL 3 1 9999 2187 64 4 80,-1254,-321331,-309915,-299057,-288909,-279464,-270792,-262911,-255858,-249634,-244220,-239694,-235909,-232935,-230778,-229413,-228832,-229034,-230006,-231714,-234161,-237319,-241205,-245795,-251055,-257007,-263638,-270786,-278661,-287127,-296080,-305574,-315556,-325935,,,,,,,,,,,,,,,,,,,,,,,,,,,,,,,,,,,,,,,,,,,,,,,,,,,,,,,,,,,,,,,,,,,,
RECAL 3 0 9999 9999 64 4 80,2054,-327538,-315733,-304710,-294493,-285087,-276440,-268545,-261435,-255129,-249554,-244681,-240536,-237101,-234375,-232367,-231100,-230510,-230622,-231467,-233017,-235322,-238354,-242143,-246716,-252093,-258263,-265253,-273035,-281659,-291133,-301417,-312483,-324591,,,,,,,,,,,,,,,,,,,,,,,,,,,,,,,,,,,,,,,,,,,,,,,,,,,,,,,,,,,,,,,,,,,,
RECAL 3 1 9999 2119 64 4 80,1172,-332828,-321768,-311180,-301089,-291443,-282383,-273945,-266190,-259126,-252806,-247258,-242537,-238494,-235264,-232830,-231219,-230441,-230487,-231391,-233136,-235712,-239146,-243431,-248579,-254597,-261512,-269307,-277844,-287340,-297597,-308730,-320611,-333164,,,,,,,,,,,,,,,,,,,,,,,,,,,,,,,,,,,,,,,,,,,,,,,,,,,,,,,,,,,,,,,,,,,,
RECAL 3 0 9999 9999 64 4 80,2137,-339994,-327142,-315168,-303936,-293604,-284138,-275450,-267578,-260499,-254195,-248754,-243994,-239978,-236748,-234277,-232578,-231638,-231472,-232083,-233446,-235576,-238479,-242149,-246613,-251850,-257915,-264716,-272404,-280958,-290415,-300700,-312007,-324246,,,,,,,,,,,,,,,,,,,,,,,,,,,,,,,,,,,,,,,,,,,,,,,,,,,,,,,,,,,,,,,,,,,,
RECAL 3 1 9999 2204 64 4 80,2021,-482084,-463132,-442246,-420318,-397996,-375868,-354597,-334514,-315491,-298054,-282441,-268700,-256953,-247353,-239852,-234519,-231392,-230575,-232112,-236035,-242412,-251235,-262539,-276119,-292318,-310901,-331736,-354488,-378683,-403730,-428487,-451749,-472979,,,,,,,,,,,,,,,,,,,,,,,,,,,,,,,,,,,,,,,,,,,,,,,,,,,,,,,,,,,,,,,,,,,,
RECAL 3 0 9999 9999 64 4 80,2130,-334261,-322379,-311357,-301192,-291755,-283080,-275178,-268034,-261645,-255996,-251065,-246866,-243409,-240593,-238505,-237113,-236447,-236484,-237252,-238734,-240940,-243835,-247435,-251797,-256874,-262731,-269329,-276743,-284812,-293795,-303672,-314450,-326168,,,,,,,,,,,,,,,,,,,,,,,,,,,,,,,,,,,,,,,,,,,,,,,,,,,,,,,,,,,,,,,,,,,,
RECAL 3 1 9999 2196 64 4 80,2614,-518013,-516398,-512468,-503933,-488587,-465217,-437252,-407143,-377374,-349411,-323795,-301230,-281864,-265571,-252483,-242721,-236296,-233322,-233843,-237886,-245620,-257119,-272494,-291782,-315009,-342172,-372951,-407061,-441491,-471755,-492448,-505110,-511933,,,,,,,,,,,,,,,,,,,,,,,,,,,,,,,,,,,,,,,,,,,,,,,,,,,,,,,,,,,,,,,,,,,,
RECAL 3 0 9999 9999 64 4 80,-476,-235816,-235637,-235486,-235360,-235261,-235193,-235119,-235084,-235065,-235058,-235080,-235112,-235173,-235248,-235339,-235453,-235585,-235708,-235859,-236027,-236213,-236402,-236606,-236832,-237055,-237290,-237551,-237804,-238078,-238352,-238654,-238955,-239268,,,,,,,,,,,,,,,,,,,,,,,,,,,,,,,,,,,,,,,,,,,,,,,,,,,,,,,,,,,,,,,,,,,,
RECAL 3 1 9999 -442 64 4 80,2637,-518907,-517163,-512714,-505656,-491746,-469517,-441589,-411392,-381275,-352744,-326582,-303257,-283068,-266247,-252458,-242049,-235023,-231456,-231411,-234953,-242145,-253107,-268157,-287310,-310606,-338242,-369975,-405393,-441635,-473106,-494537,-504046,-512031,,,,,,,,,,,,,,,,,,,,,,,,,,,,,,,,,,,,,,,,,,,,,,,,,,,,,,,,,,,,,,,,,,,,
RECAL 3 0 9999 9999 64 4 80,-397,-231545,-231367,-231205,-231054,-230940,-230825,-230739,-230675,-230609,-230573,-230542,-230524,-230531,-230545,-230572,-230605,-230654,-230720,-230798,-230886,-230980,-231089,-231195,-231330,-231458,-231595,-231760,-231917,-232071,-232254,-232419,-232603,-232779,,,,,,,,,,,,,,,,,,,,,,,,,,,,,,,,,,,,,,,,,,,,,,,,,,,,,,,,,,,,,,,,,,,,
RECAL 3 1 9999 -351 64 4 80,2050,-490200,-471952,-451061,-428418,-405157,-381989,-359620,-338471,-318537,-300207,-283792,-269333,-257039,-246971,-239161,-233656,-230539,-229737,-231353,-235422,-242010,-251107,-262763,-276975,-293513,-312364,-333493,-356647,-381319,-406899,-432213,-455860,-476761,,,,,,,,,,,,,,,,,,,,,,,,,,,,,,,,,,,,,,,,,,,,,,,,,,,,,,,,,,,,,,,,,,,,
RECAL 3 0 9999 9999 64 4 80,-774,-235250,-234132,-233125,-232200,-231365,-230622,-229963,-229396,-228910,-228507,-228180,-227930,-227765,-227671,-227654,-227719,-227872,-228096,-228361,-228726,-229145,-229634,-230177,-230794,-231479,-232215,-233018,-233861,-234767,-235728,-236731,-237808,-238925,,,,,,,,,,,,,,,,,,,,,,,,,,,,,,,,,,,,,,,,,,,,,,,,,,,,,,,,,,,,,,,,,,,,
RECAL 3 1 9999 -720 64 4 80,1222,-338248,-325949,-314194,-303005,-292514,-282710,-273613,-265372,-257912,-251255,-245383,-240309,-236063,-232667,-230127,-228468,-227651,-227725,-228700,-230570,-233355,-237070,-241728,-247344,-253977,-261618,-270261,-279869,-290438,-301903,-314310,-327311,-341350,,,,,,,,,,,,,,,,,,,,,,,,,,,,,,,,,,,,,,,,,,,,,,,,,,,,,,,,,,,,,,,,,,,,
RECAL 3 0 9999 9999 64 4 80,-504,-232991,-232572,-232199,-231852,-231544,-231267,-231027,-230821,-230641,-230491,-230370,-230290,-230223,-230192,-230195,-230218,-230262,-230345,-230441,-230554,-230697,-230867,-231051,-231253,-231479,-231720,-231976,-232252,-232545,-232845,-233166,-233504,-233860,,,,,,,,,,,,,,,,,,,,,,,,,,,,,,,,,,,,,,,,,,,,,,,,,,,,,,,,,,,,,,,,,,,,
RECAL 3 1 9999 -449 64 4 80,-1198,-315892,-305109,-295015,-285638,-276995,-269119,-261979,-255550,-249877,-244899,-240663,-237123,-234360,-232260,-230874,-230180,-230188,-230873,-232224,-234265,-236989,-240389,-244450,-249168,-254520,-260520,-267130,-274358,-281996,-290322,-299090,-308432,-318219,,,,,,,,,,,,,,,,,,,,,,,,,,,,,,,,,,,,,,,,,,,,,,,,,,,,,,,,,,,,,,,,,,,,
RECAL 3 0 9999 9999 64 4 80,-699,-235688,-234828,-234060,-233370,-232723,-232152,-231665,-231248,-230884,-230601,-230372,-230193,-230086,-230030,-230035,-230080,-230196,-230355,-230570,-230831,-231143,-231504,-231911,-232368,-232868,-233418,-234023,-234658,-235330,-236049,-236801,-237596,-238419,,,,,,,,,,,,,,,,,,,,,,,,,,,,,,,,,,,,,,,,,,,,,,,,,,,,,,,,,,,,,,,,,,,,
RECAL 3 1 9999 -645 64 4 80,-2091,-451528,-429347,-405830,-382147,-359346,-337690,-317507,-299121,-282757,-268467,-256349,-246569,-238869,-233364,-230084,-228954,-229987,-233143,-238421,-245799,-255341,-266978,-280604,-296074,-313322,-332115,-352222,-372968,-394675,-416676,-438387,-459469,-478946,,,,,,,,,,,,,,,,,,,,,,,,,,,,,,,,,,,,,,,,,,,,,,,,,,,,,,,,,,,,,,,,,,,,
RECAL 3 0 9999 9999 64 4 80,-545,-238540,-238093,-237671,-237312,-236959,-236681,-236415,-236181,-235981,-235829,-235690,-235580,-235514,-235466,-235428,-235444,-235470,-235534,-235601,-235708,-235839,-236002,-236171,-236365,-236594,-236831,-237091,-237367,-237657,-237967,-238312,-238658,-239005,,,,,,,,,,,,,,,,,,,,,,,,,,,,,,,,,,,,,,,,,,,,,,,,,,,,,,,,,,,,,,,,,,,,
RECAL 3 1 9999 -488 64 4 80,-2699,-510583,-500761,-485821,-463235,-434407,-402219,-370113,-340473,-313946,-291067,-271930,-256553,-244850,-236910,-232733,-232241,-235351,-242061,-252223,-265618,-282434,-302287,-324888,-349890,-376489,-404420,-432513,-459391,-484446,-501859,-511624,-516304,-517644,,,,,,,,,,,,,,,,,,,,,,,,,,,,,,,,,,,,,,,,,,,,,,,,,,,,,,,,,,,,,,,,,,,,
RECAL 3 0 9999 9999 64 4 80,-2322,-322215,-310003,-298829,-288706,-279489,-271278,-263841,-257267,-251553,-246699,-242640,-239406,-236966,-235339,-234505,-234478,-235264,-236865,-239269,-242470,-246454,-251162,-256737,-263166,-270374,-278443,-287336,-297036,-307642,-319058,-331261,-344373,-358338,,,,,,,,,,,,,,,,,,,,,,,,,,,,,,,,,,,,,,,,,,,,,,,,,,,,,,,,,,,,,,,,,,,,
RECAL 3 1 9999 -2264 64 4 80,-2733,-510701,-502481,-490162,-465600,-433356,-398428,-364939,-334925,-308663,-286316,-267754,-253019,-242202,-234851,-231131,-230984,-234344,-241197,-251422,-265055,-282091,-302414,-325792,-351882,-380075,-409643,-439045,-466748,-489641,-505078,-513245,-517864,-518642,,,,,,,,,,,,,,,,,,,,,,,,,,,,,,,,,,,,,,,,,,,,,,,,,,,,,,,,,,,,,,,,,,,,
RECAL 3 0 9999 9999 64 4 80,-2357,-327506,-313805,-301279,-289931,-279621,-270327,-262137,-254927,-248653,-243300,-238836,-235247,-232533,-230688,-229693,-229516,-230174,-231671,-233998,-237144,-241136,-245945,-251637,-258215,-265676,-273974,-283148,-293178,-304102,-315959,-328543,-342238,-356849,,,,,,,,,,,,,,,,,,,,,,,,,,,,,,,,,,,,,,,,,,,,,,,,,,,,,,,,,,,,,,,,,,,,
RECAL 3 1 9999 -2298 64 4 80,-2137,-467461,-444928,-420055,-394206,-368899,-345097,-323068,-303462,-285819,-270481,-257514,-246980,-238814,-232989,-229537,-228375,-229484,-232795,-238313,-246034,-255896,-267942,-282029,-297870,-315803,-335404,-356461,-378552,-401501,-424287,-446438,-467797,-486094,,,,,,,,,,,,,,,,,,,,,,,,,,,,,,,,,,,,,,,,,,,,,,,,,,,,,,,,,,,,,,,,,,,,
RECAL 3 0 9999 9999 64 4 80,-2316,-314247,-301913,-290672,-280457,-271314,-263002,-255614,-249156,-243603,-238902,-235071,-232113,-229966,-228679,-228246,-228652,-229909,-231988,-234899,-238637,-243135,-248502,-254689,-261755,-269622,-278363,-287947,-298373,-309522,-321541,-334394,-348184,-362710,,,,,,,,,,,,,,,,,,,,,,,,,,,,,,,,,,,,,,,,,,,,,,,,,,,,,,,,,,,,,,,,,,,,
RECAL 3 1 9999 -2260 64 4 80,-1279,-322693,-310616,-299300,-288873,-279205,-270374,-262392,-255239,-248940,-243416,-238730,-234895,-231900,-229748,-228429,-227936,-228235,-229350,-231265,-233964,-237465,-241737,-246761,-252543,-259053,-266223,-274059,-282595,-291777,-301574,-311998,-322981,-334296,,,,,,,,,,,,,,,,,,,,,,,,,,,,,,,,,,,,,,,,,,,,,,,,,,,,,,,,,,,,,,,,,,,,
RECAL 3 0 9999 9999 64 4 80,-2378,-323560,-310285,-298225,-287512,-277643,-268805,-260977,-254126,-248250,-243319,-239278,-236202,-234010,-232693,-232245,-232647,-233892,-235968,-238894,-242602,-247186,-252609,-258869,-266002,-273951,-282803,-292506,-303145,-314849,-327487,-341083,-355644,-371127,,,,,,,,,,,,,,,,,,,,,,,,,,,,,,,,,,,,,,,,,,,,,,,,,,,,,,,,,,,,,,,,,,,,
RECAL 3 1 9999 -2322 64 4 80,1145,-329836,-318906,-308662,-298834,-289668,-281071,-273127,-265857,-259242,-253354,-248154,-243616,-239802,-236733,-234453,-232944,-232218,-232295,-233148,-234832,-237352,-240712,-244922,-249983,-255905,-262708,-270344,-278766,-288050,-298146,-309131,-320939,-333530,,,,,,,,,,,,,,,,,,,,,,,,,,,,,,,,,,,,,,,,,,,,,,,,,,,,,,,,,,,,,,,,,,,,
RECAL 3 0 9999 9999 64 4 80,-2301,-321076,-308910,-297762,-287648,-278432,-270134,-262709,-256141,-250367,-245410,-241293,-237989,-235503,-233830,-232952,-232865,-233539,-235002,-237245,-240277,-244076,-248652,-254004,-260161,-267037,-274649,-283062,-292248,-302245,-313090,-324768,-337326,-350590,,,,,,,,,,,,,,,,,,,,,,,,,,,,,,,,,,,,,,,,,,,,,,,,,,,,,,,,,,,,,,,,,,,,
RECAL 3 1 9999 -2243 64 4 80,2003,-486225,-468070,-446267,-422822,-399077,-375729,-353621,-332850,-313838,-296612,-281379,-268087,-256940,-247719,-240592,-235599,-232763,-232112,-233681,-237484,-243644,-252188,-263185,-276643,-292522,-310825,-331496,-354391,-378830,-405102,-431515,-456432,-477951,,,,,,,,,,,,,,,,,,,,,,,,,,,,,,,,,,,,,,,,,,,,,,,,,,,,,,,,,,,,,,,,,,,,
RECAL 3 0 9999 9999 64 4 80,-2313,-312094,-301268,-291466,-282626,-274515,-267225,-260744,-255051,-250131,-245981,-242569,-239879,-237918,-236718,-236254,-236546,-237584,-239363,-241864,-245084,-249056,-253781,-259277,-265556,-272594,-280450,-289102,-298452,-308605,-319619,-331520,-344360,-358111,,,,,,,,,,,,,,,,,,,,,,,,,,,,,,,,,,,,,,,,,,,,,,,,,,,,,,,,,,,,,,,,,,,,
RECAL 3 1 9999 -2257 64 4 80,2599,-518609,-517398,-513124,-506173,-492276,-469220,-439481,-407623,-375933,-346941,-321056,-298463,-279297,-263430,-250961,-241915,-236203,-233806,-234825,-239316,-247341,-258990,-274381,-293223,-316200,-343168,-374212,-409253,-445756,-478462,-498163,-507647,-513772,,,,,,,,,,,,,,,,,,,,,,,,,,,,,,,,,,,,,,,,,,,,,,,,,,,,,,,,,,,,,,,,,,,,
RECAL 3 0 9999 9999 64 4 80,2118,-328267,-315621,-303913,-293109,-283141,-273967,-265593,-257943,-251074,-244993,-239679,-235135,-231369,-228393,-226182,-224753,-224088,-224201,-225104,-226798,-229298,-232602,-236726,-241674,-247409,-253997,-261463,-269823,-279100,-289345,-300552,-312645,-325970,,,,,,,,,,,,,,,,,,,,,,,,,,,,,,,,,,,,,,,,,,,,,,,,,,,,,,,,,,,,,,,,,,,,
RECAL 3 1 9999 2183 64 4 80,-2797,-510845,-502745,-488042,-464661,-434903,-401163,-367555,-336433,-308599,-284492,-264222,-247847,-235519,-226878,-222093,-221118,-223906,-230412,-240606,-254439,-271801,-292431,-316203,-342737,-371373,-401547,-431739,-460703,-485693,-502391,-513465,-517413,-518485,,,,,,,,,,,,,,,,,,,,,,,,,,,,,,,,,,,,,,,,,,,,,,,,,,,,,,,,,,,,,,,,,,,,
RECAL 3 0 9999 9999 64 4 80,2029,-321259,-309081,-297716,-287247,-277485,-268611,-260370,-252908,-246212,-240240,-235032,-230577,-226883,-223925,-221721,-220254,-219516,-219519,-220255,-221731,-223975,-226909,-230647,-235157,-240452,-246540,-253441,-261186,-269796,-279334,-289848,-301282,-313792,,,,,,,,,,,,,,,,,,,,,,,,,,,,,,,,,,,,,,,,,,,,,,,,,,,,,,,,,,,,,,,,,,,,
RECAL 3 1 9999 2095 64 4 80,-2203,-445567,-421943,-397268,-372437,-348439,-325685,-304719,-286085,-269359,-254847,-242702,-232904,-225510,-220449,-217753,-217407,-219439,-223819,-230534,-239613,-251015,-264720,-280616,-298250,-318126,-339645,-362399,-386040,-409958,-433626,-456598,-477991,-494658,,,,,,,,,,,,,,,,,,,,,,,,,,,,,,,,,,,,,,,,,,,,,,,,,,,,,,,,,,,,,,,,,,,,
RECAL 3 0 9999 9999 64 4 80,2015,-322100,-309812,-298303,-287653,-277728,-268555,-260165,-252565,-245696,-239636,-234238,-229604,-225704,-222548,-220133,-218465,-217537,-217365,-217931,-219236,-221283,-224084,-227643,-231964,-237083,-242896,-249571,-257070,-265424,-274630,-284747,-295705,-307664,,,,,,,,,,,,,,,,,,,,,,,,,,,,,,,,,,,,,,,,,,,,,,,,,,,,,,,,,,,,,,,,,,,,
RECAL 3 1 9999 2082 64 4 80,-1361,-320363,-307390,-295153,-283765,-273199,-263639,-254826,-246961,-240012,-233988,-228899,-224730,-221457,-219105,-217641,-217057,-217349,-218513,-220530,-223398,-227111,-231590,-236962,-243179,-250189,-257982,-266591,-275948,-286038,-296809,-308315,-320385,-332982,,,,,,,,,,,,,,,,,,,,,,,,,,,,,,,,,,,,,,,,,,,,,,,,,,,,,,,,,,,,,,,,,,,,
RECAL 3 0 9999 9999 64 4 80,2025,-322441,-310104,-298562,-287892,-277984,-268861,-260589,-252976,-246122,-240000,-234636,-230037,-226176,-223067,-220703,-219097,-218215,-218064,-218664,-219996,-222068,-224910,-228443,-232788,-237914,-243833,-250544,-258084,-266489,-275755,-285962,-297133,-309322,,,,,,,,,,,,,,,,,,,,,,,,,,,,,,,,,,,,,,,,,,,,,,,,,,,,,,,,,,,,,,,,,,,,
RECAL 3 1 9999 2092 64 4 80,1103,-298537,-289157,-280226,-271812,-263935,-256715,-250088,-244054,-238620,-233786,-229589,-226023,-223093,-220848,-219233,-218297,-218035,-218477,-219614,-221475,-224059,-227424,-231563,-236484,-242218,-248733,-256037,-264179,-273132,-282728,-293215,-304453,-316431,,,,,,,,,,,,,,,,,,,,,,,,,,,,,,,,,,,,,,,,,,,,,,,,,,,,,,,,,,,,,,,,,,,,
RECAL 3 0 9999 9999 64 4 80,2085,-328259,-315492,-303617,-292628,-282478,-273104,-264528,-256831,-249818,-243573,-238073,-233343,-229355,-226113,-223624,-221876,-220881,-220656,-221207,-222546,-224666,-227569,-231272,-235731,-241099,-247302,-254363,-262352,-271244,-281076,-291895,-303656,-316414,,,,,,,,,,,,,,,,,,,,,,,,,,,,,,,,,,,,,,,,,,,,,,,,,,,,,,,,,,,,,,,,,,,,
RECAL 3 1 9999 2152 64 4 80,1998,-451315,-429344,-406900,-384274,-362098,-341090,-321336,-303021,-286371,-271368,-258201,-246958,-237617,-230358,-225048,-221786,-220633,-221606,-224754,-230112,-237755,-247777,-260258,-275184,-292462,-312089,-333863,-357554,-382638,-408009,-433294,-456647,-476889,,,,,,,,,,,,,,,,,,,,,,,,,,,,,,,,,,,,,,,,,,,,,,,,,,,,,,,,,,,,,,,,,,,,
RECAL 3 0 9999 9999 64 4 80,2018,-314609,-303637,-293532,-284186,-275573,-267690,-260527,-254088,-248392,-243304,-238886,-235148,-232088,-229719,-228015,-226991,-226653,-226974,-227978,-229654,-232008,-235059,-238817,-243296,-248396,-254291,-260967,-268417,-276651,-285738,-295630,-306472,-318349,,,,,,,,,,,,,,,,,,,,,,,,,,,,,,,,,,,,,,,,,,,,,,,,,,,,,,,,,,,,,,,,,,,,
RECAL 3 1 9999 2082 64 4 80,2604,-516035,-513073,-505711,-492589,-470905,-443836,-413693,-382980,-353875,-327089,-303126,-282254,-264474,-249978,-238898,-231071,-226585,-225480,-227852,-233789,-243437,-256633,-274001,-295353,-320809,-350318,-383524,-419392,-454224,-482308,-498655,-508684,-513662,,,,,,,,,,,,,,,,,,,,,,,,,,,,,,,,,,,,,,,,,,,,,,,,,,,,,,,,,,,,,,,,,,,,
RECAL 3 0 9999 9999 64 4 80,-864,-235977,-234648,-233424,-232299,-231273,-230361,-229540,-228810,-228189,-227649,-227199,-226842,-226579,-226390,-226299,-226287,-226358,-226503,-226731,-227035,-227408,-227865,-228386,-228984,-229656,-230366,-231169,-232032,-232965,-233959,-235014,-236134,-237312,,,,,,,,,,,,,,,,,,,,,,,,,,,,,,,,,,,,,,,,,,,,,,,,,,,,,,,,,,,,,,,,,,,,
RECAL 3 1 9999 -805 64 4 80,2590,-515382,-512503,-506615,-492863,-472612,-444856,-414116,-382633,-352907,-326220,-302142,-281310,-263645,-249270,-238220,-230530,-226265,-225459,-228131,-234334,-244202,-257772,-275285,-296626,-322038,-351027,-384009,-419704,-454070,-482001,-498223,-507655,-513360,,,,,,,,,,,,,,,,,,,,,,,,,,,,,,,,,,,,,,,,,,,,,,,,,,,,,,,,,,,,,,,,,,,,
RECAL 3 0 9999 9999 64 4 80,-610,-225295,-224575,-223901,-223282,-222709,-222190,-221714,-221294,-220920,-220602,-220313,-220077,-219883,-219730,-219621,-219552,-219522,-219532,-219577,-219657,-219771,-219923,-220105,-220323,-220571,-220847,-221151,-221483,-221851,-222241,-222660,-223103,-223568,,,,,,,,,,,,,,,,,,,,,,,,,,,,,,,,,,,,,,,,,,,,,,,,,,,,,,,,,,,,,,,,,,,,
RECAL 3 1 9999 -545 64 4 80,1978,-463859,-442020,-419218,-395784,-372678,-350625,-329790,-310424,-292736,-276759,-262723,-250662,-240481,-232251,-225999,-221753,-219552,-219416,-221349,-225437,-231708,-240219,-250961,-263996,-279320,-296870,-316798,-338933,-362780,-387982,-413623,-438596,-461594,,,,,,,,,,,,,,,,,,,,,,,,,,,,,,,,,,,,,,,,,,,,,,,,,,,,,,,,,,,,,,,,,,,,
RECAL 3 0 9999 9999 64 4 80,-798,-226929,-225676,-224524,-223465,-222518,-221666,-220915,-220253,-219695,-219224,-218841,-218550,-218348,-218221,-218175,-218234,-218361,-218572,-218863,-219228,-219670,-220187,-220775,-221434,-222161,-222956,-223820,-224756,-225748,-226804,-227922,-229110,-230345,,,,,,,,,,,,,,,,,,,,,,,,,,,,,,,,,,,,,,,,,,,,,,,,,,,,,,,,,,,,,,,,,,,,
RECAL 3 1 9999 -742 64 4 80,1072,-296117,-287090,-278488,-270393,-262928,-255900,-249443,-243564,-238257,-233546,-229456,-225981,-223134,-220950,-219391,-218465,-218200,-218578,-219629,-221342,-223718,-226809,-230604,-235120,-240370,-246357,-253077,-260569,-268817,-277958,-287856,-298449,-309835,,,,,,,,,,,,,,,,,,,,,,,,,,,,,,,,,,,,,,,,,,,,,,,,,,,,,,,,,,,,,,,,,,,,
RECAL 3 0 9999 9999 64 4 80,-831,-227402,-226025,-224761,-223623,-222590,-221669,-220868,-220167,-219585,-219093,-218717,-218431,-218240,-218143,-218150,-218244,-218420,-218687,-219041,-219486,-220005,-220612,-221290,-222054,-222896,-223821,-224827,-225895,-227045,-228267,-229554,-230908,-232312,,,,,,,,,,,,,,,,,,,,,,,,,,,,,,,,,,,,,,,,,,,,,,,,,,,,,,,,,,,,,,,,,,,,
RECAL 3 1 9999 -777 64 4 80,-1386,-323977,-310640,-298080,-286375,-275480,-265509,-256468,-248373,-241210,-235006,-229766,-225531,-222167,-219756,-218277,-217738,-218122,-219427,-221627,-224731,-228716,-233587,-239323,-245928,-253386,-261685,-270826,-280584,-291257,-302622,-314734,-327465,-340769,,,,,,,,,,,,,,,,,,,,,,,,,,,,,,,,,,,,,,,,,,,,,,,,,,,,,,,,,,,,,,,,,,,,
RECAL 3 0 9999 9999 64 4 80,-803,-229742,-228523,-227431,-226435,-225545,-224747,-224051,-223431,-222916,-222492,-222142,-221880,-221702,-221613,-221597,-221660,-221807,-222026,-222327,-222699,-223146,-223664,-224248,-224902,-225618,-226396,-227249,-228164,-229138,-230171,-231255,-232413,-233628,,,,,,,,,,,,,,,,,,,,,,,,,,,,,,,,,,,,,,,,,,,,,,,,,,,,,,,,,,,,,,,,,,,,
RECAL 3 1 9999 -748 64 4 80,-2218,-455118,-431335,-405880,-380009,-355092,-331558,-309968,-290540,-273326,-258472,-246028,-236127,-228458,-223178,-220261,-219717,-221536,-225716,-232233,-241170,-252492,-266134,-282042,-300142,-320316,-342329,-365593,-389635,-414368,-438393,-461125,-481622,-497594,,,,,,,,,,,,,,,,,,,,,,,,,,,,,,,,,,,,,,,,,,,,,,,,,,,,,,,,,,,,,,,,,,,,
RECAL 3 0 9999 9999 64 4 80,-448,-226139,-225872,-225618,-225405,-225214,-225044,-224905,-224782,-224676,-224602,-224538,-224496,-224472,-224476,-224478,-224495,-224554,-224601,-224678,-224762,-224857,-224973,-225089,-225241,-225393,-225556,-225735,-225916,-226116,-226312,-226531,-226749,-226969,,,,,,,,,,,,,,,,,,,,,,,,,,,,,,,,,,,,,,,,,,,,,,,,,,,,,,,,,,,,,,,,,,,,
RECAL 3 1 9999 -397 64 4 80,-2808,-510858,-503624,-491162,-469830,-440302,-407018,-373318,-341658,-313359,-288801,-267984,-251063,-238023,-228859,-223556,-222062,-224352,-230416,-240271,-253809,-270979,-291639,-315713,-342497,-371770,-402784,-433996,-463579,-488991,-504752,-512625,-516307,-518786,,,,,,,,,,,,,,,,,,,,,,,,,,,,,,,,,,,,,,,,,,,,,,,,,,,,,,,,,,,,,,,,,,,,
RECAL 3 0 9999 9999 64 4 80,-2292,-317835,-305819,-294792,-284749,-275537,-267197,-259622,-252905,-247032,-241973,-237720,-234274,-231624,-229761,-228693,-228392,-228868,-230118,-232139,-234959,-238550,-242946,-248037,-253919,-260580,-268079,-276375,-285537,-295497,-306381,-318023,-330779,-344524,,,,,,,,,,,,,,,,,,,,,,,,,,,,,,,,,,,,,,,,,,,,,,,,,,,,,,,,,,,,,,,,,,,,
RECAL 3 1 9999 -2232 64 4 80,-2830,-509880,-503510,-490095,-466376,-433437,-397434,-363261,-332714,-306037,-283291,-264239,-248999,-237413,-229545,-225422,-225015,-228312,-235349,-246138,-260616,-278552,-300346,-325739,-354521,-386080,-419670,-452308,-480996,-500967,-510869,-516219,-518378,-518063,,,,,,,,,,,,,,,,,,,,,,,,,,,,,,,,,,,,,,,,,,,,,,,,,,,,,,,,,,,,,,,,,,,,
RECAL 3 0 9999 9999 64 4 80,-2370,-329756,-315763,-302765,-290933,-280159,-270417,-261647,-253840,-246989,-241099,-236143,-232077,-228898,-226573,-225119,-224515,-224759,-225828,-227740,-230505,-234084,-238511,-243791,-249901,-256879,-264774,-273630,-283401,-294089,-305748,-318441,-332198,-347109,,,,,,,,,,,,,,,,,,,,,,,,,,,,,,,,,,,,,,,,,,,,,,,,,,,,,,,,,,,,,,,,,,,,
RECAL 3 1 9999 -2309 64 4 80,-2248,-468259,-443113,-415783,-388368,-361670,-337027,-314569,-294531,-276966,-261820,-249104,-238950,-231221,-225931,-223049,-222580,-224516,-228842,-235558,-244511,-255950,-269793,-285910,-304236,-324742,-347212,-371189,-396753,-422670,-447720,-470407,-489012,-501850,,,,,,,,,,,,,,,,,,,,,,,,,,,,,,,,,,,,,,,,,,,,,,,,,,,,,,,,,,,,,,,,,,,,
RECAL 3 0 9999 9999 64 4 80,-2379,-321817,-307974,-295335,-284011,-273513,-264064,-255633,-248220,-241742,-236210,-231626,-227987,-225279,-223454,-222512,-222434,-223224,-224884,-227405,-230725,-234945,-240035,-245987,-252800,-260483,-269079,-278588,-289064,-300533,-313113,-326699,-341410,-357188,,,,,,,,,,,,,,,,,,,,,,,,,,,,,,,,,,,,,,,,,,,,,,,,,,,,,,,,,,,,,,,,,,,,
RECAL 3 1 9999 -2320 64 4 80,-1436,-333898,-319618,-306254,-293890,-282504,-272068,-262627,-254195,-246855,-240374,-234873,-230361,-226827,-224264,-222670,-222039,-222377,-223688,-225968,-229210,-233410,-238600,-244750,-251837,-259761,-268745,-278636,-289405,-300979,-313415,-326600,-340592,-355031,,,,,,,,,,,,,,,,,,,,,,,,,,,,,,,,,,,,,,,,,,,,,,,,,,,,,,,,,,,,,,,,,,,,
RECAL 3 0 9999 9999 64 4 80,-2372,-327240,-312935,-300008,-288110,-277239,-267443,-258649,-250837,-243987,-238063,-233125,-229102,-225968,-223705,-222306,-221777,-222100,-223278,-225264,-228123,-231815,-236357,-241753,-247997,-255086,-263073,-272044,-281952,-292798,-304581,-317411,-331280,-346281,,,,,,,,,,,,,,,,,,,,,,,,,,,,,,,,,,,,,,,,,,,,,,,,,,,,,,,,,,,,,,,,,,,,
RECAL 3 1 9999 -2311 64 4 80,1005,-293715,-285707,-278103,-270932,-264213,-258022,-252215,-246890,-242046,-237698,-233845,-230504,-227690,-225392,-223621,-222407,-221766,-221707,-222239,-223372,-225110,-227434,-230424,-234058,-238340,-243295,-248908,-255191,-262195,-269841,-278091,-287033,-296579,,,,,,,,,,,,,,,,,,,,,,,,,,,,,,,,,,,,,,,,,,,,,,,,,,,,,,,,,,,,,,,,,,,,
RECAL 3 0 9999 9999 64 4 80,-2316,-312756,-300489,-289326,-279109,-269973,-261610,-254157,-247598,-241884,-237008,-232955,-229752,-227314,-225700,-224904,-224920,-225737,-227357,-229770,-232987,-236964,-241802,-247438,-253885,-261188,-269328,-278360,-288258,-298872,-310485,-323014,-336546,-351123,,,,,,,,,,,,,,,,,,,,,,,,,,,,,,,,,,,,,,,,,,,,,,,,,,,,,,,,,,,,,,,,,,,,
RECAL 3 1 9999 -2258 64 4 80,1942,-466139,-444987,-421781,-397781,-374278,-352084,-331361,-312323,-295054,-279627,-266009,-254413,-244580,-236671,-230727,-226755,-224784,-224851,-226979,-231176,-237436,-245839,-256343,-269066,-283984,-301012,-320243,-341294,-364411,-389100,-414814,-440039,-463362,,,,,,,,,,,,,,,,,,,,,,,,,,,,,,,,,,,,,,,,,,,,,,,,,,,,,,,,,,,,,,,,,,,,
RECAL 3 0 9999 9999 64 4 80,-2381,-317305,-305177,-294106,-284049,-275032,-266773,-259410,-252931,-247323,-242530,-238565,-235420,-233111,-231613,-230904,-230976,-231833,-233471,-235919,-239150,-243115,-247920,-253516,-259947,-267197,-275285,-284243,-294056,-304891,-316748,-329603,-343521,-358472,,,,,,,,,,,,,,,,,,,,,,,,,,,,,,,,,,,,,,,,,,,,,,,,,,,,,,,,,,,,,,,,,,,,
RECAL 3 1 9999 -2323 64 4 80,2561,-516703,-513198,-506804,-496390,-477047,-448479,-416267,-384211,-354575,-327655,-304053,-283750,-266648,-252784,-242177,-234790,-230768,-230024,-232670,-238828,-248571,-261957,-279114,-300075,-324872,-353340,-385534,-421066,-456677,-486332,-502541,-510413,-515109,,,,,,,,,,,,,,,,,,,,,,,,,,,,,,,,,,,,,,,,,,,,,,,,,,,,,,,,,,,,,,,,,,,,
RECAL 3 0 9999 9999 64 4 80,2107,-326637,-313924,-302300,-291467,-281469,-272313,-263959,-256367,-249591,-243566,-238217,-233631,-229804,-226709,-224384,-222827,-222019,-221984,-222699,-224196,-226484,-229569,-233457,-238166,-243699,-250043,-257181,-265185,-274050,-283844,-294527,-306207,-318914,,,,,,,,,,,,,,,,,,,,,,,,,,,,,,,,,,,,,,,,,,,,,,,,,,,,,,,,,,,,,,,,,,,,
RECAL 3 1 9999 2173 64 4 80,-2705,-510810,-501618,-486466,-464638,-437073,-405769,-372943,-341585,-313062,-288091,-266884,-249628,-236318,-226845,-221284,-219604,-221770,-227717,-237370,-250659,-267523,-287488,-310758,-336864,-365069,-394656,-424669,-453965,-480619,-499997,-511272,-515518,-517676,,,,,,,,,,,,,,,,,,,,,,,,,,,,,,,,,,,,,,,,,,,,,,,,,,,,,,,,,,,,,,,,,,,,
RECAL 3 0 9999 9999 64 4 80,2138,-321666,-308636,-296415,-285141,-274675,-265056,-256282,-248370,-241296,-235043,-229687,-225055,-221209,-218182,-215969,-214580,-214008,-214247,-215290,-217149,-219836,-223335,-227684,-232875,-238946,-245913,-253648,-262383,-272052,-282680,-294249,-306858,-320493,,,,,,,,,,,,,,,,,,,,,,,,,,,,,,,,,,,,,,,,,,,,,,,,,,,,,,,,,,,,,,,,,,,,
RECAL 3 1 9999 2203 64 4 80,-2115,-455044,-432459,-408705,-384065,-359615,-335962,-313622,-293053,-274601,-258466,-244908,-233735,-224996,-218667,-214743,-213197,-213998,-217081,-222491,-230193,-240155,-252310,-266653,-283016,-301177,-321093,-342587,-364999,-388136,-411493,-434614,-457204,-478825,,,,,,,,,,,,,,,,,,,,,,,,,,,,,,,,,,,,,,,,,,,,,,,,,,,,,,,,,,,,,,,,,,,,
RECAL 3 0 9999 9999 64 4 80,2043,-318844,-306411,-294969,-284245,-274270,-265111,-256741,-249186,-242393,-236353,-231120,-226637,-222871,-219827,-217510,-215926,-215075,-214959,-215569,-216932,-219045,-221908,-225540,-229945,-235133,-241131,-248003,-255721,-264356,-273859,-284279,-295602,-307885,,,,,,,,,,,,,,,,,,,,,,,,,,,,,,,,,,,,,,,,,,,,,,,,,,,,,,,,,,,,,,,,,,,,
RECAL 3 1 9999 2110 64 4 80,-1269,-315842,-303449,-291778,-280820,-270649,-261285,-252692,-244947,-238079,-232109,-227044,-222856,-219549,-217105,-215547,-214816,-214928,-215869,-217652,-220267,-223699,-227940,-232927,-238666,-245168,-252383,-260330,-268970,-278283,-288218,-298553,-309620,-321173,,,,,,,,,,,,,,,,,,,,,,,,,,,,,,,,,,,,,,,,,,,,,,,,,,,,,,,,,,,,,,,,,,,,
RECAL 3 0 9999 9999 64 4 80,2035,-316076,-303821,-292500,-282053,-272455,-263524,-255348,-247955,-241313,-235404,-230257,-225848,-222182,-219238,-217006,-215482,-214683,-214598,-215227,-216594,-218672,-221509,-225096,-229433,-234548,-240451,-247139,-254634,-263055,-272349,-282567,-293667,-305721,,,,,,,,,,,,,,,,,,,,,,,,,,,,,,,,,,,,,,,,,,,,,,,,,,,,,,,,,,,,,,,,,,,,
RECAL 3 1 9999 2102 64 4 80,1131,-315991,-304890,-294300,-284233,-274707,-265789,-257567,-249953,-243027,-236800,-231320,-226585,-222607,-219407,-216975,-215344,-214539,-214556,-215406,-217096,-219643,-223040,-227241,-232386,-238439,-245408,-253278,-262082,-271813,-282452,-293867,-306109,-319148,,,,,,,,,,,,,,,,,,,,,,,,,,,,,,,,,,,,,,,,,,,,,,,,,,,,,,,,,,,,,,,,,,,,
RECAL 3 0 9999 9999 64 4 80,2120,-310432,-298340,-287224,-276905,-267434,-258776,-250892,-243738,-237329,-231693,-226813,-222695,-219342,-216744,-214938,-213858,-213539,-213993,-215217,-217241,-220066,-223677,-228089,-233267,-239284,-246130,-253834,-262434,-271948,-282420,-293686,-306091,-319552,,,,,,,,,,,,,,,,,,,,,,,,,,,,,,,,,,,,,,,,,,,,,,,,,,,,,,,,,,,,,,,,,,,,
RECAL 3 1 9999 2184 64 4 80,1982,-464279,-442942,-420208,-397018,-373758,-351132,-329396,-308982,-290197,-273227,-258229,-245309,-234507,-225900,-219497,-215366,-213542,-214020,-216850,-222113,-229820,-240033,-252756,-268050,-285874,-306154,-328813,-353518,-379549,-406299,-432232,-455914,-477006,,,,,,,,,,,,,,,,,,,,,,,,,,,,,,,,,,,,,,,,,,,,,,,,,,,,,,,,,,,,,,,,,,,,
RECAL 3 0 9999 9999 64 4 80,2113,-321913,-309998,-298959,-288834,-279479,-270884,-263063,-255975,-249597,-243912,-238915,-234626,-231051,-228184,-226018,-224564,-223806,-223750,-224398,-225763,-227854,-230670,-234235,-238532,-243587,-249344,-255865,-263220,-271394,-280403,-290315,-301108,-312771,,,,,,,,,,,,,,,,,,,,,,,,,,,,,,,,,,,,,,,,,,,,,,,,,,,,,,,,,,,,,,,,,,,,
RECAL 3 1 9999 2179 64 4 80,2570,-516668,-513765,-508747,-497254,-478739,-452200,-422074,-390568,-360102,-331849,-306495,-284270,-265333,-249781,-237749,-228969,-223648,-221864,-223727,-229328,-238752,-252112,-269468,-290911,-316481,-346394,-380484,-417991,-455305,-485431,-500599,-509397,-513678,,,,,,,,,,,,,,,,,,,,,,,,,,,,,,,,,,,,,,,,,,,,,,,,,,,,,,,,,,,,,,,,,,,,
RECAL 3 0 9999 9999 64 4 80,-484,-225894,-225603,-225337,-225091,-224884,-224689,-224516,-224375,-224256,-224154,-224078,-224027,-223988,-223974,-223982,-224005,-224046,-224102,-224184,-224278,-224388,-224506,-224646,-224800,-224966,-225144,-225332,-225533,-225757,-225984,-226217,-226468,-226727,,,,,,,,,,,,,,,,,,,,,,,,,,,,,,,,,,,,,,,,,,,,,,,,,,,,,,,,,,,,,,,,,,,,
RECAL 3 1 9999 -431 64 4 80,2545,-516717,-514734,-510827,-501179,-484854,-459007,-428752,-396790,-365661,-336792,-310769,-287916,-268288,-251982,-239161,-229797,-223966,-221663,-222950,-227849,-236292,-248638,-264925,-285245,-309706,-338550,-371582,-408569,-446075,-478059,-496384,-507310,-513277,,,,,,,,,,,,,,,,,,,,,,,,,,,,,,,,,,,,,,,,,,,,,,,,,,,,,,,,,,,,,,,,,,,,
RECAL 3 0 9999 9999 64 4 80,-416,-224171,-223950,-223750,-223569,-223411,-223267,-223153,-223045,-222956,-222893,-222846,-222817,-222802,-222794,-222815,-222843,-222885,-222943,-223015,-223100,-223199,-223305,-223431,-223569,-223706,-223863,-224028,-224200,-224381,-224571,-224767,-224972,-225181,,,,,,,,,,,,,,,,,,,,,,,,,,,,,,,,,,,,,,,,,,,,,,,,,,,,,,,,,,,,,,,,,,,,
RECAL 3 1 9999 -366 64 4 80,1950,-479615,-460005,-437940,-414752,-391213,-368120,-346056,-325266,-306089,-288890,-273258,-259576,-247939,-238389,-230991,-225805,-222840,-222142,-223720,-227611,-233851,-242467,-253486,-266992,-282918,-301078,-321802,-344742,-369493,-395837,-422440,-447903,-470543,,,,,,,,,,,,,,,,,,,,,,,,,,,,,,,,,,,,,,,,,,,,,,,,,,,,,,,,,,,,,,,,,,,,
RECAL 3 0 9999 9999 64 4 80,-777,-225043,-223817,-222680,-221654,-220715,-219873,-219120,-218450,-217874,-217384,-216982,-216657,-216424,-216265,-216186,-216192,-216267,-216429,-216654,-216957,-217332,-217782,-218302,-218882,-219527,-220238,-221006,-221839,-222731,-223675,-224677,-225733,-226842,,,,,,,,,,,,,,,,,,,,,,,,,,,,,,,,,,,,,,,,,,,,,,,,,,,,,,,,,,,,,,,,,,,,
RECAL 3 1 9999 -719 64 4 80,1084,-309192,-298934,-289124,-279745,-270915,-262672,-255040,-248049,-241706,-236015,-231060,-226800,-223235,-220381,-218250,-216842,-216188,-216273,-217115,-218732,-221143,-224338,-228338,-233165,-238834,-245333,-252713,-260967,-270079,-280034,-290806,-302348,-314694,,,,,,,,,,,,,,,,,,,,,,,,,,,,,,,,,,,,,,,,,,,,,,,,,,,,,,,,,,,,,,,,,,,,
RECAL 3 0 9999 9999 64 4 80,-753,-225342,-224179,-223118,-222144,-221260,-220463,-219755,-219126,-218585,-218122,-217740,-217443,-217227,-217083,-217015,-217028,-217110,-217263,-217483,-217774,-218127,-218550,-219032,-219568,-220174,-220835,-221550,-222329,-223161,-224034,-224970,-225962,-226995,,,,,,,,,,,,,,,,,,,,,,,,,,,,,,,,,,,,,,,,,,,,,,,,,,,,,,,,,,,,,,,,,,,,
RECAL 3 1 9999 -695 64 4 80,-1315,-329801,-316068,-303228,-291225,-280039,-269727,-260321,-251847,-244306,-237744,-232052,-227275,-223414,-220469,-218419,-217265,-217011,-217642,-219183,-221616,-224934,-229133,-234194,-240125,-246898,-254380,-262784,-271992,-281991,-292691,-304094,-316167,-328837,,,,,,,,,,,,,,,,,,,,,,,,,,,,,,,,,,,,,,,,,,,,,,,,,,,,,,,,,,,,,,,,,,,,
RECAL 3 0 9999 9999 64 4 80,-275,-216217,-216115,-216023,-215937,-215870,-215806,-215753,-215712,-215673,-215645,-215623,-215611,-215599,-215599,-215601,-215611,-215626,-215650,-215673,-215706,-215739,-215776,-215817,-215862,-215910,-215957,-216014,-216065,-216119,-216181,-216240,-216301,-216363,,,,,,,,,,,,,,,,,,,,,,,,,,,,,,,,,,,,,,,,,,,,,,,,,,,,,,,,,,,,,,,,,,,,
RECAL 3 1 9999 -224 64 4 80,-2142,-465501,-442005,-417783,-392529,-367277,-342971,-319961,-298782,-280021,-263197,-248855,-236980,-227667,-220869,-216599,-214854,-215584,-218734,-224277,-232184,-242433,-254934,-269692,-286547,-305100,-325560,-347508,-370442,-394298,-418324,-441835,-464512,-484951,,,,,,,,,,,,,,,,,,,,,,,,,,,,,,,,,,,,,,,,,,,,,,,,,,,,,,,,,,,,,,,,,,,,
RECAL 3 0 9999 9999 64 4 80,-522,-224478,-224010,-223586,-223197,-222843,-222530,-222242,-221985,-221770,-221563,-221397,-221255,-221150,-221066,-220996,-220967,-220956,-220965,-221009,-221060,-221147,-221245,-221363,-221504,-221669,-221845,-222047,-222261,-222489,-222739,-223000,-223277,-223564,,,,,,,,,,,,,,,,,,,,,,,,,,,,,,,,,,,,,,,,,,,,,,,,,,,,,,,,,,,,,,,,,,,,
RECAL 3 1 9999 -458 64 4 80,-2723,-509186,-498675,-482346,-457710,-427526,-394537,-361393,-330545,-302956,-279398,-259366,-243301,-231134,-222866,-218432,-217779,-220889,-227735,-238444,-252854,-270932,-292437,-317126,-344594,-374177,-404630,-435367,-464856,-489162,-505407,-514077,-517993,-518344,,,,,,,,,,,,,,,,,,,,,,,,,,,,,,,,,,,,,,,,,,,,,,,,,,,,,,,,,,,,,,,,,,,,
RECAL 3 0 9999 9999 64 4 80,-2301,-318422,-305628,-293907,-283216,-273461,-264623,-256644,-249555,-243287,-237831,-233192,-229366,-226343,-224120,-222703,-222085,-222264,-223236,-225000,-227553,-230901,-235024,-239951,-245670,-252148,-259429,-267536,-276462,-286251,-296864,-308443,-320963,-334294,,,,,,,,,,,,,,,,,,,,,,,,,,,,,,,,,,,,,,,,,,,,,,,,,,,,,,,,,,,,,,,,,,,,
RECAL 3 1 9999 -2240 64 4 80,-2697,-512357,-505316,-492701,-472025,-442623,-408414,-373948,-342006,-313409,-288689,-267731,-250493,-237095,-227608,-221959,-220108,-222011,-227627,-236924,-249708,-266248,-286409,-310025,-337000,-366972,-399203,-431956,-462587,-487537,-503165,-511993,-517581,-518092,,,,,,,,,,,,,,,,,,,,,,,,,,,,,,,,,,,,,,,,,,,,,,,,,,,,,,,,,,,,,,,,,,,,
RECAL 3 0 9999 9999 64 4 80,-2270,-312511,-299697,-288017,-277285,-267533,-258701,-250804,-243803,-237743,-232464,-228061,-224499,-221771,-219870,-218782,-218496,-219006,-220292,-222363,-225215,-228841,-233240,-238450,-244449,-251172,-258757,-267170,-276383,-286423,-297271,-309039,-321714,-335390,,,,,,,,,,,,,,,,,,,,,,,,,,,,,,,,,,,,,,,,,,,,,,,,,,,,,,,,,,,,,,,,,,,,
RECAL 3 1 9999 -2210 64 4 80,-2107,-467807,-445563,-420683,-394773,-368880,-344242,-321255,-300380,-281980,-265823,-251983,-240548,-231454,-224729,-220341,-218279,-218492,-220993,-225763,-232812,-242134,-253681,-267460,-283443,-301707,-322059,-344218,-367811,-392729,-417973,-442559,-465128,-484533,,,,,,,,,,,,,,,,,,,,,,,,,,,,,,,,,,,,,,,,,,,,,,,,,,,,,,,,,,,,,,,,,,,,
RECAL 3 0 9999 9999 64 4 80,-2356,-319172,-305087,-292303,-280660,-270129,-260602,-252145,-244664,-238099,-232467,-227738,-223891,-220921,-218816,-217588,-217206,-217684,-219005,-221161,-224177,-228028,-232718,-238308,-244753,-252077,-260308,-269467,-279559,-290596,-302572,-315415,-329416,-344445,,,,,,,,,,,,,,,,,,,,,,,,,,,,,,,,,,,,,,,,,,,,,,,,,,,,,,,,,,,,,,,,,,,,
RECAL 3 1 9999 -2296 64 4 80,-1262,-327716,-314655,-302332,-290847,-280068,-270043,-260884,-252614,-245242,-238732,-233088,-228327,-224471,-221398,-219171,-217769,-217202,-217459,-218539,-220430,-223107,-226538,-230741,-235709,-241434,-247903,-255087,-263019,-271552,-280869,-290864,-301468,-312746,,,,,,,,,,,,,,,,,,,,,,,,,,,,,,,,,,,,,,,,,,,,,,,,,,,,,,,,,,,,,,,,,,,,
RECAL 3 0 9999 9999 64 4 80,-2362,-315168,-301486,-289081,-277790,-267586,-258424,-250282,-243092,-236826,-231492,-227046,-223456,-220740,-218882,-217873,-217717,-218400,-219926,-222287,-225480,-229512,-234373,-240107,-246708,-254172,-262549,-271851,-282083,-293264,-305432,-318652,-332724,-348045,,,,,,,,,,,,,,,,,,,,,,,,,,,,,,,,,,,,,,,,,,,,,,,,,,,,,,,,,,,,,,,,,,,,
RECAL 3 1 9999 -2303 64 4 80,1140,-321589,-309981,-298951,-288699,-278899,-269768,-261315,-253591,-246578,-240278,-234718,-229935,-225892,-222630,-220171,-218513,-217669,-217645,-218460,-220074,-222545,-225884,-230109,-235215,-241256,-248202,-256069,-264893,-274588,-285204,-296684,-309130,-322425,,,,,,,,,,,,,,,,,,,,,,,,,,,,,,,,,,,,,,,,,,,,,,,,,,,,,,,,,,,,,,,,,,,,
RECAL 3 0 9999 9999 64 4 80,-2284,-308373,-296265,-285235,-275126,-265892,-257555,-250102,-243477,-237667,-232671,-228495,-225120,-222556,-220749,-219728,-219486,-220012,-221302,-223351,-226159,-229714,-234014,-239086,-244918,-251515,-258903,-267114,-276167,-285919,-296577,-308178,-320648,-334080,,,,,,,,,,,,,,,,,,,,,,,,,,,,,,,,,,,,,,,,,,,,,,,,,,,,,,,,,,,,,,,,,,,,
RECAL 3 1 9999 -2225 64 4 80,1983,-485558,-466190,-443231,-418650,-393277,-368421,-345014,-323147,-303170,-285328,-269473,-255705,-244092,-234625,-227352,-222290,-219468,-218911,-220650,-224723,-231161,-240028,-251354,-265182,-281498,-300372,-321868,-345839,-372045,-400282,-429094,-456544,-479120,,,,,,,,,,,,,,,,,,,,,,,,,,,,,,,,,,,,,,,,,,,,,,,,,,,,,,,,,,,,,,,,,,,,
RECAL 3 0 9999 9999 64 4 80,-2296,-312007,-300476,-289991,-280381,-271644,-263743,-256640,-250298,-244736,-239922,-235841,-232498,-229901,-228029,-226879,-226462,-226750,-227767,-229505,-231961,-235128,-239025,-243650,-248983,-255027,-261857,-269433,-277804,-286986,-296968,-307884,-319536,-332239,,,,,,,,,,,,,,,,,,,,,,,,,,,,,,,,,,,,,,,,,,,,,,,,,,,,,,,,,,,,,,,,,,,,
RECAL 3 1 9999 -2236 64 4 80,2571,-517166,-515842,-511895,-503426,-489586,-464576,-432471,-398459,-365821,-336329,-310285,-287778,-268692,-253073,-240950,-231980,-226397,-224263,-225613,-230535,-239131,-251447,-267499,-287413,-311338,-339586,-372441,-410401,-451598,-487116,-504631,-511196,-514169,,,,,,,,,,,,,,,,,,,,,,,,,,,,,,,,,,,,,,,,,,,,,,,,,,,,,,,,,,,,,,,,,,,,
RECAL 3 0 9999 9999 64 4 80,2120,-347135,-332508,-319055,-306660,-295267,-284900,-275366,-266662,-258856,-251952,-245894,-240677,-236285,-232754,-230084,-228197,-227137,-226917,-227534,-228987,-231285,-234444,-238486,-243348,-249066,-255693,-263249,-271730,-281215,-291685,-303071,-315735,-329645,,,,,,,,,,,,,,,,,,,,,,,,,,,,,,,,,,,,,,,,,,,,,,,,,,,,,,,,,,,,,,,,,,,,
RECAL 3 1 9999 2187 64 4 80,-2793,-510556,-501530,-486184,-460998,-429451,-395732,-362726,-332482,-305580,-282405,-262969,-247602,-235809,-227873,-223750,-223388,-226768,-233853,-244630,-258898,-276708,-298026,-322711,-350682,-381324,-413742,-445423,-473009,-494025,-506313,-513620,-516046,-518335,,,,,,,,,,,,,,,,,,,,,,,,,,,,,,,,,,,,,,,,,,,,,,,,,,,,,,,,,,,,,,,,,,,,
RECAL 3 0 9999 9999 64 4 80,2130,-346173,-331284,-317432,-304609,-292712,-281738,-271746,-262700,-254580,-247380,-241077,-235678,-231236,-227639,-224923,-223098,-222177,-222152,-223031,-224818,-227500,-231073,-235570,-241008,-247376,-254704,-263033,-272409,-282675,-294147,-306787,-320687,-335900,,,,,,,,,,,,,,,,,,,,,,,,,,,,,,,,,,,,,,,,,,,,,,,,,,,,,,,,,,,,,,,,,,,,
RECAL 3 1 9999 2196 64 4 80,-2207,-462122,-438775,-414401,-389587,-365206,-341845,-319904,-299780,-282059,-266259,-252775,-241686,-232959,-226667,-222755,-221217,-222051,-225305,-230964,-239042,-249537,-262395,-277634,-295073,-314396,-335993,-359203,-383618,-408490,-433116,-455986,-476314,-492750,,,,,,,,,,,,,,,,,,,,,,,,,,,,,,,,,,,,,,,,,,,,,,,,,,,,,,,,,,,,,,,,,,,,
RECAL 3 0 9999 9999 64 4 80,2082,-339616,-325235,-311846,-299441,-288046,-277515,-267908,-259181,-251467,-244519,-238421,-233182,-228813,-225280,-222607,-220795,-219827,-219746,-220546,-222233,-224818,-228304,-232716,-238071,-244291,-251538,-259793,-269061,-279386,-290789,-303280,-317020,-331923,,,,,,,,,,,,,,,,,,,,,,,,,,,,,,,,,,,,,,,,,,,,,,,,,,,,,,,,,,,,,,,,,,,,
RECAL 3 1 9999 2148 64 4 80,-1385,-334559,-321117,-308307,-296152,-284778,-274188,-264485,-255699,-247882,-240994,-235069,-230178,-226163,-223117,-221022,-219871,-219668,-220409,-222076,-224658,-228119,-232477,-237746,-243909,-250938,-258848,-267625,-277109,-287540,-298678,-310606,-323242,-336464,,,,,,,,,,,,,,,,,,,,,,,,,,,,,,,,,,,,,,,,,,,,,,,,,,,,,,,,,,,,,,,,,,,,
RECAL 3 0 9999 9999 64 4 80,2163,-354482,-338596,-323758,-310016,-297469,-285825,-275133,-265460,-256761,-249048,-242299,-236479,-231688,-227842,-224928,-222945,-221891,-221763,-222578,-224329,-226983,-230615,-235221,-240819,-247413,-255030,-263720,-273485,-284505,-296670,-310102,-324825,-340940,,,,,,,,,,,,,,,,,,,,,,,,,,,,,,,,,,,,,,,,,,,,,,,,,,,,,,,,,,,,,,,,,,,,
RECAL 3 1 9999 2230 64 4 80,1056,-306593,-297492,-288840,-280540,-272707,-265368,-258515,-252210,-246538,-241327,-236673,-232627,-229185,-226367,-224171,-222616,-221703,-221455,-221869,-222949,-224707,-227153,-230305,-234176,-238716,-244044,-250104,-256923,-264515,-272852,-281951,-291799,-302354,,,,,,,,,,,,,,,,,,,,,,,,,,,,,,,,,,,,,,,,,,,,,,,,,,,,,,,,,,,,,,,,,,,,
RECAL 3 0 9999 9999 64 4 80,2175,-368043,-351716,-336235,-321861,-308571,-296399,-285267,-275114,-265935,-257787,-250644,-244436,-239144,-234772,-231328,-228798,-227182,-226484,-226691,-227809,-229861,-232847,-236796,-241713,-247607,-254573,-262621,-271739,-281962,-293316,-305878,-319746,-334937,,,,,,,,,,,,,,,,,,,,,,,,,,,,,,,,,,,,,,,,,,,,,,,,,,,,,,,,,,,,,,,,,,,,
RECAL 3 1 9999 2244 64 4 80,1961,-473371,-452477,-431291,-409772,-388358,-367446,-347584,-328355,-310268,-293579,-278411,-264958,-253262,-243541,-235786,-230096,-226416,-224799,-225275,-227893,-232696,-239771,-248997,-260645,-274696,-291104,-309786,-330781,-353854,-378562,-404247,-429735,-453474,,,,,,,,,,,,,,,,,,,,,,,,,,,,,,,,,,,,,,,,,,,,,,,,,,,,,,,,,,,,,,,,,,,,
RECAL 3 0 9999 9999 64 4 80,2187,-367643,-351648,-336736,-322964,-310267,-298610,-288113,-278571,-269951,-262250,-255465,-249587,-244576,-240434,-237190,-234773,-233216,-232525,-232713,-233766,-235704,-238533,-242324,-247038,-252689,-259330,-266961,-275625,-285354,-296126,-307945,-321126,-335614,,,,,,,,,,,,,,,,,,,,,,,,,,,,,,,,,,,,,,,,,,,,,,,,,,,,,,,,,,,,,,,,,,,,
RECAL 3 1 9999 2256 64 4 80,2575,-518499,-515580,-510193,-499934,-481913,-455833,-427834,-399082,-371088,-344698,-320279,-298251,-278963,-262783,-249429,-239276,-232429,-229016,-229102,-232806,-240260,-251389,-266413,-285461,-308679,-336296,-368230,-404318,-441854,-473584,-493821,-504054,-510511,,,,,,,,,,,,,,,,,,,,,,,,,,,,,,,,,,,,,,,,,,,,,,,,,,,,,,,,,,,,,,,,,,,,
RECAL 3 0 9999 9999 64 4 80,683,-238448,-237468,-236543,-235673,-234875,-234122,-233441,-232812,-232252,-231763,-231331,-230971,-230671,-230448,-230296,-230217,-230219,-230295,-230442,-230683,-231002,-231407,-231894,-232467,-233140,-233894,-234748,-235698,-236731,-237885,-239117,-240453,-241882,,,,,,,,,,,,,,,,,,,,,,,,,,,,,,,,,,,,,,,,,,,,,,,,,,,,,,,,,,,,,,,,,,,,
RECAL 3 1 9999 745 64 4 80,2614,-517589,-515652,-510252,-499299,-479624,-452891,-424205,-394568,-365887,-339041,-314477,-292822,-274062,-258258,-245634,-236238,-230190,-227550,-228422,-232820,-240981,-252958,-268888,-288943,-313210,-342047,-375592,-414029,-454168,-485943,-502107,-508518,-512355,,,,,,,,,,,,,,,,,,,,,,,,,,,,,,,,,,,,,,,,,,,,,,,,,,,,,,,,,,,,,,,,,,,,
RECAL 3 0 9999 9999 64 4 80,629,-236182,-235151,-234157,-233234,-232357,-231532,-230765,-230065,-229424,-228841,-228324,-227870,-227487,-227180,-226933,-226756,-226650,-226630,-226663,-226774,-226971,-227244,-227591,-228021,-228532,-229140,-229828,-230603,-231480,-232451,-233530,-234680,-235945,,,,,,,,,,,,,,,,,,,,,,,,,,,,,,,,,,,,,,,,,,,,,,,,,,,,,,,,,,,,,,,,,,,,
RECAL 3 1 9999 697 64 4 80,2011,-484028,-464599,-443105,-421089,-398902,-377034,-355948,-335745,-316752,-299124,-283336,-268980,-256502,-245987,-237460,-231005,-226656,-224450,-224427,-226679,-231276,-238261,-247679,-259568,-274001,-290999,-310192,-332210,-356674,-383181,-410975,-438325,-462501,,,,,,,,,,,,,,,,,,,,,,,,,,,,,,,,,,,,,,,,,,,,,,,,,,,,,,,,,,,,,,,,,,,,
RECAL 3 0 9999 9999 64 4 80,572,-229234,-228330,-227468,-226650,-225878,-225157,-224483,-223854,-223275,-222754,-222274,-221857,-221502,-221204,-220968,-220791,-220675,-220621,-220638,-220725,-220882,-221104,-221400,-221779,-222220,-222736,-223333,-224004,-224754,-225579,-226487,-227477,-228561,,,,,,,,,,,,,,,,,,,,,,,,,,,,,,,,,,,,,,,,,,,,,,,,,,,,,,,,,,,,,,,,,,,,
RECAL 3 1 9999 641 64 4 80,1148,-318856,-308462,-298389,-288847,-279779,-271268,-263356,-256047,-249383,-243376,-237936,-233210,-229210,-225938,-223408,-221634,-220632,-220397,-220961,-222329,-224522,-227546,-231426,-236165,-241802,-248303,-255599,-263800,-272899,-282919,-293795,-305586,-318286,,,,,,,,,,,,,,,,,,,,,,,,,,,,,,,,,,,,,,,,,,,,,,,,,,,,,,,,,,,,,,,,,,,,
RECAL 3 0 9999 9999 64 4 80,-7,-220319,-220314,-220306,-220312,-220313,-220311,-220309,-220312,-220304,-220303,-220297,-220293,-220286,-220290,-220285,-220286,-220278,-220278,-220274,-220268,-220267,-220264,-220268,-220269,-220262,-220265,-220270,-220278,-220278,-220293,-220299,-220309,-220327,,,,,,,,,,,,,,,,,,,,,,,,,,,,,,,,,,,,,,,,,,,,,,,,,,,,,,,,,,,,,,,,,,,,
RECAL 3 0 9999 9999 128 4 80,-71,-220420,-220409,-220392,-220385,-220373,-220366,-220358,-220351,-220344,-220339,-220335,-220333,-220326,-220324,-220325,-220325,-220318,-220320,-220309,-220312,-220312,-220314,-220313,-220307,-220301,-220303,-220301,-220298,-220296,-220289,-220289,-220284,-220277,-220275,-220270,-220273,-220268,-220265,-220264,-220261,-220264,-220267,-220267,-220272,-220281,-220293,-220298,-220313,-220324,-220347,-220365,-220385,-220414,-220442,-220480,-220518,-220556,-220601,-220652,-220705,-220763,-220822,-220895,-220970,-221049,,,,,,,,,,,,,,,,,,,,,,,,,,,,,,,,,,,,
RECAL 3 1 9999 84 128 4 80,-1368,-515634,-514110,-510616,-505617,-497807,-488450,-475761,-461921,-446644,-431885,-416659,-401452,-386533,-371890,-357739,-344193,-331085,-318583,-306676,-295433,-284949,-275142,-266109,-257931,-250486,-243850,-238015,-233008,-228834,-225476,-222931,-221181,-220263,-220165,-220887,-222437,-224810,-227988,-231966,-236678,-242273,-248614,-255743,-263664,-272320,-281708,-291797,-302430,-313728,-325634,-338128,-351134,-364489,-378215,-392194,-406168,-420069,-433542,-446315,-458810,-470340,-480504,-489320,-496542,-502515,,,,,,,,,,,,,,,,,,,,,,,,,,,,,,,,,,,,
RECAL 3 0 9999 9999 64 4 80,426,-226318,-225867,-225441,-225030,-224648,-224284,-223954,-223636,-223339,-223082,-222842,-222630,-222445,-222292,-222168,-222075,-222009,-221981,-221987,-222024,-222105,-222210,-222359,-222544,-222779,-223043,-223352,-223714,-224110,-224552,-225035,-225562,-226143,,,,,,,,,,,,,,,,,,,,,,,,,,,,,,,,,,,,,,,,,,,,,,,,,,,,,,,,,,,,,,,,,,,,
RECAL 3 1 9999 495 64 4 80,-2155,-462446,-439502,-415474,-391027,-366958,-343880,-322213,-302292,-284394,-268582,-254983,-243828,-234781,-228084,-223705,-221663,-221955,-224557,-229470,-236655,-246057,-257670,-271555,-287665,-305829,-326100,-348266,-371666,-396496,-421608,-445517,-467167,-484968,,,,,,,,,,,,,,,,,,,,,,,,,,,,,,,,,,,,,,,,,,,,,,,,,,,,,,,,,,,,,,,,,,,,
RECAL 3 0 9999 9999 64 4 80,401,-230772,-230479,-230220,-229970,-229734,-229527,-229337,-229165,-229017,-228887,-228776,-228694,-228626,-228595,-228569,-228574,-228604,-228661,-228748,-228858,-228997,-229166,-229374,-229592,-229864,-230157,-230487,-230858,-231243,-231675,-232150,-232666,-233217,,,,,,,,,,,,,,,,,,,,,,,,,,,,,,,,,,,,,,,,,,,,,,,,,,,,,,,,,,,,,,,,,,,,
RECAL 3 1 9999 458 64 4 80,-2753,-513241,-507738,-496211,-475147,-446811,-414269,-381172,-350137,-322053,-297622,-276887,-259663,-246165,-236286,-230073,-227476,-228477,-232987,-241135,-252851,-268167,-287112,-309541,-335562,-364905,-397428,-431355,-463560,-488588,-502989,-511278,-515821,-518928,,,,,,,,,,,,,,,,,,,,,,,,,,,,,,,,,,,,,,,,,,,,,,,,,,,,,,,,,,,,,,,,,,,,
RECAL 3 0 9999 9999 64 4 80,-2173,-322422,-310773,-300101,-290391,-281514,-273445,-266207,-259722,-253947,-248948,-244701,-241204,-238444,-236413,-235131,-234584,-234734,-235620,-237222,-239545,-242599,-246370,-250891,-256146,-262093,-268744,-276150,-284293,-293218,-302918,-313524,-324921,-337112,,,,,,,,,,,,,,,,,,,,,,,,,,,,,,,,,,,,,,,,,,,,,,,,,,,,,,,,,,,,,,,,,,,,
RECAL 3 1 9999 -2112 64 4 80,-2777,-515720,-511835,-501875,-484310,-454148,-418877,-383934,-352564,-324421,-300210,-279818,-263073,-250053,-240725,-235048,-232997,-234473,-239466,-247958,-259981,-275544,-294661,-317419,-343542,-373696,-407442,-442796,-475200,-497300,-508511,-512972,-516907,-518324,,,,,,,,,,,,,,,,,,,,,,,,,,,,,,,,,,,,,,,,,,,,,,,,,,,,,,,,,,,,,,,,,,,,
RECAL 3 0 9999 9999 64 4 80,-2163,-322060,-309689,-298302,-287941,-278437,-269803,-261924,-254914,-248759,-243417,-238862,-235105,-232138,-229978,-228550,-227888,-227977,-228818,-230411,-232753,-235840,-239688,-244208,-249466,-255438,-262181,-269677,-277944,-287015,-296699,-307376,-318942,-331374,,,,,,,,,,,,,,,,,,,,,,,,,,,,,,,,,,,,,,,,,,,,,,,,,,,,,,,,,,,,,,,,,,,,
RECAL 3 1 9999 -2102 64 4 80,-2187,-472933,-450625,-424941,-399421,-374042,-350149,-328048,-307967,-290062,-274316,-260812,-249587,-240567,-233863,-229524,-227520,-227853,-230514,-235508,-242736,-252381,-264390,-278696,-295297,-314220,-335434,-358691,-384015,-410485,-437044,-462248,-482612,-497123,,,,,,,,,,,,,,,,,,,,,,,,,,,,,,,,,,,,,,,,,,,,,,,,,,,,,,,,,,,,,,,,,,,,
RECAL 3 0 9999 9999 64 4 80,-2206,-308713,-296664,-285731,-275735,-266683,-258549,-251305,-244948,-239513,-234817,-230955,-227918,-225677,-224239,-223578,-223705,-224621,-226342,-228852,-232150,-236247,-241154,-246845,-253349,-260563,-268702,-277705,-287562,-298245,-309886,-322476,-336079,-350624,,,,,,,,,,,,,,,,,,,,,,,,,,,,,,,,,,,,,,,,,,,,,,,,,,,,,,,,,,,,,,,,,,,,
RECAL 3 1 9999 -2149 64 4 80,-1356,-339880,-326142,-313140,-300961,-289831,-279345,-269765,-261058,-253260,-246395,-240429,-235362,-231252,-228017,-225658,-224164,-223534,-223758,-224844,-226777,-229522,-233136,-237603,-242906,-249034,-255967,-263736,-272301,-281803,-292106,-303220,-315147,-327809,,,,,,,,,,,,,,,,,,,,,,,,,,,,,,,,,,,,,,,,,,,,,,,,,,,,,,,,,,,,,,,,,,,,
RECAL 3 0 9999 9999 64 4 80,-2126,-319392,-306789,-295199,-284617,-275064,-266276,-258337,-251260,-245031,-239601,-234962,-231127,-228084,-225827,-224308,-223521,-223464,-224129,-225512,-227609,-230378,-233893,-238130,-243076,-248738,-255115,-262247,-270128,-278829,-288386,-298707,-309892,-321947,,,,,,,,,,,,,,,,,,,,,,,,,,,,,,,,,,,,,,,,,,,,,,,,,,,,,,,,,,,,,,,,,,,,
RECAL 3 1 9999 -2063 64 4 80,1084,-318797,-308863,-299204,-290085,-281423,-273285,-265711,-258673,-252239,-246420,-241270,-236710,-232770,-229468,-226790,-224766,-223396,-222696,-222667,-223333,-224691,-226763,-229558,-233071,-237341,-242361,-248229,-254887,-262380,-270694,-279834,-289806,-300543,,,,,,,,,,,,,,,,,,,,,,,,,,,,,,,,,,,,,,,,,,,,,,,,,,,,,,,,,,,,,,,,,,,,
RECAL 3 0 9999 9999 64 4 80,-2110,-317692,-305718,-294759,-284769,-275646,-267385,-259935,-253329,-247566,-242611,-238404,-234946,-232225,-230241,-228965,-228403,-228541,-229386,-230935,-233176,-236119,-239771,-244114,-249152,-254947,-261546,-268882,-276976,-285838,-295434,-305890,-317202,-329241,,,,,,,,,,,,,,,,,,,,,,,,,,,,,,,,,,,,,,,,,,,,,,,,,,,,,,,,,,,,,,,,,,,,
RECAL 3 1 9999 -2049 64 4 80,1977,-476929,-456580,-434690,-411926,-388970,-366715,-345646,-325794,-307517,-290942,-276200,-263390,-252448,-243449,-236390,-231338,-228341,-227412,-228579,-231886,-237403,-245151,-255139,-267464,-282150,-299142,-318706,-340925,-365510,-392400,-420793,-448782,-473222,,,,,,,,,,,,,,,,,,,,,,,,,,,,,,,,,,,,,,,,,,,,,,,,,,,,,,,,,,,,,,,,,,,,
RECAL 3 0 9999 9999 64 4 80,-2101,-314293,-303422,-293490,-284424,-276170,-268714,-262119,-256306,-251236,-246896,-243271,-240339,-238104,-236558,-235710,-235533,-236033,-237213,-239078,-241628,-244850,-248751,-253369,-258754,-264861,-271660,-279238,-287560,-296576,-306451,-317013,-328534,-340935,,,,,,,,,,,,,,,,,,,,,,,,,,,,,,,,,,,,,,,,,,,,,,,,,,,,,,,,,,,,,,,,,,,,
RECAL 3 1 9999 -2042 64 4 80,2585,-518302,-515898,-511881,-502759,-486865,-461865,-432712,-402022,-372266,-344743,-320157,-298105,-279166,-263324,-250718,-241403,-235433,-232878,-233806,-238178,-246112,-257681,-273020,-292241,-315488,-343110,-374747,-411728,-450908,-485129,-503115,-509728,-512893,,,,,,,,,,,,,,,,,,,,,,,,,,,,,,,,,,,,,,,,,,,,,,,,,,,,,,,,,,,,,,,,,,,,
RECAL 3 0 9999 9999 64 4 80,2118,-337998,-324924,-312853,-301675,-291408,-281962,-273316,-265453,-258299,-251951,-246436,-241684,-237706,-234503,-232083,-230476,-229626,-229556,-230276,-231802,-234149,-237314,-241316,-246115,-251721,-258179,-265537,-273759,-282914,-293029,-304191,-316282,-329615,,,,,,,,,,,,,,,,,,,,,,,,,,,,,,,,,,,,,,,,,,,,,,,,,,,,,,,,,,,,,,,,,,,,
RECAL 3 1 9999 2184 64 4 80,-2863,-513140,-508161,-500624,-481912,-448825,-410695,-374019,-341394,-313005,-288902,-268851,-252750,-240702,-232273,-227624,-226666,-229360,-235635,-245492,-258837,-275755,-295973,-319316,-345415,-373757,-403723,-433912,-463220,-488609,-505463,-513950,-517221,-518745,,,,,,,,,,,,,,,,,,,,,,,,,,,,,,,,,,,,,,,,,,,,,,,,,,,,,,,,,,,,,,,,,,,,
RECAL 3 0 9999 9999 64 4 80,2113,-339391,-326014,-313609,-302105,-291481,-281667,-272668,-264519,-257126,-250504,-244688,-239686,-235511,-232144,-229609,-227882,-226998,-226914,-227683,-229282,-231739,-235053,-239261,-244367,-250323,-257127,-264869,-273533,-283179,-293774,-305434,-318230,-332044,,,,,,,,,,,,,,,,,,,,,,,,,,,,,,,,,,,,,,,,,,,,,,,,,,,,,,,,,,,,,,,,,,,,
RECAL 3 1 9999 2179 64 4 80,-2282,-472598,-449916,-423611,-395754,-368323,-342695,-319169,-298108,-279712,-263925,-250813,-240453,-232534,-227266,-224579,-224439,-226837,-231747,-239156,-248966,-261065,-275388,-291810,-310173,-330337,-351925,-374571,-397752,-421415,-444654,-466889,-487118,-501160,,,,,,,,,,,,,,,,,,,,,,,,,,,,,,,,,,,,,,,,,,,,,,,,,,,,,,,,,,,,,,,,,,,,
RECAL 3 0 9999 9999 64 4 80,2147,-351461,-336600,-322663,-309740,-297753,-286734,-276567,-267322,-259058,-251549,-244935,-239189,-234301,-230304,-227176,-224926,-223565,-223079,-223442,-224685,-226800,-229815,-233729,-238588,-244299,-250971,-258619,-267255,-276895,-287579,-299277,-312143,-326349,,,,,,,,,,,,,,,,,,,,,,,,,,,,,,,,,,,,,,,,,,,,,,,,,,,,,,,,,,,,,,,,,,,,
RECAL 3 1 9999 2215 64 4 80,-1489,-351069,-335090,-319992,-305910,-292912,-281111,-270270,-260540,-251954,-244489,-238136,-232894,-228777,-225757,-223815,-222925,-223068,-224233,-226421,-229606,-233771,-238877,-245007,-252078,-260082,-269000,-278777,-289395,-300788,-313061,-325993,-339513,-353538,,,,,,,,,,,,,,,,,,,,,,,,,,,,,,,,,,,,,,,,,,,,,,,,,,,,,,,,,,,,,,,,,,,,
RECAL 3 0 9999 9999 64 4 80,2078,-332364,-319214,-307012,-295681,-285263,-275643,-266822,-258826,-251618,-245301,-239704,-234918,-230918,-227717,-225288,-223665,-222818,-222792,-223581,-225210,-227677,-230997,-235183,-240260,-246219,-252974,-260765,-269526,-279256,-289987,-301705,-314552,-328465,,,,,,,,,,,,,,,,,,,,,,,,,,,,,,,,,,,,,,,,,,,,,,,,,,,,,,,,,,,,,,,,,,,,
RECAL 3 1 9999 2144 64 4 80,934,-285361,-278251,-271509,-265150,-259192,-253661,-248565,-243967,-239733,-235944,-232621,-229764,-227383,-225476,-224068,-223134,-222687,-222731,-223279,-224312,-225871,-227938,-230537,-233636,-237305,-241516,-246272,-251567,-257408,-263812,-270752,-278282,-286420,,,,,,,,,,,,,,,,,,,,,,,,,,,,,,,,,,,,,,,,,,,,,,,,,,,,,,,,,,,,,,,,,,,,
RECAL 3 0 9999 9999 64 4 80,2173,-351586,-336847,-322881,-309930,-297983,-287046,-276981,-267846,-259595,-252310,-245939,-240415,-235759,-231943,-228999,-226889,-225634,-225248,-225711,-227045,-229252,-232342,-236333,-241246,-247086,-253878,-261759,-270662,-280634,-291669,-303819,-317210,-331830,,,,,,,,,,,,,,,,,,,,,,,,,,,,,,,,,,,,,,,,,,,,,,,,,,,,,,,,,,,,,,,,,,,,
RECAL 3 1 9999 2241 64 4 80,1904,-464263,-444321,-422772,-400370,-378307,-356854,-336526,-317556,-300156,-284494,-270532,-258366,-248025,-239459,-232767,-228015,-225220,-224423,-225624,-228857,-234092,-241448,-250882,-262408,-276027,-291624,-309093,-328294,-348930,-370441,-392892,-415496,-437624,,,,,,,,,,,,,,,,,,,,,,,,,,,,,,,,,,,,,,,,,,,,,,,,,,,,,,,,,,,,,,,,,,,,
RECAL 3 0 9999 9999 64 4 80,2190,-345618,-331166,-317734,-305321,-293952,-283623,-274233,-265722,-258060,-251254,-245313,-240169,-235840,-232380,-229702,-227846,-226803,-226586,-227183,-228609,-230888,-234033,-238087,-243065,-248924,-255728,-263506,-272288,-282097,-292820,-304822,-318063,-332606,,,,,,,,,,,,,,,,,,,,,,,,,,,,,,,,,,,,,,,,,,,,,,,,,,,,,,,,,,,,,,,,,,,,
RECAL 3 1 9999 2257 64 4 80,2537,-515466,-511751,-503746,-490600,-468880,-441766,-411697,-381212,-352362,-325951,-302465,-282056,-264653,-250406,-239270,-231267,-226510,-225118,-227137,-232645,-241767,-254528,-270804,-290989,-314804,-342119,-372423,-404700,-436784,-465382,-487794,-503106,-512431,,,,,,,,,,,,,,,,,,,,,,,,,,,,,,,,,,,,,,,,,,,,,,,,,,,,,,,,,,,,,,,,,,,,
RECAL 3 0 9999 9999 64 4 80,532,-234115,-233596,-233108,-232649,-232218,-231815,-231458,-231122,-230829,-230567,-230342,-230158,-229999,-229887,-229811,-229772,-229776,-229824,-229926,-230038,-230225,-230448,-230718,-231036,-231413,-231840,-232318,-232835,-233423,-234067,-234767,-235524,-236341,,,,,,,,,,,,,,,,,,,,,,,,,,,,,,,,,,,,,,,,,,,,,,,,,,,,,,,,,,,,,,,,,,,,
RECAL 3 1 9999 594 64 4 80,2571,-518499,-515024,-512069,-505046,-492334,-470144,-440913,-408796,-376926,-347421,-320815,-297397,-277235,-260337,-246931,-236661,-229758,-226271,-226236,-229721,-236761,-247420,-261602,-279461,-300945,-326116,-354631,-385974,-418913,-450064,-476286,-495722,-507401,,,,,,,,,,,,,,,,,,,,,,,,,,,,,,,,,,,,,,,,,,,,,,,,,,,,,,,,,,,,,,,,,,,,
RECAL 3 0 9999 9999 64 4 80,476,-228098,-227678,-227291,-226919,-226586,-226273,-225996,-225751,-225532,-225354,-225203,-225085,-225005,-224952,-224938,-224974,-225042,-225153,-225301,-225490,-225711,-225987,-226306,-226667,-227070,-227531,-228030,-228589,-229182,-229837,-230545,-231300,-232125,,,,,,,,,,,,,,,,,,,,,,,,,,,,,,,,,,,,,,,,,,,,,,,,,,,,,,,,,,,,,,,,,,,,
RECAL 3 1 9999 531 64 4 80,1952,-476412,-455887,-433192,-409227,-385402,-362317,-340740,-320622,-302434,-285927,-271258,-258497,-247753,-238993,-232260,-227585,-224944,-224357,-225797,-229281,-234861,-242574,-252382,-264366,-278337,-294485,-312658,-332627,-354217,-376965,-400545,-424118,-446810,,,,,,,,,,,,,,,,,,,,,,,,,,,,,,,,,,,,,,,,,,,,,,,,,,,,,,,,,,,,,,,,,,,,
RECAL 3 0 9999 9999 64 4 80,-528,-226639,-226145,-225685,-225260,-224886,-224542,-224239,-223974,-223760,-223564,-223408,-223284,-223196,-223135,-223110,-223114,-223138,-223211,-223298,-223413,-223556,-223729,-223920,-224142,-224380,-224653,-224931,-225238,-225560,-225910,-226267,-226644,-227042,,,,,,,,,,,,,,,,,,,,,,,,,,,,,,,,,,,,,,,,,,,,,,,,,,,,,,,,,,,,,,,,,,,,
RECAL 3 1 9999 -471 64 4 80,1028,-299321,-290776,-282651,-274984,-267825,-261142,-254975,-249345,-244188,-239547,-235452,-231920,-228977,-226603,-224838,-223670,-223107,-223146,-223816,-225118,-227048,-229629,-232850,-236720,-241195,-246338,-252115,-258575,-265711,-273493,-281950,-290937,-300615,,,,,,,,,,,,,,,,,,,,,,,,,,,,,,,,,,,,,,,,,,,,,,,,,,,,,,,,,,,,,,,,,,,,
RECAL 3 0 9999 9999 64 4 80,323,-224695,-224463,-224246,-224029,-223846,-223662,-223495,-223343,-223195,-223073,-222961,-222863,-222790,-222718,-222679,-222664,-222656,-222677,-222718,-222783,-222857,-222965,-223101,-223256,-223428,-223637,-223866,-224124,-224405,-224714,-225057,-225429,-225823,,,,,,,,,,,,,,,,,,,,,,,,,,,,,,,,,,,,,,,,,,,,,,,,,,,,,,,,,,,,,,,,,,,,
RECAL 3 1 9999 385 64 4 80,-1420,-339325,-324844,-311256,-298561,-286999,-276215,-266431,-257610,-249814,-243001,-237159,-232294,-228403,-225495,-223575,-222616,-222647,-223631,-225566,-228447,-232201,-236920,-242560,-249079,-256487,-264769,-273869,-283787,-294349,-305570,-317451,-329912,-342921,,,,,,,,,,,,,,,,,,,,,,,,,,,,,,,,,,,,,,,,,,,,,,,,,,,,,,,,,,,,,,,,,,,,
RECAL 3 0 9999 9999 64 4 80,-241,-226545,-226489,-226452,-226420,-226404,-226386,-226369,-226367,-226364,-226364,-226376,-226394,-226420,-226440,-226462,-226499,-226536,-226572,-226618,-226664,-226705,-226745,-226790,-226845,-226894,-226943,-226990,-227046,-227094,-227145,-227199,-227260,-227309,,,,,,,,,,,,,,,,,,,,,,,,,,,,,,,,,,,,,,,,,,,,,,,,,,,,,,,,,,,,,,,,,,,,
RECAL 3 1 9999 -211 64 4 80,-2240,-477625,-455224,-429259,-401849,-374680,-349163,-325596,-304448,-285781,-269695,-256167,-245123,-236508,-230349,-226626,-225277,-226308,-229633,-235305,-243301,-253536,-266041,-280650,-297278,-315946,-336450,-358460,-381661,-405704,-429860,-453537,-475931,-493721,,,,,,,,,,,,,,,,,,,,,,,,,,,,,,,,,,,,,,,,,,,,,,,,,,,,,,,,,,,,,,,,,,,,
RECAL 3 0 9999 9999 64 4 80,-223,-238587,-238514,-238458,-238418,-238376,-238337,-238309,-238296,-238277,-238265,-238261,-238246,-238244,-238248,-238254,-238255,-238266,-238292,-238299,-238314,-238337,-238357,-238379,-238401,-238422,-238452,-238485,-238517,-238529,-238555,-238576,-238601,-238626,,,,,,,,,,,,,,,,,,,,,,,,,,,,,,,,,,,,,,,,,,,,,,,,,,,,,,,,,,,,,,,,,,,,
RECAL 3 0 9999 9999 128 4 80,-287,-240115,-239932,-239772,-239613,-239471,-239337,-239205,-239080,-238980,-238870,-238779,-238688,-238612,-238544,-238477,-238428,-238365,-238318,-238273,-238233,-238211,-238186,-238153,-238144,-238130,-238127,-238132,-238133,-238123,-238135,-238132,-238150,-238161,-238183,-238200,-238211,-238235,-238253,-238271,-238301,-238337,-238357,-238385,-238411,-238434,-238475,-238491,-238522,-238536,-238572,-238593,-238627,-238651,-238667,-238681,-238714,-238745,-238763,-238791,-238801,-238820,-238838,-238864,-238876,-238877,,,,,,,,,,,,,,,,,,,,,,,,,,,,,,,,,,,,
RECAL 3 1 9999 -180 128 4 80,-2890,-519497,-519496,-519645,-520554,-519486,-519734,-518989,-519749,-519203,-519183,-519379,-519380,-519503,-518766,-518621,-517973,-514667,-511624,-504788,-491462,-464129,-428962,-392540,-359140,-329908,-304853,-283763,-266580,-253210,-243746,-238081,-236181,-238015,-243545,-252702,-265304,-281553,-301190,-324135,-350128,-378703,-409267,-440243,-469475,-493218,-507318,-514690,-517441,-518121,-519394,-520167,-519314,-519066,-520022,-519325,-519781,-519765,-519972,-518919,-518757,-518366,-518444,-519424,-519161,-519098,,,,,,,,,,,,,,,,,,,,,,,,,,,,,,,,,,,,
RECAL 3 0 9999 9999 64 4 80,-2260,-318650,-307571,-297363,-288109,-279638,-271977,-265206,-259134,-253849,-249357,-245616,-242613,-240358,-238836,-238024,-237931,-238547,-239877,-241924,-244675,-248160,-252371,-257256,-262927,-269330,-276478,-284378,-293038,-302502,-312825,-324039,-336209,-349420,,,,,,,,,,,,,,,,,,,,,,,,,,,,,,,,,,,,,,,,,,,,,,,,,,,,,,,,,,,,,,,,,,,,
RECAL 3 1 9999 -2201 64 4 80,-2846,-513750,-510500,-503237,-481087,-444931,-406164,-370602,-339859,-313738,-291378,-272863,-258015,-246840,-239251,-235213,-234733,-237842,-244572,-254854,-268785,-286185,-306968,-331189,-358578,-388606,-421075,-453351,-481820,-500920,-511145,-516308,-518321,-518838,,,,,,,,,,,,,,,,,,,,,,,,,,,,,,,,,,,,,,,,,,,,,,,,,,,,,,,,,,,,,,,,,,,,
RECAL 3 0 9999 9999 64 4 80,-2259,-310814,-299429,-289038,-279485,-270803,-263073,-256081,-249941,-244631,-240137,-236433,-233511,-231380,-230022,-229399,-229535,-230424,-232037,-234404,-237517,-241399,-245974,-251356,-257473,-264354,-271993,-280437,-289665,-299663,-310589,-322389,-335190,-349065,,,,,,,,,,,,,,,,,,,,,,,,,,,,,,,,,,,,,,,,,,,,,,,,,,,,,,,,,,,,,,,,,,,,
RECAL 3 1 9999 -2202 64 4 80,-2268,-490392,-469523,-442532,-412940,-383878,-357063,-332704,-310936,-292015,-275377,-261297,-249746,-240707,-234167,-230124,-228535,-229385,-232612,-238211,-246161,-256418,-268995,-283795,-300718,-319492,-340417,-362909,-386899,-411726,-436485,-460162,-481376,-496801,,,,,,,,,,,,,,,,,,,,,,,,,,,,,,,,,,,,,,,,,,,,,,,,,,,,,,,,,,,,,,,,,,,,
RECAL 3 0 9999 9999 64 4 80,-2222,-309618,-298270,-287975,-278576,-270041,-262373,-255511,-249469,-244209,-239708,-235977,-233000,-230804,-229351,-228644,-228679,-229447,-230942,-233163,-236102,-239806,-244232,-249398,-255333,-262031,-269533,-277823,-286931,-296696,-307492,-319133,-331664,-345127,,,,,,,,,,,,,,,,,,,,,,,,,,,,,,,,,,,,,,,,,,,,,,,,,,,,,,,,,,,,,,,,,,,,
RECAL 3 1 9999 -2164 64 4 80,-1469,-361921,-345634,-330354,-316118,-302972,-290930,-279964,-270064,-261273,-253600,-247005,-241416,-236821,-233267,-230706,-229145,-228570,-228966,-230340,-232688,-235990,-240261,-245490,-251666,-258849,-266988,-276053,-286023,-296792,-308451,-320890,-334074,-347773,,,,,,,,,,,,,,,,,,,,,,,,,,,,,,,,,,,,,,,,,,,,,,,,,,,,,,,,,,,,,,,,,,,,
RECAL 3 0 9999 9999 64 4 80,-2296,-316770,-304686,-293677,-283638,-274516,-266286,-258911,-252403,-246704,-241837,-237783,-234546,-232125,-230519,-229732,-229735,-230553,-232171,-234594,-237790,-241790,-246575,-252100,-258417,-265552,-273468,-282222,-291813,-302260,-313645,-326009,-339172,-353472,,,,,,,,,,,,,,,,,,,,,,,,,,,,,,,,,,,,,,,,,,,,,,,,,,,,,,,,,,,,,,,,,,,,
RECAL 3 1 9999 -2238 64 4 80,965,-293635,-286239,-279230,-272655,-266534,-260849,-255630,-250915,-246664,-242872,-239526,-236657,-234267,-232354,-230940,-230033,-229622,-229732,-230357,-231501,-233185,-235417,-238204,-241554,-245504,-250042,-255178,-260950,-267323,-274306,-281902,-289981,-298715,,,,,,,,,,,,,,,,,,,,,,,,,,,,,,,,,,,,,,,,,,,,,,,,,,,,,,,,,,,,,,,,,,,,
RECAL 3 0 9999 9999 64 4 80,-2198,-310655,-299906,-290102,-281095,-272909,-265523,-258965,-253138,-248095,-243807,-240252,-237415,-235305,-233918,-233228,-233251,-233995,-235446,-237612,-240511,-244111,-248454,-253464,-259272,-265843,-273110,-281138,-289939,-299458,-309771,-320915,-332877,-345764,,,,,,,,,,,,,,,,,,,,,,,,,,,,,,,,,,,,,,,,,,,,,,,,,,,,,,,,,,,,,,,,,,,,
RECAL 3 1 9999 -2140 64 4 80,1917,-481874,-461980,-439037,-414610,-390616,-367664,-346472,-326978,-309272,-293371,-279175,-266751,-256198,-247550,-240793,-235981,-233110,-232225,-233306,-236396,-241535,-248713,-257950,-269272,-282620,-297843,-314955,-333907,-354608,-376724,-400035,-423636,-446630,,,,,,,,,,,,,,,,,,,,,,,,,,,,,,,,,,,,,,,,,,,,,,,,,,,,,,,,,,,,,,,,,,,,
RECAL 3 0 9999 9999 64 4 80,-2186,-318317,-308150,-298783,-290381,-282660,-275728,-269556,-264114,-259371,-255350,-252031,-249375,-247404,-246112,-245484,-245561,-246307,-247756,-249871,-252658,-256169,-260370,-265288,-270869,-277183,-284171,-291853,-300223,-309386,-319329,-330086,-341663,-354191,,,,,,,,,,,,,,,,,,,,,,,,,,,,,,,,,,,,,,,,,,,,,,,,,,,,,,,,,,,,,,,,,,,,
RECAL 3 1 9999 -2129 64 4 80,2544,-518956,-516719,-513923,-508199,-498229,-478219,-448353,-415504,-383925,-355295,-329924,-307964,-289245,-273487,-260897,-251513,-245356,-242496,-242957,-246813,-254000,-264786,-279158,-297072,-318643,-343875,-372409,-404126,-437306,-467894,-491564,-504529,-512142,,,,,,,,,,,,,,,,,,,,,,,,,,,,,,,,,,,,,,,,,,,,,,,,,,,,,,,,,,,,,,,,,,,,
RECAL 3 0 9999 9999 64 4 80,2208,-345081,-331859,-319730,-308614,-298462,-289269,-280901,-273379,-266804,-260946,-255926,-251702,-248291,-245670,-243830,-242795,-242552,-243125,-244519,-246733,-249780,-253670,-258421,-264087,-270529,-277988,-286413,-295753,-306159,-317618,-330215,-344023,-359145,,,,,,,,,,,,,,,,,,,,,,,,,,,,,,,,,,,,,,,,,,,,,,,,,,,,,,,,,,,,,,,,,,,,
RECAL 3 1 9999 2271 64 4 80,-2694,-513396,-505400,-493504,-474972,-450561,-422033,-391492,-361337,-333540,-308979,-288068,-270896,-257606,-248189,-242543,-240617,-242404,-247821,-256731,-269331,-285380,-304684,-327114,-352209,-379284,-407741,-435761,-462156,-485149,-501567,-511658,-516132,-518248,,,,,,,,,,,,,,,,,,,,,,,,,,,,,,,,,,,,,,,,,,,,,,,,,,,,,,,,,,,,,,,,,,,,
RECAL 3 0 9999 9999 64 4 80,2124,-339487,-327238,-315981,-305636,-296178,-287565,-279680,-272665,-266492,-261087,-256456,-252626,-249583,-247344,-245867,-245153,-245242,-246137,-247819,-250312,-253630,-257822,-262823,-268668,-275385,-282967,-291476,-300876,-311302,-322576,-334982,-348518,-363037,,,,,,,,,,,,,,,,,,,,,,,,,,,,,,,,,,,,,,,,,,,,,,,,,,,,,,,,,,,,,,,,,,,,
RECAL 3 1 9999 2185 64 4 80,-2096,-471876,-451653,-430803,-409025,-386909,-365277,-344598,-325227,-307642,-292046,-278566,-267273,-258251,-251584,-247164,-244995,-245095,-247444,-252008,-258799,-267761,-278976,-292213,-307495,-324699,-343669,-364064,-385533,-407606,-429247,-450426,-470137,-487038,,,,,,,,,,,,,,,,,,,,,,,,,,,,,,,,,,,,,,,,,,,,,,,,,,,,,,,,,,,,,,,,,,,,
RECAL 3 0 9999 9999 64 4 80,2115,-335362,-323286,-312164,-301949,-292646,-284160,-276483,-269619,-263460,-258145,-253634,-249920,-246975,-244796,-243438,-242831,-243031,-244025,-245825,-248438,-251857,-256112,-261233,-267262,-274143,-281869,-290514,-300030,-310576,-322099,-334678,-348335,-362787,,,,,,,,,,,,,,,,,,,,,,,,,,,,,,,,,,,,,,,,,,,,,,,,,,,,,,,,,,,,,,,,,,,,
RECAL 3 1 9999 2176 64 4 80,-1224,-333878,-322871,-312426,-302710,-293571,-285165,-277469,-270546,-264402,-259002,-254378,-250545,-247475,-245176,-243639,-242844,-242795,-243510,-244967,-247125,-250022,-253657,-257981,-263039,-268796,-275223,-282319,-290118,-298466,-307497,-317110,-327304,-338043,,,,,,,,,,,,,,,,,,,,,,,,,,,,,,,,,,,,,,,,,,,,,,,,,,,,,,,,,,,,,,,,,,,,
RECAL 3 0 9999 9999 64 4 80,2203,-340988,-327562,-315290,-304091,-293895,-284628,-276225,-268693,-262013,-256202,-251275,-247127,-243814,-241320,-239634,-238779,-238776,-239599,-241298,-243854,-247278,-251577,-256803,-262944,-270062,-278104,-287033,-297065,-308215,-320465,-333823,-348426,-364192,,,,,,,,,,,,,,,,,,,,,,,,,,,,,,,,,,,,,,,,,,,,,,,,,,,,,,,,,,,,,,,,,,,,
RECAL 3 1 9999 2265 64 4 80,1184,-347233,-335966,-325050,-314637,-304649,-295230,-286442,-278249,-270841,-264071,-258030,-252774,-248300,-244654,-241825,-239820,-238676,-238386,-238970,-240447,-242838,-246132,-250359,-255513,-261576,-268672,-276747,-285808,-295788,-306809,-318729,-331599,-345331,,,,,,,,,,,,,,,,,,,,,,,,,,,,,,,,,,,,,,,,,,,,,,,,,,,,,,,,,,,,,,,,,,,,
RECAL 3 0 9999 9999 64 4 80,2200,-333930,-322085,-311125,-301235,-292296,-284221,-276948,-270497,-264873,-260008,-256001,-252752,-250280,-248585,-247673,-247550,-248216,-249682,-251950,-255088,-259045,-263854,-269512,-276096,-283579,-291999,-301216,-311608,-323043,-335624,-349379,-364267,-380570,,,,,,,,,,,,,,,,,,,,,,,,,,,,,,,,,,,,,,,,,,,,,,,,,,,,,,,,,,,,,,,,,,,,
RECAL 3 1 9999 2259 64 4 80,2022,-487771,-470962,-451333,-430991,-409879,-389025,-368613,-349286,-330813,-313777,-298325,-284727,-273011,-263373,-255858,-250522,-247478,-246739,-248389,-252477,-259104,-268328,-280202,-294519,-311800,-331926,-354822,-380283,-407963,-435830,-461567,-482512,-496061,,,,,,,,,,,,,,,,,,,,,,,,,,,,,,,,,,,,,,,,,,,,,,,,,,,,,,,,,,,,,,,,,,,,
RECAL 3 0 9999 9999 64 4 80,2191,-341978,-330443,-319884,-310196,-301327,-293355,-286253,-279875,-274298,-269443,-265339,-261946,-259276,-257379,-256159,-255663,-255891,-256832,-258510,-260926,-264097,-268054,-272773,-278273,-284571,-291693,-299657,-308560,-318383,-329012,-340874,-353802,-367892,,,,,,,,,,,,,,,,,,,,,,,,,,,,,,,,,,,,,,,,,,,,,,,,,,,,,,,,,,,,,,,,,,,,
RECAL 3 1 9999 2252 64 4 80,2611,-517870,-516919,-512583,-504821,-491577,-470938,-445301,-417804,-390227,-364018,-339881,-318192,-299385,-283671,-271038,-261647,-255591,-252978,-253889,-258408,-266565,-278647,-294712,-315124,-340118,-369922,-405536,-445852,-484597,-505623,-512468,-514429,-516702,,,,,,,,,,,,,,,,,,,,,,,,,,,,,,,,,,,,,,,,,,,,,,,,,,,,,,,,,,,,,,,,,,,,
RECAL 3 0 9999 9999 64 4 80,464,-249607,-249397,-249219,-249060,-248899,-248781,-248678,-248610,-248560,-248542,-248542,-248575,-248639,-248713,-248836,-248995,-249166,-249374,-249620,-249887,-250201,-250541,-250909,-251322,-251775,-252266,-252794,-253374,-253968,-254623,-255312,-256060,-256831,,,,,,,,,,,,,,,,,,,,,,,,,,,,,,,,,,,,,,,,,,,,,,,,,,,,,,,,,,,,,,,,,,,,
RECAL 3 1 9999 501 64 4 80,2572,-517790,-514878,-512135,-503310,-488748,-466694,-440445,-412568,-384657,-358217,-333790,-311901,-292857,-277093,-264280,-254703,-248534,-245789,-246571,-250950,-259056,-271024,-286921,-306913,-331442,-360839,-395767,-435785,-476005,-502317,-510322,-512833,-515122,,,,,,,,,,,,,,,,,,,,,,,,,,,,,,,,,,,,,,,,,,,,,,,,,,,,,,,,,,,,,,,,,,,,
RECAL 3 0 9999 9999 64 4 80,462,-239270,-238999,-238751,-238526,-238326,-238150,-238000,-237885,-237796,-237734,-237702,-237706,-237750,-237815,-237920,-238049,-238222,-238436,-238672,-238966,-239299,-239660,-240058,-240518,-240997,-241548,-242120,-242744,-243428,-244127,-244909,-245726,-246599,,,,,,,,,,,,,,,,,,,,,,,,,,,,,,,,,,,,,,,,,,,,,,,,,,,,,,,,,,,,,,,,,,,,
RECAL 3 1 9999 504 64 4 80,1975,-478121,-459123,-438974,-418110,-396817,-375676,-355355,-335948,-317829,-301196,-286235,-273100,-261862,-252668,-245546,-240543,-237722,-237136,-238827,-242784,-249150,-257928,-269209,-283039,-299385,-318424,-340047,-364228,-390649,-418365,-445354,-468893,-487363,,,,,,,,,,,,,,,,,,,,,,,,,,,,,,,,,,,,,,,,,,,,,,,,,,,,,,,,,,,,,,,,,,,,
RECAL 3 0 9999 9999 64 4 80,496,-236622,-236312,-236032,-235781,-235576,-235406,-235258,-235155,-235083,-235053,-235062,-235118,-235212,-235345,-235520,-235746,-236007,-236322,-236683,-237085,-237548,-238064,-238626,-239254,-239926,-240648,-241438,-242277,-243183,-244152,-245195,-246278,-247447,,,,,,,,,,,,,,,,,,,,,,,,,,,,,,,,,,,,,,,,,,,,,,,,,,,,,,,,,,,,,,,,,,,,
RECAL 3 1 9999 533 64 4 80,1108,-330774,-320547,-310724,-301333,-292499,-284199,-276451,-269289,-262750,-256838,-251621,-247122,-243267,-240115,-237679,-235995,-235048,-234894,-235475,-236862,-239064,-242077,-245927,-250605,-256151,-262601,-269928,-278046,-287116,-297046,-307927,-319646,-332165,,,,,,,,,,,,,,,,,,,,,,,,,,,,,,,,,,,,,,,,,,,,,,,,,,,,,,,,,,,,,,,,,,,,
RECAL 3 0 9999 9999 64 4 80,-365,-233074,-233056,-233058,-233067,-233100,-233138,-233203,-233272,-233354,-233464,-233571,-233693,-233829,-233975,-234135,-234300,-234471,-234663,-234852,-235065,-235270,-235483,-235706,-235940,-236180,-236407,-236674,-236905,-237160,-237420,-237691,-237957,-238235,,,,,,,,,,,,,,,,,,,,,,,,,,,,,,,,,,,,,,,,,,,,,,,,,,,,,,,,,,,,,,,,,,,,
RECAL 3 1 9999 -359 64 4 80,-1300,-344012,-331266,-319124,-307640,-296866,-286910,-277769,-269397,-261882,-255220,-249442,-244531,-240493,-237342,-235037,-233614,-233052,-233337,-234485,-236479,-239328,-243021,-247490,-252823,-258986,-265957,-273682,-282159,-291380,-301308,-311887,-323122,-334974,,,,,,,,,,,,,,,,,,,,,,,,,,,,,,,,,,,,,,,,,,,,,,,,,,,,,,,,,,,,,,,,,,,,
RECAL 3 0 9999 9999 64 4 80,-304,-235278,-235232,-235230,-235232,-235244,-235261,-235291,-235318,-235366,-235427,-235487,-235562,-235636,-235716,-235800,-235902,-235994,-236089,-236210,-236323,-236445,-236563,-236690,-236818,-236946,-237084,-237225,-237360,-237503,-237644,-237786,-237935,-238081,,,,,,,,,,,,,,,,,,,,,,,,,,,,,,,,,,,,,,,,,,,,,,,,,,,,,,,,,,,,,,,,,,,,
RECAL 3 1 9999 -297 64 4 80,-2141,-476497,-456577,-434447,-411567,-388129,-364997,-342762,-321937,-303178,-286364,-271800,-259645,-249915,-242660,-237762,-235286,-235197,-237474,-242093,-249041,-258296,-269829,-283577,-299422,-317139,-336790,-357902,-380134,-403049,-425797,-447748,-468659,-486886,,,,,,,,,,,,,,,,,,,,,,,,,,,,,,,,,,,,,,,,,,,,,,,,,,,,,,,,,,,,,,,,,,,,
RECAL 3 0 9999 9999 64 4 80,547,-246134,-245741,-245385,-245073,-244788,-244558,-244351,-244167,-244038,-243952,-243908,-243890,-243922,-243997,-244125,-244271,-244494,-244745,-245067,-245414,-245798,-246258,-246765,-247336,-247936,-248615,-249334,-250131,-250965,-251891,-252876,-253906,-255005,,,,,,,,,,,,,,,,,,,,,,,,,,,,,,,,,,,,,,,,,,,,,,,,,,,,,,,,,,,,,,,,,,,,
RECAL 3 1 9999 590 64 4 80,-2728,-512160,-505450,-493193,-475108,-450375,-421620,-390526,-360176,-332359,-307811,-287045,-270345,-257371,-248295,-243036,-241555,-243793,-249692,-259210,-272417,-289077,-309121,-332482,-358762,-387633,-417717,-447542,-473809,-494274,-506523,-515183,-517963,-519581,,,,,,,,,,,,,,,,,,,,,,,,,,,,,,,,,,,,,,,,,,,,,,,,,,,,,,,,,,,,,,,,,,,,
RECAL 3 0 9999 9999 64 4 80,-2188,-314450,-303823,-294187,-285460,-277676,-270577,-264297,-258791,-254048,-250065,-246819,-244299,-242498,-241413,-241052,-241398,-242463,-244239,-246722,-249924,-253787,-258430,-263821,-269954,-276822,-284422,-292811,-302034,-312051,-322920,-334669,-347363,-361000,,,,,,,,,,,,,,,,,,,,,,,,,,,,,,,,,,,,,,,,,,,,,,,,,,,,,,,,,,,,,,,,,,,,
RECAL 3 1 9999 -2132 64 4 80,-2726,-512742,-507346,-496157,-479957,-454827,-424216,-391270,-359893,-331643,-306969,-286394,-269374,-256229,-246872,-241255,-239308,-241007,-246291,-255174,-267620,-283582,-303064,-326069,-352531,-381954,-413782,-444985,-473329,-494099,-506646,-513711,-516085,-518453,,,,,,,,,,,,,,,,,,,,,,,,,,,,,,,,,,,,,,,,,,,,,,,,,,,,,,,,,,,,,,,,,,,,
RECAL 3 0 9999 9999 64 4 80,-2266,-317062,-305634,-295243,-285895,-277436,-269917,-263286,-257597,-252707,-248635,-245386,-242958,-241344,-240532,-240522,-241299,-242861,-245206,-248340,-252239,-256946,-262434,-268754,-275763,-283687,-292401,-301957,-312376,-323737,-336017,-349304,-363546,-378844,,,,,,,,,,,,,,,,,,,,,,,,,,,,,,,,,,,,,,,,,,,,,,,,,,,,,,,,,,,,,,,,,,,,
RECAL 3 1 9999 -2212 64 4 80,-2139,-480131,-460745,-438784,-414875,-390079,-365952,-343293,-322655,-303935,-287596,-273592,-262049,-252955,-246276,-241974,-240030,-240440,-243175,-248211,-255537,-265183,-277073,-291185,-307354,-325777,-346213,-368365,-392041,-416487,-440359,-462446,-481487,-496333,,,,,,,,,,,,,,,,,,,,,,,,,,,,,,,,,,,,,,,,,,,,,,,,,,,,,,,,,,,,,,,,,,,,
RECAL 3 0 9999 9999 64 4 80,-2275,-319251,-307234,-296274,-286454,-277577,-269646,-262602,-256456,-251211,-246877,-243325,-240591,-238685,-237601,-237326,-237868,-239222,-241385,-244321,-248052,-252585,-257921,-264070,-271041,-278842,-287376,-296764,-307135,-318362,-330498,-343627,-357711,-372764,,,,,,,,,,,,,,,,,,,,,,,,,,,,,,,,,,,,,,,,,,,,,,,,,,,,,,,,,,,,,,,,,,,,
RECAL 3 1 9999 -2220 64 4 80,-1299,-349727,-336528,-324060,-312345,-301373,-291406,-282114,-273699,-266196,-259510,-253744,-248842,-244828,-241673,-239363,-237927,-237320,-237574,-238663,-240595,-243365,-246924,-251329,-256556,-262602,-269439,-277045,-285413,-294527,-304406,-315012,-326290,-338276,,,,,,,,,,,,,,,,,,,,,,,,,,,,,,,,,,,,,,,,,,,,,,,,,,,,,,,,,,,,,,,,,,,,
RECAL 3 0 9999 9999 64 4 80,-2191,-310904,-300233,-290604,-281840,-274050,-267025,-260825,-255423,-250817,-246997,-243924,-241589,-240019,-239178,-239092,-239727,-241092,-243194,-246035,-249595,-253832,-258857,-264649,-271206,-278502,-286556,-295346,-304994,-315515,-326804,-339027,-352165,-366145,,,,,,,,,,,,,,,,,,,,,,,,,,,,,,,,,,,,,,,,,,,,,,,,,,,,,,,,,,,,,,,,,,,,
RECAL 3 1 9999 -2136 64 4 80,1110,-330179,-319924,-310164,-300919,-292283,-284221,-276758,-269902,-263700,-258158,-253294,-249168,-245700,-242929,-240899,-239595,-239036,-239232,-240215,-241969,-244523,-247875,-252061,-257079,-262988,-269763,-277408,-285807,-295171,-305490,-316706,-328813,-341776,,,,,,,,,,,,,,,,,,,,,,,,,,,,,,,,,,,,,,,,,,,,,,,,,,,,,,,,,,,,,,,,,,,,
RECAL 3 0 9999 9999 64 4 80,-2199,-313020,-302426,-292815,-284127,-276260,-269230,-263052,-257592,-252903,-248972,-245764,-243288,-241524,-240494,-240156,-240535,-241623,-243406,-245888,-249102,-253021,-257651,-262960,-269053,-275897,-283492,-291854,-300951,-310893,-321720,-333408,-345988,-359470,,,,,,,,,,,,,,,,,,,,,,,,,,,,,,,,,,,,,,,,,,,,,,,,,,,,,,,,,,,,,,,,,,,,
RECAL 3 1 9999 -2143 64 4 80,1975,-482605,-464935,-444846,-423185,-401125,-379035,-357963,-338094,-319681,-302953,-288024,-274986,-263888,-254817,-247816,-242911,-240137,-239565,-241203,-245053,-251226,-259783,-270758,-284207,-300123,-318738,-340039,-364104,-391021,-420003,-449267,-475573,-494012,,,,,,,,,,,,,,,,,,,,,,,,,,,,,,,,,,,,,,,,,,,,,,,,,,,,,,,,,,,,,,,,,,,,
RECAL 3 0 9999 9999 64 4 80,-2205,-314068,-304298,-295414,-287418,-280177,-273693,-267979,-262982,-258740,-255159,-252278,-250053,-248515,-247644,-247437,-247884,-248997,-250793,-253228,-256341,-260124,-264616,-269798,-275670,-282181,-289515,-297553,-306414,-316064,-326512,-337863,-350213,-363351,,,,,,,,,,,,,,,,,,,,,,,,,,,,,,,,,,,,,,,,,,,,,,,,,,,,,,,,,,,,,,,,,,,,
RECAL 3 1 9999 -2150 64 4 80,2570,-515940,-515403,-511684,-503541,-490358,-467450,-439869,-410288,-381005,-353880,-329270,-307665,-289203,-273881,-261910,-252997,-247383,-245126,-246263,-250871,-259033,-270873,-286489,-305984,-329764,-358248,-392321,-432449,-475746,-505620,-514349,-515614,-516121,,,,,,,,,,,,,,,,,,,,,,,,,,,,,,,,,,,,,,,,,,,,,,,,,,,,,,,,,,,,,,,,,,,,
RECAL 3 0 9999 9999 64 4 80,2117,-348065,-334912,-322633,-311219,-300631,-290921,-281998,-273842,-266462,-259874,-254112,-249197,-245099,-241783,-239291,-237626,-236767,-236749,-237572,-239255,-241813,-245228,-249540,-254737,-260826,-267810,-275776,-284692,-294605,-305589,-317739,-330920,-345511,,,,,,,,,,,,,,,,,,,,,,,,,,,,,,,,,,,,,,,,,,,,,,,,,,,,,,,,,,,,,,,,,,,,
RECAL 3 1 9999 2183 64 4 80,-2859,-512854,-506107,-493813,-472065,-440898,-405778,-371463,-340416,-313177,-289950,-270684,-255554,-244190,-236630,-232887,-232880,-236542,-243867,-254707,-269157,-287178,-308480,-333026,-360405,-390218,-421412,-452119,-479529,-498985,-510693,-516286,-519786,-520124,,,,,,,,,,,,,,,,,,,,,,,,,,,,,,,,,,,,,,,,,,,,,,,,,,,,,,,,,,,,,,,,,,,,
RECAL 3 0 9999 9999 64 4 80,2040,-332900,-320605,-309197,-298356,-288396,-279162,-270685,-263011,-256088,-249961,-244632,-240127,-236391,-233467,-231315,-229957,-229396,-229652,-230687,-232562,-235272,-238837,-243259,-248537,-254702,-261786,-269845,-278955,-289078,-300222,-312477,-325903,-340568,,,,,,,,,,,,,,,,,,,,,,,,,,,,,,,,,,,,,,,,,,,,,,,,,,,,,,,,,,,,,,,,,,,,
RECAL 3 1 9999 2105 64 4 80,-2283,-478150,-456236,-431779,-405869,-379310,-353964,-330154,-308508,-289276,-272560,-258462,-247176,-238369,-232203,-228672,-227749,-229391,-233589,-240332,-249543,-261101,-275049,-291277,-309630,-329974,-352071,-375432,-399532,-424264,-448179,-470795,-490140,-503649,,,,,,,,,,,,,,,,,,,,,,,,,,,,,,,,,,,,,,,,,,,,,,,,,,,,,,,,,,,,,,,,,,,,
RECAL 3 0 9999 9999 64 4 80,2039,-337853,-325179,-313277,-302197,-291823,-282208,-273353,-265291,-257996,-251517,-245853,-241014,-236995,-233782,-231356,-229764,-228974,-229008,-229882,-231570,-234126,-237544,-241847,-247036,-253119,-260144,-268138,-277191,-287300,-298403,-310664,-324061,-338676,,,,,,,,,,,,,,,,,,,,,,,,,,,,,,,,,,,,,,,,,,,,,,,,,,,,,,,,,,,,,,,,,,,,
RECAL 3 1 9999 2105 64 4 80,-1493,-364038,-348144,-332859,-318487,-305044,-292647,-281438,-271174,-261997,-253953,-247055,-241259,-236575,-233007,-230560,-229198,-228897,-229660,-231465,-234311,-238196,-243100,-248926,-255812,-263685,-272525,-282299,-292939,-304427,-316732,-329853,-343691,-358077,,,,,,,,,,,,,,,,,,,,,,,,,,,,,,,,,,,,,,,,,,,,,,,,,,,,,,,,,,,,,,,,,,,,
RECAL 3 0 9999 9999 64 4 80,2127,-346398,-332677,-319747,-307558,-296185,-285575,-275767,-266779,-258671,-251460,-245116,-239630,-235018,-231340,-228512,-226580,-225559,-225459,-226290,-228070,-230798,-234463,-239093,-244692,-251293,-258934,-267645,-277411,-288319,-300187,-313474,-328012,-343919,,,,,,,,,,,,,,,,,,,,,,,,,,,,,,,,,,,,,,,,,,,,,,,,,,,,,,,,,,,,,,,,,,,,
RECAL 3 1 9999 2194 64 4 80,934,-284327,-277467,-270966,-264880,-259170,-253876,-249023,-244646,-240645,-237074,-233983,-231355,-229189,-227517,-226309,-225611,-225396,-225688,-226478,-227785,-229613,-231964,-234854,-238253,-242233,-246761,-251844,-257499,-263726,-270528,-277876,-285823,-294343,,,,,,,,,,,,,,,,,,,,,,,,,,,,,,,,,,,,,,,,,,,,,,,,,,,,,,,,,,,,,,,,,,,,
RECAL 3 0 9999 9999 64 4 80,2133,-343678,-330049,-317232,-305188,-293936,-283552,-273998,-265341,-257527,-250602,-244517,-239353,-234996,-231518,-228932,-227231,-226431,-226537,-227553,-229496,-232347,-236135,-240875,-246579,-253266,-260962,-269730,-279426,-290327,-302334,-315613,-330144,-346063,,,,,,,,,,,,,,,,,,,,,,,,,,,,,,,,,,,,,,,,,,,,,,,,,,,,,,,,,,,,,,,,,,,,
RECAL 3 1 9999 2199 64 4 80,1907,-462030,-441622,-420363,-398507,-377116,-356197,-336206,-317499,-300234,-284647,-270724,-258602,-248270,-239826,-233357,-228862,-226358,-225855,-227376,-230943,-236478,-244154,-253895,-265743,-279647,-295505,-313371,-333043,-354131,-376268,-399334,-422525,-444841,,,,,,,,,,,,,,,,,,,,,,,,,,,,,,,,,,,,,,,,,,,,,,,,,,,,,,,,,,,,,,,,,,,,
RECAL 3 0 9999 9999 64 4 80,2138,-349624,-335894,-322935,-310830,-299607,-289320,-279885,-271271,-263511,-256590,-250602,-245356,-240960,-237384,-234680,-232800,-231796,-231661,-232390,-233977,-236416,-239768,-244014,-249163,-255238,-262264,-270167,-279169,-289179,-300245,-312507,-325939,-340701,,,,,,,,,,,,,,,,,,,,,,,,,,,,,,,,,,,,,,,,,,,,,,,,,,,,,,,,,,,,,,,,,,,,
RECAL 3 1 9999 2205 64 4 80,2540,-516454,-513872,-507346,-494511,-474501,-448402,-419519,-390088,-361625,-335241,-311289,-290226,-272111,-257141,-245285,-236742,-231602,-229867,-231583,-236832,-245686,-257972,-274128,-293972,-317465,-344471,-374590,-407083,-439966,-469610,-492128,-505866,-513636,,,,,,,,,,,,,,,,,,,,,,,,,,,,,,,,,,,,,,,,,,,,,,,,,,,,,,,,,,,,,,,,,,,,
RECAL 3 0 9999 9999 64 4 80,380,-236890,-236645,-236397,-236170,-235966,-235773,-235591,-235433,-235294,-235176,-235077,-234993,-234936,-234905,-234890,-234905,-234936,-234990,-235068,-235173,-235308,-235470,-235656,-235882,-236129,-236397,-236714,-237056,-237438,-237852,-238297,-238790,-239318,,,,,,,,,,,,,,,,,,,,,,,,,,,,,,,,,,,,,,,,,,,,,,,,,,,,,,,,,,,,,,,,,,,,
RECAL 3 1 9999 437 64 4 80,2515,-517385,-514157,-506319,-494812,-474060,-447131,-417434,-387421,-358985,-332912,-309596,-289244,-272122,-257933,-246966,-239273,-234872,-233829,-236162,-241931,-251213,-264127,-280586,-300555,-324124,-351004,-380818,-412841,-444229,-472888,-494066,-507161,-513289,,,,,,,,,,,,,,,,,,,,,,,,,,,,,,,,,,,,,,,,,,,,,,,,,,,,,,,,,,,,,,,,,,,,
RECAL 3 0 9999 9999 64 4 80,353,-235764,-235496,-235227,-234977,-234745,-234523,-234317,-234131,-233960,-233807,-233679,-233573,-233479,-233409,-233358,-233340,-233328,-233346,-233395,-233470,-233569,-233685,-233847,-234027,-234228,-234481,-234734,-235040,-235375,-235739,-236150,-236581,-237063,,,,,,,,,,,,,,,,,,,,,,,,,,,,,,,,,,,,,,,,,,,,,,,,,,,,,,,,,,,,,,,,,,,,
RECAL 3 1 9999 416 64 4 80,1875,-459953,-439386,-417516,-395392,-373952,-353642,-334371,-316540,-300231,-285640,-272689,-261524,-252249,-244717,-239044,-235248,-233354,-233387,-235342,-239246,-245167,-253082,-263006,-274948,-288851,-304624,-322289,-341734,-362353,-384514,-407549,-430633,-453079,,,,,,,,,,,,,,,,,,,,,,,,,,,,,,,,,,,,,,,,,,,,,,,,,,,,,,,,,,,,,,,,,,,,
RECAL 3 0 9999 9999 64 4 80,301,-229997,-229781,-229581,-229386,-229204,-229033,-228874,-228735,-228604,-228487,-228388,-228297,-228233,-228174,-228131,-228112,-228107,-228132,-228168,-228227,-228303,-228409,-228533,-228682,-228853,-229054,-229283,-229532,-229812,-230113,-230448,-230802,-231200,,,,,,,,,,,,,,,,,,,,,,,,,,,,,,,,,,,,,,,,,,,,,,,,,,,,,,,,,,,,,,,,,,,,
RECAL 3 1 9999 363 64 4 80,869,-276056,-270377,-265016,-259977,-255297,-250953,-246971,-243389,-240122,-237219,-234714,-232602,-230880,-229570,-228664,-228160,-228098,-228465,-229274,-230531,-232231,-234404,-237043,-240120,-243708,-247768,-252305,-257344,-262890,-268936,-275499,-282532,-289990,,,,,,,,,,,,,,,,,,,,,,,,,,,,,,,,,,,,,,,,,,,,,,,,,,,,,,,,,,,,,,,,,,,,
RECAL 3 0 9999 9999 64 4 80,-601,-232869,-232136,-231472,-230864,-230314,-229834,-229390,-229017,-228692,-228415,-228192,-228016,-227893,-227825,-227791,-227810,-227864,-227969,-228108,-228292,-228521,-228777,-229081,-229403,-229771,-230177,-230610,-231073,-231576,-232111,-232666,-233265,-233888,,,,,,,,,,,,,,,,,,,,,,,,,,,,,,,,,,,,,,,,,,,,,,,,,,,,,,,,,,,,,,,,,,,,
RECAL 3 1 9999 -544 64 4 80,-1533,-362999,-346565,-330926,-316241,-302573,-290037,-278578,-268259,-259048,-251010,-244181,-238526,-234041,-230749,-228616,-227628,-227788,-229073,-231485,-235016,-239663,-245402,-252217,-260112,-269012,-278901,-289755,-301518,-314228,-327725,-342075,-357030,-372347,,,,,,,,,,,,,,,,,,,,,,,,,,,,,,,,,,,,,,,,,,,,,,,,,,,,,,,,,,,,,,,,,,,,
RECAL 3 0 9999 9999 64 4 80,-623,-235440,-234693,-233998,-233363,-232779,-232252,-231781,-231366,-231010,-230692,-230441,-230236,-230079,-229976,-229916,-229896,-229919,-229998,-230111,-230274,-230473,-230708,-230982,-231288,-231638,-232026,-232440,-232883,-233360,-233870,-234416,-234982,-235584,,,,,,,,,,,,,,,,,,,,,,,,,,,,,,,,,,,,,,,,,,,,,,,,,,,,,,,,,,,,,,,,,,,,
RECAL 3 1 9999 -564 64 4 80,-2311,-489993,-471094,-448202,-422094,-394913,-368355,-343467,-320568,-300010,-282034,-266578,-253697,-243588,-236139,-231394,-229316,-229851,-233012,-238690,-246990,-257815,-271177,-286962,-304999,-325255,-347530,-371348,-396416,-421945,-447070,-470169,-489998,-503388,,,,,,,,,,,,,,,,,,,,,,,,,,,,,,,,,,,,,,,,,,,,,,,,,,,,,,,,,,,,,,,,,,,,
RECAL 3 0 9999 9999 64 4 80,248,-233249,-233165,-233075,-233013,-232948,-232892,-232850,-232810,-232776,-232763,-232742,-232740,-232750,-232769,-232792,-232833,-232883,-232941,-233022,-233094,-233201,-233314,-233437,-233574,-233739,-233907,-234089,-234301,-234528,-234759,-235021,-235295,-235595,,,,,,,,,,,,,,,,,,,,,,,,,,,,,,,,,,,,,,,,,,,,,,,,,,,,,,,,,,,,,,,,,,,,
RECAL 3 1 9999 291 64 4 80,-2881,-513561,-508325,-498089,-479819,-450073,-414423,-378827,-346352,-317658,-293266,-272911,-256533,-244110,-235540,-230821,-229889,-232666,-239041,-249122,-262798,-280075,-300730,-324791,-351978,-381770,-413826,-445810,-475125,-497108,-509799,-515875,-518148,-518800,,,,,,,,,,,,,,,,,,,,,,,,,,,,,,,,,,,,,,,,,,,,,,,,,,,,,,,,,,,,,,,,,,,,
RECAL 3 0 9999 9999 64 4 80,-2215,-313362,-302325,-292252,-283130,-274810,-267308,-260614,-254712,-249600,-245250,-241700,-238846,-236747,-235402,-234801,-234943,-235833,-237461,-239841,-243014,-246943,-251638,-257098,-263367,-270429,-278312,-286891,-296394,-306845,-318196,-330510,-343832,-358205,,,,,,,,,,,,,,,,,,,,,,,,,,,,,,,,,,,,,,,,,,,,,,,,,,,,,,,,,,,,,,,,,,,,
RECAL 3 1 9999 -2158 64 4 80,-2883,-514157,-510935,-501636,-484764,-454451,-417699,-381693,-349316,-320910,-296663,-276551,-260188,-247638,-238853,-233798,-232430,-234725,-240558,-250027,-263093,-279707,-299828,-323486,-350597,-380925,-413973,-447612,-478278,-498966,-510243,-515519,-517921,-519365,,,,,,,,,,,,,,,,,,,,,,,,,,,,,,,,,,,,,,,,,,,,,,,,,,,,,,,,,,,,,,,,,,,,
RECAL 3 0 9999 9999 64 4 80,-2292,-332167,-319172,-307187,-296170,-286164,-277039,-268732,-261321,-254798,-249174,-244434,-240538,-237508,-235344,-234046,-233588,-233976,-235234,-237311,-240259,-244049,-248701,-254120,-260393,-267542,-275542,-284407,-294162,-304826,-316491,-329001,-342741,-357564,,,,,,,,,,,,,,,,,,,,,,,,,,,,,,,,,,,,,,,,,,,,,,,,,,,,,,,,,,,,,,,,,,,,
RECAL 3 1 9999 -2232 64 4 80,-2310,-476751,-453079,-426298,-398199,-370928,-345673,-322609,-302031,-284038,-268612,-255739,-245465,-237839,-232853,-230505,-230751,-233587,-239017,-246874,-257366,-270403,-285922,-303810,-324087,-346666,-371224,-397566,-424569,-451134,-475236,-493512,-505300,-512142,,,,,,,,,,,,,,,,,,,,,,,,,,,,,,,,,,,,,,,,,,,,,,,,,,,,,,,,,,,,,,,,,,,,
RECAL 3 0 9999 9999 64 4 80,-2287,-321085,-308420,-296773,-286157,-276430,-267539,-259600,-252584,-246496,-241291,-236957,-233526,-231008,-229323,-228512,-228583,-229511,-231302,-233968,-237497,-241893,-247086,-253117,-260035,-267818,-276461,-286018,-296426,-307688,-320079,-333483,-348001,-363642,,,,,,,,,,,,,,,,,,,,,,,,,,,,,,,,,,,,,,,,,,,,,,,,,,,,,,,,,,,,,,,,,,,,
RECAL 3 1 9999 -2229 64 4 80,-1538,-361847,-345343,-329544,-314882,-301286,-288872,-277563,-267432,-258451,-250652,-243975,-238473,-234145,-230992,-228993,-228153,-228434,-229831,-232361,-236005,-240759,-246608,-253523,-261532,-270610,-280684,-291700,-303665,-316608,-330450,-345122,-360532,-376626,,,,,,,,,,,,,,,,,,,,,,,,,,,,,,,,,,,,,,,,,,,,,,,,,,,,,,,,,,,,,,,,,,,,
RECAL 3 0 9999 9999 64 4 80,-2204,-318425,-306413,-295331,-285187,-275890,-267460,-259886,-253160,-247319,-242226,-237927,-234439,-231743,-229852,-228759,-228443,-228923,-230199,-232278,-235154,-238840,-243337,-248627,-254713,-261564,-269329,-277932,-287395,-297651,-308882,-321063,-334232,-348286,,,,,,,,,,,,,,,,,,,,,,,,,,,,,,,,,,,,,,,,,,,,,,,,,,,,,,,,,,,,,,,,,,,,
RECAL 3 1 9999 -2144 64 4 80,855,-280571,-274713,-269160,-263989,-259125,-254598,-250416,-246577,-243084,-239936,-237151,-234771,-232726,-231071,-229796,-228910,-228436,-228360,-228696,-229459,-230652,-232283,-234360,-236887,-239876,-243335,-247256,-251585,-256450,-261809,-267665,-274001,-280838,,,,,,,,,,,,,,,,,,,,,,,,,,,,,,,,,,,,,,,,,,,,,,,,,,,,,,,,,,,,,,,,,,,,
RECAL 3 0 9999 9999 64 4 80,-2196,-320913,-308992,-298020,-287999,-278808,-270454,-263030,-256327,-250451,-245365,-241079,-237561,-234848,-232898,-231727,-231340,-231741,-232922,-234883,-237649,-241197,-245521,-250571,-256472,-263200,-270735,-279081,-288266,-298263,-309218,-320922,-333585,-347244,,,,,,,,,,,,,,,,,,,,,,,,,,,,,,,,,,,,,,,,,,,,,,,,,,,,,,,,,,,,,,,,,,,,
RECAL 3 1 9999 -2136 64 4 80,1868,-473789,-453738,-431521,-408489,-385488,-363599,-343241,-324302,-306996,-291350,-277432,-265236,-254798,-246263,-239439,-234461,-231340,-230086,-230704,-233225,-237665,-244021,-252401,-262775,-275125,-289419,-305592,-323669,-343570,-364751,-387556,-411201,-434914,,,,,,,,,,,,,,,,,,,,,,,,,,,,,,,,,,,,,,,,,,,,,,,,,,,,,,,,,,,,,,,,,,,,
RECAL 3 0 9999 9999 64 4 80,-2195,-320931,-309332,-298666,-288942,-280033,-272033,-264761,-258272,-252579,-247659,-243490,-240063,-237406,-235481,-234303,-233884,-234216,-235306,-237138,-239746,-243092,-247132,-251987,-257613,-264042,-271205,-279197,-287965,-297541,-308002,-319216,-331351,-344439,,,,,,,,,,,,,,,,,,,,,,,,,,,,,,,,,,,,,,,,,,,,,,,,,,,,,,,,,,,,,,,,,,,,
RECAL 3 1 9999 -2135 64 4 80,2510,-517780,-514232,-508891,-500589,-482790,-456129,-425260,-393478,-363551,-336556,-312505,-291538,-273698,-259103,-247497,-239073,-233849,-231880,-233172,-237795,-245777,-257185,-272162,-290627,-312492,-337823,-366342,-397947,-430991,-462305,-487587,-502424,-511162,,,,,,,,,,,,,,,,,,,,,,,,,,,,,,,,,,,,,,,,,,,,,,,,,,,,,,,,,,,,,,,,,,,,
RECAL 3 0 9999 9999 64 4 80,2147,-341437,-328844,-317177,-306407,-296446,-287352,-278975,-271328,-264546,-258374,-252971,-248295,-244328,-241093,-238562,-236760,-235703,-235353,-235727,-236840,-238696,-241287,-244648,-248777,-253647,-259368,-265911,-273273,-281504,-290612,-300554,-311503,-323525,,,,,,,,,,,,,,,,,,,,,,,,,,,,,,,,,,,,,,,,,,,,,,,,,,,,,,,,,,,,,,,,,,,,
RECAL 3 1 9999 2215 64 4 80,-2737,-510478,-502553,-488812,-467045,-437268,-403805,-370882,-340821,-314190,-291286,-272146,-256818,-245221,-237387,-233061,-232327,-235145,-241489,-251301,-264543,-281164,-301161,-324207,-349829,-377339,-406090,-434617,-461737,-485951,-501963,-512208,-516705,-517600,,,,,,,,,,,,,,,,,,,,,,,,,,,,,,,,,,,,,,,,,,,,,,,,,,,,,,,,,,,,,,,,,,,,
RECAL 3 0 9999 9999 64 4 80,2068,-310731,-299793,-289726,-280355,-271819,-264001,-256859,-250422,-244668,-239585,-235152,-231444,-228362,-225962,-224230,-223174,-222796,-223114,-224122,-225835,-228293,-231501,-235480,-240236,-245773,-252093,-259261,-267180,-276086,-285857,-296473,-308048,-320616,,,,,,,,,,,,,,,,,,,,,,,,,,,,,,,,,,,,,,,,,,,,,,,,,,,,,,,,,,,,,,,,,,,,
RECAL 3 1 9999 2132 64 4 80,-2139,-459259,-436953,-413094,-388447,-364069,-340808,-319115,-299601,-281908,-266401,-253162,-242295,-233763,-227564,-223686,-222104,-222792,-225685,-230770,-238036,-247477,-259008,-272588,-287961,-305139,-323953,-344074,-365121,-386760,-408537,-430034,-451139,-471465,,,,,,,,,,,,,,,,,,,,,,,,,,,,,,,,,,,,,,,,,,,,,,,,,,,,,,,,,,,,,,,,,,,,
RECAL 3 0 9999 9999 64 4 80,2060,-321103,-309342,-298353,-288194,-278751,-270074,-262196,-255012,-248536,-242725,-237581,-233120,-229335,-226250,-223804,-222027,-220941,-220538,-220819,-221807,-223501,-225918,-229097,-233051,-237798,-243330,-249660,-256801,-264828,-273592,-283392,-294035,-305602,,,,,,,,,,,,,,,,,,,,,,,,,,,,,,,,,,,,,,,,,,,,,,,,,,,,,,,,,,,,,,,,,,,,
RECAL 3 1 9999 2128 64 4 80,-1270,-319709,-307752,-296496,-286038,-276264,-267248,-258969,-251472,-244807,-238941,-233895,-229673,-226257,-223647,-221843,-220802,-220530,-221040,-222315,-224365,-227162,-230710,-234986,-239952,-245613,-251955,-258982,-266685,-275030,-283974,-293347,-303387,-313957,,,,,,,,,,,,,,,,,,,,,,,,,,,,,,,,,,,,,,,,,,,,,,,,,,,,,,,,,,,,,,,,,,,,
RECAL 3 0 9999 9999 64 4 80,2155,-330665,-317790,-305858,-294811,-284622,-275167,-266608,-258715,-251614,-245278,-239684,-234819,-230715,-227358,-224763,-222896,-221764,-221381,-221739,-222866,-224765,-227440,-230875,-235159,-240264,-246220,-253024,-260717,-269309,-278828,-289399,-300948,-313609,,,,,,,,,,,,,,,,,,,,,,,,,,,,,,,,,,,,,,,,,,,,,,,,,,,,,,,,,,,,,,,,,,,,
RECAL 3 1 9999 2223 64 4 80,1158,-325603,-314415,-303705,-293527,-283935,-274923,-266547,-258809,-251761,-245400,-239743,-234797,-230602,-227148,-224458,-222544,-221372,-220989,-221402,-222627,-224673,-227536,-231245,-235814,-241237,-247531,-254692,-262745,-271663,-281443,-292056,-303351,-315576,,,,,,,,,,,,,,,,,,,,,,,,,,,,,,,,,,,,,,,,,,,,,,,,,,,,,,,,,,,,,,,,,,,,
RECAL 3 0 9999 9999 64 4 80,2148,-327914,-315621,-304176,-293605,-283855,-274854,-266610,-259168,-252382,-246351,-241034,-236429,-232540,-229369,-226922,-225197,-224192,-223896,-224315,-225459,-227345,-229971,-233360,-237475,-242437,-248184,-254723,-262123,-270385,-279530,-289579,-300520,-312639,,,,,,,,,,,,,,,,,,,,,,,,,,,,,,,,,,,,,,,,,,,,,,,,,,,,,,,,,,,,,,,,,,,,
RECAL 3 1 9999 2216 64 4 80,2020,-479155,-459750,-438440,-415756,-392577,-369553,-347618,-327113,-307909,-290480,-274895,-261219,-249564,-239979,-232472,-227100,-223873,-222847,-224064,-227566,-233413,-241645,-252279,-265237,-280799,-298788,-319201,-341810,-366162,-391665,-417266,-441325,-462549,,,,,,,,,,,,,,,,,,,,,,,,,,,,,,,,,,,,,,,,,,,,,,,,,,,,,,,,,,,,,,,,,,,,
RECAL 3 0 9999 9999 64 4 80,2151,-318156,-307135,-296937,-287589,-278921,-270972,-263722,-257262,-251418,-246283,-241822,-238040,-234929,-232516,-230786,-229742,-229371,-229671,-230653,-232316,-234678,-237745,-241534,-245988,-251194,-257148,-263874,-271370,-279681,-288802,-298707,-309672,-321636,,,,,,,,,,,,,,,,,,,,,,,,,,,,,,,,,,,,,,,,,,,,,,,,,,,,,,,,,,,,,,,,,,,,
RECAL 3 1 9999 2215 64 4 80,2616,-516784,-515249,-509931,-501288,-485693,-462493,-434044,-403265,-372646,-344080,-318126,-295267,-275602,-259100,-245887,-235938,-229321,-226048,-226150,-229736,-236933,-247861,-262661,-281524,-304502,-331862,-363571,-399651,-437897,-471714,-493991,-503932,-510040,,,,,,,,,,,,,,,,,,,,,,,,,,,,,,,,,,,,,,,,,,,,,,,,,,,,,,,,,,,,,,,,,,,,
RECAL 3 0 9999 9999 64 4 80,-269,-232284,-232283,-232297,-232310,-232334,-232354,-232388,-232429,-232472,-232522,-232559,-232616,-232676,-232740,-232803,-232873,-232939,-233012,-233092,-233171,-233241,-233330,-233410,-233495,-233590,-233668,-233753,-233837,-233924,-234007,-234088,-234173,-234262,,,,,,,,,,,,,,,,,,,,,,,,,,,,,,,,,,,,,,,,,,,,,,,,,,,,,,,,,,,,,,,,,,,,
RECAL 3 1 9999 -269 64 4 80,2647,-517983,-516186,-512200,-504554,-490846,-467851,-438648,-406855,-375487,-346395,-320146,-297282,-277541,-261115,-248093,-238453,-232243,-229476,-230185,-234420,-242326,-253944,-269466,-289027,-312786,-341038,-373958,-410990,-449554,-481723,-499453,-506802,-512033,,,,,,,,,,,,,,,,,,,,,,,,,,,,,,,,,,,,,,,,,,,,,,,,,,,,,,,,,,,,,,,,,,,,
RECAL 3 0 9999 9999 64 4 80,-287,-226060,-225989,-225923,-225870,-225821,-225780,-225741,-225720,-225699,-225691,-225682,-225686,-225692,-225703,-225726,-225751,-225780,-225817,-225856,-225900,-225943,-225991,-226043,-226104,-226161,-226218,-226286,-226356,-226425,-226493,-226565,-226635,-226709,,,,,,,,,,,,,,,,,,,,,,,,,,,,,,,,,,,,,,,,,,,,,,,,,,,,,,,,,,,,,,,,,,,,
RECAL 3 1 9999 -246 64 4 80,2060,-488870,-471022,-449638,-426467,-402394,-378321,-355227,-333455,-313291,-294977,-278681,-264415,-252278,-242433,-234627,-229046,-225733,-224687,-225968,-229606,-235642,-244172,-255128,-268636,-284682,-303257,-324309,-347653,-372857,-399128,-425569,-450225,-471136,,,,,,,,,,,,,,,,,,,,,,,,,,,,,,,,,,,,,,,,,,,,,,,,,,,,,,,,,,,,,,,,,,,,
RECAL 3 0 9999 9999 64 4 80,-217,-223743,-223664,-223598,-223529,-223472,-223423,-223371,-223333,-223291,-223263,-223234,-223214,-223192,-223179,-223165,-223158,-223152,-223151,-223144,-223150,-223151,-223161,-223167,-223177,-223184,-223201,-223217,-223226,-223243,-223256,-223276,-223291,-223308,,,,,,,,,,,,,,,,,,,,,,,,,,,,,,,,,,,,,,,,,,,,,,,,,,,,,,,,,,,,,,,,,,,,
RECAL 3 1 9999 -146 64 4 80,1226,-337978,-325544,-313670,-302380,-291776,-281824,-272561,-264063,-256285,-249304,-243097,-237690,-233100,-229352,-226454,-224369,-223147,-222803,-223355,-224803,-227165,-230458,-234694,-239903,-246081,-253227,-261357,-270472,-280559,-291605,-303364,-316214,-329844,,,,,,,,,,,,,,,,,,,,,,,,,,,,,,,,,,,,,,,,,,,,,,,,,,,,,,,,,,,,,,,,,,,,
RECAL 3 0 9999 9999 64 4 80,-739,-226844,-225911,-225052,-224272,-223569,-222937,-222392,-221912,-221512,-221195,-220939,-220759,-220650,-220604,-220623,-220713,-220862,-221073,-221345,-221677,-222063,-222514,-223017,-223576,-224189,-224846,-225565,-226332,-227151,-228017,-228926,-229879,-230879,,,,,,,,,,,,,,,,,,,,,,,,,,,,,,,,,,,,,,,,,,,,,,,,,,,,,,,,,,,,,,,,,,,,
RECAL 3 1 9999 -686 64 4 80,-1197,-311499,-300464,-290163,-280503,-271601,-263478,-256071,-249380,-243399,-238108,-233530,-229659,-226514,-224022,-222203,-221061,-220601,-220795,-221658,-223178,-225372,-228236,-231751,-235922,-240751,-246207,-252273,-258941,-266131,-274001,-282436,-291424,-300884,,,,,,,,,,,,,,,,,,,,,,,,,,,,,,,,,,,,,,,,,,,,,,,,,,,,,,,,,,,,,,,,,,,,
RECAL 3 0 9999 9999 64 4 80,-738,-228170,-227206,-226326,-225520,-224791,-224130,-223541,-223026,-222586,-222215,-221912,-221678,-221509,-221401,-221363,-221383,-221463,-221605,-221800,-222057,-222366,-222738,-223145,-223622,-224140,-224708,-225330,-225995,-226710,-227469,-228273,-229120,-230013,,,,,,,,,,,,,,,,,,,,,,,,,,,,,,,,,,,,,,,,,,,,,,,,,,,,,,,,,,,,,,,,,,,,
RECAL 3 1 9999 -681 64 4 80,-2095,-450779,-427896,-403730,-379348,-355706,-333528,-313014,-294397,-277740,-263148,-250695,-240430,-232381,-226435,-222622,-220933,-221359,-223891,-228516,-235240,-244128,-255158,-268301,-283452,-300412,-319141,-339322,-360577,-382254,-404539,-426343,-447347,-466873,,,,,,,,,,,,,,,,,,,,,,,,,,,,,,,,,,,,,,,,,,,,,,,,,,,,,,,,,,,,,,,,,,,,
RECAL 3 0 9999 9999 64 4 80,-152,-230406,-230521,-230638,-230754,-230865,-230981,-231091,-231204,-231306,-231417,-231522,-231621,-231723,-231820,-231913,-232008,-232093,-232191,-232271,-232354,-232432,-232502,-232571,-232641,-232707,-232769,-232817,-232874,-232922,-232967,-233001,-233039,-233074,,,,,,,,,,,,,,,,,,,,,,,,,,,,,,,,,,,,,,,,,,,,,,,,,,,,,,,,,,,,,,,,,,,,
RECAL 3 0 9999 -110 64 4 80,-174,-229681,-229801,-229921,-230044,-230162,-230286,-230400,-230521,-230640,-230753,-230877,-230987,-231100,-231210,-231319,-231432,-231533,-231634,-231739,-231835,-231927,-232016,-232111,-232191,-232274,-232352,-232435,-232502,-232573,-232645,-232706,-232761,-232816,,,,,,,,,,,,,,,,,,,,,,,,,,,,,,,,,,,,,,,,,,,,,,,,,,,,,,,,,,,,,,,,,,,,
RECAL 3 0 9999 -132 64 4 80,-196,-228988,-229106,-229222,-229350,-229465,-229588,-229712,-229838,-229962,-230081,-230201,-230319,-230438,-230555,-230679,-230793,-230905,-231022,-231131,-231245,-231353,-231461,-231565,-231667,-231762,-231860,-231951,-232043,-232130,-232212,-232298,-232375,-232455,,,,,,,,,,,,,,,,,,,,,,,,,,,,,,,,,,,,,,,,,,,,,,,,,,,,,,,,,,,,,,,,,,,,
RECAL 3 0 9999 -154 64 4 80,-218,-228356,-228457,-228565,-228678,-228790,-228905,-229024,-229142,-229267,-229381,-229512,-229633,-229755,-229874,-229996,-230128,-230242,-230360,-230487,-230604,-230721,-230836,-230952,-231064,-231180,-231283,-231387,-231500,-231603,-231701,-231800,-231891,-231986,,,,,,,,,,,,,,,,,,,,,,,,,,,,,,,,,,,,,,,,,,,,,,,,,,,,,,,,,,,,,,,,,,,,
RECAL 3 0 9999 -176 64 4 80,-240,-227811,-227901,-227989,-228080,-228178,-228274,-228384,-228489,-228605,-228716,-228834,-228944,-229071,-229187,-229310,-229438,-229562,-229689,-229810,-229928,-230053,-230174,-230296,-230411,-230534,-230652,-230769,-230887,-230999,-231108,-231222,-231334,-231441,,,,,,,,,,,,,,,,,,,,,,,,,,,,,,,,,,,,,,,,,,,,,,,,,,,,,,,,,,,,,,,,,,,,
RECAL 3 0 9999 -198 64 4 80,-262,-227411,-227471,-227531,-227604,-227678,-227762,-227841,-227928,-228025,-228122,-228224,-228328,-228432,-228543,-228655,-228770,-228885,-229003,-229127,-229242,-229368,-229486,-229617,-229738,-229862,-229986,-230104,-230230,-230343,-230460,-230586,-230699,-230819,,,,,,,,,,,,,,,,,,,,,,,,,,,,,,,,,,,,,,,,,,,,,,,,,,,,,,,,,,,,,,,,,,,,
RECAL 3 0 9999 -220 64 4 80,-284,-227194,-227208,-227240,-227277,-227318,-227370,-227424,-227489,-227553,-227631,-227708,-227786,-227875,-227967,-228057,-228159,-228255,-228362,-228473,-228579,-228699,-228816,-228929,-229052,-229169,-229295,-229420,-229531,-229661,-229785,-229909,-230028,-230159,,,,,,,,,,,,,,,,,,,,,,,,,,,,,,,,,,,,,,,,,,,,,,,,,,,,,,,,,,,,,,,,,,,,
RECAL 3 0 9999 -242 64 4 80,-306,-227218,-227182,-227173,-227163,-227164,-227175,-227189,-227223,-227251,-227290,-227342,-227390,-227446,-227509,-227578,-227656,-227730,-227818,-227916,-228009,-228104,-228202,-228304,-228414,-228525,-228634,-228749,-228866,-228982,-229098,-229222,-229344,-229468,,,,,,,,,,,,,,,,,,,,,,,,,,,,,,,,,,,,,,,,,,,,,,,,,,,,,,,,,,,,,,,,,,,,
RECAL 3 1 9999 -293 64 4 80,-2703,-510825,-502394,-487808,-464747,-435700,-402807,-369835,-339354,-312142,-288693,-268904,-252848,-240435,-231626,-226521,-225040,-227142,-232814,-242028,-254687,-270532,-289836,-312198,-337342,-364623,-393318,-422297,-450399,-476342,-496616,-508659,-514321,-517868,,,,,,,,,,,,,,,,,,,,,,,,,,,,,,,,,,,,,,,,,,,,,,,,,,,,,,,,,,,,,,,,,,,,
RECAL 3 0 9999 9999 64 4 80,-2286,-317778,-305625,-294492,-284380,-275115,-266729,-259191,-252513,-246683,-241671,-237454,-234071,-231512,-229723,-228724,-228528,-229116,-230488,-232652,-235589,-239302,-243777,-249045,-255091,-261951,-269629,-278131,-287494,-297553,-308611,-320561,-333430,-347242,,,,,,,,,,,,,,,,,,,,,,,,,,,,,,,,,,,,,,,,,,,,,,,,,,,,,,,,,,,,,,,,,,,,
RECAL 3 1 9999 -2227 64 4 80,-2734,-512282,-504884,-491799,-470123,-437526,-401951,-367680,-336993,-310060,-287032,-267754,-252194,-240441,-232100,-227357,-226152,-228476,-234309,-243657,-256480,-272903,-292848,-316074,-342365,-371142,-401632,-432270,-460657,-484769,-501952,-511745,-516285,-518450,,,,,,,,,,,,,,,,,,,,,,,,,,,,,,,,,,,,,,,,,,,,,,,,,,,,,,,,,,,,,,,,,,,,
RECAL 3 0 9999 9999 64 4 80,-2356,-319972,-306621,-294459,-283435,-273462,-264529,-256592,-249606,-243518,-238292,-233965,-230510,-227910,-226172,-225306,-225284,-226108,-227784,-230311,-233695,-237926,-243024,-249010,-255876,-263685,-272403,-282049,-292619,-304133,-316623,-329926,-344413,-359847,,,,,,,,,,,,,,,,,,,,,,,,,,,,,,,,,,,,,,,,,,,,,,,,,,,,,,,,,,,,,,,,,,,,
RECAL 3 1 9999 -2298 64 4 80,-2135,-463342,-439426,-413418,-386806,-361405,-337775,-316514,-297082,-279936,-265051,-252476,-242224,-234269,-228617,-225247,-224130,-225223,-228493,-233963,-241632,-251463,-263453,-277416,-293456,-311468,-331316,-352749,-375252,-398622,-421856,-444368,-465098,-483488,,,,,,,,,,,,,,,,,,,,,,,,,,,,,,,,,,,,,,,,,,,,,,,,,,,,,,,,,,,,,,,,,,,,
RECAL 3 0 9999 9999 64 4 80,-2361,-323994,-310213,-297635,-286300,-275996,-266743,-258526,-251300,-245009,-239598,-235072,-231441,-228679,-226780,-225749,-225587,-226273,-227823,-230244,-233518,-237655,-242663,-248533,-255286,-262973,-271599,-281157,-291644,-303073,-315512,-328940,-343220,-358647,,,,,,,,,,,,,,,,,,,,,,,,,,,,,,,,,,,,,,,,,,,,,,,,,,,,,,,,,,,,,,,,,,,,
RECAL 3 1 9999 -2302 64 4 80,-1272,-329303,-316869,-305214,-294378,-284344,-275092,-266601,-258845,-251919,-245823,-240534,-236034,-232356,-229479,-227396,-226096,-225551,-225778,-226769,-228535,-231056,-234335,-238367,-243113,-248540,-254669,-261534,-269082,-277330,-286238,-295741,-305782,-316548,,,,,,,,,,,,,,,,,,,,,,,,,,,,,,,,,,,,,,,,,,,,,,,,,,,,,,,,,,,,,,,,,,,,
RECAL 3 0 9999 9999 64 4 80,-2275,-311468,-299352,-288288,-278104,-268849,-260499,-253057,-246484,-240761,-235911,-231842,-228601,-226176,-224552,-223728,-223701,-224467,-226000,-228316,-231406,-235289,-239970,-245441,-251702,-258788,-266611,-275338,-284884,-295202,-306417,-318495,-331440,-345325,,,,,,,,,,,,,,,,,,,,,,,,,,,,,,,,,,,,,,,,,,,,,,,,,,,,,,,,,,,,,,,,,,,,
RECAL 3 1 9999 -2217 64 4 80,1158,-323171,-311973,-301353,-291368,-281995,-273270,-265223,-257823,-251127,-245130,-239839,-235261,-231432,-228341,-226001,-224439,-223615,-223572,-224329,-225878,-228250,-231446,-235486,-240393,-246144,-252764,-260279,-268686,-277995,-288180,-299180,-311006,-323769,,,,,,,,,,,,,,,,,,,,,,,,,,,,,,,,,,,,,,,,,,,,,,,,,,,,,,,,,,,,,,,,,,,,
RECAL 3 0 9999 9999 64 4 80,-2282,-321352,-309333,-298346,-288340,-279193,-270901,-263454,-256869,-251123,-246188,-242065,-238758,-236206,-234454,-233473,-233275,-233844,-235184,-237288,-240141,-243733,-248098,-253219,-259128,-265833,-273320,-281628,-290671,-300569,-311378,-323037,-335625,-349202,,,,,,,,,,,,,,,,,,,,,,,,,,,,,,,,,,,,,,,,,,,,,,,,,,,,,,,,,,,,,,,,,,,,
RECAL 3 1 9999 -2223 64 4 80,2015,-491922,-475676,-454647,-430445,-405407,-380885,-357700,-336327,-316775,-299317,-283792,-270207,-258646,-249151,-241738,-236400,-233197,-232145,-233293,-236676,-242354,-250350,-260736,-273551,-288818,-306286,-326435,-349028,-373695,-400299,-427394,-453233,-475227,,,,,,,,,,,,,,,,,,,,,,,,,,,,,,,,,,,,,,,,,,,,,,,,,,,,,,,,,,,,,,,,,,,,
RECAL 3 0 9999 9999 64 4 80,-2287,-319191,-307472,-296713,-286947,-277992,-269853,-262518,-255980,-250241,-245284,-241083,-237633,-234972,-233017,-231806,-231333,-231589,-232566,-234268,-236672,-239800,-243609,-248129,-253360,-259346,-266081,-273559,-281811,-290741,-300586,-311299,-322869,-335376,,,,,,,,,,,,,,,,,,,,,,,,,,,,,,,,,,,,,,,,,,,,,,,,,,,,,,,,,,,,,,,,,,,,
RECAL 3 1 9999 -2226 64 4 80,2612,-517780,-516386,-511827,-505479,-492774,-470000,-439315,-405808,-373302,-343820,-317654,-294895,-275630,-259636,-246928,-237471,-231286,-228402,-228841,-232622,-239953,-250882,-265534,-284025,-306505,-333156,-364234,-400122,-439474,-476964,-499251,-508381,-512649,,,,,,,,,,,,,,,,,,,,,,,,,,,,,,,,,,,,,,,,,,,,,,,,,,,,,,,,,,,,,,,,,,,,
RECAL 3 0 9999 9999 64 4 80,2138,-358098,-344896,-332367,-320622,-309613,-299420,-290074,-281510,-273736,-266823,-260749,-255406,-250870,-247148,-244254,-242167,-240906,-240473,-240870,-242087,-244135,-247001,-250724,-255283,-260717,-267022,-274091,-282148,-291117,-300997,-311881,-323775,-336688,,,,,,,,,,,,,,,,,,,,,,,,,,,,,,,,,,,,,,,,,,,,,,,,,,,,,,,,,,,,,,,,,,,,
RECAL 3 1 9999 2206 64 4 80,-2681,-513990,-509505,-500977,-485294,-459041,-425428,-389901,-356894,-327662,-302596,-281773,-265034,-252320,-243600,-238737,-237672,-240340,-246694,-256661,-270131,-286874,-306500,-328629,-352720,-378218,-405086,-432251,-458876,-482675,-500489,-510296,-514696,-518363,,,,,,,,,,,,,,,,,,,,,,,,,,,,,,,,,,,,,,,,,,,,,,,,,,,,,,,,,,,,,,,,,,,,
RECAL 3 0 9999 9999 64 4 80,2041,-335482,-323491,-312360,-301752,-291902,-282747,-274325,-266654,-259737,-253608,-248266,-243707,-239898,-236844,-234564,-233037,-232286,-232294,-233060,-234611,-236941,-240066,-243985,-248702,-254214,-260576,-267808,-275935,-284945,-294816,-305638,-317379,-330023,,,,,,,,,,,,,,,,,,,,,,,,,,,,,,,,,,,,,,,,,,,,,,,,,,,,,,,,,,,,,,,,,,,,
RECAL 3 1 9999 2107 64 4 80,-2092,-465667,-443350,-418370,-392358,-366973,-343145,-321218,-301532,-284248,-269365,-256920,-246920,-239377,-234116,-231200,-230564,-232189,-236010,-242023,-250134,-260367,-272635,-286822,-302683,-320138,-338900,-358793,-379799,-401407,-424083,-446536,-468148,-486976,,,,,,,,,,,,,,,,,,,,,,,,,,,,,,,,,,,,,,,,,,,,,,,,,,,,,,,,,,,,,,,,,,,,
RECAL 3 0 9999 9999 64 4 80,2042,-338613,-326178,-314609,-303614,-293349,-283844,-275075,-267079,-259862,-253426,-247802,-242988,-238910,-235604,-233077,-231316,-230329,-230117,-230669,-231985,-234111,-237008,-240725,-245248,-250575,-256720,-263783,-271699,-280530,-290247,-300815,-312341,-324747,,,,,,,,,,,,,,,,,,,,,,,,,,,,,,,,,,,,,,,,,,,,,,,,,,,,,,,,,,,,,,,,,,,,
RECAL 3 1 9999 2109 64 4 80,-1242,-333883,-321054,-308957,-297711,-287362,-277822,-269163,-261494,-254588,-248573,-243409,-239098,-235647,-233031,-231246,-230277,-230094,-230675,-232022,-234120,-236965,-240541,-244828,-249746,-255390,-261696,-268634,-276167,-284277,-292889,-301987,-311600,-321730,,,,,,,,,,,,,,,,,,,,,,,,,,,,,,,,,,,,,,,,,,,,,,,,,,,,,,,,,,,,,,,,,,,,
RECAL 3 0 9999 9999 64 4 80,2128,-349912,-336460,-323705,-311732,-300487,-290028,-280345,-271457,-263407,-256207,-249856,-244352,-239734,-235872,-232850,-230671,-229337,-228855,-229222,-230453,-232557,-235495,-239312,-244013,-249577,-256050,-263454,-271777,-280915,-291094,-302231,-314399,-327584,,,,,,,,,,,,,,,,,,,,,,,,,,,,,,,,,,,,,,,,,,,,,,,,,,,,,,,,,,,,,,,,,,,,
RECAL 3 1 9999 2196 64 4 80,1136,-327788,-316384,-305558,-295374,-285969,-277093,-268932,-261498,-254799,-248868,-243685,-239257,-235597,-232707,-230609,-229323,-228848,-229202,-230378,-232415,-235239,-238969,-243542,-248958,-255224,-262317,-270236,-278953,-288450,-298525,-309369,-320894,-333045,,,,,,,,,,,,,,,,,,,,,,,,,,,,,,,,,,,,,,,,,,,,,,,,,,,,,,,,,,,,,,,,,,,,
RECAL 3 0 9999 9999 64 4 80,2126,-335916,-322996,-310920,-299635,-289235,-279538,-270624,-262548,-255284,-248868,-243270,-238476,-234509,-231392,-229032,-227499,-226769,-226856,-227780,-229550,-232137,-235567,-239843,-244967,-250942,-257805,-265601,-274306,-283931,-294338,-305870,-318467,-332125,,,,,,,,,,,,,,,,,,,,,,,,,,,,,,,,,,,,,,,,,,,,,,,,,,,,,,,,,,,,,,,,,,,,
RECAL 3 1 9999 2192 64 4 80,1978,-484466,-468173,-447450,-424682,-400182,-375871,-352612,-330721,-310638,-292577,-276636,-262847,-251219,-241772,-234496,-229478,-226696,-226180,-227943,-232047,-238525,-247355,-258544,-272058,-287811,-305588,-325457,-346986,-369864,-393858,-418797,-443445,-466972,,,,,,,,,,,,,,,,,,,,,,,,,,,,,,,,,,,,,,,,,,,,,,,,,,,,,,,,,,,,,,,,,,,,
RECAL 3 0 9999 9999 64 4 80,2117,-342815,-329971,-318046,-306930,-296665,-287279,-278609,-270704,-263569,-257188,-251598,-246770,-242729,-239435,-236909,-235157,-234136,-233872,-234387,-235646,-237714,-240571,-244210,-248630,-253833,-259851,-266728,-274444,-283044,-292540,-302948,-314212,-326587,,,,,,,,,,,,,,,,,,,,,,,,,,,,,,,,,,,,,,,,,,,,,,,,,,,,,,,,,,,,,,,,,,,,
RECAL 3 1 9999 2184 64 4 80,2563,-517300,-516668,-511936,-505120,-493356,-473417,-445791,-414472,-382126,-351848,-324561,-300630,-280215,-263284,-249893,-240061,-233829,-231095,-231998,-236643,-245106,-257441,-273783,-294082,-318080,-345553,-375758,-407610,-438421,-466463,-488544,-502992,-510749,,,,,,,,,,,,,,,,,,,,,,,,,,,,,,,,,,,,,,,,,,,,,,,,,,,,,,,,,,,,,,,,,,,,
RECAL 3 0 9999 9999 64 4 80,-182,-237092,-237147,-237195,-237254,-237320,-237382,-237446,-237502,-237566,-237641,-237702,-237772,-237832,-237913,-237979,-238041,-238114,-238171,-238240,-238308,-238381,-238433,-238488,-238548,-238607,-238675,-238719,-238778,-238828,-238864,-238917,-238955,-239004,,,,,,,,,,,,,,,,,,,,,,,,,,,,,,,,,,,,,,,,,,,,,,,,,,,,,,,,,,,,,,,,,,,,
RECAL 3 0 9999 -140 64 4 80,-204,-236706,-236747,-236792,-236846,-236894,-236952,-237015,-237076,-237137,-237198,-237259,-237335,-237402,-237471,-237546,-237609,-237681,-237755,-237820,-237890,-237960,-238021,-238088,-238158,-238227,-238295,-238359,-238415,-238470,-238543,-238600,-238654,-238719,,,,,,,,,,,,,,,,,,,,,,,,,,,,,,,,,,,,,,,,,,,,,,,,,,,,,,,,,,,,,,,,,,,,
RECAL 3 0 9999 -162 64 4 80,-226,-236520,-236536,-236556,-236588,-236622,-236668,-236707,-236752,-236797,-236845,-236907,-236962,-237017,-237086,-237147,-237212,-237276,-237344,-237413,-237484,-237547,-237623,-237691,-237763,-237832,-237900,-237978,-238033,-238102,-238176,-238241,-238310,-238368,,,,,,,,,,,,,,,,,,,,,,,,,,,,,,,,,,,,,,,,,,,,,,,,,,,,,,,,,,,,,,,,,,,,
RECAL 3 0 9999 -184 64 4 80,-248,-236472,-236469,-236456,-236449,-236470,-236484,-236504,-236519,-236550,-236585,-236612,-236665,-236716,-236758,-236808,-236856,-236918,-236968,-237025,-237097,-237157,-237231,-237295,-237360,-237427,-237494,-237567,-237636,-237711,-237778,-237851,-237920,-237989,,,,,,,,,,,,,,,,,,,,,,,,,,,,,,,,,,,,,,,,,,,,,,,,,,,,,,,,,,,,,,,,,,,,
RECAL 3 1 9999 -238 64 4 80,2593,-517795,-517748,-513854,-507537,-496816,-477047,-447918,-414562,-382068,-351689,-324407,-300677,-280615,-264166,-251312,-242082,-236432,-234478,-236146,-241572,-250828,-263978,-281135,-302203,-326767,-355072,-385877,-417601,-447601,-473712,-493568,-505785,-512971,,,,,,,,,,,,,,,,,,,,,,,,,,,,,,,,,,,,,,,,,,,,,,,,,,,,,,,,,,,,,,,,,,,,
RECAL 3 0 9999 9999 64 4 80,-134,-233164,-233223,-233281,-233347,-233403,-233459,-233519,-233574,-233619,-233679,-233728,-233792,-233842,-233900,-233940,-233989,-234032,-234079,-234122,-234155,-234201,-234236,-234270,-234300,-234328,-234354,-234374,-234409,-234419,-234445,-234454,-234476,-234496,,,,,,,,,,,,,,,,,,,,,,,,,,,,,,,,,,,,,,,,,,,,,,,,,,,,,,,,,,,,,,,,,,,,
RECAL 3 0 9999 -92 64 4 80,-156,-232926,-232970,-233021,-233074,-233128,-233180,-233241,-233297,-233348,-233402,-233459,-233518,-233577,-233629,-233686,-233733,-233791,-233839,-233888,-233937,-233994,-234034,-234081,-234124,-234152,-234200,-234235,-234266,-234303,-234324,-234367,-234385,-234405,,,,,,,,,,,,,,,,,,,,,,,,,,,,,,,,,,,,,,,,,,,,,,,,,,,,,,,,,,,,,,,,,,,,
RECAL 3 0 9999 -114 64 4 80,-178,-232696,-232730,-232771,-232817,-232866,-232911,-232953,-233002,-233056,-233108,-233163,-233213,-233273,-233329,-233391,-233441,-233499,-233555,-233613,-233664,-233708,-233766,-233823,-233868,-233921,-233969,-234013,-234060,-234102,-234153,-234184,-234220,-234261,,,,,,,,,,,,,,,,,,,,,,,,,,,,,,,,,,,,,,,,,,,,,,,,,,,,,,,,,,,,,,,,,,,,
RECAL 3 0 9999 -136 64 4 80,-200,-232566,-232579,-232598,-232625,-232649,-232684,-232716,-232761,-232794,-232845,-232897,-232935,-232983,-233028,-233080,-233141,-233197,-233256,-233305,-233345,-233407,-233471,-233525,-233581,-233640,-233681,-233733,-233793,-233846,-233894,-233955,-233996,-234039,,,,,,,,,,,,,,,,,,,,,,,,,,,,,,,,,,,,,,,,,,,,,,,,,,,,,,,,,,,,,,,,,,,,
RECAL 3 0 9999 -158 64 4 80,-222,-232564,-232559,-232550,-232548,-232553,-232564,-232578,-232590,-232614,-232634,-232667,-232698,-232738,-232777,-232817,-232856,-232907,-232964,-233006,-233056,-233113,-233163,-233221,-233269,-233335,-233384,-233439,-233498,-233556,-233610,-233666,-233723,-233762,,,,,,,,,,,,,,,,,,,,,,,,,,,,,,,,,,,,,,,,,,,,,,,,,,,,,,,,,,,,,,,,,,,,
RECAL 3 1 9999 -211 64 4 80,2012,-498280,-483848,-464764,-442439,-417911,-392942,-368555,-345740,-324547,-305515,-288371,-273370,-260593,-250118,-241935,-236060,-232544,-231409,-232695,-236458,-242754,-251561,-262940,-276870,-293207,-311558,-332159,-354461,-377986,-402413,-426970,-450772,-473354,,,,,,,,,,,,,,,,,,,,,,,,,,,,,,,,,,,,,,,,,,,,,,,,,,,,,,,,,,,,,,,,,,,,
RECAL 3 0 9999 9999 64 4 80,-253,-234364,-234210,-234075,-233949,-233822,-233726,-233624,-233535,-233447,-233370,-233308,-233243,-233187,-233140,-233103,-233075,-233039,-233009,-232993,-232981,-232968,-232960,-232963,-232964,-232968,-232982,-232991,-233001,-233016,-233031,-233053,-233074,-233096,,,,,,,,,,,,,,,,,,,,,,,,,,,,,,,,,,,,,,,,,,,,,,,,,,,,,,,,,,,,,,,,,,,,
RECAL 3 1 9999 -165 64 4 80,1201,-344234,-331410,-319229,-307753,-297106,-287168,-277933,-269529,-261966,-255256,-249418,-244449,-240358,-237170,-234863,-233452,-232947,-233368,-234712,-236995,-240183,-244356,-249478,-255547,-262578,-270550,-279433,-289198,-299768,-311305,-323590,-336607,-350274,,,,,,,,,,,,,,,,,,,,,,,,,,,,,,,,,,,,,,,,,,,,,,,,,,,,,,,,,,,,,,,,,,,,
RECAL 3 0 9999 9999 64 4 80,-709,-238246,-237012,-235886,-234831,-233872,-232986,-232197,-231478,-230848,-230292,-229813,-229420,-229076,-228823,-228630,-228505,-228458,-228455,-228530,-228666,-228856,-229108,-229420,-229787,-230209,-230692,-231217,-231801,-232441,-233121,-233859,-234649,-235471,,,,,,,,,,,,,,,,,,,,,,,,,,,,,,,,,,,,,,,,,,,,,,,,,,,,,,,,,,,,,,,,,,,,
RECAL 3 1 9999 -643 64 4 80,-1177,-315285,-304121,-293737,-284136,-275303,-267231,-259932,-253503,-247759,-242779,-238530,-235037,-232280,-230258,-228952,-228345,-228436,-229245,-230744,-232946,-235832,-239395,-243615,-248398,-253874,-259972,-266688,-273951,-281769,-290083,-298797,-307941,-317489,,,,,,,,,,,,,,,,,,,,,,,,,,,,,,,,,,,,,,,,,,,,,,,,,,,,,,,,,,,,,,,,,,,,
RECAL 3 0 9999 9999 64 4 80,-723,-241004,-239791,-238681,-237655,-236732,-235881,-235109,-234433,-233814,-233285,-232829,-232445,-232140,-231900,-231732,-231638,-231604,-231636,-231729,-231889,-232099,-232369,-232717,-233096,-233541,-234038,-234593,-235194,-235850,-236545,-237300,-238115,-238967,,,,,,,,,,,,,,,,,,,,,,,,,,,,,,,,,,,,,,,,,,,,,,,,,,,,,,,,,,,,,,,,,,,,
RECAL 3 1 9999 -659 64 4 80,-2052,-462991,-440549,-415686,-389865,-364899,-341622,-320281,-301167,-284419,-269902,-257568,-247551,-239788,-234325,-231159,-230251,-231576,-235117,-240788,-248667,-258652,-270701,-284680,-300392,-317701,-336368,-356061,-376660,-398371,-420320,-442409,-463415,-482567,,,,,,,,,,,,,,,,,,,,,,,,,,,,,,,,,,,,,,,,,,,,,,,,,,,,,,,,,,,,,,,,,,,,
RECAL 3 0 9999 9999 64 4 80,153,-242354,-242300,-242246,-242199,-242157,-242111,-242079,-242047,-242014,-241996,-241981,-241962,-241958,-241948,-241958,-241959,-241966,-241979,-242010,-242037,-242083,-242128,-242186,-242242,-242319,-242393,-242481,-242578,-242682,-242810,-242932,-243077,-243214,,,,,,,,,,,,,,,,,,,,,,,,,,,,,,,,,,,,,,,,,,,,,,,,,,,,,,,,,,,,,,,,,,,,
RECAL 3 1 9999 206 64 4 80,-2648,-512449,-506370,-495585,-476441,-447215,-413078,-378465,-347434,-319709,-296133,-276668,-261190,-249720,-242153,-238390,-238312,-241852,-248945,-259514,-273444,-290515,-310402,-332766,-356880,-382696,-409550,-436983,-463732,-487438,-503265,-510664,-515941,-518261,,,,,,,,,,,,,,,,,,,,,,,,,,,,,,,,,,,,,,,,,,,,,,,,,,,,,,,,,,,,,,,,,,,,
RECAL 3 0 9999 9999 64 4 80,-2239,-335411,-322626,-310825,-299959,-290121,-281153,-273095,-265955,-259682,-254339,-249866,-246224,-243419,-241430,-240272,-239915,-240356,-241602,-243630,-246457,-250067,-254466,-259676,-265665,-272449,-280107,-288587,-297839,-307984,-319018,-330906,-343714,-357211,,,,,,,,,,,,,,,,,,,,,,,,,,,,,,,,,,,,,,,,,,,,,,,,,,,,,,,,,,,,,,,,,,,,
RECAL 3 1 9999 -2179 64 4 80,-2680,-512798,-507791,-500077,-481647,-449201,-411653,-375858,-344002,-316460,-293165,-273972,-258721,-247397,-239886,-236147,-236151,-239869,-247320,-258427,-273173,-291321,-312563,-336458,-362280,-389613,-417725,-445226,-470690,-492622,-506302,-512941,-516536,-518536,,,,,,,,,,,,,,,,,,,,,,,,,,,,,,,,,,,,,,,,,,,,,,,,,,,,,,,,,,,,,,,,,,,,
RECAL 3 0 9999 9999 64 4 80,-2332,-347521,-332801,-319232,-306780,-295385,-285094,-275798,-267510,-260302,-253971,-248625,-244203,-240723,-238163,-236518,-235782,-235961,-237033,-238996,-241873,-245618,-250251,-255773,-262165,-269379,-277574,-286677,-296649,-307632,-319564,-332417,-346302,-360957,,,,,,,,,,,,,,,,,,,,,,,,,,,,,,,,,,,,,,,,,,,,,,,,,,,,,,,,,,,,,,,,,,,,
RECAL 3 1 9999 -2271 64 4 80,-2096,-481831,-459524,-432423,-404155,-376849,-351903,-329239,-309084,-291401,-276162,-263326,-252892,-244838,-239162,-235728,-234602,-235753,-239176,-244863,-252718,-262760,-275087,-289510,-305901,-324177,-344032,-365169,-387154,-409743,-431949,-453967,-474107,-491148,,,,,,,,,,,,,,,,,,,,,,,,,,,,,,,,,,,,,,,,,,,,,,,,,,,,,,,,,,,,,,,,,,,,
RECAL 3 0 9999 9999 64 4 80,-2334,-346544,-331511,-317689,-304993,-293443,-282970,-273513,-265109,-257775,-251353,-245909,-241429,-237884,-235277,-233606,-232835,-232982,-234047,-236016,-238896,-242677,-247327,-252872,-259325,-266561,-274819,-283992,-294060,-305075,-317092,-330045,-343996,-358857,,,,,,,,,,,,,,,,,,,,,,,,,,,,,,,,,,,,,,,,,,,,,,,,,,,,,,,,,,,,,,,,,,,,
RECAL 3 1 9999 -2273 64 4 80,-1250,-332283,-319529,-307598,-296504,-286378,-277094,-268718,-261241,-254652,-249033,-244176,-240178,-237027,-234727,-233265,-232623,-232805,-233772,-235524,-238056,-241358,-245434,-250242,-255810,-262113,-269045,-276752,-285117,-294104,-303711,-313877,-324554,-335713,,,,,,,,,,,,,,,,,,,,,,,,,,,,,,,,,,,,,,,,,,,,,,,,,,,,,,,,,,,,,,,,,,,,
RECAL 3 0 9999 9999 64 4 80,-2307,-341001,-326608,-313232,-300942,-289783,-279628,-270468,-262340,-255144,-248952,-243645,-239274,-235835,-233323,-231705,-230987,-231158,-232192,-234090,-236876,-240548,-245073,-250459,-256718,-263877,-271876,-280742,-290497,-301082,-312624,-325122,-338595,-353014,,,,,,,,,,,,,,,,,,,,,,,,,,,,,,,,,,,,,,,,,,,,,,,,,,,,,,,,,,,,,,,,,,,,
RECAL 3 1 9999 -2246 64 4 80,1130,-335669,-323788,-312542,-301997,-292152,-283003,-274651,-266918,-259893,-253630,-248111,-243336,-239313,-236059,-233571,-231858,-230954,-230852,-231590,-233171,-235609,-238919,-243040,-248097,-254031,-260880,-268624,-277228,-286702,-296974,-308083,-319907,-332443,,,,,,,,,,,,,,,,,,,,,,,,,,,,,,,,,,,,,,,,,,,,,,,,,,,,,,,,,,,,,,,,,,,,
RECAL 3 0 9999 9999 64 4 80,-2255,-329349,-316353,-304430,-293557,-283819,-274873,-266862,-259750,-253542,-248256,-243819,-240238,-237513,-235650,-234600,-234367,-234950,-236315,-238504,-241475,-245180,-249729,-255052,-261198,-268164,-275926,-284532,-293944,-304232,-315503,-327688,-340851,-354940,,,,,,,,,,,,,,,,,,,,,,,,,,,,,,,,,,,,,,,,,,,,,,,,,,,,,,,,,,,,,,,,,,,,
RECAL 3 1 9999 -2196 64 4 80,1969,-497261,-482936,-462387,-437303,-410812,-384499,-359855,-337317,-316999,-298889,-283085,-269449,-258014,-248846,-241819,-236965,-234331,-233940,-235824,-240041,-246539,-255479,-266888,-280717,-296883,-315377,-335971,-358308,-382037,-406799,-431292,-454493,-475521,,,,,,,,,,,,,,,,,,,,,,,,,,,,,,,,,,,,,,,,,,,,,,,,,,,,,,,,,,,,,,,,,,,,
RECAL 3 0 9999 9999 64 4 80,-2256,-331534,-318894,-307326,-296739,-287218,-278620,-270796,-263832,-257730,-252459,-248033,-244394,-241564,-239530,-238283,-237792,-238063,-239102,-240890,-243441,-246728,-250710,-255511,-261079,-267429,-274550,-282479,-291176,-300688,-311171,-322546,-334867,-348181,,,,,,,,,,,,,,,,,,,,,,,,,,,,,,,,,,,,,,,,,,,,,,,,,,,,,,,,,,,,,,,,,,,,
RECAL 3 1 9999 -2195 64 4 80,2557,-516896,-516249,-513124,-508160,-498819,-479230,-448149,-413678,-380147,-349853,-323041,-299903,-280511,-264555,-252110,-243177,-237735,-235857,-237572,-243020,-252276,-265476,-282709,-303953,-329176,-358030,-389601,-422250,-452853,-477443,-495506,-506587,-513427,,,,,,,,,,,,,,,,,,,,,,,,,,,,,,,,,,,,,,,,,,,,,,,,,,,,,,,,,,,,,,,,,,,,
RECAL 3 0 9999 9999 64 4 80,2128,-338085,-326732,-316238,-306520,-297553,-289508,-282127,-275457,-269456,-264174,-259597,-255702,-252549,-250070,-248282,-247208,-246855,-247225,-248311,-250156,-252715,-256116,-260304,-265312,-271124,-277807,-285312,-293674,-302816,-312988,-324087,-336193,-349279,,,,,,,,,,,,,,,,,,,,,,,,,,,,,,,,,,,,,,,,,,,,,,,,,,,,,,,,,,,,,,,,,,,,
RECAL 3 1 9999 2192 64 4 80,-2726,-511944,-503105,-486616,-462787,-433647,-402599,-371889,-343250,-317547,-295325,-277105,-262401,-251599,-244653,-241552,-242254,-246724,-254927,-266827,-282201,-300994,-323163,-348380,-376161,-405860,-435689,-463432,-486969,-502177,-511796,-516667,-519140,-519349,,,,,,,,,,,,,,,,,,,,,,,,,,,,,,,,,,,,,,,,,,,,,,,,,,,,,,,,,,,,,,,,,,,,
RECAL 3 0 9999 9999 64 4 80,2096,-336542,-324926,-314066,-303950,-294725,-286120,-278211,-271006,-264527,-258744,-253712,-249382,-245790,-242937,-240776,-239332,-238596,-238597,-239313,-240778,-242964,-245950,-249685,-254190,-259494,-265622,-272537,-280323,-288914,-298482,-309012,-320481,-332848,,,,,,,,,,,,,,,,,,,,,,,,,,,,,,,,,,,,,,,,,,,,,,,,,,,,,,,,,,,,,,,,,,,,
RECAL 3 1 9999 2162 64 4 80,-2130,-462928,-440486,-417366,-393772,-370818,-349295,-328724,-309918,-293075,-278341,-265810,-255502,-247494,-241750,-238303,-237225,-238493,-242096,-248021,-256239,-266767,-279408,-294306,-311322,-330266,-350903,-372941,-395932,-419136,-441707,-462835,-481080,-494952,,,,,,,,,,,,,,,,,,,,,,,,,,,,,,,,,,,,,,,,,,,,,,,,,,,,,,,,,,,,,,,,,,,,
RECAL 3 0 9999 9999 64 4 80,2074,-338099,-326812,-316247,-306278,-297032,-288547,-280708,-273611,-267217,-261513,-256597,-252318,-248758,-245915,-243776,-242358,-241675,-241718,-242506,-244007,-246257,-249261,-253008,-257545,-262876,-269012,-275878,-283650,-292210,-301596,-311870,-322979,-334951,,,,,,,,,,,,,,,,,,,,,,,,,,,,,,,,,,,,,,,,,,,,,,,,,,,,,,,,,,,,,,,,,,,,
RECAL 3 1 9999 2140 64 4 80,-1267,-340925,-328822,-317442,-306764,-296854,-287797,-279553,-272099,-265500,-259677,-254660,-250487,-247117,-244565,-242780,-241791,-241605,-242197,-243590,-245744,-248669,-252392,-256894,-262210,-268284,-275099,-282660,-290937,-299868,-309400,-319701,-330584,-342051,,,,,,,,,,,,,,,,,,,,,,,,,,,,,,,,,,,,,,,,,,,,,,,,,,,,,,,,,,,,,,,,,,,,
RECAL 3 0 9999 9999 64 4 80,2136,-338188,-326227,-315103,-304870,-295389,-286678,-278655,-271351,-264766,-258888,-253805,-249404,-245721,-242778,-240559,-239089,-238351,-238377,-239167,-240747,-243131,-246327,-250358,-255210,-260946,-267545,-274917,-283276,-292539,-302718,-313853,-325944,-338995,,,,,,,,,,,,,,,,,,,,,,,,,,,,,,,,,,,,,,,,,,,,,,,,,,,,,,,,,,,,,,,,,,,,
RECAL 3 1 9999 2202 64 4 80,1149,-337820,-326904,-316334,-306324,-296860,-288095,-279917,-272427,-265621,-259533,-254230,-249692,-245880,-242816,-240519,-238992,-238268,-238333,-239207,-240909,-243429,-246788,-251005,-256083,-262054,-268943,-276787,-285537,-295148,-305687,-317123,-329399,-342531,,,,,,,,,,,,,,,,,,,,,,,,,,,,,,,,,,,,,,,,,,,,,,,,,,,,,,,,,,,,,,,,,,,,
RECAL 3 0 9999 9999 64 4 80,2203,-349338,-336605,-324567,-313346,-302910,-293310,-284513,-276486,-269228,-262766,-257145,-252223,-248075,-244695,-242081,-240262,-239232,-239004,-239562,-240901,-243064,-246013,-249806,-254442,-259952,-266362,-273547,-281772,-290882,-300921,-312005,-324070,-337151,,,,,,,,,,,,,,,,,,,,,,,,,,,,,,,,,,,,,,,,,,,,,,,,,,,,,,,,,,,,,,,,,,,,
RECAL 3 1 9999 2270 64 4 80,2008,-489715,-472404,-451456,-429032,-406319,-383723,-361988,-341435,-322215,-304685,-289184,-275417,-263712,-254164,-246856,-241768,-238954,-238449,-240303,-244455,-250953,-259822,-271143,-284854,-300968,-319520,-340050,-362731,-387166,-412463,-437190,-460215,-479519,,,,,,,,,,,,,,,,,,,,,,,,,,,,,,,,,,,,,,,,,,,,,,,,,,,,,,,,,,,,,,,,,,,,
RECAL 3 0 9999 9999 64 4 80,2198,-351758,-339707,-328491,-318020,-308325,-299358,-291221,-283813,-277152,-271246,-266076,-261694,-257976,-254982,-252741,-251238,-250485,-250478,-251227,-252726,-254955,-257959,-261746,-266346,-271706,-277915,-284960,-292777,-301538,-311229,-321838,-333425,-346039,,,,,,,,,,,,,,,,,,,,,,,,,,,,,,,,,,,,,,,,,,,,,,,,,,,,,,,,,,,,,,,,,,,,
RECAL 3 1 9999 2264 64 4 80,2605,-518683,-517587,-513515,-507916,-494835,-474187,-447152,-418151,-389056,-361581,-336549,-314248,-294929,-278753,-265769,-256265,-250349,-248019,-249408,-254558,-263623,-276470,-293469,-314640,-340050,-369538,-403035,-438381,-471050,-493942,-505717,-511281,-515122,,,,,,,,,,,,,,,,,,,,,,,,,,,,,,,,,,,,,,,,,,,,,,,,,,,,,,,,,,,,,,,,,,,,
RECAL 3 0 9999 9999 64 4 80,261,-242544,-242462,-242397,-242319,-242261,-242220,-242166,-242120,-242094,-242073,-242062,-242056,-242060,-242077,-242097,-242146,-242184,-242252,-242336,-242409,-242505,-242622,-242747,-242880,-243032,-243209,-243391,-243596,-243810,-244046,-244292,-244557,-244846,,,,,,,,,,,,,,,,,,,,,,,,,,,,,,,,,,,,,,,,,,,,,,,,,,,,,,,,,,,,,,,,,,,,
RECAL 3 1 9999 305 64 4 80,2618,-518207,-517657,-515414,-509661,-498583,-479168,-451322,-420416,-389884,-360812,-334110,-310266,-289717,-272520,-258780,-248599,-242049,-239152,-239960,-244563,-253027,-265436,-281804,-302218,-326785,-355493,-387834,-422796,-456471,-482975,-499540,-508747,-514273,,,,,,,,,,,,,,,,,,,,,,,,,,,,,,,,,,,,,,,,,,,,,,,,,,,,,,,,,,,,,,,,,,,,
RECAL 3 0 9999 9999 64 4 80,287,-237932,-237788,-237651,-237516,-237402,-237299,-237194,-237108,-237021,-236952,-236910,-236864,-236835,-236817,-236822,-236815,-236851,-236899,-236960,-237033,-237126,-237227,-237356,-237502,-237654,-237840,-238049,-238273,-238519,-238790,-239086,-239392,-239734,,,,,,,,,,,,,,,,,,,,,,,,,,,,,,,,,,,,,,,,,,,,,,,,,,,,,,,,,,,,,,,,,,,,
RECAL 3 1 9999 343 64 4 80,2025,-495003,-478224,-457649,-434323,-410460,-386792,-364338,-342930,-323046,-304924,-288767,-274592,-262545,-252680,-245097,-239834,-236830,-236122,-237744,-241732,-248100,-256907,-268030,-281680,-297749,-316275,-337058,-359883,-384590,-410282,-435867,-459949,-480319,,,,,,,,,,,,,,,,,,,,,,,,,,,,,,,,,,,,,,,,,,,,,,,,,,,,,,,,,,,,,,,,,,,,
RECAL 3 0 9999 9999 64 4 80,-502,-237899,-237549,-237233,-236951,-236714,-236512,-236339,-236194,-236072,-235990,-235936,-235904,-235915,-235926,-235974,-236061,-236153,-236264,-236417,-236578,-236762,-236977,-237207,-237459,-237726,-238020,-238326,-238645,-238987,-239338,-239707,-240094,-240500,,,,,,,,,,,,,,,,,,,,,,,,,,,,,,,,,,,,,,,,,,,,,,,,,,,,,,,,,,,,,,,,,,,,
RECAL 3 1 9999 -456 64 4 80,1179,-334639,-323206,-312434,-302299,-292825,-284006,-275852,-268398,-261666,-255687,-250528,-246085,-242422,-239567,-237513,-236282,-235896,-236345,-237675,-239898,-243004,-247038,-251977,-257858,-264693,-272465,-281065,-290720,-301262,-312745,-325083,-338301,-352289,,,,,,,,,,,,,,,,,,,,,,,,,,,,,,,,,,,,,,,,,,,,,,,,,,,,,,,,,,,,,,,,,,,,
RECAL 3 0 9999 9999 64 4 80,-755,-242741,-241705,-240763,-239907,-239147,-238458,-237880,-237370,-236942,-236584,-236322,-236126,-235998,-235951,-235982,-236071,-236219,-236448,-236729,-237106,-237526,-238011,-238570,-239186,-239862,-240609,-241401,-242249,-243158,-244100,-245121,-246179,-247302,,,,,,,,,,,,,,,,,,,,,,,,,,,,,,,,,,,,,,,,,,,,,,,,,,,,,,,,,,,,,,,,,,,,
RECAL 3 1 9999 -702 64 4 80,-1238,-330845,-319262,-308363,-298177,-288791,-280096,-272273,-265120,-258736,-253165,-248382,-244381,-241152,-238691,-237004,-236078,-235955,-236581,-237993,-240163,-243095,-246767,-251105,-256243,-262123,-268700,-275997,-283995,-292624,-301906,-311838,-322239,-333164,,,,,,,,,,,,,,,,,,,,,,,,,,,,,,,,,,,,,,,,,,,,,,,,,,,,,,,,,,,,,,,,,,,,
RECAL 3 0 9999 9999 64 4 80,-689,-244836,-244115,-243481,-242917,-242416,-241967,-241570,-241256,-241001,-240807,-240663,-240597,-240557,-240591,-240692,-240823,-241026,-241268,-241565,-241905,-242294,-242730,-243203,-243718,-244295,-244892,-245540,-246227,-246938,-247688,-248488,-249316,-250190,,,,,,,,,,,,,,,,,,,,,,,,,,,,,,,,,,,,,,,,,,,,,,,,,,,,,,,,,,,,,,,,,,,,
RECAL 3 1 9999 -641 64 4 80,-2112,-465179,-443357,-420047,-396430,-373262,-351313,-330850,-312108,-295295,-280483,-267860,-257508,-249493,-243780,-240374,-239292,-240511,-243975,-249754,-257791,-268109,-280665,-295347,-312200,-331090,-351554,-373411,-396449,-419980,-443016,-464459,-482440,-496408,,,,,,,,,,,,,,,,,,,,,,,,,,,,,,,,,,,,,,,,,,,,,,,,,,,,,,,,,,,,,,,,,,,,
RECAL 3 0 9999 9999 64 4 80,-594,-244827,-244314,-243850,-243426,-243046,-242711,-242410,-242157,-241932,-241754,-241604,-241491,-241421,-241377,-241361,-241391,-241445,-241529,-241661,-241806,-241988,-242196,-242421,-242682,-242966,-243282,-243615,-244000,-244369,-244776,-245218,-245641,-246112,,,,,,,,,,,,,,,,,,,,,,,,,,,,,,,,,,,,,,,,,,,,,,,,,,,,,,,,,,,,,,,,,,,,
RECAL 3 1 9999 -539 64 4 80,-2712,-511042,-501669,-483832,-458750,-428817,-397336,-366466,-338318,-312701,-290563,-272083,-257386,-246577,-239586,-236423,-237025,-241308,-249230,-260797,-275979,-294679,-316818,-342121,-369884,-400248,-431105,-460279,-484517,-500876,-510701,-515202,-517891,-519648,,,,,,,,,,,,,,,,,,,,,,,,,,,,,,,,,,,,,,,,,,,,,,,,,,,,,,,,,,,,,,,,,,,,
RECAL 3 0 9999 9999 64 4 80,-2338,-327681,-316133,-305470,-295803,-287087,-279245,-272309,-266268,-261051,-256761,-253253,-250605,-248776,-247795,-247647,-248313,-249821,-252146,-255257,-259214,-263991,-269588,-276012,-283285,-291394,-300261,-310140,-320920,-332626,-345292,-358978,-373698,-389559,,,,,,,,,,,,,,,,,,,,,,,,,,,,,,,,,,,,,,,,,,,,,,,,,,,,,,,,,,,,,,,,,,,,
RECAL 3 1 9999 -2283 64 4 80,-2730,-513972,-507244,-495753,-475354,-446812,-414711,-382604,-352853,-326186,-303144,-283841,-268460,-256684,-248708,-244559,-244175,-247561,-254654,-265527,-280033,-297953,-319457,-344464,-372589,-403684,-436006,-466036,-489781,-504522,-511710,-515544,-518228,-518339,,,,,,,,,,,,,,,,,,,,,,,,,,,,,,,,,,,,,,,,,,,,,,,,,,,,,,,,,,,,,,,,,,,,
RECAL 3 0 9999 9999 64 4 80,-2361,-326725,-314464,-303235,-293040,-283804,-275514,-268119,-261572,-255911,-251154,-247308,-244329,-242252,-241048,-240728,-241284,-242720,-245049,-248264,-252349,-257328,-263233,-270017,-277619,-286091,-295421,-305694,-316922,-329105,-342322,-356501,-371596,-388019,,,,,,,,,,,,,,,,,,,,,,,,,,,,,,,,,,,,,,,,,,,,,,,,,,,,,,,,,,,,,,,,,,,,
RECAL 3 1 9999 -2306 64 4 80,-2135,-471677,-449398,-425302,-400665,-376554,-353882,-332959,-313749,-296634,-281708,-269001,-258552,-250411,-244555,-240965,-239677,-240723,-244102,-249806,-257815,-268170,-280807,-295508,-312613,-331862,-353171,-376261,-400946,-426071,-450354,-472918,-489700,-501632,,,,,,,,,,,,,,,,,,,,,,,,,,,,,,,,,,,,,,,,,,,,,,,,,,,,,,,,,,,,,,,,,,,,
RECAL 3 0 9999 9999 64 4 80,-2380,-327590,-315016,-303461,-293012,-283653,-275145,-267567,-260937,-255228,-250429,-246531,-243526,-241373,-240140,-239803,-240378,-241871,-244273,-247575,-251796,-256860,-262906,-269879,-277778,-286619,-296356,-307114,-318806,-331331,-344832,-359337,-374902,-391633,,,,,,,,,,,,,,,,,,,,,,,,,,,,,,,,,,,,,,,,,,,,,,,,,,,,,,,,,,,,,,,,,,,,
RECAL 3 1 9999 -2325 64 4 80,-1277,-335869,-323624,-312191,-301517,-291712,-282725,-274572,-267285,-260896,-255388,-250713,-246860,-243829,-241607,-240194,-239600,-239806,-240784,-242582,-245153,-248486,-252610,-257506,-263179,-269674,-276948,-284982,-293744,-303245,-313469,-324383,-335996,-348046,,,,,,,,,,,,,,,,,,,,,,,,,,,,,,,,,,,,,,,,,,,,,,,,,,,,,,,,,,,,,,,,,,,,
RECAL 3 0 9999 9999 64 4 80,-2324,-317571,-305748,-294950,-285162,-276301,-268364,-261423,-255305,-250062,-245689,-242165,-239506,-237703,-236759,-236649,-237372,-238931,-241318,-244528,-248571,-253426,-259144,-265652,-273063,-281324,-290461,-300421,-311323,-323106,-335825,-349720,-364563,-380511,,,,,,,,,,,,,,,,,,,,,,,,,,,,,,,,,,,,,,,,,,,,,,,,,,,,,,,,,,,,,,,,,,,,
RECAL 3 1 9999 -2269 64 4 80,1134,-332259,-321312,-310914,-301093,-291946,-283519,-275617,-268426,-261913,-256130,-251078,-246771,-243204,-240398,-238369,-237085,-236595,-236860,-237911,-239772,-242438,-245867,-250142,-255262,-261231,-268052,-275727,-284280,-293660,-304018,-315353,-327502,-340549,,,,,,,,,,,,,,,,,,,,,,,,,,,,,,,,,,,,,,,,,,,,,,,,,,,,,,,,,,,,,,,,,,,,
RECAL 3 0 9999 9999 64 4 80,-2261,-317742,-306909,-296979,-287988,-279774,-272382,-265879,-260079,-255079,-250867,-247431,-244757,-242843,-241678,-241286,-241672,-242830,-244782,-247514,-251027,-255307,-260401,-266227,-272887,-280357,-288655,-297727,-307687,-318509,-330174,-342650,-355985,-370251,,,,,,,,,,,,,,,,,,,,,,,,,,,,,,,,,,,,,,,,,,,,,,,,,,,,,,,,,,,,,,,,,,,,
RECAL 3 1 9999 -2205 64 4 80,1997,-496479,-481151,-460791,-437726,-414203,-390347,-367379,-346001,-326262,-308403,-292476,-278585,-266763,-257152,-249637,-244331,-241261,-240447,-241930,-245716,-251834,-260291,-271041,-284106,-299472,-317222,-337295,-359596,-383988,-409670,-436059,-461101,-481967,,,,,,,,,,,,,,,,,,,,,,,,,,,,,,,,,,,,,,,,,,,,,,,,,,,,,,,,,,,,,,,,,,,,
RECAL 3 0 9999 9999 64 4 80,-2271,-326825,-316165,-306396,-297451,-289426,-282160,-275663,-269953,-265037,-260792,-257306,-254573,-252563,-251272,-250714,-250888,-251780,-253433,-255808,-258968,-262882,-267567,-272975,-279187,-286060,-293771,-302319,-311690,-321907,-332974,-345008,-357973,-371846,,,,,,,,,,,,,,,,,,,,,,,,,,,,,,,,,,,,,,,,,,,,,,,,,,,,,,,,,,,,,,,,,,,,
RECAL 3 1 9999 -2214 64 4 80,2595,-518911,-519797,-515757,-512081,-503923,-487363,-461665,-430486,-399314,-369588,-342909,-319311,-298910,-281872,-268093,-257669,-250607,-247082,-247134,-250829,-258213,-269411,-284460,-303348,-325911,-352871,-383903,-418668,-454723,-485189,-503219,-510092,-513384,,,,,,,,,,,,,,,,,,,,,,,,,,,,,,,,,,,,,,,,,,,,,,,,,,,,,,,,,,,,,,,,,,,,
RECAL 3 0 9999 9999 64 4 80,2114,-356940,-343642,-331344,-319950,-309447,-299813,-291036,-283047,-275921,-269597,-264026,-259198,-255112,-251778,-249197,-247336,-246250,-245886,-246291,-247454,-249406,-252116,-255630,-259927,-265112,-271156,-278087,-285887,-294573,-304193,-314760,-326308,-338680,,,,,,,,,,,,,,,,,,,,,,,,,,,,,,,,,,,,,,,,,,,,,,,,,,,,,,,,,,,,,,,,,,,,
RECAL 3 1 9999 2182 64 4 80,-2715,-512758,-505779,-493062,-473528,-446319,-415624,-383816,-353918,-326427,-302564,-282638,-266641,-254670,-246686,-242598,-242320,-245746,-252744,-263307,-277322,-294608,-315017,-338277,-363538,-390815,-418794,-446111,-471513,-493067,-506729,-514048,-517823,-518049,,,,,,,,,,,,,,,,,,,,,,,,,,,,,,,,,,,,,,,,,,,,,,,,,,,,,,,,,,,,,,,,,,,,
RECAL 3 0 9999 9999 64 4 80,2078,-342044,-329224,-317149,-305939,-295589,-286107,-277388,-269464,-262334,-256073,-250493,-245678,-241624,-238320,-235789,-234033,-233032,-232820,-233368,-234673,-236736,-239612,-243260,-247703,-252969,-259008,-265981,-273782,-282443,-291985,-302376,-313724,-325985,,,,,,,,,,,,,,,,,,,,,,,,,,,,,,,,,,,,,,,,,,,,,,,,,,,,,,,,,,,,,,,,,,,,
RECAL 3 1 9999 2145 64 4 80,-2118,-467828,-446491,-423728,-400374,-376890,-354361,-332886,-313059,-295167,-279363,-265661,-254249,-245218,-238549,-234274,-232363,-232792,-235559,-240551,-247824,-257324,-268994,-282740,-298376,-315813,-334707,-354738,-375415,-396677,-417967,-438837,-459211,-478151,,,,,,,,,,,,,,,,,,,,,,,,,,,,,,,,,,,,,,,,,,,,,,,,,,,,,,,,,,,,,,,,,,,,
RECAL 3 0 9999 9999 64 4 80,2162,-349874,-335923,-322927,-310848,-299764,-289479,-280008,-271382,-263611,-256672,-250565,-245285,-240765,-237037,-234157,-232126,-230938,-230595,-231116,-232505,-234716,-237828,-241854,-246767,-252587,-259352,-267085,-275777,-285327,-295746,-307194,-319634,-333112,,,,,,,,,,,,,,,,,,,,,,,,,,,,,,,,,,,,,,,,,,,,,,,,,,,,,,,,,,,,,,,,,,,,
RECAL 3 1 9999 2230 64 4 80,-1251,-327893,-316123,-305048,-294720,-285112,-276217,-268092,-260758,-254209,-248524,-243579,-239441,-236092,-233546,-231781,-230804,-230601,-231153,-232498,-234616,-237498,-241153,-245552,-250687,-256544,-263021,-270283,-278217,-286786,-295923,-305680,-315958,-326679,,,,,,,,,,,,,,,,,,,,,,,,,,,,,,,,,,,,,,,,,,,,,,,,,,,,,,,,,,,,,,,,,,,,
RECAL 3 0 9999 9999 64 4 80,2059,-332391,-320375,-309200,-298832,-289313,-280529,-272393,-264995,-258326,-252448,-247339,-242971,-239339,-236470,-234375,-232996,-232366,-232505,-233406,-235085,-237543,-240804,-244791,-249550,-255109,-261484,-268706,-276764,-285686,-295470,-306013,-317630,-330159,,,,,,,,,,,,,,,,,,,,,,,,,,,,,,,,,,,,,,,,,,,,,,,,,,,,,,,,,,,,,,,,,,,,
RECAL 3 1 9999 2124 64 4 80,1159,-337841,-326455,-315568,-305145,-295304,-286101,-277496,-269638,-262493,-256054,-250377,-245425,-241247,-237832,-235192,-233369,-232317,-232091,-232673,-234095,-236355,-239501,-243486,-248412,-254233,-260997,-268662,-277230,-286682,-296953,-308135,-319916,-332600,,,,,,,,,,,,,,,,,,,,,,,,,,,,,,,,,,,,,,,,,,,,,,,,,,,,,,,,,,,,,,,,,,,,
RECAL 3 0 9999 9999 64 4 80,2144,-342929,-329996,-317969,-306845,-296560,-287163,-278532,-270688,-263699,-257392,-251894,-247157,-243189,-239980,-237544,-235876,-234983,-234856,-235547,-237055,-239384,-242548,-246544,-251391,-257021,-263615,-271101,-279518,-288857,-299133,-310441,-322792,-336131,,,,,,,,,,,,,,,,,,,,,,,,,,,,,,,,,,,,,,,,,,,,,,,,,,,,,,,,,,,,,,,,,,,,
RECAL 3 1 9999 2211 64 4 80,2008,-493710,-476637,-457070,-435350,-413067,-390643,-368558,-347497,-327492,-309016,-292449,-277501,-264585,-253798,-245209,-238852,-234802,-233077,-233724,-236717,-242090,-249851,-260056,-272718,-287797,-305193,-324667,-346494,-369917,-394533,-419290,-443018,-464199,,,,,,,,,,,,,,,,,,,,,,,,,,,,,,,,,,,,,,,,,,,,,,,,,,,,,,,,,,,,,,,,,,,,
RECAL 3 0 9999 9999 64 4 80,2136,-345709,-333211,-321648,-311186,-301501,-292650,-284555,-277205,-270592,-264722,-259599,-255147,-251423,-248415,-246124,-244553,-243709,-243562,-244125,-245461,-247553,-250417,-254048,-258479,-263718,-269762,-276541,-284234,-292813,-302261,-312700,-324095,-336582,,,,,,,,,,,,,,,,,,,,,,,,,,,,,,,,,,,,,,,,,,,,,,,,,,,,,,,,,,,,,,,,,,,,
RECAL 3 1 9999 2203 64 4 80,2603,-518063,-518056,-513941,-506614,-494247,-473336,-447443,-419037,-389923,-361995,-336130,-312834,-292472,-275248,-261181,-250537,-243459,-239980,-240194,-244180,-252012,-263802,-279409,-299331,-323569,-352171,-384804,-420693,-455979,-483856,-498883,-508323,-513381,,,,,,,,,,,,,,,,,,,,,,,,,,,,,,,,,,,,,,,,,,,,,,,,,,,,,,,,,,,,,,,,,,,,
RECAL 3 0 9999 9999 64 4 80,-288,-246807,-246732,-246666,-246603,-246554,-246502,-246467,-246441,-246428,-246414,-246399,-246395,-246410,-246410,-246436,-246452,-246487,-246511,-246542,-246580,-246616,-246670,-246719,-246776,-246827,-246872,-246947,-246995,-247063,-247126,-247195,-247254,-247322,,,,,,,,,,,,,,,,,,,,,,,,,,,,,,,,,,,,,,,,,,,,,,,,,,,,,,,,,,,,,,,,,,,,
RECAL 3 1 9999 -245 64 4 80,2629,-518662,-516696,-514970,-510013,-498428,-480116,-454142,-425238,-395151,-366113,-339435,-315520,-294792,-277423,-263510,-253238,-246392,-243168,-243663,-247920,-256024,-268122,-284281,-304560,-328982,-357862,-391265,-428409,-464589,-491992,-504265,-510450,-514969,,,,,,,,,,,,,,,,,,,,,,,,,,,,,,,,,,,,,,,,,,,,,,,,,,,,,,,,,,,,,,,,,,,,
RECAL 3 0 9999 9999 64 4 80,33,-235273,-235279,-235286,-235283,-235290,-235295,-235304,-235301,-235298,-235308,-235311,-235311,-235321,-235328,-235334,-235341,-235350,-235364,-235376,-235386,-235404,-235429,-235453,-235468,-235498,-235530,-235557,-235598,-235634,-235675,-235710,-235771,-235829,,,,,,,,,,,,,,,,,,,,,,,,,,,,,,,,,,,,,,,,,,,,,,,,,,,,,,,,,,,,,,,,,,,,
RECAL 3 0 9999 75 64 4 80,11,-235357,-235346,-235358,-235345,-235348,-235352,-235343,-235342,-235344,-235340,-235343,-235337,-235340,-235347,-235344,-235346,-235352,-235355,-235358,-235370,-235371,-235378,-235390,-235401,-235414,-235432,-235447,-235464,-235481,-235513,-235535,-235558,-235599,,,,,,,,,,,,,,,,,,,,,,,,,,,,,,,,,,,,,,,,,,,,,,,,,,,,,,,,,,,,,,,,,,,,
RECAL 3 0 9999 75 128 4 80,-53,-235384,-235380,-235374,-235368,-235369,-235371,-235368,-235367,-235360,-235360,-235365,-235366,-235373,-235392,-235397,-235380,-235371,-235368,-235367,-235369,-235359,-235370,-235372,-235364,-235365,-235363,-235359,-235360,-235360,-235359,-235357,-235362,-235368,-235366,-235378,-235374,-235381,-235395,-235406,-235414,-235430,-235440,-235454,-235476,-235497,-235528,-235545,-235585,-235609,-235645,-235680,-235725,-235779,-235828,-235885,-235943,-236010,-236089,-236167,-236245,-236329,-236427,-236522,-236642,-236748,,,,,,,,,,,,,,,,,,,,,,,,,,,,,,,,,,,,
RECAL 3 1 9999 65 128 4 80,1981,-519873,-518518,-519899,-519704,-519369,-519645,-519897,-520014,-519970,-520182,-519780,-521349,-517500,-515412,-514797,-507815,-496443,-481829,-461373,-439090,-415590,-392073,-369013,-347122,-326606,-307844,-291092,-276304,-263632,-253150,-244945,-239002,-235379,-234102,-235182,-238684,-244633,-253057,-264040,-277559,-293583,-312188,-333354,-356762,-381899,-407925,-433603,-457413,-477759,-493688,-504329,-511379,-515885,-517789,-519594,-519645,-519503,-519506,-520453,-519833,-519325,-519586,-520451,-519748,-519353,,,,,,,,,,,,,,,,,,,,,,,,,,,,,,,,,,,,
RECAL 3 0 9999 9999 64 4 80,-697,-240354,-239402,-238516,-237711,-236978,-236315,-235734,-235218,-234765,-234385,-234075,-233834,-233655,-233541,-233487,-233485,-233555,-233674,-233860,-234098,-234381,-234738,-235137,-235573,-236068,-236603,-237192,-237830,-238509,-239226,-239994,-240787,-241623,,,,,,,,,,,,,,,,,,,,,,,,,,,,,,,,,,,,,,,,,,,,,,,,,,,,,,,,,,,,,,,,,,,,
RECAL 3 1 9999 -639 64 4 80,1217,-356549,-343941,-331694,-320020,-308886,-298375,-288580,-279454,-271039,-263351,-256472,-250444,-245290,-240996,-237584,-235074,-233486,-232786,-233008,-234168,-236280,-239363,-243420,-248443,-254428,-261365,-269273,-278153,-288001,-298726,-310431,-323004,-336293,,,,,,,,,,,,,,,,,,,,,,,,,,,,,,,,,,,,,,,,,,,,,,,,,,,,,,,,,,,,,,,,,,,,
RECAL 3 0 9999 9999 64 4 80,249,-238308,-238169,-238040,-237913,-237795,-237680,-237582,-237486,-237398,-237316,-237253,-237193,-237154,-237126,-237094,-237093,-237091,-237114,-237143,-237193,-237252,-237334,-237426,-237541,-237670,-237827,-237992,-238179,-238379,-238611,-238860,-239120,-239416,,,,,,,,,,,,,,,,,,,,,,,,,,,,,,,,,,,,,,,,,,,,,,,,,,,,,,,,,,,,,,,,,,,,
RECAL 3 1 9999 310 64 4 80,-1182,-329585,-318577,-308139,-298336,-289281,-280864,-273181,-266244,-260110,-254642,-249939,-245962,-242733,-240229,-238459,-237409,-237085,-237444,-238487,-240210,-242597,-245629,-249319,-253642,-258537,-264130,-270319,-277084,-284416,-292287,-300681,-309610,-319070,,,,,,,,,,,,,,,,,,,,,,,,,,,,,,,,,,,,,,,,,,,,,,,,,,,,,,,,,,,,,,,,,,,,
RECAL 3 0 9999 9999 64 4 80,-609,-237938,-237418,-236967,-236561,-236219,-235915,-235665,-235456,-235304,-235191,-235130,-235108,-235130,-235195,-235292,-235438,-235613,-235840,-236095,-236390,-236721,-237094,-237499,-237940,-238401,-238901,-239424,-239985,-240584,-241188,-241829,-242500,-243189,,,,,,,,,,,,,,,,,,,,,,,,,,,,,,,,,,,,,,,,,,,,,,,,,,,,,,,,,,,,,,,,,,,,
RECAL 3 1 9999 -565 64 4 80,-2075,-463435,-441744,-418703,-394970,-371539,-349214,-328191,-309238,-292084,-277029,-264200,-253641,-245407,-239449,-235754,-234316,-235084,-238007,-243068,-250239,-259484,-270793,-284124,-299181,-316202,-334764,-354674,-375526,-397063,-418791,-439858,-460012,-478568,,,,,,,,,,,,,,,,,,,,,,,,,,,,,,,,,,,,,,,,,,,,,,,,,,,,,,,,,,,,,,,,,,,,
RECAL 3 0 9999 9999 64 4 80,-420,-243000,-242949,-242906,-242901,-242908,-242937,-242969,-243040,-243120,-243217,-243332,-243462,-243608,-243764,-243938,-244120,-244314,-244531,-244738,-244976,-245222,-245467,-245725,-245987,-246259,-246552,-246834,-247133,-247446,-247750,-248073,-248395,-248726,,,,,,,,,,,,,,,,,,,,,,,,,,,,,,,,,,,,,,,,,,,,,,,,,,,,,,,,,,,,,,,,,,,,
RECAL 3 1 9999 -408 64 4 80,-2682,-515521,-507966,-496825,-476757,-450883,-420658,-389413,-359198,-331831,-307725,-287258,-270476,-257492,-248274,-242790,-240995,-242804,-248217,-257183,-269663,-285564,-304662,-326909,-352038,-379387,-408352,-437066,-464452,-487825,-503135,-512141,-516103,-517699,,,,,,,,,,,,,,,,,,,,,,,,,,,,,,,,,,,,,,,,,,,,,,,,,,,,,,,,,,,,,,,,,,,,
RECAL 3 0 9999 9999 64 4 80,-2278,-327989,-315499,-304173,-293989,-284777,-276483,-269100,-262612,-256997,-252251,-248414,-245349,-243121,-241714,-241133,-241381,-242451,-244325,-247030,-250597,-254979,-260225,-266325,-273269,-281082,-289758,-299134,-309582,-321009,-333376,-346795,-361164,-376638,,,,,,,,,,,,,,,,,,,,,,,,,,,,,,,,,,,,,,,,,,,,,,,,,,,,,,,,,,,,,,,,,,,,
RECAL 3 1 9999 -2221 64 4 80,-2721,-513354,-507325,-495301,-475617,-446222,-413272,-379506,-348368,-320700,-297275,-277485,-261653,-249826,-241904,-237845,-237595,-241086,-248203,-258861,-273039,-290658,-311573,-335629,-362579,-391782,-421765,-450788,-476794,-496356,-507131,-514254,-517546,-519205,,,,,,,,,,,,,,,,,,,,,,,,,,,,,,,,,,,,,,,,,,,,,,,,,,,,,,,,,,,,,,,,,,,,
RECAL 3 0 9999 9999 64 4 80,-2306,-330267,-317144,-305006,-294043,-284130,-275256,-267375,-260469,-254507,-249520,-245483,-242326,-240052,-238648,-238127,-238473,-239679,-241736,-244653,-248448,-253087,-258605,-265013,-272255,-280389,-289447,-299462,-310460,-322418,-335353,-349357,-364251,-380270,,,,,,,,,,,,,,,,,,,,,,,,,,,,,,,,,,,,,,,,,,,,,,,,,,,,,,,,,,,,,,,,,,,,
RECAL 3 1 9999 -2250 64 4 80,-2128,-482350,-462020,-439194,-414589,-389511,-365688,-343070,-322313,-303707,-287389,-273321,-261592,-252212,-245133,-240430,-238099,-238132,-240519,-245236,-252264,-261588,-272985,-286750,-302578,-320505,-340307,-361704,-384421,-407802,-430954,-452631,-472594,-488822,,,,,,,,,,,,,,,,,,,,,,,,,,,,,,,,,,,,,,,,,,,,,,,,,,,,,,,,,,,,,,,,,,,,
RECAL 3 0 9999 9999 64 4 80,-2228,-324939,-312360,-300873,-290463,-280995,-272489,-264810,-258013,-252158,-247173,-243058,-239799,-237388,-235819,-235095,-235172,-236096,-237829,-240398,-243776,-247972,-252983,-258760,-265345,-272714,-280935,-289978,-299812,-310525,-322136,-334463,-347834,-362068,,,,,,,,,,,,,,,,,,,,,,,,,,,,,,,,,,,,,,,,,,,,,,,,,,,,,,,,,,,,,,,,,,,,
RECAL 3 1 9999 -2171 64 4 80,-1273,-337140,-324417,-312470,-301336,-291086,-281649,-273102,-265486,-258735,-252866,-247841,-243657,-240299,-237759,-236038,-235143,-235046,-235738,-237223,-239503,-242553,-246363,-250932,-256312,-262476,-269422,-277097,-285504,-294573,-304379,-314818,-325705,-337341,,,,,,,,,,,,,,,,,,,,,,,,,,,,,,,,,,,,,,,,,,,,,,,,,,,,,,,,,,,,,,,,,,,,
RECAL 3 0 9999 9999 64 4 80,-2328,-335536,-321292,-308325,-296561,-285969,-276413,-267913,-260507,-253977,-248392,-243759,-240043,-237261,-235389,-234436,-234375,-235196,-236893,-239475,-242929,-247256,-252453,-258537,-265449,-273307,-282070,-291752,-302332,-313890,-326401,-339907,-354637,-370408,,,,,,,,,,,,,,,,,,,,,,,,,,,,,,,,,,,,,,,,,,,,,,,,,,,,,,,,,,,,,,,,,,,,
RECAL 3 1 9999 -2270 64 4 80,1133,-340067,-328529,-317558,-307144,-297343,-288357,-279819,-271961,-264809,-258354,-252643,-247677,-243445,-239991,-237324,-235415,-234292,-233934,-234362,-235588,-237617,-240425,-244081,-248555,-253878,-260062,-267108,-275028,-283813,-293476,-304109,-315626,-327997,,,,,,,,,,,,,,,,,,,,,,,,,,,,,,,,,,,,,,,,,,,,,,,,,,,,,,,,,,,,,,,,,,,,
RECAL 3 0 9999 9999 64 4 80,-2248,-327202,-314696,-303242,-292950,-283517,-274975,-267335,-260586,-254695,-249662,-245452,-242006,-239383,-237584,-236602,-236440,-237071,-238521,-240776,-243762,-247598,-252230,-257660,-263935,-271008,-278923,-287672,-297087,-307405,-318611,-330709,-343769,-357748,,,,,,,,,,,,,,,,,,,,,,,,,,,,,,,,,,,,,,,,,,,,,,,,,,,,,,,,,,,,,,,,,,,,
RECAL 3 1 9999 -2189 64 4 80,1992,-496059,-482375,-462792,-440989,-417855,-394225,-371041,-349002,-328422,-309648,-292821,-278054,-265346,-254780,-246513,-240318,-236368,-234707,-235337,-238309,-243649,-251360,-261498,-273926,-288750,-305892,-325429,-347216,-370969,-396522,-422547,-447847,-470258,,,,,,,,,,,,,,,,,,,,,,,,,,,,,,,,,,,,,,,,,,,,,,,,,,,,,,,,,,,,,,,,,,,,
RECAL 3 0 9999 9999 64 4 80,-2259,-330130,-318283,-307473,-297623,-288756,-280792,-273595,-267244,-261708,-256952,-253010,-249843,-247443,-245800,-244898,-244781,-245423,-246832,-248999,-251940,-255647,-260051,-265312,-271339,-278177,-285827,-294273,-303591,-313781,-324888,-336783,-349726,-363625,,,,,,,,,,,,,,,,,,,,,,,,,,,,,,,,,,,,,,,,,,,,,,,,,,,,,,,,,,,,,,,,,,,,
RECAL 3 1 9999 -2200 64 4 80,2588,-518351,-517931,-515748,-508898,-499272,-480806,-453210,-422217,-390940,-361969,-335474,-312116,-292011,-275150,-261620,-251434,-244675,-241348,-241564,-245423,-252994,-264395,-279638,-298761,-322039,-349115,-380978,-417248,-454824,-486616,-503546,-510773,-514811,,,,,,,,,,,,,,,,,,,,,,,,,,,,,,,,,,,,,,,,,,,,,,,,,,,,,,,,,,,,,,,,,,,,
RECAL 3 0 9999 9999 64 4 80,2205,-341512,-329143,-317654,-307047,-297315,-288459,-280370,-273058,-266527,-260814,-255758,-251474,-247873,-245010,-242868,-241436,-240729,-240740,-241465,-242897,-245042,-247930,-251525,-255885,-261037,-266878,-273591,-281113,-289486,-298657,-308791,-319846,-331891,,,,,,,,,,,,,,,,,,,,,,,,,,,,,,,,,,,,,,,,,,,,,,,,,,,,,,,,,,,,,,,,,,,,
RECAL 3 1 9999 2271 64 4 80,-2732,-514174,-507837,-497314,-479190,-453939,-424644,-393211,-362818,-335051,-310440,-289461,-272113,-258632,-248680,-242399,-239704,-240582,-244952,-252783,-264042,-278613,-296414,-317504,-341734,-368748,-398348,-428864,-458033,-482443,-499224,-509165,-514310,-517157,,,,,,,,,,,,,,,,,,,,,,,,,,,,,,,,,,,,,,,,,,,,,,,,,,,,,,,,,,,,,,,,,,,,
RECAL 3 0 9999 9999 64 4 80,2120,-332508,-320691,-309704,-299609,-290384,-281896,-274193,-267321,-261140,-255660,-250880,-246809,-243404,-240673,-238647,-237276,-236596,-236638,-237360,-238783,-240908,-243755,-247310,-251650,-256764,-262675,-269376,-276879,-285208,-294357,-304247,-315143,-326983,,,,,,,,,,,,,,,,,,,,,,,,,,,,,,,,,,,,,,,,,,,,,,,,,,,,,,,,,,,,,,,,,,,,
RECAL 3 1 9999 2186 64 4 80,-2125,-456757,-435693,-413748,-391396,-369503,-348304,-328296,-309894,-293314,-278698,-266134,-255698,-247430,-241364,-237521,-235907,-236515,-239359,-244408,-251635,-260944,-272534,-286238,-301984,-319785,-339477,-360698,-383461,-406881,-430098,-452055,-472394,-488252,,,,,,,,,,,,,,,,,,,,,,,,,,,,,,,,,,,,,,,,,,,,,,,,,,,,,,,,,,,,,,,,,,,,
RECAL 3 0 9999 9999 64 4 80,2112,-332782,-321067,-310199,-300160,-291002,-282572,-274909,-267995,-261828,-256444,-251764,-247768,-244465,-241838,-239905,-238655,-238104,-238237,-239089,-240639,-242908,-245893,-249591,-254021,-259191,-265229,-272036,-279687,-288140,-297398,-307571,-318606,-330392,,,,,,,,,,,,,,,,,,,,,,,,,,,,,,,,,,,,,,,,,,,,,,,,,,,,,,,,,,,,,,,,,,,,
RECAL 3 1 9999 2177 64 4 80,-1249,-334266,-322985,-312332,-302329,-293020,-284417,-276499,-269314,-262849,-257196,-252226,-248030,-244564,-241841,-239847,-238586,-238062,-238270,-239224,-240902,-243306,-246441,-250290,-254852,-260134,-266032,-272668,-280012,-288008,-296578,-305846,-315699,-326107,,,,,,,,,,,,,,,,,,,,,,,,,,,,,,,,,,,,,,,,,,,,,,,,,,,,,,,,,,,,,,,,,,,,
RECAL 3 0 9999 9999 64 4 80,2201,-340674,-328391,-317058,-306532,-296824,-288043,-280040,-272833,-266430,-260791,-255999,-251909,-248582,-246008,-244194,-243131,-242837,-243307,-244535,-246519,-249244,-252757,-257046,-262136,-268039,-274785,-282250,-290697,-299960,-310169,-321301,-333398,-346471,,,,,,,,,,,,,,,,,,,,,,,,,,,,,,,,,,,,,,,,,,,,,,,,,,,,,,,,,,,,,,,,,,,,
RECAL 3 1 9999 2265 64 4 80,1191,-346249,-335296,-324792,-314757,-305241,-296282,-287959,-280296,-273217,-266825,-261135,-256183,-251957,-248509,-245829,-243919,-242832,-242563,-243161,-244611,-246940,-250146,-254251,-259210,-265168,-272041,-279890,-288696,-298411,-309166,-320872,-333409,-346810,,,,,,,,,,,,,,,,,,,,,,,,,,,,,,,,,,,,,,,,,,,,,,,,,,,,,,,,,,,,,,,,,,,,
RECAL 3 0 9999 9999 64 4 80,2187,-336647,-324762,-313801,-303688,-294449,-286027,-278255,-271214,-264920,-259378,-254559,-250483,-247133,-244499,-242603,-241394,-240903,-241143,-242105,-243805,-246241,-249412,-253297,-257918,-263322,-269498,-276465,-284252,-292865,-302367,-312667,-324010,-336335,,,,,,,,,,,,,,,,,,,,,,,,,,,,,,,,,,,,,,,,,,,,,,,,,,,,,,,,,,,,,,,,,,,,
RECAL 3 1 9999 2252 64 4 80,2038,-486462,-468536,-447756,-426648,-404764,-383225,-362351,-342471,-323903,-306809,-291453,-277946,-266450,-256905,-249445,-244084,-240862,-239839,-241047,-244494,-250263,-258417,-269005,-282085,-297627,-315794,-336575,-360108,-386183,-414072,-442121,-467576,-487012,,,,,,,,,,,,,,,,,,,,,,,,,,,,,,,,,,,,,,,,,,,,,,,,,,,,,,,,,,,,,,,,,,,,
RECAL 3 0 9999 9999 64 4 80,2183,-336014,-325376,-315584,-306592,-298358,-290921,-284154,-278026,-272540,-267781,-263686,-260258,-257500,-255410,-253999,-253259,-253166,-253723,-254958,-256875,-259472,-262766,-266732,-271369,-276692,-282733,-289511,-297004,-305346,-314530,-324563,-335405,-347317,,,,,,,,,,,,,,,,,,,,,,,,,,,,,,,,,,,,,,,,,,,,,,,,,,,,,,,,,,,,,,,,,,,,
RECAL 3 1 9999 2246 64 4 80,2632,-518142,-516412,-512794,-505463,-493125,-472229,-445958,-417900,-389501,-362700,-338268,-316419,-297497,-281623,-269020,-259404,-253049,-250063,-250493,-254415,-261937,-273170,-288226,-306963,-329777,-356986,-388998,-425819,-464969,-496363,-509494,-513971,-515012,,,,,,,,,,,,,,,,,,,,,,,,,,,,,,,,,,,,,,,,,,,,,,,,,,,,,,,,,,,,,,,,,,,,
RECAL 3 0 9999 9999 64 4 80,6,-247208,-247200,-247196,-247195,-247203,-247202,-247194,-247201,-247207,-247217,-247213,-247214,-247212,-247217,-247236,-247233,-247241,-247241,-247240,-247253,-247264,-247283,-247288,-247304,-247318,-247334,-247358,-247370,-247391,-247423,-247452,-247483,-247507,,,,,,,,,,,,,,,,,,,,,,,,,,,,,,,,,,,,,,,,,,,,,,,,,,,,,,,,,,,,,,,,,,,,
RECAL 3 0 9999 9999 128 4 80,-58,-247139,-247134,-247133,-247131,-247136,-247138,-247128,-247135,-247132,-247143,-247142,-247143,-247143,-247162,-247205,-247252,-247207,-247195,-247184,-247190,-247191,-247188,-247193,-247193,-247197,-247200,-247202,-247197,-247201,-247199,-247214,-247216,-247223,-247227,-247231,-247243,-247253,-247259,-247274,-247290,-247306,-247324,-247337,-247363,-247377,-247398,-247423,-247466,-247490,-247526,-247560,-247605,-247644,-247697,-247741,-247798,-247846,-247922,-247978,-248046,-248123,-248207,-248292,-248390,-248485,,,,,,,,,,,,,,,,,,,,,,,,,,,,,,,,,,,,
RECAL 3 0 9999 25 128 4 80,-103,-247142,-247127,-247132,-247126,-247106,-247108,-247103,-247104,-247102,-247107,-247111,-247102,-247094,-247103,-247106,-247103,-247103,-247105,-247103,-247111,-247120,-247117,-247120,-247121,-247139,-247179,-247227,-247197,-247175,-247172,-247179,-247173,-247167,-247176,-247170,-247175,-247165,-247169,-247168,-247173,-247180,-247183,-247188,-247192,-247204,-247209,-247212,-247227,-247233,-247248,-247257,-247278,-247300,-247309,-247327,-247343,-247372,-247396,-247431,-247459,-247496,-247526,-247570,-247616,-247664,,,,,,,,,,,,,,,,,,,,,,,,,,,,,,,,,,,,
RECAL 3 1 9999 -56 128 4 80,2532,-518878,-519788,-519586,-519985,-519567,-520153,-519527,-520475,-520038,-519239,-519535,-519746,-519526,-519895,-519624,-519632,-518134,-516358,-512412,-504230,-490033,-467831,-440618,-411861,-383160,-356411,-331939,-310212,-291468,-275689,-263036,-253467,-247094,-244000,-244262,-247926,-255081,-265822,-280271,-298221,-320556,-347335,-379015,-416072,-456531,-490965,-507509,-512649,-514315,-517032,-516928,-518910,-518687,-519416,-519689,-519798,-520014,-519337,-519030,-519914,-519871,-520390,-519361,-519481,-519688,,,,,,,,,,,,,,,,,,,,,,,,,,,,,,,,,,,,
RECAL 3 0 9999 9999 64 4 80,154,-239843,-239847,-239845,-239855,-239865,-239873,-239884,-239894,-239912,-239935,-239957,-239991,-240027,-240057,-240107,-240159,-240218,-240290,-240354,-240424,-240510,-240596,-240692,-240786,-240907,-241024,-241154,-241293,-241443,-241601,-241777,-241955,-242151,,,,,,,,,,,,,,,,,,,,,,,,,,,,,,,,,,,,,,,,,,,,,,,,,,,,,,,,,,,,,,,,,,,,
RECAL 3 0 9999 196 64 4 80,132,-240034,-240014,-239982,-239979,-239961,-239953,-239935,-239933,-239923,-239921,-239927,-239928,-239933,-239946,-239966,-239988,-240017,-240047,-240080,-240112,-240170,-240216,-240278,-240349,-240420,-240502,-240583,-240666,-240774,-240880,-240992,-241114,-241255,,,,,,,,,,,,,,,,,,,,,,,,,,,,,,,,,,,,,,,,,,,,,,,,,,,,,,,,,,,,,,,,,,,,
RECAL 3 1 9999 169 64 4 80,1990,-490669,-473302,-453602,-432225,-410533,-388827,-367793,-347654,-328635,-311131,-295271,-281202,-268965,-258652,-250360,-244166,-239944,-237864,-237930,-240214,-244716,-251511,-260619,-272030,-285743,-301797,-320315,-341313,-364664,-390243,-417370,-444172,-468277,,,,,,,,,,,,,,,,,,,,,,,,,,,,,,,,,,,,,,,,,,,,,,,,,,,,,,,,,,,,,,,,,,,,
RECAL 3 0 9999 9999 64 4 80,278,-239260,-239159,-239070,-238987,-238909,-238838,-238780,-238745,-238699,-238688,-238664,-238663,-238662,-238699,-238737,-238785,-238844,-238926,-239027,-239133,-239268,-239411,-239579,-239744,-239946,-240165,-240399,-240658,-240936,-241237,-241549,-241893,-242255,,,,,,,,,,,,,,,,,,,,,,,,,,,,,,,,,,,,,,,,,,,,,,,,,,,,,,,,,,,,,,,,,,,,
RECAL 3 1 9999 321 64 4 80,1110,-334968,-324940,-315298,-305999,-297191,-288964,-281222,-274058,-267498,-261562,-256253,-251683,-247709,-244400,-241787,-239869,-238685,-238213,-238489,-239513,-241278,-243784,-247066,-251115,-255949,-261592,-268051,-275232,-283320,-292224,-301934,-312541,-323938,,,,,,,,,,,,,,,,,,,,,,,,,,,,,,,,,,,,,,,,,,,,,,,,,,,,,,,,,,,,,,,,,,,,
RECAL 3 0 9999 9999 64 4 80,-637,-240446,-239820,-239244,-238732,-238272,-237870,-237518,-237223,-236967,-236761,-236611,-236520,-236456,-236437,-236469,-236538,-236643,-236797,-236981,-237208,-237482,-237778,-238115,-238486,-238899,-239344,-239821,-240329,-240876,-241446,-242045,-242676,-243317,,,,,,,,,,,,,,,,,,,,,,,,,,,,,,,,,,,,,,,,,,,,,,,,,,,,,,,,,,,,,,,,,,,,
RECAL 3 1 9999 -586 64 4 80,-1324,-345535,-332886,-320857,-309516,-298849,-289029,-279963,-271711,-264329,-257802,-252158,-247385,-243523,-240459,-238266,-236925,-236442,-236796,-237987,-240003,-242823,-246433,-250826,-255993,-261949,-268686,-276180,-284438,-293283,-302943,-313339,-324393,-336106,,,,,,,,,,,,,,,,,,,,,,,,,,,,,,,,,,,,,,,,,,,,,,,,,,,,,,,,,,,,,,,,,,,,
RECAL 3 0 9999 9999 64 4 80,-564,-242056,-241698,-241377,-241095,-240851,-240656,-240489,-240352,-240251,-240193,-240167,-240161,-240202,-240264,-240355,-240493,-240630,-240810,-241021,-241251,-241511,-241799,-242101,-242429,-242768,-243138,-243524,-243940,-244368,-244814,-245271,-245758,-246258,,,,,,,,,,,,,,,,,,,,,,,,,,,,,,,,,,,,,,,,,,,,,,,,,,,,,,,,,,,,,,,,,,,,
RECAL 3 1 9999 -522 64 4 80,-2173,-474839,-454184,-431303,-407609,-383787,-360826,-339241,-319389,-301582,-286020,-272630,-261517,-252690,-246154,-241893,-239882,-240119,-242608,-247334,-254279,-263458,-274871,-288481,-304229,-322231,-342312,-364250,-387798,-412375,-436787,-459889,-479607,-495478,,,,,,,,,,,,,,,,,,,,,,,,,,,,,,,,,,,,,,,,,,,,,,,,,,,,,,,,,,,,,,,,,,,,
RECAL 3 0 9999 9999 64 4 80,328,-242050,-241900,-241766,-241645,-241537,-241424,-241340,-241264,-241196,-241140,-241100,-241072,-241051,-241057,-241074,-241102,-241142,-241201,-241278,-241362,-241478,-241594,-241745,-241909,-242089,-242290,-242528,-242779,-243058,-243337,-243663,-243998,-244360,,,,,,,,,,,,,,,,,,,,,,,,,,,,,,,,,,,,,,,,,,,,,,,,,,,,,,,,,,,,,,,,,,,,
RECAL 3 1 9999 378 64 4 80,-2769,-514251,-507456,-495784,-477314,-450970,-420825,-388957,-358768,-331445,-307528,-287233,-270473,-257368,-247859,-241972,-239701,-241021,-245911,-254333,-266353,-281898,-300638,-323157,-349154,-378166,-409802,-441849,-470694,-492622,-505744,-512167,-515867,-517718,,,,,,,,,,,,,,,,,,,,,,,,,,,,,,,,,,,,,,,,,,,,,,,,,,,,,,,,,,,,,,,,,,,,
RECAL 3 0 9999 9999 64 4 80,-2264,-315979,-305711,-296350,-287858,-280126,-273182,-266971,-261560,-256809,-252796,-249471,-246849,-244903,-243643,-243074,-243166,-243975,-245448,-247637,-250507,-254077,-258350,-263316,-268918,-275332,-282467,-290353,-298959,-308425,-318705,-329807,-341658,-354358,,,,,,,,,,,,,,,,,,,,,,,,,,,,,,,,,,,,,,,,,,,,,,,,,,,,,,,,,,,,,,,,,,,,
RECAL 3 1 9999 -2207 64 4 80,-2748,-513544,-506618,-496434,-476960,-448527,-416212,-383980,-354222,-327583,-304492,-285037,-269120,-256780,-248070,-242885,-241217,-242993,-248217,-256869,-268992,-284540,-303508,-326032,-352202,-381840,-414577,-448499,-478480,-498131,-508717,-514135,-516020,-517357,,,,,,,,,,,,,,,,,,,,,,,,,,,,,,,,,,,,,,,,,,,,,,,,,,,,,,,,,,,,,,,,,,,,
RECAL 3 0 9999 9999 64 4 80,-2342,-316029,-304872,-294648,-285352,-276934,-269431,-262778,-256971,-252013,-247868,-244571,-241993,-240201,-239191,-238936,-239476,-240777,-242853,-245660,-249201,-253483,-258531,-264346,-270929,-278288,-286463,-295299,-305086,-315755,-327264,-339734,-353130,-367402,,,,,,,,,,,,,,,,,,,,,,,,,,,,,,,,,,,,,,,,,,,,,,,,,,,,,,,,,,,,,,,,,,,,
RECAL 3 1 9999 -2287 64 4 80,-2147,-475328,-454013,-430939,-406728,-382708,-359788,-338536,-319052,-301576,-286324,-272997,-261854,-252913,-246168,-241588,-239177,-238934,-240862,-244973,-251261,-259729,-270414,-283263,-298215,-315419,-334546,-356064,-379545,-404884,-431047,-456233,-478487,-494207,,,,,,,,,,,,,,,,,,,,,,,,,,,,,,,,,,,,,,,,,,,,,,,,,,,,,,,,,,,,,,,,,,,,
RECAL 3 0 9999 9999 64 4 80,-2349,-315489,-304245,-294053,-284844,-276449,-268923,-262277,-256501,-251595,-247513,-244259,-241809,-240168,-239296,-239222,-239925,-241420,-243687,-246737,-250567,-255133,-260465,-266574,-273470,-281144,-289636,-298892,-309055,-319991,-331888,-344718,-358497,-373178,,,,,,,,,,,,,,,,,,,,,,,,,,,,,,,,,,,,,,,,,,,,,,,,,,,,,,,,,,,,,,,,,,,,
RECAL 3 1 9999 -2295 64 4 80,-1288,-342669,-330301,-318643,-307905,-297768,-288478,-279937,-272208,-265325,-259225,-253964,-249524,-245905,-243057,-240984,-239694,-239160,-239376,-240365,-242074,-244519,-247715,-251629,-256285,-261670,-267772,-274611,-282198,-290511,-299500,-309247,-319705,-330861,,,,,,,,,,,,,,,,,,,,,,,,,,,,,,,,,,,,,,,,,,,,,,,,,,,,,,,,,,,,,,,,,,,,
RECAL 3 0 9999 9999 64 4 80,-2274,-318867,-307771,-297740,-288660,-280387,-272958,-266326,-260455,-255377,-251099,-247514,-244649,-242525,-241108,-240409,-240415,-241136,-242580,-244740,-247628,-251231,-255566,-260619,-266435,-272943,-280096,-288110,-296837,-306421,-316812,-328031,-340146,-353131,,,,,,,,,,,,,,,,,,,,,,,,,,,,,,,,,,,,,,,,,,,,,,,,,,,,,,,,,,,,,,,,,,,,
RECAL 3 1 9999 -2216 64 4 80,1149,-336015,-325506,-315359,-305760,-296735,-288361,-280565,-273420,-266923,-261102,-256019,-251632,-247948,-244951,-242679,-241128,-240314,-240241,-240924,-242378,-244603,-247626,-251439,-256067,-261532,-267876,-275133,-283258,-292259,-302170,-313024,-324783,-337520,,,,,,,,,,,,,,,,,,,,,,,,,,,,,,,,,,,,,,,,,,,,,,,,,,,,,,,,,,,,,,,,,,,,
RECAL 3 0 9999 9999 64 4 80,-2288,-329046,-318056,-308006,-298897,-290698,-283394,-276859,-271107,-266110,-261803,-258250,-255394,-253246,-251820,-251058,-250995,-251623,-252926,-254918,-257621,-260992,-265139,-269980,-275576,-281866,-288931,-296686,-305268,-314628,-324623,-335622,-347471,-360215,,,,,,,,,,,,,,,,,,,,,,,,,,,,,,,,,,,,,,,,,,,,,,,,,,,,,,,,,,,,,,,,,,,,
RECAL 3 1 9999 -2230 64 4 80,2012,-498750,-485089,-466996,-445370,-422446,-399360,-377098,-356251,-336948,-319610,-303847,-290041,-278119,-268217,-260347,-254558,-250893,-249355,-249947,-252688,-257603,-264752,-274121,-285786,-299697,-315867,-334651,-355920,-379822,-406436,-434991,-463399,-487509,,,,,,,,,,,,,,,,,,,,,,,,,,,,,,,,,,,,,,,,,,,,,,,,,,,,,,,,,,,,,,,,,,,,
RECAL 3 0 9999 9999 64 4 80,-2290,-334334,-324145,-314837,-306373,-298718,-291959,-285953,-280638,-276013,-272064,-268801,-266195,-264229,-262948,-262277,-262262,-262888,-264164,-266087,-268659,-271876,-275788,-280417,-285733,-291752,-298461,-305938,-314151,-323135,-332759,-343336,-354785,-367074,,,,,,,,,,,,,,,,,,,,,,,,,,,,,,,,,,,,,,,,,,,,,,,,,,,,,,,,,,,,,,,,,,,,
RECAL 3 1 9999 -2232 64 4 80,2611,-519146,-517708,-514675,-510737,-503580,-488059,-463346,-434227,-404330,-376097,-350725,-328233,-308705,-292332,-279120,-269005,-262085,-258375,-257920,-260773,-266879,-276475,-289593,-306285,-326808,-351505,-380714,-415406,-454263,-491379,-509909,-515353,-517183,,,,,,,,,,,,,,,,,,,,,,,,,,,,,,,,,,,,,,,,,,,,,,,,,,,,,,,,,,,,,,,,,,,,
RECAL 3 0 9999 9999 64 4 80,2116,-347516,-334233,-321887,-310469,-299933,-290315,-281510,-273552,-266518,-260228,-254717,-249997,-246056,-242879,-240468,-238848,-238001,-237935,-238674,-240204,-242549,-245717,-249689,-254482,-260247,-266918,-274514,-283036,-292532,-303031,-314606,-327083,-340943,,,,,,,,,,,,,,,,,,,,,,,,,,,,,,,,,,,,,,,,,,,,,,,,,,,,,,,,,,,,,,,,,,,,
RECAL 3 1 9999 2182 64 4 80,-2864,-515628,-509684,-500812,-483652,-456666,-423601,-389206,-356860,-327879,-302745,-281592,-264383,-251184,-242080,-236767,-235378,-237874,-244260,-254456,-268473,-286180,-307236,-331601,-358892,-388672,-419802,-450315,-478099,-498722,-509377,-516167,-518248,-519360,,,,,,,,,,,,,,,,,,,,,,,,,,,,,,,,,,,,,,,,,,,,,,,,,,,,,,,,,,,,,,,,,,,,
RECAL 3 0 9999 9999 64 4 80,2000,-334975,-323042,-311913,-301587,-292115,-283506,-275597,-268407,-261950,-256207,-251215,-246944,-243418,-240580,-238481,-237116,-236488,-236612,-237496,-239135,-241530,-244757,-248787,-253642,-259347,-265916,-273338,-281645,-290729,-300814,-311931,-324028,-337217,,,,,,,,,,,,,,,,,,,,,,,,,,,,,,,,,,,,,,,,,,,,,,,,,,,,,,,,,,,,,,,,,,,,
RECAL 3 1 9999 2065 64 4 80,-2297,-489480,-470341,-446520,-421475,-395226,-369526,-345427,-323322,-303554,-286222,-271333,-259018,-249330,-242250,-237746,-235853,-236511,-239747,-245547,-253862,-264734,-278076,-293812,-311993,-332403,-354739,-378529,-403406,-428290,-452360,-474449,-492165,-503915,,,,,,,,,,,,,,,,,,,,,,,,,,,,,,,,,,,,,,,,,,,,,,,,,,,,,,,,,,,,,,,,,,,,
RECAL 3 0 9999 9999 64 4 80,2073,-350650,-337166,-324557,-312663,-301615,-291446,-282095,-273570,-265890,-259020,-253060,-247843,-243435,-239827,-237034,-235081,-233948,-233641,-234174,-235522,-237708,-240750,-244642,-249394,-255022,-261571,-268952,-277362,-286746,-297038,-308420,-320872,-334424,,,,,,,,,,,,,,,,,,,,,,,,,,,,,,,,,,,,,,,,,,,,,,,,,,,,,,,,,,,,,,,,,,,,
RECAL 3 1 9999 2141 64 4 80,-1524,-372570,-356401,-340951,-326271,-312566,-299834,-288302,-277833,-268440,-260162,-253008,-246996,-242099,-238311,-235671,-234115,-233664,-234314,-236064,-238914,-242853,-247872,-254028,-261293,-269647,-279050,-289476,-300838,-313200,-326397,-340244,-354922,-370125,,,,,,,,,,,,,,,,,,,,,,,,,,,,,,,,,,,,,,,,,,,,,,,,,,,,,,,,,,,,,,,,,,,,
RECAL 3 0 9999 9999 64 4 80,2052,-338733,-325957,-314084,-303023,-292816,-283404,-274790,-266971,-259840,-253495,-247957,-243212,-239262,-236093,-233747,-232217,-231466,-231525,-232400,-234108,-236644,-240047,-244294,-249383,-255264,-262055,-269756,-278379,-287944,-298425,-309970,-322416,-336151,,,,,,,,,,,,,,,,,,,,,,,,,,,,,,,,,,,,,,,,,,,,,,,,,,,,,,,,,,,,,,,,,,,,
RECAL 3 1 9999 2118 64 4 80,872,-289580,-283303,-277322,-271654,-266327,-261301,-256719,-252422,-248495,-244947,-241781,-239013,-236640,-234686,-233155,-232059,-231391,-231161,-231360,-232011,-233111,-234672,-236675,-239187,-242185,-245663,-249643,-254128,-259137,-264684,-270777,-277478,-284703,,,,,,,,,,,,,,,,,,,,,,,,,,,,,,,,,,,,,,,,,,,,,,,,,,,,,,,,,,,,,,,,,,,,
RECAL 3 0 9999 9999 64 4 80,2006,-335403,-323196,-311872,-301441,-291884,-283018,-274882,-267497,-260842,-254910,-249696,-245257,-241474,-238425,-236097,-234499,-233636,-233503,-234104,-235471,-237613,-240548,-244286,-248818,-254169,-260368,-267419,-275225,-284001,-293672,-304323,-315995,-328685,,,,,,,,,,,,,,,,,,,,,,,,,,,,,,,,,,,,,,,,,,,,,,,,,,,,,,,,,,,,,,,,,,,,
RECAL 3 1 9999 2073 64 4 80,1868,-466148,-446923,-426674,-406015,-385335,-365225,-345768,-327402,-310376,-294783,-280771,-268385,-257713,-248956,-241887,-236697,-233426,-232085,-232725,-235383,-240081,-246893,-255661,-266555,-279521,-294576,-311725,-330866,-351895,-374132,-397807,-421782,-445007,,,,,,,,,,,,,,,,,,,,,,,,,,,,,,,,,,,,,,,,,,,,,,,,,,,,,,,,,,,,,,,,,,,,
RECAL 3 0 9999 9999 64 4 80,2008,-340772,-328722,-317604,-307455,-298061,-289458,-281534,-274359,-267881,-262119,-257093,-252728,-249062,-246097,-243807,-242215,-241314,-241111,-241619,-242846,-244816,-247523,-250984,-255207,-260220,-266030,-272512,-279932,-288179,-297257,-307322,-318351,-330377,,,,,,,,,,,,,,,,,,,,,,,,,,,,,,,,,,,,,,,,,,,,,,,,,,,,,,,,,,,,,,,,,,,,
RECAL 3 1 9999 2075 64 4 80,2503,-517146,-515118,-508806,-498682,-480751,-456222,-428571,-399358,-371121,-345041,-321327,-300332,-282307,-267246,-255269,-246608,-241012,-238741,-239849,-244467,-252622,-264492,-280200,-299557,-322751,-349844,-380586,-414581,-448938,-478687,-497467,-507367,-513775,,,,,,,,,,,,,,,,,,,,,,,,,,,,,,,,,,,,,,,,,,,,,,,,,,,,,,,,,,,,,,,,,,,,
RECAL 3 0 9999 9999 64 4 80,-788,-242786,-241605,-240517,-239531,-238627,-237810,-237087,-236437,-235870,-235385,-234975,-234646,-234397,-234220,-234116,-234087,-234122,-234217,-234388,-234630,-234920,-235271,-235684,-236163,-236696,-237292,-237947,-238656,-239415,-240220,-241099,-242024,-243003,,,,,,,,,,,,,,,,,,,,,,,,,,,,,,,,,,,,,,,,,,,,,,,,,,,,,,,,,,,,,,,,,,,,
RECAL 3 1 9999 -728 64 4 80,2453,-514419,-510657,-501355,-485461,-462051,-434322,-405372,-376760,-350167,-325748,-304037,-285325,-269156,-255872,-245619,-238308,-234070,-232939,-235001,-240379,-249219,-261569,-277526,-297110,-320484,-347562,-378191,-411300,-445069,-475104,-495623,-507259,-513218,,,,,,,,,,,,,,,,,,,,,,,,,,,,,,,,,,,,,,,,,,,,,,,,,,,,,,,,,,,,,,,,,,,,
RECAL 3 0 9999 9999 64 4 80,-785,-252891,-251343,-249906,-248559,-247313,-246188,-245131,-244177,-243311,-242541,-241854,-241259,-240749,-240336,-240004,-239757,-239582,-239478,-239459,-239515,-239635,-239830,-240095,-240441,-240834,-241302,-241833,-242422,-243084,-243808,-244592,-245444,-246352,,,,,,,,,,,,,,,,,,,,,,,,,,,,,,,,,,,,,,,,,,,,,,,,,,,,,,,,,,,,,,,,,,,,
RECAL 3 1 9999 -714 64 4 80,1796,-477272,-459543,-439315,-418539,-397503,-376924,-357196,-338579,-321441,-305712,-291508,-278789,-267625,-258085,-250190,-244043,-239509,-236685,-235620,-236327,-238849,-243184,-249381,-257495,-267682,-279841,-293945,-310041,-328080,-348003,-369406,-392068,-415606,,,,,,,,,,,,,,,,,,,,,,,,,,,,,,,,,,,,,,,,,,,,,,,,,,,,,,,,,,,,,,,,,,,,
RECAL 3 0 9999 9999 64 4 80,-601,-236732,-236006,-235332,-234717,-234157,-233645,-233189,-232794,-232441,-232143,-231883,-231677,-231516,-231402,-231332,-231300,-231304,-231367,-231458,-231597,-231774,-231987,-232234,-232520,-232837,-233195,-233580,-234005,-234457,-234934,-235447,-235979,-236535,,,,,,,,,,,,,,,,,,,,,,,,,,,,,,,,,,,,,,,,,,,,,,,,,,,,,,,,,,,,,,,,,,,,
RECAL 3 1 9999 -540 64 4 80,718,-267539,-263606,-259861,-256316,-252985,-249834,-246899,-244201,-241743,-239521,-237542,-235823,-234366,-233196,-232281,-231643,-231291,-231233,-231462,-231997,-232842,-234006,-235468,-237245,-239352,-241792,-244555,-247674,-251131,-254884,-259058,-263599,-268500,,,,,,,,,,,,,,,,,,,,,,,,,,,,,,,,,,,,,,,,,,,,,,,,,,,,,,,,,,,,,,,,,,,,
RECAL 3 0 9999 9999 64 4 80,-491,-239443,-239002,-238603,-238245,-237926,-237638,-237381,-237165,-236972,-236811,-236686,-236584,-236513,-236472,-236451,-236460,-236492,-236553,-236632,-236734,-236865,-237013,-237188,-237378,-237593,-237814,-238064,-238326,-238611,-238908,-239220,-239551,-239900,,,,,,,,,,,,,,,,,,,,,,,,,,,,,,,,,,,,,,,,,,,,,,,,,,,,,,,,,,,,,,,,,,,,
RECAL 3 1 9999 -434 64 4 80,-1607,-384392,-367029,-350649,-334857,-320134,-306481,-293991,-282680,-272549,-263669,-255982,-249524,-244348,-240449,-237829,-236490,-236436,-237657,-240097,-243824,-248801,-255009,-262486,-271180,-281055,-292089,-304181,-317261,-331287,-346241,-361939,-378366,-395191,,,,,,,,,,,,,,,,,,,,,,,,,,,,,,,,,,,,,,,,,,,,,,,,,,,,,,,,,,,,,,,,,,,,
RECAL 3 0 9999 9999 64 4 80,-805,-249171,-247746,-246402,-245152,-244008,-242965,-242029,-241184,-240441,-239785,-239244,-238780,-238400,-238108,-237898,-237784,-237750,-237795,-237925,-238121,-238397,-238746,-239169,-239662,-240218,-240845,-241532,-242291,-243106,-243988,-244934,-245936,-247002,,,,,,,,,,,,,,,,,,,,,,,,,,,,,,,,,,,,,,,,,,,,,,,,,,,,,,,,,,,,,,,,,,,,
RECAL 3 1 9999 -741 64 4 80,-2353,-497754,-481746,-460229,-434652,-407425,-380199,-354450,-330709,-309408,-290769,-274844,-261663,-251296,-243842,-239015,-236983,-237730,-241269,-247560,-256573,-268354,-282717,-299501,-318807,-340371,-363917,-389092,-415106,-440888,-464796,-485090,-500168,-509117,,,,,,,,,,,,,,,,,,,,,,,,,,,,,,,,,,,,,,,,,,,,,,,,,,,,,,,,,,,,,,,,,,,,
RECAL 3 0 9999 9999 64 4 80,63,-245386,-245342,-245313,-245299,-245284,-245279,-245257,-245251,-245238,-245242,-245233,-245234,-245234,-245239,-245239,-245244,-245269,-245270,-245283,-245304,-245324,-245357,-245379,-245414,-245449,-245488,-245520,-245569,-245627,-245687,-245733,-245805,-245886,,,,,,,,,,,,,,,,,,,,,,,,,,,,,,,,,,,,,,,,,,,,,,,,,,,,,,,,,,,,,,,,,,,,
RECAL 3 1 9999 108 64 4 80,-2909,-514883,-510700,-503318,-487374,-460555,-426801,-392173,-360035,-331959,-307486,-287015,-270397,-257652,-248813,-243769,-242524,-245089,-251511,-261775,-275866,-293662,-315114,-340065,-368121,-398359,-430407,-461289,-487447,-504627,-512921,-517240,-519444,-519175,,,,,,,,,,,,,,,,,,,,,,,,,,,,,,,,,,,,,,,,,,,,,,,,,,,,,,,,,,,,,,,,,,,,
RECAL 3 0 9999 9999 64 4 80,-2244,-329688,-318311,-307977,-298406,-289797,-281959,-274945,-268725,-263304,-258657,-254719,-251551,-249166,-247542,-246688,-246595,-247261,-248697,-250844,-253765,-257447,-261931,-267178,-273178,-279997,-287580,-295790,-304835,-314752,-325481,-337158,-349804,-363358,,,,,,,,,,,,,,,,,,,,,,,,,,,,,,,,,,,,,,,,,,,,,,,,,,,,,,,,,,,,,,,,,,,,
RECAL 3 1 9999 -2186 64 4 80,-2885,-515317,-512012,-504942,-489612,-461895,-427323,-392667,-360860,-333016,-308970,-288614,-272012,-259245,-250336,-245246,-243962,-246484,-252803,-262737,-276625,-294219,-315634,-340773,-369350,-401367,-435101,-467452,-492785,-506172,-514258,-517780,-518433,-519852,,,,,,,,,,,,,,,,,,,,,,,,,,,,,,,,,,,,,,,,,,,,,,,,,,,,,,,,,,,,,,,,,,,,
RECAL 3 0 9999 9999 64 4 80,-2352,-337953,-324333,-311899,-300531,-290269,-280775,-272240,-264651,-257991,-252258,-247430,-243495,-240441,-238278,-236942,-236472,-236865,-238132,-240250,-243214,-247034,-251619,-257038,-263305,-270433,-278414,-287286,-296984,-307658,-319167,-331772,-345440,-360125,,,,,,,,,,,,,,,,,,,,,,,,,,,,,,,,,,,,,,,,,,,,,,,,,,,,,,,,,,,,,,,,,,,,
RECAL 3 1 9999 -2292 64 4 80,-2325,-497532,-478803,-453928,-426421,-397996,-370722,-346028,-323171,-302922,-285307,-270284,-257942,-248330,-241378,-237122,-235515,-236505,-240101,-246293,-255060,-266438,-280378,-296587,-315562,-336858,-360356,-385932,-412862,-439719,-465356,-486664,-501087,-509606,,,,,,,,,,,,,,,,,,,,,,,,,,,,,,,,,,,,,,,,,,,,,,,,,,,,,,,,,,,,,,,,,,,,
RECAL 3 0 9999 9999 64 4 80,-2277,-316414,-304226,-293243,-283284,-274238,-266096,-258804,-252409,-246870,-242167,-238309,-235238,-232983,-231542,-230907,-231082,-232045,-233803,-236380,-239804,-244059,-249123,-255014,-261751,-269333,-277755,-286886,-296991,-308060,-320080,-333073,-347125,-362142,,,,,,,,,,,,,,,,,,,,,,,,,,,,,,,,,,,,,,,,,,,,,,,,,,,,,,,,,,,,,,,,,,,,
RECAL 3 1 9999 -2220 64 4 80,-1567,-374251,-356868,-340373,-324876,-310508,-297246,-285233,-274345,-264806,-256310,-249055,-243014,-238160,-234537,-232112,-230895,-230870,-232006,-234300,-237756,-242362,-248104,-254963,-262972,-272008,-282242,-293517,-305842,-319208,-333532,-348777,-364811,-381648,,,,,,,,,,,,,,,,,,,,,,,,,,,,,,,,,,,,,,,,,,,,,,,,,,,,,,,,,,,,,,,,,,,,
RECAL 3 0 9999 9999 64 4 80,-2302,-322457,-309608,-297843,-287184,-277457,-268706,-260898,-254032,-248113,-243103,-238934,-235586,-233084,-231407,-230546,-230505,-231263,-232828,-235210,-238405,-242413,-247220,-252836,-259273,-266589,-274845,-283995,-294013,-304968,-316897,-329775,-343718,-358440,,,,,,,,,,,,,,,,,,,,,,,,,,,,,,,,,,,,,,,,,,,,,,,,,,,,,,,,,,,,,,,,,,,,
RECAL 3 1 9999 -2244 64 4 80,795,-273206,-268336,-263758,-259476,-255460,-251729,-248271,-245104,-242220,-239629,-237370,-235398,-233740,-232408,-231405,-230735,-230407,-230426,-230809,-231565,-232702,-234219,-236145,-238473,-241221,-244372,-247901,-251907,-256356,-261267,-266634,-272442,-278734,,,,,,,,,,,,,,,,,,,,,,,,,,,,,,,,,,,,,,,,,,,,,,,,,,,,,,,,,,,,,,,,,,,,
RECAL 3 0 9999 9999 64 4 80,-2346,-337660,-324123,-311760,-300382,-289974,-280517,-272026,-264491,-257861,-252157,-247353,-243473,-240381,-238149,-236778,-236259,-236584,-237763,-239782,-242608,-246228,-250658,-255908,-262003,-268922,-276695,-285325,-294693,-305112,-316479,-328794,-342135,-356560,,,,,,,,,,,,,,,,,,,,,,,,,,,,,,,,,,,,,,,,,,,,,,,,,,,,,,,,,,,,,,,,,,,,
RECAL 3 1 9999 -2286 64 4 80,1831,-455279,-434177,-412319,-390610,-369726,-350137,-331813,-315135,-299809,-286117,-273959,-263441,-254570,-247406,-241931,-238164,-236205,-236091,-237845,-241495,-247086,-254621,-264182,-275610,-289210,-304805,-322501,-342195,-363802,-387105,-411777,-436553,-460298,,,,,,,,,,,,,,,,,,,,,,,,,,,,,,,,,,,,,,,,,,,,,,,,,,,,,,,,,,,,,,,,,,,,
RECAL 3 0 9999 9999 64 4 80,-2348,-345905,-332857,-320940,-310092,-300031,-290979,-282808,-275531,-269135,-263577,-258874,-255008,-252000,-249740,-248297,-247645,-247776,-248753,-250482,-253024,-256298,-260371,-265225,-270848,-277301,-284554,-292640,-301560,-311242,-321985,-333665,-346374,-360032,,,,,,,,,,,,,,,,,,,,,,,,,,,,,,,,,,,,,,,,,,,,,,,,,,,,,,,,,,,,,,,,,,,,
RECAL 3 1 9999 -2287 64 4 80,2474,-516566,-512331,-506392,-495986,-475432,-447937,-418380,-388832,-361528,-337008,-315387,-296671,-280936,-268081,-258111,-251209,-247466,-246890,-249577,-255572,-265040,-277943,-294139,-314238,-338103,-365768,-397506,-432387,-467217,-493911,-507379,-512869,-515895,,,,,,,,,,,,,,,,,,,,,,,,,,,,,,,,,,,,,,,,,,,,,,,,,,,,,,,,,,,,,,,,,,,,
RECAL 3 0 9999 9999 64 4 80,2124,-335695,-324489,-314085,-304439,-295537,-287354,-279953,-273249,-267215,-261877,-257207,-253253,-249972,-247411,-245483,-244254,-243750,-243953,-244885,-246565,-248985,-252183,-256227,-261087,-266750,-273300,-280765,-289157,-298451,-308610,-319892,-332165,-345527,,,,,,,,,,,,,,,,,,,,,,,,,,,,,,,,,,,,,,,,,,,,,,,,,,,,,,,,,,,,,,,,,,,,
RECAL 3 1 9999 2189 64 4 80,-2739,-513078,-506781,-497353,-480498,-452936,-418402,-383051,-351033,-323074,-299291,-279784,-264238,-252573,-244927,-240869,-240490,-243719,-250463,-260688,-274312,-291281,-311360,-333994,-358901,-385850,-414124,-442444,-469378,-491727,-506043,-512990,-516693,-518244,,,,,,,,,,,,,,,,,,,,,,,,,,,,,,,,,,,,,,,,,,,,,,,,,,,,,,,,,,,,,,,,,,,,
RECAL 3 0 9999 9999 64 4 80,2139,-327145,-315955,-305679,-296200,-287493,-279433,-272099,-265497,-259589,-254388,-249945,-246155,-243076,-240711,-239080,-238176,-238022,-238628,-240016,-242216,-245214,-249050,-253752,-259364,-265903,-273372,-281676,-291077,-301430,-312865,-325265,-338760,-353339,,,,,,,,,,,,,,,,,,,,,,,,,,,,,,,,,,,,,,,,,,,,,,,,,,,,,,,,,,,,,,,,,,,,
RECAL 3 1 9999 2202 64 4 80,-2139,-463993,-441753,-417405,-392174,-367601,-344573,-323395,-304602,-287875,-273472,-261456,-251794,-244484,-239474,-236724,-236240,-238025,-242053,-248250,-256596,-267013,-279470,-293864,-309834,-327691,-346949,-367307,-388665,-410692,-432949,-454737,-475452,-492431,,,,,,,,,,,,,,,,,,,,,,,,,,,,,,,,,,,,,,,,,,,,,,,,,,,,,,,,,,,,,,,,,,,,
RECAL 3 0 9999 9999 64 4 80,2154,-338027,-325807,-314413,-303823,-294008,-284975,-276732,-269113,-262252,-256107,-250725,-246067,-242139,-238935,-236448,-234731,-233782,-233619,-234245,-235678,-237949,-241079,-245010,-249880,-255632,-262341,-269987,-278574,-288169,-298785,-310420,-322998,-336680,,,,,,,,,,,,,,,,,,,,,,,,,,,,,,,,,,,,,,,,,,,,,,,,,,,,,,,,,,,,,,,,,,,,
RECAL 3 1 9999 2221 64 4 80,-1273,-330283,-317977,-306466,-295729,-285880,-276820,-268591,-261307,-254936,-249421,-244730,-240870,-237822,-235581,-234132,-233480,-233582,-234453,-236071,-238449,-241567,-245402,-249946,-255285,-261335,-268054,-275429,-283441,-292030,-301192,-310993,-321105,-331870,,,,,,,,,,,,,,,,,,,,,,,,,,,,,,,,,,,,,,,,,,,,,,,,,,,,,,,,,,,,,,,,,,,,
RECAL 3 0 9999 9999 64 4 80,2174,-337809,-325629,-314162,-303492,-293679,-284647,-276356,-268836,-262067,-255994,-250659,-246115,-242316,-239274,-236979,-235478,-234759,-234843,-235736,-237460,-240034,-243447,-247715,-252876,-259006,-266054,-273977,-282888,-292813,-303743,-315755,-328817,-343032,,,,,,,,,,,,,,,,,,,,,,,,,,,,,,,,,,,,,,,,,,,,,,,,,,,,,,,,,,,,,,,,,,,,
RECAL 3 1 9999 2239 64 4 80,1156,-335276,-323829,-312985,-302716,-293110,-284194,-275935,-268375,-261641,-255643,-250400,-245903,-242136,-239125,-236873,-235413,-234709,-234779,-235644,-237297,-239756,-243038,-247120,-252045,-257869,-264557,-272057,-280402,-289564,-299484,-310228,-321524,-333690,,,,,,,,,,,,,,,,,,,,,,,,,,,,,,,,,,,,,,,,,,,,,,,,,,,,,,,,,,,,,,,,,,,,
RECAL 3 0 9999 9999 64 4 80,2188,-338769,-326466,-315033,-304417,-294642,-285697,-277318,-269788,-263036,-257026,-251770,-247243,-243492,-240527,-238289,-236820,-236136,-236246,-237154,-238870,-241412,-244813,-249003,-254057,-260021,-266922,-274738,-283529,-293301,-303951,-315840,-328801,-342889,,,,,,,,,,,,,,,,,,,,,,,,,,,,,,,,,,,,,,,,,,,,,,,,,,,,,,,,,,,,,,,,,,,,
RECAL 3 1 9999 2253 64 4 80,2014,-494519,-478617,-458833,-436496,-412778,-388815,-365582,-343685,-323367,-305152,-288762,-274438,-262277,-252341,-244659,-239227,-236073,-235234,-236657,-240367,-246347,-254616,-265223,-278128,-293279,-310337,-329751,-350961,-373810,-397839,-422296,-446267,-468507,,,,,,,,,,,,,,,,,,,,,,,,,,,,,,,,,,,,,,,,,,,,,,,,,,,,,,,,,,,,,,,,,,,,
RECAL 3 0 9999 9999 64 4 80,2164,-333993,-322711,-312254,-302673,-293693,-285467,-277930,-271100,-264978,-259540,-254807,-250779,-247381,-244717,-242763,-241524,-241014,-241234,-242218,-243938,-246445,-249741,-253841,-258775,-264521,-271104,-278604,-287039,-296207,-306357,-317480,-329616,-342800,,,,,,,,,,,,,,,,,,,,,,,,,,,,,,,,,,,,,,,,,,,,,,,,,,,,,,,,,,,,,,,,,,,,
RECAL 3 1 9999 2229 64 4 80,2610,-517878,-516510,-513434,-507222,-495568,-475992,-448465,-417820,-386501,-357112,-330486,-307007,-286792,-269917,-256643,-247017,-240947,-238502,-239702,-244597,-253017,-265383,-281556,-301570,-325481,-353121,-384045,-417263,-450090,-478052,-497477,-508032,-515314,,,,,,,,,,,,,,,,,,,,,,,,,,,,,,,,,,,,,,,,,,,,,,,,,,,,,,,,,,,,,,,,,,,,
RECAL 3 0 9999 9999 64 4 80,48,-242791,-242795,-242811,-242818,-242812,-242834,-242850,-242861,-242878,-242900,-242916,-242942,-242957,-242974,-243003,-243033,-243062,-243092,-243127,-243169,-243208,-243257,-243303,-243352,-243400,-243461,-243521,-243587,-243657,-243737,-243816,-243899,-243987,,,,,,,,,,,,,,,,,,,,,,,,,,,,,,,,,,,,,,,,,,,,,,,,,,,,,,,,,,,,,,,,,,,,
RECAL 3 1 9999 49 64 4 80,2587,-518102,-517020,-513678,-508280,-497116,-477256,-448613,-416833,-384889,-355393,-329257,-306147,-286537,-270337,-257632,-248456,-242776,-240593,-242012,-247097,-255846,-268385,-284644,-304647,-328370,-355710,-385690,-418380,-450663,-478894,-497531,-508554,-514207,,,,,,,,,,,,,,,,,,,,,,,,,,,,,,,,,,,,,,,,,,,,,,,,,,,,,,,,,,,,,,,,,,,,
RECAL 3 0 9999 9999 64 4 80,319,-236842,-236730,-236623,-236531,-236439,-236370,-236311,-236266,-236234,-236215,-236215,-236227,-236257,-236297,-236361,-236443,-236536,-236650,-236789,-236945,-237120,-237320,-237537,-237782,-238050,-238344,-238655,-238999,-239368,-239767,-240195,-240657,-241145,,,,,,,,,,,,,,,,,,,,,,,,,,,,,,,,,,,,,,,,,,,,,,,,,,,,,,,,,,,,,,,,,,,,
RECAL 3 1 9999 358 64 4 80,1986,-491771,-475564,-454721,-431535,-407394,-383469,-360530,-339156,-319321,-301341,-285522,-271781,-260227,-250892,-243769,-238862,-236219,-235778,-237613,-241737,-248155,-256872,-267953,-281347,-296853,-314434,-334000,-355336,-378173,-402319,-426539,-450202,-472056,,,,,,,,,,,,,,,,,,,,,,,,,,,,,,,,,,,,,,,,,,,,,,,,,,,,,,,,,,,,,,,,,,,,
RECAL 3 0 9999 9999 64 4 80,181,-236853,-236791,-236745,-236681,-236636,-236585,-236543,-236507,-236478,-236447,-236422,-236406,-236399,-236399,-236399,-236410,-236419,-236446,-236481,-236516,-236569,-236630,-236698,-236782,-236875,-236977,-237089,-237217,-237360,-237518,-237680,-237861,-238054,,,,,,,,,,,,,,,,,,,,,,,,,,,,,,,,,,,,,,,,,,,,,,,,,,,,,,,,,,,,,,,,,,,,
RECAL 3 1 9999 234 64 4 80,1107,-328128,-317694,-307791,-298442,-289648,-281415,-273859,-266955,-260731,-255200,-250376,-246258,-242896,-240171,-238185,-236924,-236408,-236638,-237629,-239386,-241889,-245134,-249134,-253885,-259417,-265733,-272793,-280624,-289072,-298361,-308417,-319185,-330596,,,,,,,,,,,,,,,,,,,,,,,,,,,,,,,,,,,,,,,,,,,,,,,,,,,,,,,,,,,,,,,,,,,,
RECAL 3 0 9999 9999 64 4 80,-230,-234963,-234917,-234860,-234831,-234795,-234768,-234747,-234735,-234726,-234723,-234718,-234725,-234730,-234743,-234753,-234772,-234794,-234815,-234841,-234866,-234894,-234930,-234964,-235000,-235033,-235077,-235109,-235152,-235194,-235233,-235272,-235310,-235345,,,,,,,,,,,,,,,,,,,,,,,,,,,,,,,,,,,,,,,,,,,,,,,,,,,,,,,,,,,,,,,,,,,,
RECAL 3 1 9999 -192 64 4 80,-1318,-334183,-321304,-309142,-297800,-287491,-278065,-269569,-262028,-255391,-249675,-244933,-241014,-238001,-235872,-234617,-234233,-234702,-236023,-238186,-241137,-244880,-249394,-254689,-260736,-267522,-275033,-283121,-291973,-301436,-311547,-322232,-333449,-345156,,,,,,,,,,,,,,,,,,,,,,,,,,,,,,,,,,,,,,,,,,,,,,,,,,,,,,,,,,,,,,,,,,,,
RECAL 3 0 9999 9999 64 4 80,-349,-240928,-241044,-241179,-241325,-241474,-241643,-241812,-242002,-242198,-242401,-242616,-242839,-243061,-243297,-243542,-243789,-244053,-244308,-244578,-244853,-245125,-245414,-245696,-245994,-246280,-246580,-246887,-247186,-247491,-247790,-248096,-248399,-248697,,,,,,,,,,,,,,,,,,,,,,,,,,,,,,,,,,,,,,,,,,,,,,,,,,,,,,,,,,,,,,,,,,,,
RECAL 3 0 9999 -307 64 4 80,-371,-240471,-240516,-240580,-240652,-240743,-240848,-240965,-241098,-241236,-241381,-241546,-241724,-241900,-242093,-242290,-242500,-242716,-242939,-243169,-243412,-243650,-243903,-244179,-244432,-244711,-244984,-245266,-245551,-245850,-246130,-246426,-246722,-247027,,,,,,,,,,,,,,,,,,,,,,,,,,,,,,,,,,,,,,,,,,,,,,,,,,,,,,,,,,,,,,,,,,,,
RECAL 3 0 9999 -329 64 4 80,-393,-240502,-240456,-240425,-240410,-240420,-240442,-240479,-240536,-240609,-240696,-240786,-240895,-241022,-241155,-241303,-241459,-241626,-241805,-241989,-242179,-242389,-242601,-242824,-243050,-243284,-243522,-243778,-244030,-244295,-244563,-244839,-245114,-245402,,,,,,,,,,,,,,,,,,,,,,,,,,,,,,,,,,,,,,,,,,,,,,,,,,,,,,,,,,,,,,,,,,,,
RECAL 3 1 9999 -380 64 4 80,-2173,-502734,-490630,-473447,-451286,-426509,-400481,-374571,-350410,-328438,-308992,-291966,-277344,-265163,-255414,-248071,-243071,-240409,-240002,-241854,-245951,-252246,-260730,-271357,-284075,-299020,-315962,-334599,-354854,-376368,-398956,-422021,-445304,-467259,,,,,,,,,,,,,,,,,,,,,,,,,,,,,,,,,,,,,,,,,,,,,,,,,,,,,,,,,,,,,,,,,,,,
RECAL 3 0 9999 9999 64 4 80,-506,-241915,-241728,-241581,-241455,-241369,-241301,-241259,-241243,-241251,-241283,-241344,-241426,-241523,-241642,-241784,-241948,-242128,-242331,-242541,-242775,-243026,-243290,-243575,-243873,-244191,-244527,-244867,-245229,-245609,-246002,-246397,-246806,-247231,,,,,,,,,,,,,,,,,,,,,,,,,,,,,,,,,,,,,,,,,,,,,,,,,,,,,,,,,,,,,,,,,,,,
RECAL 3 1 9999 -478 64 4 80,-2758,-511732,-506737,-498206,-480251,-449470,-413094,-377043,-345093,-317362,-294044,-274720,-259428,-248241,-240926,-237348,-237461,-241168,-248448,-259019,-273258,-290807,-311443,-335147,-361460,-389965,-419883,-449457,-476730,-497021,-508631,-515503,-517898,-518606,,,,,,,,,,,,,,,,,,,,,,,,,,,,,,,,,,,,,,,,,,,,,,,,,,,,,,,,,,,,,,,,,,,,
RECAL 3 0 9999 9999 64 4 80,-2308,-330903,-319252,-308746,-299029,-290294,-282425,-275434,-269283,-263970,-259465,-255814,-252970,-250916,-249631,-249152,-249446,-250544,-252453,-255127,-258642,-263011,-268194,-274211,-281075,-288807,-297351,-306988,-317467,-328862,-341290,-354674,-368998,-384531,,,,,,,,,,,,,,,,,,,,,,,,,,,,,,,,,,,,,,,,,,,,,,,,,,,,,,,,,,,,,,,,,,,,
RECAL 3 1 9999 -2252 64 4 80,-2737,-516428,-512534,-506778,-493905,-464887,-427902,-391216,-358679,-330730,-307098,-287598,-271911,-260005,-251972,-247431,-246500,-249102,-255194,-264792,-277831,-294328,-314007,-336637,-362185,-390397,-420405,-450249,-477272,-496766,-509026,-514566,-517084,-518825,,,,,,,,,,,,,,,,,,,,,,,,,,,,,,,,,,,,,,,,,,,,,,,,,,,,,,,,,,,,,,,,,,,,
RECAL 3 0 9999 9999 64 4 80,-2292,-315481,-304259,-294055,-284833,-276478,-268968,-262410,-256708,-251827,-247747,-244472,-241988,-240305,-239417,-239344,-240078,-241621,-243984,-247170,-251188,-256047,-261768,-268474,-276028,-284467,-293836,-304141,-315421,-327660,-340958,-354897,-369982,-386126,,,,,,,,,,,,,,,,,,,,,,,,,,,,,,,,,,,,,,,,,,,,,,,,,,,,,,,,,,,,,,,,,,,,
RECAL 3 1 9999 -2238 64 4 80,-2138,-473354,-449533,-422754,-395477,-369575,-345888,-324458,-305657,-289052,-274772,-262868,-253251,-245964,-240933,-238140,-237585,-239293,-243244,-249360,-257657,-268082,-280653,-295308,-311744,-330308,-350574,-372265,-395472,-419316,-442779,-465399,-484944,-499632,,,,,,,,,,,,,,,,,,,,,,,,,,,,,,,,,,,,,,,,,,,,,,,,,,,,,,,,,,,,,,,,,,,,
RECAL 3 0 9999 9999 64 4 80,-2273,-320310,-308804,-298332,-288876,-280193,-272403,-265453,-259299,-253968,-249505,-245780,-242853,-240717,-239382,-238841,-239102,-240160,-242064,-244797,-248351,-252771,-258085,-264276,-271359,-279368,-288121,-297856,-308551,-320169,-332687,-346136,-360425,-375784,,,,,,,,,,,,,,,,,,,,,,,,,,,,,,,,,,,,,,,,,,,,,,,,,,,,,,,,,,,,,,,,,,,,
RECAL 3 1 9999 -2216 64 4 80,-1277,-338196,-325440,-313625,-302700,-292663,-283514,-275206,-267730,-261204,-255560,-250771,-246796,-243629,-241258,-239677,-238872,-238838,-239559,-241044,-243256,-246230,-249916,-254333,-259470,-265422,-272073,-279418,-287413,-296006,-305286,-315200,-325727,-336636,,,,,,,,,,,,,,,,,,,,,,,,,,,,,,,,,,,,,,,,,,,,,,,,,,,,,,,,,,,,,,,,,,,,
RECAL 3 0 9999 9999 64 4 80,-2257,-329309,-317827,-307266,-297609,-288863,-281012,-273878,-267563,-262083,-257389,-253464,-250336,-247978,-246379,-245563,-245536,-246324,-247909,-250307,-253528,-257609,-262427,-268177,-274757,-282191,-290463,-299533,-309537,-320451,-332193,-344733,-358136,-372443,,,,,,,,,,,,,,,,,,,,,,,,,,,,,,,,,,,,,,,,,,,,,,,,,,,,,,,,,,,,,,,,,,,,
RECAL 3 1 9999 -2199 64 4 80,1152,-339787,-328534,-317942,-308030,-298799,-290322,-282527,-275436,-269062,-263522,-258702,-254624,-251290,-248703,-246861,-245773,-245449,-245878,-247095,-249083,-251870,-255456,-259862,-265090,-271150,-278154,-285998,-294624,-304152,-314514,-325671,-337692,-350300,,,,,,,,,,,,,,,,,,,,,,,,,,,,,,,,,,,,,,,,,,,,,,,,,,,,,,,,,,,,,,,,,,,,
RECAL 3 0 9999 9999 64 4 80,-2242,-320954,-310463,-300675,-291806,-283771,-276516,-270077,-264405,-259498,-255311,-251889,-249247,-247354,-246224,-245859,-246267,-247464,-249400,-252145,-255682,-260016,-265171,-271079,-277820,-285369,-293732,-302824,-312733,-323509,-335137,-347651,-361034,-375372,,,,,,,,,,,,,,,,,,,,,,,,,,,,,,,,,,,,,,,,,,,,,,,,,,,,,,,,,,,,,,,,,,,,
RECAL 3 1 9999 -2186 64 4 80,2009,-503303,-490934,-471928,-448544,-422486,-396654,-372100,-349799,-329441,-311301,-295568,-281781,-270185,-260773,-253560,-248592,-245845,-245352,-247111,-251084,-257306,-265793,-276530,-289553,-304810,-322337,-341774,-363502,-387162,-412284,-437762,-462134,-483383,,,,,,,,,,,,,,,,,,,,,,,,,,,,,,,,,,,,,,,,,,,,,,,,,,,,,,,,,,,,,,,,,,,,
RECAL 3 0 9999 9999 64 4 80,-2268,-327949,-317631,-308153,-299496,-291694,-284623,-278330,-272763,-268016,-263948,-260630,-258044,-256190,-255063,-254675,-255012,-256100,-257950,-260544,-263933,-268091,-273023,-278777,-285314,-292527,-300598,-309544,-319284,-329839,-341215,-353506,-366668,-380709,,,,,,,,,,,,,,,,,,,,,,,,,,,,,,,,,,,,,,,,,,,,,,,,,,,,,,,,,,,,,,,,,,,,
RECAL 3 1 9999 -2212 64 4 80,2605,-518422,-518464,-515870,-512530,-506880,-492496,-466017,-433002,-399487,-368814,-341982,-318706,-298986,-282728,-269808,-260422,-254578,-252256,-253466,-258246,-266646,-278454,-294094,-313466,-336611,-363671,-394558,-428396,-462228,-489719,-505010,-511550,-516132,,,,,,,,,,,,,,,,,,,,,,,,,,,,,,,,,,,,,,,,,,,,,,,,,,,,,,,,,,,,,,,,,,,,
RECAL 3 0 9999 9999 64 4 80,2179,-379623,-364563,-350562,-337474,-325402,-314295,-304144,-294925,-286580,-279104,-272528,-266878,-262116,-258237,-255262,-253183,-251968,-251623,-252157,-253577,-255897,-259134,-263288,-268380,-274367,-281296,-289201,-298049,-307972,-318945,-331061,-344342,-358727,,,,,,,,,,,,,,,,,,,,,,,,,,,,,,,,,,,,,,,,,,,,,,,,,,,,,,,,,,,,,,,,,,,,
RECAL 3 1 9999 2247 64 4 80,-2668,-513074,-505910,-495873,-476220,-448788,-417312,-385265,-355688,-329324,-306650,-287824,-272676,-261371,-253579,-249380,-248716,-251503,-257708,-267281,-280136,-296088,-315161,-337069,-361501,-388150,-416012,-443782,-470057,-491058,-504798,-513179,-516451,-519022,,,,,,,,,,,,,,,,,,,,,,,,,,,,,,,,,,,,,,,,,,,,,,,,,,,,,,,,,,,,,,,,,,,,
RECAL 3 0 9999 9999 64 4 80,2140,-378103,-363096,-349147,-335966,-323777,-312485,-302098,-292648,-284091,-276490,-269700,-263814,-258818,-254731,-251525,-249217,-247803,-247274,-247641,-248917,-251111,-254219,-258253,-263215,-269122,-275882,-283687,-292486,-302322,-313280,-325317,-338587,-353026,,,,,,,,,,,,,,,,,,,,,,,,,,,,,,,,,,,,,,,,,,,,,,,,,,,,,,,,,,,,,,,,,,,,
RECAL 3 1 9999 2208 64 4 80,-2041,-449773,-427592,-404569,-381530,-359635,-339250,-320558,-303783,-289105,-276482,-265998,-257617,-251397,-247283,-245230,-245223,-247252,-251276,-257300,-265322,-275245,-287073,-300634,-315972,-332882,-351304,-370858,-391423,-412564,-433687,-454293,-473090,-489901,,,,,,,,,,,,,,,,,,,,,,,,,,,,,,,,,,,,,,,,,,,,,,,,,,,,,,,,,,,,,,,,,,,,
RECAL 3 0 9999 9999 64 4 80,2119,-367109,-352667,-338999,-326206,-314362,-303411,-293401,-284372,-276257,-269020,-262685,-257238,-252691,-249039,-246253,-244375,-243353,-243244,-244001,-245665,-248218,-251675,-256050,-261391,-267718,-274994,-283240,-292485,-302724,-314020,-326378,-339689,-354341,,,,,,,,,,,,,,,,,,,,,,,,,,,,,,,,,,,,,,,,,,,,,,,,,,,,,,,,,,,,,,,,,,,,
RECAL 3 1 9999 2186 64 4 80,-1086,-308904,-300424,-292576,-285283,-278556,-272407,-266871,-261913,-257560,-253783,-250578,-247947,-245879,-244380,-243423,-243023,-243156,-243827,-245016,-246735,-248957,-251678,-254889,-258578,-262744,-267375,-272446,-277975,-283927,-290281,-296999,-304141,-311552,,,,,,,,,,,,,,,,,,,,,,,,,,,,,,,,,,,,,,,,,,,,,,,,,,,,,,,,,,,,,,,,,,,,
RECAL 3 0 9999 9999 64 4 80,2179,-372984,-357767,-343436,-330018,-317565,-306038,-295518,-285997,-277300,-269577,-262801,-257014,-252198,-248316,-245393,-243407,-242355,-242222,-243042,-244809,-247548,-251237,-255921,-261618,-268263,-275913,-284599,-294341,-305178,-317173,-330361,-344829,-360323,,,,,,,,,,,,,,,,,,,,,,,,,,,,,,,,,,,,,,,,,,,,,,,,,,,,,,,,,,,,,,,,,,,,
RECAL 3 1 9999 2246 64 4 80,1339,-372932,-358978,-345704,-332827,-320592,-309102,-298418,-288636,-279679,-271646,-264455,-258202,-252948,-248709,-245485,-243291,-242137,-242059,-243010,-245067,-248203,-252451,-257798,-264263,-271816,-280462,-290113,-300706,-312401,-325060,-338707,-353181,-368283,,,,,,,,,,,,,,,,,,,,,,,,,,,,,,,,,,,,,,,,,,,,,,,,,,,,,,,,,,,,,,,,,,,,
RECAL 3 0 9999 9999 64 4 80,2149,-375853,-360883,-346893,-333814,-321726,-310512,-300216,-290986,-282498,-274929,-268246,-262468,-257579,-253586,-250473,-248243,-246895,-246447,-246894,-248231,-250477,-253632,-257700,-262604,-268515,-275395,-283262,-292138,-302054,-313093,-325228,-338573,-353081,,,,,,,,,,,,,,,,,,,,,,,,,,,,,,,,,,,,,,,,,,,,,,,,,,,,,,,,,,,,,,,,,,,,
RECAL 3 1 9999 2217 64 4 80,2133,-506173,-495662,-480412,-460306,-437693,-413896,-389801,-366489,-344624,-324377,-306148,-290399,-276656,-265306,-256440,-250128,-246392,-245241,-246695,-250739,-257341,-266566,-278432,-292884,-309953,-329553,-351459,-374965,-400334,-426101,-450806,-473203,-491335,,,,,,,,,,,,,,,,,,,,,,,,,,,,,,,,,,,,,,,,,,,,,,,,,,,,,,,,,,,,,,,,,,,,
RECAL 3 0 9999 9999 64 4 80,2121,-371667,-357809,-344873,-332804,-321709,-311490,-302186,-293797,-286241,-279487,-273533,-268390,-264087,-260552,-257851,-255927,-254810,-254497,-255008,-256333,-258484,-261455,-265266,-269975,-275556,-282028,-289397,-297637,-306898,-317146,-328215,-340563,-354114,,,,,,,,,,,,,,,,,,,,,,,,,,,,,,,,,,,,,,,,,,,,,,,,,,,,,,,,,,,,,,,,,,,,
RECAL 3 1 9999 2189 64 4 80,2710,-518844,-517044,-515705,-509054,-499467,-481059,-455166,-425708,-395749,-367248,-341426,-318719,-298999,-282650,-269683,-260259,-254421,-252205,-253644,-258873,-267990,-281133,-298255,-319580,-345084,-374573,-407723,-441745,-473995,-495263,-506715,-512860,-516052,,,,,,,,,,,,,,,,,,,,,,,,,,,,,,,,,,,,,,,,,,,,,,,,,,,,,,,,,,,,,,,,,,,,
RECAL 3 0 9999 9999 64 4 80,51,-257071,-257054,-257045,-257041,-257025,-257012,-257001,-257007,-257003,-256988,-256973,-256982,-256970,-256958,-256962,-256959,-256966,-256970,-256968,-256967,-256978,-256987,-257000,-257011,-257009,-257052,-257064,-257088,-257114,-257146,-257183,-257223,-257269,,,,,,,,,,,,,,,,,,,,,,,,,,,,,,,,,,,,,,,,,,,,,,,,,,,,,,,,,,,,,,,,,,,,
RECAL 3 0 9999 9999 128 4 80,-13,-257071,-257087,-257086,-257108,-257141,-257096,-257071,-257073,-257065,-257064,-257068,-257041,-257038,-257029,-257029,-257003,-257024,-257002,-256991,-256986,-256968,-256960,-256959,-256948,-256937,-256923,-256927,-256927,-256913,-256915,-256908,-256912,-256907,-256912,-256916,-256907,-256917,-256935,-256937,-256947,-256981,-256984,-257012,-257041,-257066,-257098,-257129,-257179,-257217,-257262,-257315,-257364,-257427,-257497,-257567,-257655,-257745,-257829,-257930,-258029,-258155,-258281,-258412,-258537,-258685,,,,,,,,,,,,,,,,,,,,,,,,,,,,,,,,,,,,
RECAL 3 1 9999 114 128 4 80,2661,-518672,-520132,-519461,-519630,-518319,-518974,-519237,-519270,-519259,-519018,-519395,-519238,-518932,-519689,-519692,-518448,-519345,-518301,-517705,-513352,-505142,-490043,-465898,-436920,-405945,-376318,-349306,-325297,-304640,-287479,-273753,-263515,-256855,-253908,-254731,-259384,-267962,-280487,-296951,-317146,-341826,-370642,-403354,-438218,-470694,-494107,-505579,-512403,-516378,-517750,-518700,-519172,-518710,-518738,-518951,-518933,-518306,-519170,-519535,-519306,-519237,-519911,-518481,-519002,-518677,,,,,,,,,,,,,,,,,,,,,,,,,,,,,,,,,,,,
RECAL 3 0 9999 9999 64 4 80,352,-253485,-253218,-252963,-252721,-252486,-252269,-252062,-251877,-251714,-251550,-251418,-251288,-251189,-251104,-251035,-250997,-250970,-250964,-250984,-251031,-251101,-251205,-251308,-251461,-251625,-251815,-252036,-252304,-252584,-252900,-253244,-253618,-254047,,,,,,,,,,,,,,,,,,,,,,,,,,,,,,,,,,,,,,,,,,,,,,,,,,,,,,,,,,,,,,,,,,,,
RECAL 3 1 9999 418 64 4 80,2154,-509976,-501862,-488959,-469826,-446572,-421827,-397272,-373034,-350417,-329643,-311052,-294768,-280973,-269645,-260850,-254657,-250984,-249854,-251310,-255393,-262138,-271532,-283449,-298065,-315412,-335310,-357584,-381967,-407931,-434118,-459192,-481279,-496741,,,,,,,,,,,,,,,,,,,,,,,,,,,,,,,,,,,,,,,,,,,,,,,,,,,,,,,,,,,,,,,,,,,,
RECAL 3 0 9999 9999 64 4 80,496,-255394,-254781,-254187,-253620,-253110,-252624,-252166,-251756,-251378,-251035,-250713,-250459,-250222,-250048,-249900,-249803,-249752,-249743,-249769,-249862,-249995,-250179,-250416,-250697,-251035,-251436,-251890,-252394,-252966,-253596,-254273,-255025,-255840,,,,,,,,,,,,,,,,,,,,,,,,,,,,,,,,,,,,,,,,,,,,,,,,,,,,,,,,,,,,,,,,,,,,
RECAL 3 1 9999 563 64 4 80,1376,-384282,-369314,-355014,-341344,-328389,-316330,-305131,-294921,-285867,-277620,-270385,-264208,-259113,-255117,-252211,-250416,-249725,-250129,-251627,-254224,-257954,-262822,-268827,-275968,-284114,-293445,-303873,-315472,-328072,-341726,-356290,-371643,-387920,,,,,,,,,,,,,,,,,,,,,,,,,,,,,,,,,,,,,,,,,,,,,,,,,,,,,,,,,,,,,,,,,,,,
RECAL 3 0 9999 9999 64 4 80,85,-251413,-251388,-251358,-251331,-251303,-251275,-251244,-251222,-251203,-251172,-251145,-251136,-251109,-251082,-251074,-251047,-251038,-251040,-251032,-251019,-251030,-251020,-251033,-251044,-251062,-251079,-251109,-251141,-251176,-251215,-251261,-251317,-251383,,,,,,,,,,,,,,,,,,,,,,,,,,,,,,,,,,,,,,,,,,,,,,,,,,,,,,,,,,,,,,,,,,,,
RECAL 3 0 9999 9999 128 4 80,21,-251724,-251736,-251708,-251696,-251675,-251668,-251643,-251621,-251610,-251587,-251561,-251536,-251506,-251477,-251452,-251433,-251408,-251376,-251347,-251325,-251283,-251266,-251238,-251217,-251185,-251164,-251139,-251117,-251102,-251079,-251053,-251045,-251037,-251021,-251021,-251021,-251014,-251013,-251012,-251032,-251046,-251069,-251086,-251121,-251159,-251198,-251244,-251302,-251365,-251428,-251517,-251604,-251693,-251802,-251913,-252032,-252160,-252292,-252450,-252591,-252768,-252950,-253144,-253357,-253577,,,,,,,,,,,,,,,,,,,,,,,,,,,,,,,,,,,,
RECAL 3 1 9999 164 128 4 80,-1101,-485769,-476489,-466589,-455229,-443875,-431944,-420151,-408249,-396455,-384960,-373671,-362783,-352404,-342355,-332797,-323714,-315159,-307134,-299614,-292708,-286397,-280519,-275188,-270404,-266163,-262443,-259286,-256641,-254514,-252897,-251776,-251150,-251009,-251332,-252137,-253398,-255086,-257252,-259834,-262885,-266351,-270214,-274502,-279191,-284257,-289699,-295492,-301686,-308233,-315118,-322301,-329814,-337495,-345534,-353860,-362364,-371008,-379935,-388981,-397999,-407245,-416326,-425457,-434481,-443199,,,,,,,,,,,,,,,,,,,,,,,,,,,,,,,,,,,,
RECAL 3 0 9999 9999 64 4 80,323,-255175,-254953,-254751,-254555,-254384,-254222,-254075,-253937,-253819,-253715,-253624,-253558,-253495,-253448,-253439,-253436,-253460,-253496,-253544,-253631,-253736,-253855,-254008,-254184,-254380,-254600,-254850,-255136,-255439,-255769,-256136,-256516,-256939,,,,,,,,,,,,,,,,,,,,,,,,,,,,,,,,,,,,,,,,,,,,,,,,,,,,,,,,,,,,,,,,,,,,
RECAL 3 1 9999 381 64 4 80,-2014,-454387,-432081,-409225,-386508,-364916,-344873,-326507,-310035,-295677,-283255,-272834,-264503,-258195,-253979,-251781,-251605,-253413,-257197,-262961,-270662,-280287,-291763,-305044,-320068,-336526,-354655,-373972,-394546,-415638,-436892,-456995,-475866,-491240,,,,,,,,,,,,,,,,,,,,,,,,,,,,,,,,,,,,,,,,,,,,,,,,,,,,,,,,,,,,,,,,,,,,
RECAL 3 0 9999 9999 64 4 80,501,-263687,-263088,-262505,-261983,-261474,-261003,-260534,-260125,-259742,-259395,-259088,-258806,-258546,-258348,-258162,-258029,-257932,-257867,-257861,-257885,-257962,-258066,-258235,-258444,-258685,-258984,-259340,-259735,-260170,-260662,-261216,-261827,-262482,,,,,,,,,,,,,,,,,,,,,,,,,,,,,,,,,,,,,,,,,,,,,,,,,,,,,,,,,,,,,,,,,,,,
RECAL 3 1 9999 572 64 4 80,-2646,-514065,-509385,-499520,-484453,-459369,-429379,-397952,-368126,-341497,-318274,-298715,-282945,-270765,-262219,-257257,-255800,-257805,-263235,-272045,-284206,-299553,-318085,-339293,-363385,-389930,-417865,-446005,-471888,-492264,-506039,-512515,-516461,-518464,,,,,,,,,,,,,,,,,,,,,,,,,,,,,,,,,,,,,,,,,,,,,,,,,,,,,,,,,,,,,,,,,,,,
RECAL 3 0 9999 9999 64 4 80,-2180,-340677,-329405,-319232,-309785,-301142,-293347,-286402,-280206,-274821,-270219,-266429,-263400,-261104,-259551,-258703,-258602,-259194,-260509,-262497,-265229,-268655,-272805,-277657,-283242,-289567,-296557,-304478,-313174,-322673,-332990,-344133,-356171,-368992,,,,,,,,,,,,,,,,,,,,,,,,,,,,,,,,,,,,,,,,,,,,,,,,,,,,,,,,,,,,,,,,,,,,
RECAL 3 1 9999 -2121 64 4 80,-2684,-514626,-510126,-502295,-486101,-459134,-426324,-393660,-363645,-337331,-314696,-295823,-280669,-269154,-261232,-256863,-255982,-258493,-264436,-273713,-286341,-302209,-321351,-343628,-368854,-396860,-426464,-455777,-481987,-499704,-509271,-513748,-516868,-518484,,,,,,,,,,,,,,,,,,,,,,,,,,,,,,,,,,,,,,,,,,,,,,,,,,,,,,,,,,,,,,,,,,,,
RECAL 3 0 9999 9999 64 4 80,-2217,-347026,-334374,-322737,-311978,-302113,-293212,-285228,-278122,-271874,-266511,-261979,-258331,-255424,-253315,-251998,-251471,-251729,-252768,-254583,-257155,-260454,-264537,-269335,-274901,-281205,-288298,-296095,-304627,-314094,-324370,-335513,-347566,-360481,,,,,,,,,,,,,,,,,,,,,,,,,,,,,,,,,,,,,,,,,,,,,,,,,,,,,,,,,,,,,,,,,,,,
RECAL 3 1 9999 -2156 64 4 80,-2066,-467269,-444489,-420445,-396021,-372626,-351122,-331217,-313450,-297845,-284478,-273272,-264293,-257472,-252798,-250252,-249820,-251450,-255147,-260876,-268641,-278392,-289981,-303556,-319069,-336365,-355422,-375964,-397900,-420474,-442920,-464220,-482658,-496270,,,,,,,,,,,,,,,,,,,,,,,,,,,,,,,,,,,,,,,,,,,,,,,,,,,,,,,,,,,,,,,,,,,,
RECAL 3 0 9999 9999 64 4 80,-2240,-346452,-333757,-321914,-311089,-301209,-292271,-284262,-277107,-270831,-265354,-260731,-256983,-254092,-252047,-250829,-250419,-250821,-251965,-253936,-256697,-260253,-264605,-269764,-275712,-282462,-289935,-298125,-307174,-317057,-327754,-339332,-351804,-365147,,,,,,,,,,,,,,,,,,,,,,,,,,,,,,,,,,,,,,,,,,,,,,,,,,,,,,,,,,,,,,,,,,,,
RECAL 3 1 9999 -2180 64 4 80,-1140,-325034,-315425,-306457,-298182,-290648,-283767,-277521,-271935,-267009,-262744,-259114,-256128,-253757,-252009,-250885,-250349,-250400,-251031,-252257,-254046,-256410,-259326,-262805,-266830,-271400,-276511,-282136,-288296,-294910,-302041,-309563,-317646,-326173,,,,,,,,,,,,,,,,,,,,,,,,,,,,,,,,,,,,,,,,,,,,,,,,,,,,,,,,,,,,,,,,,,,,
RECAL 3 0 9999 9999 64 4 80,-2178,-337565,-325648,-314549,-304327,-295021,-286628,-279066,-272364,-266523,-261508,-257366,-254008,-251435,-249636,-248575,-248281,-248725,-249871,-251775,-254408,-257772,-261870,-266708,-272257,-278570,-285679,-293581,-302264,-311781,-322098,-333257,-345251,-358072,,,,,,,,,,,,,,,,,,,,,,,,,,,,,,,,,,,,,,,,,,,,,,,,,,,,,,,,,,,,,,,,,,,,
RECAL 3 1 9999 -2118 64 4 80,1300,-364853,-351177,-338253,-326060,-314891,-304456,-294876,-286168,-278282,-271280,-265220,-260097,-255853,-252554,-250173,-248752,-248281,-248769,-250221,-252645,-256102,-260591,-266130,-272699,-280320,-289021,-298689,-309284,-321069,-333912,-347737,-362401,-377969,,,,,,,,,,,,,,,,,,,,,,,,,,,,,,,,,,,,,,,,,,,,,,,,,,,,,,,,,,,,,,,,,,,,
RECAL 3 0 9999 9999 64 4 80,-2211,-348045,-335789,-324426,-314052,-304603,-296063,-288481,-281699,-275794,-270801,-266532,-263024,-260326,-258411,-257289,-256935,-257363,-258554,-260483,-263136,-266531,-270673,-275536,-281127,-287489,-294442,-302329,-310973,-320413,-330709,-341878,-353935,-366800,,,,,,,,,,,,,,,,,,,,,,,,,,,,,,,,,,,,,,,,,,,,,,,,,,,,,,,,,,,,,,,,,,,,
RECAL 3 1 9999 -2151 64 4 80,2105,-508976,-502139,-489893,-471163,-448323,-423321,-398395,-374664,-352870,-332985,-315181,-299519,-286232,-275242,-266671,-260550,-256893,-255726,-257032,-260868,-267274,-276252,-287824,-301898,-318565,-337700,-359207,-382678,-407973,-434029,-459374,-481077,-496790,,,,,,,,,,,,,,,,,,,,,,,,,,,,,,,,,,,,,,,,,,,,,,,,,,,,,,,,,,,,,,,,,,,,
RECAL 3 0 9999 9999 64 4 80,-2245,-347607,-335604,-324721,-314611,-305335,-296942,-289413,-282648,-276697,-271488,-267034,-263359,-260457,-258331,-256978,-256378,-256551,-257450,-259065,-261437,-264568,-268452,-273072,-278463,-284627,-291543,-299169,-307543,-316726,-326704,-337548,-349244,-361808,,,,,,,,,,,,,,,,,,,,,,,,,,,,,,,,,,,,,,,,,,,,,,,,,,,,,,,,,,,,,,,,,,,,
RECAL 3 1 9999 -2184 64 4 80,2686,-518944,-518234,-516439,-512773,-503881,-488856,-462204,-430003,-397807,-367999,-341800,-318888,-299382,-283370,-270794,-261763,-256309,-254421,-256089,-261383,-270331,-283002,-299354,-319491,-343467,-371596,-403864,-439023,-472333,-496291,-507772,-513766,-516456,,,,,,,,,,,,,,,,,,,,,,,,,,,,,,,,,,,,,,,,,,,,,,,,,,,,,,,,,,,,,,,,,,,,
RECAL 3 0 9999 9999 64 4 80,2117,-331216,-320239,-310111,-300767,-292239,-284451,-277355,-270977,-265279,-260298,-256055,-252540,-249726,-247638,-246278,-245625,-245679,-246477,-247989,-250247,-253237,-256985,-261507,-266782,-272725,-279466,-286982,-295234,-304333,-314255,-324996,-336476,-348939,,,,,,,,,,,,,,,,,,,,,,,,,,,,,,,,,,,,,,,,,,,,,,,,,,,,,,,,,,,,,,,,,,,,
RECAL 3 1 9999 2179 64 4 80,-2713,-511529,-504193,-490981,-469472,-440385,-408739,-376872,-347891,-321780,-299279,-280557,-265508,-254162,-246540,-242548,-242211,-245556,-252580,-263256,-277548,-295250,-316197,-340008,-365797,-393736,-422374,-450316,-475568,-494969,-507518,-514727,-517483,-518680,,,,,,,,,,,,,,,,,,,,,,,,,,,,,,,,,,,,,,,,,,,,,,,,,,,,,,,,,,,,,,,,,,,,
RECAL 3 0 9999 9999 64 4 80,2048,-336494,-325025,-314396,-304571,-295523,-287293,-279763,-272950,-266870,-261575,-256953,-253033,-249804,-247252,-245388,-244198,-243701,-243883,-244757,-246318,-248579,-251558,-255244,-259656,-264810,-270763,-277484,-284947,-293182,-302205,-312021,-322644,-333880,,,,,,,,,,,,,,,,,,,,,,,,,,,,,,,,,,,,,,,,,,,,,,,,,,,,,,,,,,,,,,,,,,,,
RECAL 3 1 9999 2113 64 4 80,-2114,-477022,-457265,-434872,-411182,-387255,-364102,-342540,-322646,-304845,-289316,-276074,-265058,-256278,-249764,-245508,-243487,-243720,-246143,-250786,-257641,-266682,-277845,-291050,-306163,-323173,-341949,-362206,-383619,-405685,-427811,-449145,-469221,-487092,,,,,,,,,,,,,,,,,,,,,,,,,,,,,,,,,,,,,,,,,,,,,,,,,,,,,,,,,,,,,,,,,,,,
RECAL 3 0 9999 9999 64 4 80,2110,-337435,-325581,-314477,-304164,-294706,-286076,-278192,-271080,-264728,-259056,-254144,-250002,-246613,-243986,-242099,-240977,-240612,-241001,-242160,-244086,-246777,-250260,-254504,-259566,-265434,-272043,-279408,-287580,-296478,-306249,-316815,-328161,-340356,,,,,,,,,,,,,,,,,,,,,,,,,,,,,,,,,,,,,,,,,,,,,,,,,,,,,,,,,,,,,,,,,,,,
RECAL 3 1 9999 2174 64 4 80,-1246,-346325,-333966,-322280,-311309,-301055,-291611,-282931,-275080,-268110,-261853,-256391,-251755,-247925,-244905,-242681,-241249,-240609,-240741,-241626,-243279,-245659,-248775,-252632,-257209,-262441,-268429,-275099,-282428,-290391,-298941,-308093,-317813,-328094,,,,,,,,,,,,,,,,,,,,,,,,,,,,,,,,,,,,,,,,,,,,,,,,,,,,,,,,,,,,,,,,,,,,
RECAL 3 0 9999 9999 64 4 80,2073,-339060,-327154,-316186,-306158,-296923,-288511,-280818,-273868,-267648,-262139,-257399,-253312,-249945,-247274,-245306,-244036,-243487,-243651,-244535,-246151,-248511,-251620,-255470,-260096,-265496,-271649,-278488,-286193,-294674,-303971,-314079,-324947,-336684,,,,,,,,,,,,,,,,,,,,,,,,,,,,,,,,,,,,,,,,,,,,,,,,,,,,,,,,,,,,,,,,,,,,
RECAL 3 1 9999 2138 64 4 80,1159,-354632,-343104,-332024,-321456,-311416,-301971,-293156,-284886,-277274,-270368,-264220,-258778,-254127,-250252,-247180,-244931,-243459,-242817,-243011,-244058,-245968,-248750,-252409,-256908,-262295,-268549,-275703,-283731,-292630,-302411,-313044,-324335,-336549,,,,,,,,,,,,,,,,,,,,,,,,,,,,,,,,,,,,,,,,,,,,,,,,,,,,,,,,,,,,,,,,,,,,
RECAL 3 0 9999 9999 64 4 80,2177,-348366,-335496,-323610,-312680,-302642,-293502,-285230,-277744,-271085,-265287,-260249,-255975,-252481,-249734,-247753,-246521,-246051,-246322,-247364,-249162,-251738,-255100,-259242,-264200,-269968,-276640,-284135,-292489,-301699,-311806,-322822,-334755,-347371,,,,,,,,,,,,,,,,,,,,,,,,,,,,,,,,,,,,,,,,,,,,,,,,,,,,,,,,,,,,,,,,,,,,
RECAL 3 1 9999 2241 64 4 80,2011,-494837,-479558,-461116,-440239,-418623,-396522,-374882,-354330,-334900,-317041,-301027,-286768,-274410,-264119,-255908,-249866,-246019,-244381,-245039,-248067,-253512,-261422,-271862,-284837,-300305,-318266,-338284,-360563,-384539,-409510,-433901,-457086,-477327,,,,,,,,,,,,,,,,,,,,,,,,,,,,,,,,,,,,,,,,,,,,,,,,,,,,,,,,,,,,,,,,,,,,
RECAL 3 0 9999 9999 64 4 80,2188,-355699,-342842,-330994,-320091,-310099,-300919,-292758,-285353,-278681,-272777,-267619,-263188,-259491,-256539,-254251,-252738,-251895,-251787,-252406,-253730,-255803,-258628,-262242,-266625,-271795,-277760,-284543,-292135,-300528,-309691,-319881,-330972,-343013,,,,,,,,,,,,,,,,,,,,,,,,,,,,,,,,,,,,,,,,,,,,,,,,,,,,,,,,,,,,,,,,,,,,
RECAL 3 1 9999 2255 64 4 80,2605,-518569,-518696,-515374,-510328,-500661,-483842,-460213,-432128,-402619,-373941,-347338,-323341,-302347,-284658,-270334,-259301,-251663,-247479,-246828,-249788,-256499,-266928,-281445,-300032,-322809,-349765,-380454,-414053,-446919,-475388,-494653,-505271,-512132,,,,,,,,,,,,,,,,,,,,,,,,,,,,,,,,,,,,,,,,,,,,,,,,,,,,,,,,,,,,,,,,,,,,
RECAL 3 0 9999 9999 64 4 80,317,-250808,-250677,-250548,-250426,-250313,-250221,-250123,-250045,-249993,-249934,-249889,-249863,-249855,-249860,-249874,-249913,-249960,-250024,-250109,-250207,-250334,-250472,-250622,-250809,-251006,-251229,-251474,-251733,-252014,-252321,-252653,-253007,-253388,,,,,,,,,,,,,,,,,,,,,,,,,,,,,,,,,,,,,,,,,,,,,,,,,,,,,,,,,,,,,,,,,,,,
RECAL 3 1 9999 366 64 4 80,2577,-519176,-517469,-513726,-507889,-496651,-477833,-451376,-421748,-391671,-363318,-337544,-314749,-295280,-278850,-265747,-256045,-249850,-247187,-248143,-252791,-261233,-273409,-289493,-309529,-333641,-361700,-393372,-427117,-458703,-484238,-499997,-508179,-513797,,,,,,,,,,,,,,,,,,,,,,,,,,,,,,,,,,,,,,,,,,,,,,,,,,,,,,,,,,,,,,,,,,,,
RECAL 3 0 9999 9999 64 4 80,245,-244230,-244170,-244124,-244076,-244043,-244013,-243990,-243982,-243968,-243983,-244002,-244032,-244069,-244118,-244183,-244249,-244338,-244432,-244536,-244667,-244805,-244955,-245123,-245310,-245508,-245723,-245962,-246219,-246491,-246788,-247107,-247445,-247801,,,,,,,,,,,,,,,,,,,,,,,,,,,,,,,,,,,,,,,,,,,,,,,,,,,,,,,,,,,,,,,,,,,,
RECAL 3 1 9999 276 64 4 80,1973,-496919,-482903,-464051,-442764,-420100,-397110,-374633,-353465,-333674,-315577,-299273,-284979,-272722,-262450,-254208,-248055,-244000,-242089,-242370,-244830,-249578,-256626,-266033,-277759,-291832,-308174,-326784,-347569,-370268,-394342,-418814,-442570,-464088,,,,,,,,,,,,,,,,,,,,,,,,,,,,,,,,,,,,,,,,,,,,,,,,,,,,,,,,,,,,,,,,,,,,
RECAL 3 0 9999 9999 64 4 80,-695,-249183,-248302,-247490,-246753,-246091,-245505,-244990,-244554,-244172,-243863,-243620,-243440,-243322,-243255,-243253,-243302,-243408,-243580,-243796,-244065,-244393,-244756,-245187,-245657,-246184,-246749,-247360,-248019,-248718,-249473,-250240,-251069,-251931,,,,,,,,,,,,,,,,,,,,,,,,,,,,,,,,,,,,,,,,,,,,,,,,,,,,,,,,,,,,,,,,,,,,
RECAL 3 1 9999 -641 64 4 80,1099,-343969,-333104,-322739,-312945,-303675,-295011,-287070,-279736,-273002,-266927,-261487,-256714,-252618,-249218,-246543,-244529,-243249,-242681,-242858,-243786,-245476,-247928,-251220,-255323,-260267,-266051,-272665,-280147,-288478,-297613,-307494,-318329,-329956,,,,,,,,,,,,,,,,,,,,,,,,,,,,,,,,,,,,,,,,,,,,,,,,,,,,,,,,,,,,,,,,,,,,
RECAL 3 0 9999 9999 64 4 80,-545,-242368,-241891,-241447,-241054,-240705,-240387,-240123,-239884,-239687,-239533,-239409,-239327,-239278,-239257,-239267,-239307,-239385,-239484,-239623,-239795,-239984,-240199,-240442,-240715,-241013,-241327,-241674,-242037,-242419,-242830,-243264,-243706,-244173,,,,,,,,,,,,,,,,,,,,,,,,,,,,,,,,,,,,,,,,,,,,,,,,,,,,,,,,,,,,,,,,,,,,
RECAL 3 1 9999 -493 64 4 80,-1304,-350595,-337384,-324896,-313235,-302357,-292341,-283161,-274946,-267493,-260917,-255238,-250422,-246481,-243395,-241162,-239768,-239253,-239592,-240789,-242851,-245746,-249465,-254010,-259309,-265488,-272474,-280251,-288791,-298006,-307988,-318642,-329753,-341463,,,,,,,,,,,,,,,,,,,,,,,,,,,,,,,,,,,,,,,,,,,,,,,,,,,,,,,,,,,,,,,,,,,,
RECAL 3 0 9999 9999 64 4 80,-784,-243099,-242065,-241120,-240268,-239511,-238854,-238266,-237763,-237346,-237020,-236769,-236590,-236501,-236478,-236536,-236685,-236885,-237166,-237518,-237939,-238426,-238970,-239589,-240270,-241019,-241832,-242696,-243612,-244596,-245616,-246695,-247818,-248985,,,,,,,,,,,,,,,,,,,,,,,,,,,,,,,,,,,,,,,,,,,,,,,,,,,,,,,,,,,,,,,,,,,,
RECAL 3 1 9999 -733 64 4 80,-2147,-480157,-459405,-435759,-410585,-385125,-360791,-338195,-317611,-299249,-283442,-269674,-258212,-249139,-242423,-238077,-236086,-236462,-239171,-244141,-251357,-260842,-272592,-286517,-302520,-320524,-340148,-361381,-383796,-406863,-429595,-451754,-471795,-488739,,,,,,,,,,,,,,,,,,,,,,,,,,,,,,,,,,,,,,,,,,,,,,,,,,,,,,,,,,,,,,,,,,,,
RECAL 3 0 9999 9999 64 4 80,-549,-241588,-241288,-241026,-240797,-240604,-240453,-240318,-240228,-240174,-240140,-240136,-240154,-240216,-240296,-240411,-240532,-240696,-240876,-241088,-241321,-241573,-241856,-242153,-242486,-242820,-243183,-243552,-243950,-244368,-244799,-245249,-245715,-246194,,,,,,,,,,,,,,,,,,,,,,,,,,,,,,,,,,,,,,,,,,,,,,,,,,,,,,,,,,,,,,,,,,,,
RECAL 3 1 9999 -511 64 4 80,-2739,-514577,-508306,-498579,-480799,-452691,-419531,-386105,-355039,-327341,-303295,-283112,-266616,-253884,-245001,-239686,-238029,-240047,-245689,-254920,-267730,-284043,-303687,-326821,-352801,-380929,-410584,-439825,-467327,-489525,-504144,-512256,-515829,-517928,,,,,,,,,,,,,,,,,,,,,,,,,,,,,,,,,,,,,,,,,,,,,,,,,,,,,,,,,,,,,,,,,,,,
RECAL 3 0 9999 9999 64 4 80,-2313,-324266,-313199,-303064,-294018,-285740,-278297,-271681,-265917,-260921,-256720,-253323,-250659,-248796,-247709,-247406,-247876,-249126,-251161,-253969,-257507,-261871,-267028,-272964,-279706,-287256,-295563,-304792,-314745,-325537,-337213,-349820,-363261,-377772,,,,,,,,,,,,,,,,,,,,,,,,,,,,,,,,,,,,,,,,,,,,,,,,,,,,,,,,,,,,,,,,,,,,
RECAL 3 1 9999 -2257 64 4 80,-2728,-515174,-511696,-504157,-488302,-459316,-424318,-389767,-358585,-331432,-308177,-288710,-273052,-260796,-252129,-247014,-245427,-247346,-252784,-261734,-274413,-290604,-310258,-333317,-359572,-388452,-419075,-449278,-476301,-496331,-507830,-513826,-518032,-518782,,,,,,,,,,,,,,,,,,,,,,,,,,,,,,,,,,,,,,,,,,,,,,,,,,,,,,,,,,,,,,,,,,,,
RECAL 3 0 9999 9999 64 4 80,-2370,-334715,-321906,-310035,-299286,-289669,-280993,-273280,-266527,-260687,-255794,-251821,-248710,-246447,-245028,-244453,-244719,-245805,-247699,-250439,-253995,-258386,-263616,-269660,-276566,-284271,-292891,-302448,-312933,-324354,-336693,-350038,-364227,-379530,,,,,,,,,,,,,,,,,,,,,,,,,,,,,,,,,,,,,,,,,,,,,,,,,,,,,,,,,,,,,,,,,,,,
RECAL 3 1 9999 -2313 64 4 80,-2133,-486375,-465215,-440511,-413891,-387680,-363286,-341380,-321367,-303584,-288175,-275033,-264209,-255685,-249469,-245560,-243894,-244444,-247224,-252224,-259461,-268946,-280660,-294345,-310339,-328387,-348300,-369850,-392914,-416553,-439985,-462041,-481014,-495432,,,,,,,,,,,,,,,,,,,,,,,,,,,,,,,,,,,,,,,,,,,,,,,,,,,,,,,,,,,,,,,,,,,,
RECAL 3 0 9999 9999 64 4 80,-2313,-321419,-309999,-299630,-290435,-281998,-274480,-267863,-262115,-257228,-253191,-249998,-247608,-246049,-245332,-245451,-246381,-248141,-250717,-254113,-258265,-263296,-269142,-275806,-283292,-291600,-300738,-310743,-321519,-333062,-345510,-358801,-372938,-388001,,,,,,,,,,,,,,,,,,,,,,,,,,,,,,,,,,,,,,,,,,,,,,,,,,,,,,,,,,,,,,,,,,,,
RECAL 3 1 9999 -2260 64 4 80,-1282,-352352,-339487,-327240,-315916,-305438,-295817,-287098,-279189,-272098,-265837,-260346,-255729,-251970,-249039,-246953,-245691,-245262,-245646,-246826,-248830,-251644,-255263,-259685,-264912,-270915,-277657,-285104,-293256,-302137,-311756,-322048,-332987,-344560,,,,,,,,,,,,,,,,,,,,,,,,,,,,,,,,,,,,,,,,,,,,,,,,,,,,,,,,,,,,,,,,,,,,
RECAL 3 0 9999 9999 64 4 80,-2348,-335025,-322144,-310435,-299825,-290450,-281987,-274455,-267855,-262132,-257294,-253337,-250234,-247992,-246557,-245956,-246180,-247226,-249092,-251774,-255262,-259653,-264889,-270949,-277867,-285626,-294219,-303685,-314075,-325165,-337342,-350500,-364431,-379416,,,,,,,,,,,,,,,,,,,,,,,,,,,,,,,,,,,,,,,,,,,,,,,,,,,,,,,,,,,,,,,,,,,,
RECAL 3 1 9999 -2291 64 4 80,1120,-348292,-337089,-326502,-316515,-307114,-298340,-290247,-282753,-275983,-269790,-264280,-259439,-255303,-251881,-249176,-247193,-245939,-245422,-245687,-246742,-248600,-251261,-254771,-259112,-264252,-270304,-277236,-285051,-293704,-303254,-313701,-325013,-337168,,,,,,,,,,,,,,,,,,,,,,,,,,,,,,,,,,,,,,,,,,,,,,,,,,,,,,,,,,,,,,,,,,,,
RECAL 3 0 9999 9999 64 4 80,-2253,-326737,-315520,-305262,-295965,-287718,-280192,-273509,-267660,-262625,-258393,-254953,-252297,-250434,-249321,-248954,-249328,-250428,-252263,-254821,-258119,-262086,-266843,-272307,-278537,-285494,-293172,-301608,-310851,-320961,-331953,-343815,-356523,-370018,,,,,,,,,,,,,,,,,,,,,,,,,,,,,,,,,,,,,,,,,,,,,,,,,,,,,,,,,,,,,,,,,,,,
RECAL 3 1 9999 -2197 64 4 80,1984,-502245,-491075,-474171,-452732,-428690,-404312,-380667,-358527,-338218,-320073,-303861,-289674,-277440,-267223,-259026,-252911,-248925,-247012,-247276,-249732,-254433,-261449,-270794,-282508,-296583,-313383,-332610,-354135,-377772,-403202,-429154,-453940,-475519,,,,,,,,,,,,,,,,,,,,,,,,,,,,,,,,,,,,,,,,,,,,,,,,,,,,,,,,,,,,,,,,,,,,
RECAL 3 0 9999 9999 64 4 80,-2239,-321644,-311691,-302679,-294517,-287241,-280700,-274966,-269995,-265810,-262376,-259670,-257673,-256397,-255818,-255931,-256747,-258228,-260419,-263317,-266920,-271208,-276211,-281947,-288384,-295535,-303564,-312388,-322018,-332478,-343743,-355943,-368980,-382860,,,,,,,,,,,,,,,,,,,,,,,,,,,,,,,,,,,,,,,,,,,,,,,,,,,,,,,,,,,,,,,,,,,,
RECAL 3 1 9999 -2186 64 4 80,2583,-518605,-518069,-515304,-512056,-504789,-491482,-467939,-437238,-405321,-374900,-347706,-324129,-303631,-286626,-272917,-262603,-255660,-252179,-252183,-255696,-262783,-273531,-288061,-306374,-328707,-355067,-385247,-418618,-453264,-482802,-500933,-509241,-513844,,,,,,,,,,,,,,,,,,,,,,,,,,,,,,,,,,,,,,,,,,,,,,,,,,,,,,,,,,,,,,,,,,,,
RECAL 3 0 9999 9999 64 4 80,2119,-339003,-326151,-314331,-303457,-293493,-284430,-276202,-268732,-262120,-256351,-251429,-247340,-244088,-241653,-240068,-239329,-239426,-240386,-242205,-244893,-248459,-252919,-258294,-264538,-271661,-279712,-288704,-298615,-309588,-321576,-334635,-348552,-363711,,,,,,,,,,,,,,,,,,,,,,,,,,,,,,,,,,,,,,,,,,,,,,,,,,,,,,,,,,,,,,,,,,,,
RECAL 3 1 9999 2180 64 4 80,-2740,-515334,-509502,-499322,-482084,-455863,-424404,-391598,-360375,-332227,-307548,-286621,-269356,-255854,-246134,-240196,-237864,-239243,-244306,-253027,-265429,-281414,-300832,-323606,-349411,-377418,-406929,-436425,-464170,-487910,-503731,-511808,-516828,-518443,,,,,,,,,,,,,,,,,,,,,,,,,,,,,,,,,,,,,,,,,,,,,,,,,,,,,,,,,,,,,,,,,,,,
RECAL 3 0 9999 9999 64 4 80,2104,-348700,-334444,-321445,-309301,-298137,-287967,-278659,-270248,-262694,-256004,-250171,-245130,-240956,-237641,-235206,-233631,-232924,-233091,-234125,-236049,-238894,-242647,-247294,-252873,-259394,-266884,-275358,-284646,-294871,-306107,-318304,-331509,-345719,,,,,,,,,,,,,,,,,,,,,,,,,,,,,,,,,,,,,,,,,,,,,,,,,,,,,,,,,,,,,,,,,,,,
RECAL 3 1 9999 2169 64 4 80,-2139,-470061,-448146,-424828,-400782,-376874,-353937,-332365,-312893,-295046,-279361,-265857,-254600,-245674,-239037,-234705,-232672,-232901,-235388,-240126,-247089,-256245,-267631,-281135,-296446,-313849,-332958,-353570,-375131,-397470,-420159,-442313,-463611,-482775,,,,,,,,,,,,,,,,,,,,,,,,,,,,,,,,,,,,,,,,,,,,,,,,,,,,,,,,,,,,,,,,,,,,
RECAL 3 0 9999 9999 64 4 80,2108,-345821,-332009,-319110,-307177,-296215,-286258,-277141,-268929,-261593,-255122,-249472,-244704,-240815,-237806,-235675,-234428,-234064,-234580,-235997,-238332,-241578,-245739,-250834,-256866,-263880,-271862,-280686,-290479,-301178,-312917,-325573,-339260,-353908,,,,,,,,,,,,,,,,,,,,,,,,,,,,,,,,,,,,,,,,,,,,,,,,,,,,,,,,,,,,,,,,,,,,
RECAL 3 1 9999 2172 64 4 80,-1267,-329970,-318389,-307491,-297253,-287814,-279035,-270992,-263730,-257247,-251581,-246710,-242641,-239349,-236885,-235167,-234231,-234071,-234681,-236059,-238200,-241096,-244722,-249060,-254107,-259879,-266375,-273520,-281354,-289839,-298767,-308462,-318718,-329438,,,,,,,,,,,,,,,,,,,,,,,,,,,,,,,,,,,,,,,,,,,,,,,,,,,,,,,,,,,,,,,,,,,,
RECAL 3 0 9999 9999 64 4 80,2014,-325581,-313321,-301908,-291467,-281851,-273085,-265156,-258025,-251711,-246275,-241553,-237631,-234510,-232199,-230681,-229971,-230066,-230964,-232650,-235145,-238446,-242569,-247510,-253292,-259918,-267282,-275580,-284732,-294706,-305550,-317299,-329909,-343376,,,,,,,,,,,,,,,,,,,,,,,,,,,,,,,,,,,,,,,,,,,,,,,,,,,,,,,,,,,,,,,,,,,,
RECAL 3 1 9999 2076 64 4 80,1180,-329900,-318996,-308395,-298361,-288946,-280098,-271887,-264353,-257508,-251475,-246085,-241431,-237540,-234426,-232109,-230603,-229909,-230050,-231008,-232801,-235450,-238962,-243352,-248609,-254753,-261736,-269708,-278582,-288361,-298974,-310497,-322846,-335946,,,,,,,,,,,,,,,,,,,,,,,,,,,,,,,,,,,,,,,,,,,,,,,,,,,,,,,,,,,,,,,,,,,,
RECAL 3 0 9999 9999 64 4 80,2010,-333791,-321470,-309950,-299281,-289538,-280602,-272484,-265189,-258660,-252941,-248055,-243863,-240458,-237828,-235977,-234905,-234621,-235122,-236404,-238464,-241304,-244942,-249368,-254598,-260682,-267584,-275200,-283752,-293136,-303387,-314512,-326558,-339532,,,,,,,,,,,,,,,,,,,,,,,,,,,,,,,,,,,,,,,,,,,,,,,,,,,,,,,,,,,,,,,,,,,,
RECAL 3 1 9999 2073 64 4 80,2033,-484658,-465941,-444779,-423151,-401074,-378895,-357556,-337327,-318455,-301154,-285660,-271998,-260291,-250557,-242993,-237646,-234590,-233855,-235493,-239570,-246009,-255024,-266652,-280882,-297691,-317116,-338947,-362896,-388298,-414266,-439425,-462706,-482832,,,,,,,,,,,,,,,,,,,,,,,,,,,,,,,,,,,,,,,,,,,,,,,,,,,,,,,,,,,,,,,,,,,,
RECAL 3 0 9999 9999 64 4 80,2099,-329623,-317460,-306265,-295973,-286830,-278345,-270711,-263904,-257888,-252681,-248281,-244634,-241738,-239642,-238347,-237844,-238155,-239277,-241218,-243976,-247522,-251966,-257273,-263455,-270533,-278522,-287448,-297279,-308043,-319769,-332518,-346350,-361204,,,,,,,,,,,,,,,,,,,,,,,,,,,,,,,,,,,,,,,,,,,,,,,,,,,,,,,,,,,,,,,,,,,,
RECAL 3 1 9999 2159 64 4 80,2624,-518560,-515370,-511051,-502671,-485110,-460955,-432347,-402500,-372983,-345865,-321093,-299147,-280360,-264676,-252308,-243309,-237766,-235650,-237191,-242507,-251687,-264982,-282512,-304358,-330663,-361812,-396898,-433499,-466450,-489752,-503203,-511427,-516092,,,,,,,,,,,,,,,,,,,,,,,,,,,,,,,,,,,,,,,,,,,,,,,,,,,,,,,,,,,,,,,,,,,,
RECAL 3 0 9999 9999 64 4 80,-390,-247626,-247527,-247454,-247398,-247343,-247319,-247299,-247297,-247312,-247342,-247380,-247430,-247499,-247583,-247673,-247774,-247885,-248014,-248144,-248273,-248424,-248586,-248756,-248924,-249111,-249301,-249486,-249697,-249891,-250102,-250319,-250527,-250755,,,,,,,,,,,,,,,,,,,,,,,,,,,,,,,,,,,,,,,,,,,,,,,,,,,,,,,,,,,,,,,,,,,,
RECAL 3 1 9999 -364 64 4 80,2649,-519045,-517760,-514512,-509339,-499740,-481243,-454718,-425006,-394452,-365490,-339360,-315718,-295268,-278139,-264359,-254026,-247240,-244033,-244509,-248859,-257225,-269785,-286664,-307962,-333944,-364543,-398925,-435941,-470091,-493788,-504741,-511552,-515719,,,,,,,,,,,,,,,,,,,,,,,,,,,,,,,,,,,,,,,,,,,,,,,,,,,,,,,,,,,,,,,,,,,,
RECAL 3 0 9999 9999 64 4 80,-774,-246536,-245539,-244657,-243851,-243134,-242507,-241972,-241526,-241161,-240877,-240681,-240558,-240523,-240563,-240680,-240877,-241145,-241492,-241898,-242381,-242942,-243559,-244246,-245004,-245814,-246698,-247631,-248611,-249641,-250729,-251880,-253082,-254336,,,,,,,,,,,,,,,,,,,,,,,,,,,,,,,,,,,,,,,,,,,,,,,,,,,,,,,,,,,,,,,,,,,,
RECAL 3 1 9999 -726 64 4 80,2067,-491952,-475560,-454884,-432221,-408544,-384849,-362172,-341020,-321470,-303827,-288229,-274688,-263485,-254314,-247414,-242807,-240542,-240660,-243233,-248299,-255811,-265878,-278545,-293791,-311683,-332187,-355087,-380077,-406299,-432598,-457647,-478570,-493895,,,,,,,,,,,,,,,,,,,,,,,,,,,,,,,,,,,,,,,,,,,,,,,,,,,,,,,,,,,,,,,,,,,,
RECAL 3 0 9999 9999 64 4 80,-757,-243577,-242573,-241672,-240857,-240143,-239523,-238983,-238533,-238176,-237901,-237717,-237617,-237600,-237670,-237808,-238022,-238330,-238696,-239140,-239660,-240250,-240899,-241620,-242396,-243235,-244133,-245097,-246115,-247187,-248320,-249489,-250729,-252018,,,,,,,,,,,,,,,,,,,,,,,,,,,,,,,,,,,,,,,,,,,,,,,,,,,,,,,,,,,,,,,,,,,,
RECAL 3 1 9999 -710 64 4 80,1236,-345294,-333179,-321641,-310738,-300591,-291177,-282395,-274358,-267065,-260520,-254779,-249903,-245764,-242445,-239965,-238348,-237601,-237739,-238782,-240747,-243684,-247592,-252487,-258399,-265345,-273314,-282319,-292223,-303219,-315321,-328356,-342383,-357210,,,,,,,,,,,,,,,,,,,,,,,,,,,,,,,,,,,,,,,,,,,,,,,,,,,,,,,,,,,,,,,,,,,,
RECAL 3 0 9999 9999 64 4 80,-297,-239451,-239335,-239226,-239136,-239059,-238992,-238937,-238886,-238849,-238819,-238795,-238797,-238797,-238808,-238820,-238845,-238877,-238910,-238950,-238999,-239060,-239119,-239183,-239252,-239329,-239406,-239489,-239570,-239659,-239748,-239837,-239934,-240030,,,,,,,,,,,,,,,,,,,,,,,,,,,,,,,,,,,,,,,,,,,,,,,,,,,,,,,,,,,,,,,,,,,,
RECAL 3 1 9999 -251 64 4 80,-1206,-328575,-317816,-307651,-298174,-289408,-281304,-273920,-267257,-261291,-256029,-251483,-247634,-244477,-242015,-240267,-239185,-238789,-239078,-240051,-241695,-244019,-247005,-250656,-254987,-260007,-265698,-272004,-278968,-286534,-294656,-303252,-312568,-322375,,,,,,,,,,,,,,,,,,,,,,,,,,,,,,,,,,,,,,,,,,,,,,,,,,,,,,,,,,,,,,,,,,,,
RECAL 3 0 9999 9999 64 4 80,-302,-242621,-242529,-242451,-242387,-242338,-242303,-242274,-242267,-242252,-242260,-242270,-242289,-242316,-242358,-242398,-242447,-242499,-242567,-242633,-242706,-242790,-242876,-242963,-243057,-243159,-243259,-243358,-243456,-243574,-243683,-243799,-243910,-244032,,,,,,,,,,,,,,,,,,,,,,,,,,,,,,,,,,,,,,,,,,,,,,,,,,,,,,,,,,,,,,,,,,,,
RECAL 3 1 9999 -270 64 4 80,-2102,-463928,-441511,-418116,-394459,-371431,-349804,-329761,-311625,-295411,-281273,-269211,-259260,-251497,-245911,-242527,-241279,-242217,-245347,-250646,-258133,-267811,-279634,-293533,-309588,-327602,-347382,-368610,-391129,-414148,-437238,-458460,-478261,-494404,,,,,,,,,,,,,,,,,,,,,,,,,,,,,,,,,,,,,,,,,,,,,,,,,,,,,,,,,,,,,,,,,,,,
RECAL 3 0 9999 9999 64 4 80,-191,-246997,-246938,-246881,-246854,-246816,-246791,-246770,-246745,-246734,-246719,-246708,-246705,-246697,-246700,-246702,-246709,-246716,-246727,-246731,-246740,-246750,-246764,-246783,-246794,-246802,-246815,-246833,-246842,-246862,-246879,-246899,-246899,-246924,,,,,,,,,,,,,,,,,,,,,,,,,,,,,,,,,,,,,,,,,,,,,,,,,,,,,,,,,,,,,,,,,,,,
RECAL 3 0 9999 9999 128 4 80,-255,-248332,-248179,-248028,-247892,-247762,-247650,-247536,-247431,-247332,-247250,-247169,-247103,-247027,-246967,-246911,-246871,-246821,-246777,-246743,-246713,-246685,-246669,-246648,-246638,-246620,-246613,-246608,-246605,-246604,-246606,-246610,-246623,-246625,-246640,-246646,-246659,-246666,-246677,-246692,-246708,-246728,-246743,-246768,-246783,-246804,-246816,-246824,-246850,-246863,-246873,-246891,-246909,-246921,-246931,-246945,-246956,-246970,-246969,-246986,-246986,-247002,-246996,-247017,-247063,-247089,,,,,,,,,,,,,,,,,,,,,,,,,,,,,,,,,,,,
RECAL 3 1 9999 -144 128 4 80,-2773,-518864,-519380,-519408,-518810,-519109,-519292,-518475,-519690,-519326,-519001,-518766,-519088,-519559,-518681,-517623,-517623,-513425,-506417,-494189,-473797,-445622,-414011,-382821,-353475,-327159,-304330,-285173,-269584,-257619,-249361,-244721,-243778,-246551,-253036,-263251,-277173,-294678,-315693,-339593,-366726,-396167,-426460,-455885,-481819,-499991,-509564,-514894,-517667,-517885,-518943,-518535,-518282,-519603,-519535,-520107,-519944,-519868,-518377,-519569,-518663,-519294,-518929,-518585,-519383,-518855,,,,,,,,,,,,,,,,,,,,,,,,,,,,,,,,,,,,
RECAL 3 0 9999 9999 64 4 80,-2242,-321503,-310018,-299355,-289720,-280959,-273086,-266103,-259972,-254684,-250265,-246669,-243856,-241818,-240545,-240047,-240322,-241363,-243140,-245681,-248994,-253054,-257883,-263476,-269840,-276971,-284952,-293799,-303495,-314057,-325492,-337881,-351153,-365377,,,,,,,,,,,,,,,,,,,,,,,,,,,,,,,,,,,,,,,,,,,,,,,,,,,,,,,,,,,,,,,,,,,,
RECAL 3 1 9999 -2185 64 4 80,-2744,-514578,-510290,-501186,-484717,-455531,-421083,-386736,-355512,-327901,-304133,-284115,-267719,-254923,-245807,-240260,-238343,-240003,-245305,-254257,-266892,-283198,-303069,-326536,-353467,-383403,-415366,-447371,-475968,-496530,-508829,-514460,-516970,-518901,,,,,,,,,,,,,,,,,,,,,,,,,,,,,,,,,,,,,,,,,,,,,,,,,,,,,,,,,,,,,,,,,,,,
RECAL 3 0 9999 9999 64 4 80,-2253,-328812,-316345,-304972,-294653,-285503,-277108,-269655,-263086,-257422,-252645,-248729,-245670,-243474,-242104,-241535,-241781,-242819,-244661,-247298,-250717,-254876,-259881,-265695,-272281,-279687,-287880,-296821,-306675,-317452,-329176,-341827,-355334,-369724,,,,,,,,,,,,,,,,,,,,,,,,,,,,,,,,,,,,,,,,,,,,,,,,,,,,,,,,,,,,,,,,,,,,
RECAL 3 1 9999 -2196 64 4 80,-2148,-475917,-454146,-429293,-403569,-378484,-355090,-333574,-314231,-297079,-282235,-269767,-259337,-251212,-245368,-241810,-240539,-241558,-244870,-250436,-258282,-268430,-280835,-295465,-312349,-331355,-352376,-374734,-398697,-423184,-446849,-468420,-486353,-499140,,,,,,,,,,,,,,,,,,,,,,,,,,,,,,,,,,,,,,,,,,,,,,,,,,,,,,,,,,,,,,,,,,,,
RECAL 3 0 9999 9999 64 4 80,-2251,-324479,-311746,-300147,-289828,-280291,-271715,-264091,-257370,-251573,-246668,-242627,-239465,-237167,-235696,-235040,-235195,-236156,-237929,-240495,-243812,-247960,-252894,-258629,-265174,-272500,-280638,-289576,-299315,-310053,-321649,-334121,-347483,-361702,,,,,,,,,,,,,,,,,,,,,,,,,,,,,,,,,,,,,,,,,,,,,,,,,,,,,,,,,,,,,,,,,,,,
RECAL 3 1 9999 -2194 64 4 80,-1288,-338373,-325975,-314371,-303643,-293579,-284317,-275833,-268143,-261261,-255177,-249911,-245431,-241738,-238839,-236757,-235474,-234997,-235317,-236428,-238309,-240995,-244479,-248736,-253771,-259599,-266212,-273556,-281583,-290380,-299827,-310027,-320900,-332419,,,,,,,,,,,,,,,,,,,,,,,,,,,,,,,,,,,,,,,,,,,,,,,,,,,,,,,,,,,,,,,,,,,,
RECAL 3 0 9999 9999 64 4 80,-2340,-327372,-313705,-301399,-290282,-280204,-271131,-263065,-255943,-249785,-244550,-240273,-236828,-234286,-232627,-231848,-231931,-232874,-234683,-237381,-240978,-245451,-250793,-257023,-264161,-272159,-281073,-290721,-301392,-313053,-325622,-339187,-353675,-369067,,,,,,,,,,,,,,,,,,,,,,,,,,,,,,,,,,,,,,,,,,,,,,,,,,,,,,,,,,,,,,,,,,,,
RECAL 3 1 9999 -2283 64 4 80,1155,-332825,-321807,-311338,-301426,-292129,-283440,-275355,-267909,-261037,-254845,-249361,-244578,-240519,-237194,-234611,-232804,-231777,-231513,-232056,-233416,-235603,-238649,-242554,-247338,-252930,-259415,-266817,-275110,-284312,-294408,-305436,-317401,-330100,,,,,,,,,,,,,,,,,,,,,,,,,,,,,,,,,,,,,,,,,,,,,,,,,,,,,,,,,,,,,,,,,,,,
RECAL 3 0 9999 9999 64 4 80,-2339,-324901,-312155,-300682,-290347,-280969,-272572,-265135,-258596,-252974,-248329,-244476,-241502,-239385,-238116,-237710,-238148,-239432,-241561,-244573,-248446,-253188,-258796,-265290,-272667,-280906,-289896,-299889,-310870,-322795,-335711,-349643,-364515,-380398,,,,,,,,,,,,,,,,,,,,,,,,,,,,,,,,,,,,,,,,,,,,,,,,,,,,,,,,,,,,,,,,,,,,
RECAL 3 1 9999 -2283 64 4 80,2019,-487299,-469368,-447433,-423709,-399703,-376165,-354174,-333781,-315349,-298602,-283842,-271009,-260186,-251412,-244726,-240137,-237673,-237465,-239568,-244036,-250895,-260270,-272172,-286663,-303396,-323028,-345240,-369728,-396341,-423880,-450661,-473928,-491255,,,,,,,,,,,,,,,,,,,,,,,,,,,,,,,,,,,,,,,,,,,,,,,,,,,,,,,,,,,,,,,,,,,,
RECAL 3 0 9999 9999 64 4 80,-2262,-318485,-307278,-297054,-287831,-279493,-272029,-265541,-259748,-254795,-250661,-247317,-244770,-243001,-242016,-241811,-242355,-243648,-245688,-248479,-252013,-256309,-261381,-267136,-273712,-281100,-289250,-298152,-307941,-318553,-330029,-342543,-356086,-370591,,,,,,,,,,,,,,,,,,,,,,,,,,,,,,,,,,,,,,,,,,,,,,,,,,,,,,,,,,,,,,,,,,,,
RECAL 3 1 9999 -2207 64 4 80,2612,-517085,-515012,-510376,-503257,-488382,-464740,-434380,-402211,-371344,-343391,-318668,-297308,-279620,-265142,-253945,-246142,-241705,-240724,-243300,-249423,-259434,-273426,-291516,-313811,-340608,-371734,-407250,-444934,-478953,-500406,-508493,-513324,-516305,,,,,,,,,,,,,,,,,,,,,,,,,,,,,,,,,,,,,,,,,,,,,,,,,,,,,,,,,,,,,,,,,,,,
RECAL 3 0 9999 9999 64 4 80,2096,-334642,-322022,-310296,-299474,-289699,-280578,-272226,-264708,-257944,-251970,-246759,-242308,-238611,-235639,-233447,-232039,-231422,-231588,-232544,-234297,-236823,-240221,-244430,-249480,-255390,-262193,-269899,-278528,-288136,-298492,-309938,-322415,-336013,,,,,,,,,,,,,,,,,,,,,,,,,,,,,,,,,,,,,,,,,,,,,,,,,,,,,,,,,,,,,,,,,,,,
RECAL 3 1 9999 2161 64 4 80,-2767,-510619,-501755,-485627,-461431,-431993,-399156,-366583,-336478,-309574,-286335,-266922,-251497,-239967,-232309,-228375,-228078,-231391,-238255,-248642,-262471,-279396,-299625,-322872,-348766,-376580,-405554,-434461,-461879,-485826,-501727,-511995,-516022,-518755,,,,,,,,,,,,,,,,,,,,,,,,,,,,,,,,,,,,,,,,,,,,,,,,,,,,,,,,,,,,,,,,,,,,
RECAL 3 0 9999 9999 64 4 80,2029,-318521,-306880,-296069,-286134,-276945,-268638,-261011,-254176,-248112,-242803,-238249,-234460,-231431,-229180,-227698,-226950,-226961,-227723,-229235,-231512,-234565,-238331,-242954,-248370,-254594,-261666,-269583,-278361,-288037,-298626,-310353,-323015,-336719,,,,,,,,,,,,,,,,,,,,,,,,,,,,,,,,,,,,,,,,,,,,,,,,,,,,,,,,,,,,,,,,,,,,
RECAL 3 1 9999 2091 64 4 80,-2169,-461460,-439329,-416299,-392659,-369357,-346971,-325733,-306026,-288226,-272415,-258875,-247700,-238864,-232358,-228204,-226396,-226880,-229676,-234752,-242131,-251761,-263564,-277507,-293314,-310908,-330129,-350722,-372189,-394390,-416706,-438544,-459086,-478201,,,,,,,,,,,,,,,,,,,,,,,,,,,,,,,,,,,,,,,,,,,,,,,,,,,,,,,,,,,,,,,,,,,,
RECAL 3 0 9999 9999 64 4 80,2029,-329685,-317384,-305890,-295252,-285460,-276548,-268299,-260874,-254225,-248376,-243308,-239011,-235487,-232755,-230819,-229648,-229237,-229585,-230705,-232609,-235300,-238720,-242997,-248081,-253980,-260724,-268328,-276796,-286170,-296435,-307798,-320125,-333421,,,,,,,,,,,,,,,,,,,,,,,,,,,,,,,,,,,,,,,,,,,,,,,,,,,,,,,,,,,,,,,,,,,,
RECAL 3 1 9999 2093 64 4 80,-1305,-326238,-314550,-303470,-293088,-283424,-274504,-266362,-259090,-252537,-246793,-241857,-237742,-234429,-231934,-230240,-229337,-229236,-229945,-231449,-233743,-236821,-240688,-245334,-250655,-256813,-263694,-271292,-279606,-288612,-298167,-308381,-319058,-330197,,,,,,,,,,,,,,,,,,,,,,,,,,,,,,,,,,,,,,,,,,,,,,,,,,,,,,,,,,,,,,,,,,,,
RECAL 3 0 9999 9999 64 4 80,2044,-326229,-314285,-303018,-292655,-283086,-274312,-266355,-259172,-252809,-247229,-242501,-238537,-235333,-232893,-231231,-230335,-230206,-230839,-232250,-234454,-237448,-241260,-245879,-251313,-257591,-264755,-272883,-281928,-291895,-302789,-314677,-327558,-341470,,,,,,,,,,,,,,,,,,,,,,,,,,,,,,,,,,,,,,,,,,,,,,,,,,,,,,,,,,,,,,,,,,,,
RECAL 3 1 9999 2107 64 4 80,1161,-320370,-310342,-300739,-291670,-283091,-275055,-267583,-260664,-254410,-248833,-243965,-239788,-236337,-233645,-231739,-230559,-230163,-230548,-231724,-233724,-236544,-240207,-244679,-249928,-256023,-262967,-270754,-279380,-288827,-299054,-309954,-321777,-334273,,,,,,,,,,,,,,,,,,,,,,,,,,,,,,,,,,,,,,,,,,,,,,,,,,,,,,,,,,,,,,,,,,,,
RECAL 3 0 9999 9999 64 4 80,2147,-341781,-328238,-315696,-304055,-293362,-283569,-274680,-266614,-259521,-253197,-247741,-243134,-239384,-236481,-234446,-233279,-232969,-233510,-234907,-237157,-240289,-244284,-249173,-254951,-261552,-269186,-277783,-287375,-297909,-309542,-322268,-336121,-351383,,,,,,,,,,,,,,,,,,,,,,,,,,,,,,,,,,,,,,,,,,,,,,,,,,,,,,,,,,,,,,,,,,,,
RECAL 3 1 9999 2211 64 4 80,2028,-472786,-452509,-431326,-409937,-388614,-368069,-348111,-329097,-311348,-295050,-280416,-267527,-256515,-247524,-240490,-235610,-232942,-232541,-234438,-238682,-245319,-254200,-265696,-279601,-295960,-314750,-335768,-358739,-383294,-408462,-432850,-455193,-475381,,,,,,,,,,,,,,,,,,,,,,,,,,,,,,,,,,,,,,,,,,,,,,,,,,,,,,,,,,,,,,,,,,,,
RECAL 3 0 9999 9999 64 4 80,2155,-344160,-330999,-318842,-307627,-297342,-287973,-279541,-271826,-264976,-258933,-253728,-249353,-245791,-243025,-241101,-239977,-239649,-240134,-241416,-243521,-246436,-250184,-254684,-260122,-266455,-273650,-281776,-290838,-300851,-311912,-324227,-337725,-352453,,,,,,,,,,,,,,,,,,,,,,,,,,,,,,,,,,,,,,,,,,,,,,,,,,,,,,,,,,,,,,,,,,,,
RECAL 3 1 9999 2219 64 4 80,2630,-517010,-514184,-509015,-496399,-475768,-449302,-421392,-393388,-366414,-341088,-317863,-297173,-279381,-264537,-252867,-244611,-239598,-238064,-240118,-245843,-255316,-268705,-286139,-307802,-333937,-364381,-398610,-434484,-467497,-490487,-502916,-510677,-514499,,,,,,,,,,,,,,,,,,,,,,,,,,,,,,,,,,,,,,,,,,,,,,,,,,,,,,,,,,,,,,,,,,,,
RECAL 3 0 9999 9999 64 4 80,285,-244000,-243892,-243800,-243709,-243625,-243561,-243495,-243448,-243409,-243382,-243359,-243355,-243358,-243372,-243397,-243431,-243494,-243556,-243643,-243739,-243851,-243981,-244119,-244290,-244465,-244657,-244870,-245107,-245367,-245644,-245938,-246256,-246591,,,,,,,,,,,,,,,,,,,,,,,,,,,,,,,,,,,,,,,,,,,,,,,,,,,,,,,,,,,,,,,,,,,,
RECAL 3 1 9999 330 64 4 80,2668,-518867,-516598,-511787,-503663,-489188,-465872,-438182,-409233,-380604,-353711,-329002,-306897,-287757,-271682,-258727,-249238,-243296,-240984,-242395,-247622,-256750,-269704,-287012,-308494,-334522,-365070,-400009,-437415,-471301,-495015,-505414,-512224,-515241,,,,,,,,,,,,,,,,,,,,,,,,,,,,,,,,,,,,,,,,,,,,,,,,,,,,,,,,,,,,,,,,,,,,
RECAL 3 0 9999 9999 64 4 80,224,-234880,-234809,-234740,-234680,-234620,-234571,-234524,-234484,-234457,-234430,-234418,-234412,-234414,-234426,-234440,-234470,-234510,-234561,-234621,-234692,-234778,-234882,-234984,-235104,-235240,-235388,-235553,-235733,-235929,-236141,-236371,-236617,-236883,,,,,,,,,,,,,,,,,,,,,,,,,,,,,,,,,,,,,,,,,,,,,,,,,,,,,,,,,,,,,,,,,,,,
RECAL 3 1 9999 269 64 4 80,2078,-483729,-463847,-441696,-418840,-396051,-373710,-352383,-332244,-313512,-296701,-281520,-268241,-257018,-247983,-241170,-236624,-234423,-234573,-237088,-241992,-249329,-259126,-271431,-286281,-303573,-323055,-345120,-369065,-394659,-420677,-445523,-467720,-485944,,,,,,,,,,,,,,,,,,,,,,,,,,,,,,,,,,,,,,,,,,,,,,,,,,,,,,,,,,,,,,,,,,,,
RECAL 3 0 9999 9999 64 4 80,-715,-240047,-238980,-238012,-237135,-236321,-235597,-234948,-234382,-233892,-233475,-233134,-232865,-232667,-232541,-232478,-232478,-232543,-232667,-232855,-233098,-233403,-233764,-234179,-234649,-235173,-235748,-236369,-237048,-237789,-238571,-239401,-240276,-241199,,,,,,,,,,,,,,,,,,,,,,,,,,,,,,,,,,,,,,,,,,,,,,,,,,,,,,,,,,,,,,,,,,,,
RECAL 3 1 9999 -657 64 4 80,1244,-337902,-326166,-315095,-304546,-294623,-285338,-276698,-268766,-261550,-255183,-249498,-244600,-240511,-237233,-234797,-233205,-232466,-232603,-233635,-235592,-238493,-242329,-247124,-252887,-259631,-267268,-275998,-285714,-296362,-308042,-320648,-334146,-348490,,,,,,,,,,,,,,,,,,,,,,,,,,,,,,,,,,,,,,,,,,,,,,,,,,,,,,,,,,,,,,,,,,,,
RECAL 3 0 9999 9999 64 4 80,-758,-241328,-240104,-238982,-237948,-237013,-236167,-235413,-234739,-234159,-233658,-233247,-232914,-232671,-232506,-232427,-232411,-232484,-232623,-232834,-233114,-233474,-233898,-234380,-234923,-235531,-236199,-236926,-237711,-238560,-239462,-240401,-241408,-242465,,,,,,,,,,,,,,,,,,,,,,,,,,,,,,,,,,,,,,,,,,,,,,,,,,,,,,,,,,,,,,,,,,,,
RECAL 3 1 9999 -700 64 4 80,-1213,-317478,-306860,-296910,-287705,-279102,-271209,-264064,-257647,-252020,-247120,-242927,-239427,-236633,-234546,-233147,-232438,-232402,-233038,-234337,-236296,-238926,-242195,-246101,-250648,-255855,-261724,-268238,-275375,-283097,-291386,-300200,-309637,-319448,,,,,,,,,,,,,,,,,,,,,,,,,,,,,,,,,,,,,,,,,,,,,,,,,,,,,,,,,,,,,,,,,,,,
RECAL 3 0 9999 9999 64 4 80,-773,-239491,-238396,-237402,-236498,-235681,-234959,-234316,-233771,-233303,-232911,-232607,-232391,-232240,-232180,-232192,-232279,-232438,-232671,-232973,-233352,-233794,-234300,-234877,-235512,-236210,-236982,-237800,-238670,-239596,-240577,-241613,-242706,-243837,,,,,,,,,,,,,,,,,,,,,,,,,,,,,,,,,,,,,,,,,,,,,,,,,,,,,,,,,,,,,,,,,,,,
RECAL 3 1 9999 -720 64 4 80,-2114,-450858,-428454,-404943,-381280,-358396,-336700,-316569,-298324,-282239,-268276,-256557,-247064,-239734,-234580,-231619,-230814,-232150,-235562,-241121,-248777,-258494,-270294,-284075,-299750,-317289,-336621,-357448,-379328,-401979,-424466,-445929,-466177,-483671,,,,,,,,,,,,,,,,,,,,,,,,,,,,,,,,,,,,,,,,,,,,,,,,,,,,,,,,,,,,,,,,,,,,
RECAL 3 0 9999 9999 64 4 80,-491,-237051,-236786,-236563,-236362,-236208,-236062,-235951,-235859,-235808,-235767,-235755,-235775,-235816,-235875,-235959,-236059,-236181,-236311,-236479,-236659,-236844,-237059,-237285,-237527,-237786,-238062,-238348,-238647,-238957,-239284,-239617,-239966,-240328,,,,,,,,,,,,,,,,,,,,,,,,,,,,,,,,,,,,,,,,,,,,,,,,,,,,,,,,,,,,,,,,,,,,
RECAL 3 1 9999 -452 64 4 80,-2726,-512243,-504533,-491033,-469542,-441088,-409730,-377946,-348107,-321149,-297590,-277999,-261808,-249337,-240508,-235318,-233725,-235677,-241149,-250139,-262687,-278710,-298065,-320715,-346220,-374143,-404009,-433497,-461789,-485336,-502047,-510458,-516134,-517510,,,,,,,,,,,,,,,,,,,,,,,,,,,,,,,,,,,,,,,,,,,,,,,,,,,,,,,,,,,,,,,,,,,,
RECAL 3 0 9999 9999 64 4 80,-2288,-322368,-310453,-299533,-289627,-280578,-272361,-265037,-258566,-252959,-248204,-244278,-241161,-238857,-237367,-236655,-236749,-237645,-239348,-241833,-245124,-249206,-254029,-259642,-266074,-273276,-281334,-290224,-299937,-310575,-321975,-334495,-348006,-362538,,,,,,,,,,,,,,,,,,,,,,,,,,,,,,,,,,,,,,,,,,,,,,,,,,,,,,,,,,,,,,,,,,,,
RECAL 3 1 9999 -2231 64 4 80,-2754,-512821,-507402,-495389,-474207,-443507,-408768,-374794,-344078,-317164,-294102,-274936,-259460,-247695,-239547,-234992,-234008,-236550,-242478,-251880,-264711,-280946,-300497,-323402,-349486,-378451,-409900,-441711,-470622,-492452,-505981,-512068,-516004,-518999,,,,,,,,,,,,,,,,,,,,,,,,,,,,,,,,,,,,,,,,,,,,,,,,,,,,,,,,,,,,,,,,,,,,
RECAL 3 0 9999 9999 64 4 80,-2350,-332440,-318687,-306166,-294823,-284666,-275578,-267483,-260341,-254141,-248869,-244496,-241012,-238434,-236688,-235813,-235790,-236617,-238299,-240830,-244224,-248465,-253627,-259663,-266599,-274443,-283194,-292853,-303447,-314894,-327519,-341247,-356028,-371917,,,,,,,,,,,,,,,,,,,,,,,,,,,,,,,,,,,,,,,,,,,,,,,,,,,,,,,,,,,,,,,,,,,,
RECAL 3 1 9999 -2292 64 4 80,-2153,-474501,-452858,-429069,-404102,-379294,-355686,-333778,-313892,-296163,-280667,-267340,-256448,-247716,-241296,-237162,-235298,-235714,-238369,-243259,-250289,-259475,-270813,-284269,-299745,-317296,-336762,-358015,-380404,-404239,-428142,-450963,-471480,-488099,,,,,,,,,,,,,,,,,,,,,,,,,,,,,,,,,,,,,,,,,,,,,,,,,,,,,,,,,,,,,,,,,,,,
RECAL 3 0 9999 9999 64 4 80,-2348,-332878,-318881,-306132,-294565,-284297,-275039,-266774,-259498,-253190,-247831,-243386,-239854,-237243,-235490,-234619,-234616,-235486,-237211,-239816,-243277,-247659,-252922,-259085,-266166,-274151,-283026,-292830,-303575,-315195,-327963,-341820,-356740,-372718,,,,,,,,,,,,,,,,,,,,,,,,,,,,,,,,,,,,,,,,,,,,,,,,,,,,,,,,,,,,,,,,,,,,
RECAL 3 1 9999 -2290 64 4 80,-1281,-331299,-319623,-308488,-298087,-288518,-279678,-271626,-264368,-257897,-252202,-247301,-243179,-239857,-237330,-235608,-234674,-234509,-235106,-236472,-238615,-241497,-245153,-249538,-254648,-260493,-267012,-274196,-282067,-290594,-299749,-309571,-320025,-331063,,,,,,,,,,,,,,,,,,,,,,,,,,,,,,,,,,,,,,,,,,,,,,,,,,,,,,,,,,,,,,,,,,,,
RECAL 3 0 9999 9999 64 4 80,-2334,-333452,-319991,-307719,-296566,-286517,-277446,-269356,-262222,-256111,-250851,-246502,-243027,-240441,-238726,-237870,-237890,-238767,-240529,-243164,-246667,-251034,-256270,-262390,-269408,-277192,-286014,-295699,-306393,-318019,-330685,-344363,-359094,-374761,,,,,,,,,,,,,,,,,,,,,,,,,,,,,,,,,,,,,,,,,,,,,,,,,,,,,,,,,,,,,,,,,,,,
RECAL 3 1 9999 -2276 64 4 80,1183,-333149,-322209,-311832,-302004,-292833,-284291,-276402,-269191,-262687,-256989,-251950,-247659,-244127,-241354,-239369,-238165,-237771,-238178,-239390,-241418,-244252,-247931,-252430,-257800,-264055,-271083,-279085,-287975,-297716,-308386,-319938,-332385,-345648,,,,,,,,,,,,,,,,,,,,,,,,,,,,,,,,,,,,,,,,,,,,,,,,,,,,,,,,,,,,,,,,,,,,
RECAL 3 0 9999 9999 64 4 80,-2237,-323649,-311289,-299971,-289730,-280399,-271998,-264516,-257894,-252213,-247387,-243362,-240137,-237709,-236063,-235209,-235125,-235792,-237227,-239442,-242412,-246127,-250612,-255858,-261889,-268773,-276491,-285053,-294409,-304643,-315772,-327770,-340798,-354560,,,,,,,,,,,,,,,,,,,,,,,,,,,,,,,,,,,,,,,,,,,,,,,,,,,,,,,,,,,,,,,,,,,,
RECAL 3 1 9999 -2178 64 4 80,2040,-477452,-457897,-436273,-413284,-390437,-368190,-347177,-327517,-309451,-293188,-278763,-266124,-255551,-247139,-240886,-236850,-235058,-235542,-238298,-243416,-250904,-260810,-273199,-288063,-305374,-325220,-347463,-371631,-397772,-424721,-450561,-473385,-490631,,,,,,,,,,,,,,,,,,,,,,,,,,,,,,,,,,,,,,,,,,,,,,,,,,,,,,,,,,,,,,,,,,,,
RECAL 3 0 9999 9999 64 4 80,-2230,-318598,-307413,-297227,-287995,-279628,-272108,-265485,-259694,-254695,-250489,-247035,-244330,-242369,-241149,-240663,-240911,-241876,-243575,-245998,-249151,-253038,-257656,-263066,-269295,-276297,-284100,-292703,-302138,-312472,-323650,-335641,-348788,-362883,,,,,,,,,,,,,,,,,,,,,,,,,,,,,,,,,,,,,,,,,,,,,,,,,,,,,,,,,,,,,,,,,,,,
RECAL 3 1 9999 -2173 64 4 80,2637,-517023,-514236,-509479,-500833,-483398,-457822,-428397,-398147,-369056,-342488,-318545,-297551,-279709,-265189,-253645,-245451,-240608,-239174,-241240,-246864,-256128,-269198,-286334,-307462,-332870,-362541,-396890,-434582,-470799,-495751,-507042,-511809,-515664,,,,,,,,,,,,,,,,,,,,,,,,,,,,,,,,,,,,,,,,,,,,,,,,,,,,,,,,,,,,,,,,,,,,
RECAL 3 0 9999 9999 64 4 80,2120,-348837,-335698,-323517,-312298,-301908,-292421,-283759,-275858,-268772,-262549,-257117,-252548,-248812,-245891,-243833,-242564,-242129,-242530,-243777,-245876,-248825,-252624,-257311,-262837,-269245,-276548,-284793,-293958,-304111,-315331,-327421,-340865,-355478,,,,,,,,,,,,,,,,,,,,,,,,,,,,,,,,,,,,,,,,,,,,,,,,,,,,,,,,,,,,,,,,,,,,
RECAL 3 1 9999 2184 64 4 80,-2864,-516065,-510544,-504997,-492317,-468173,-435375,-400737,-367921,-338716,-313287,-291802,-274135,-260280,-250293,-243896,-241154,-242032,-246492,-254482,-265984,-280897,-299274,-320880,-345392,-372306,-401095,-430512,-458678,-483898,-501222,-510881,-515787,-518658,,,,,,,,,,,,,,,,,,,,,,,,,,,,,,,,,,,,,,,,,,,,,,,,,,,,,,,,,,,,,,,,,,,,
RECAL 3 0 9999 9999 64 4 80,2162,-343021,-329384,-316747,-305015,-294362,-284506,-275555,-267503,-260351,-254101,-248782,-244353,-240828,-238210,-236458,-235610,-235639,-236559,-238387,-241111,-244696,-249232,-254709,-261142,-268539,-276937,-286336,-296737,-308350,-321134,-335116,-350377,-366775,,,,,,,,,,,,,,,,,,,,,,,,,,,,,,,,,,,,,,,,,,,,,,,,,,,,,,,,,,,,,,,,,,,,
RECAL 3 1 9999 2224 64 4 80,-2272,-487410,-469494,-446048,-420604,-394324,-368714,-344837,-323006,-303402,-286447,-271722,-259489,-249776,-242538,-237754,-235421,-235511,-237965,-242755,-249828,-259177,-270793,-284567,-300327,-318096,-337302,-358140,-380109,-402850,-425714,-448081,-469546,-487205,,,,,,,,,,,,,,,,,,,,,,,,,,,,,,,,,,,,,,,,,,,,,,,,,,,,,,,,,,,,,,,,,,,,
RECAL 3 0 9999 9999 64 4 80,2152,-350768,-336539,-323236,-310892,-299462,-288998,-279544,-270850,-263074,-256233,-250308,-245295,-241197,-238001,-235719,-234363,-233901,-234325,-235672,-237922,-241090,-245192,-250138,-256088,-263030,-270950,-279876,-289811,-300755,-312857,-326074,-340590,-356313,,,,,,,,,,,,,,,,,,,,,,,,,,,,,,,,,,,,,,,,,,,,,,,,,,,,,,,,,,,,,,,,,,,,
RECAL 3 1 9999 2216 64 4 80,-1448,-360129,-345133,-330849,-317632,-305321,-293974,-283604,-274192,-265782,-258336,-251911,-246528,-242064,-238573,-236048,-234495,-233886,-234225,-235494,-237718,-240895,-244987,-250002,-255909,-262717,-270396,-278937,-288191,-298257,-309117,-320673,-332842,-345612,,,,,,,,,,,,,,,,,,,,,,,,,,,,,,,,,,,,,,,,,,,,,,,,,,,,,,,,,,,,,,,,,,,,
RECAL 3 0 9999 9999 64 4 80,2147,-339036,-325446,-312805,-301034,-290250,-280338,-271331,-263238,-256139,-249863,-244488,-240013,-236429,-233771,-232019,-231168,-231226,-232177,-234023,-236778,-240458,-245052,-250584,-257058,-264405,-272846,-282297,-292752,-304274,-316910,-330690,-345656,-361918,,,,,,,,,,,,,,,,,,,,,,,,,,,,,,,,,,,,,,,,,,,,,,,,,,,,,,,,,,,,,,,,,,,,
RECAL 3 1 9999 2209 64 4 80,1031,-302163,-294070,-286432,-279197,-272436,-266164,-260343,-254989,-250146,-245832,-242049,-238804,-236116,-233999,-232441,-231474,-231072,-231264,-232044,-233438,-235441,-238067,-241325,-245166,-249629,-254710,-260448,-266813,-273817,-281441,-289702,-298425,-307892,,,,,,,,,,,,,,,,,,,,,,,,,,,,,,,,,,,,,,,,,,,,,,,,,,,,,,,,,,,,,,,,,,,,
RECAL 3 0 9999 9999 64 4 80,2135,-343374,-329872,-317248,-305458,-294596,-284651,-275556,-267333,-260005,-253571,-248030,-243412,-239595,-236647,-234593,-233410,-233105,-233694,-235172,-237524,-240757,-244886,-249904,-255856,-262742,-270590,-279438,-289103,-299925,-311866,-324934,-339151,-354585,,,,,,,,,,,,,,,,,,,,,,,,,,,,,,,,,,,,,,,,,,,,,,,,,,,,,,,,,,,,,,,,,,,,
RECAL 3 1 9999 2199 64 4 80,1975,-463346,-442447,-420207,-397592,-375242,-354045,-334045,-315593,-298844,-283932,-270809,-259694,-250510,-243232,-237886,-234492,-233081,-233678,-236278,-240907,-247630,-256429,-267336,-280327,-295308,-312317,-331112,-351721,-373725,-396618,-419708,-442149,-462925,,,,,,,,,,,,,,,,,,,,,,,,,,,,,,,,,,,,,,,,,,,,,,,,,,,,,,,,,,,,,,,,,,,,
RECAL 3 0 9999 9999 64 4 80,2129,-348464,-335498,-323494,-312385,-302142,-292742,-284181,-276460,-269579,-263544,-258330,-253941,-250437,-247688,-245756,-244670,-244395,-244962,-246359,-248586,-251667,-255562,-260313,-265939,-272427,-279843,-288191,-297447,-307571,-318882,-331284,-344847,-359559,,,,,,,,,,,,,,,,,,,,,,,,,,,,,,,,,,,,,,,,,,,,,,,,,,,,,,,,,,,,,,,,,,,,
RECAL 3 1 9999 2192 64 4 80,2602,-517076,-514220,-508796,-500332,-484348,-460007,-431166,-400839,-371565,-344850,-320969,-300115,-282487,-267994,-256824,-248940,-244287,-242923,-244901,-250281,-259187,-271634,-287513,-307111,-330312,-356901,-386419,-417827,-448469,-475013,-494140,-505350,-513174,,,,,,,,,,,,,,,,,,,,,,,,,,,,,,,,,,,,,,,,,,,,,,,,,,,,,,,,,,,,,,,,,,,,
RECAL 3 0 9999 9999 64 4 80,210,-232513,-232486,-232463,-232440,-232423,-232415,-232418,-232414,-232426,-232439,-232459,-232494,-232531,-232574,-232628,-232686,-232764,-232836,-232929,-233027,-233129,-233263,-233397,-233537,-233693,-233862,-234039,-234238,-234443,-234668,-234900,-235147,-235416,,,,,,,,,,,,,,,,,,,,,,,,,,,,,,,,,,,,,,,,,,,,,,,,,,,,,,,,,,,,,,,,,,,,
RECAL 3 1 9999 234 64 4 80,2617,-516170,-512115,-505788,-492457,-470873,-442151,-411044,-380002,-351190,-325055,-302101,-282482,-265991,-252717,-242687,-235899,-232411,-232263,-235437,-242085,-252202,-265914,-283192,-303999,-328428,-356154,-386895,-419638,-451327,-478289,-497135,-508632,-513726,,,,,,,,,,,,,,,,,,,,,,,,,,,,,,,,,,,,,,,,,,,,,,,,,,,,,,,,,,,,,,,,,,,,
RECAL 3 0 9999 9999 64 4 80,258,-234117,-234007,-233900,-233799,-233699,-233623,-233547,-233472,-233415,-233364,-233329,-233295,-233283,-233272,-233281,-233293,-233322,-233369,-233423,-233490,-233575,-233683,-233796,-233932,-234082,-234257,-234446,-234654,-234884,-235129,-235396,-235689,-236000,,,,,,,,,,,,,,,,,,,,,,,,,,,,,,,,,,,,,,,,,,,,,,,,,,,,,,,,,,,,,,,,,,,,
RECAL 3 1 9999 311 64 4 80,1993,-472404,-451657,-429214,-405787,-382634,-360456,-339904,-320960,-303693,-288252,-274614,-262822,-252978,-245083,-239192,-235221,-233288,-233387,-235557,-239811,-246167,-254626,-265276,-278173,-293136,-310173,-329133,-349864,-371955,-395232,-418443,-441438,-463257,,,,,,,,,,,,,,,,,,,,,,,,,,,,,,,,,,,,,,,,,,,,,,,,,,,,,,,,,,,,,,,,,,,,
RECAL 3 0 9999 9999 64 4 80,339,-235141,-234984,-234849,-234733,-234614,-234527,-234451,-234392,-234345,-234321,-234317,-234341,-234371,-234430,-234506,-234615,-234733,-234884,-235062,-235257,-235482,-235731,-236014,-236315,-236646,-237014,-237411,-237842,-238291,-238789,-239300,-239866,-240459,,,,,,,,,,,,,,,,,,,,,,,,,,,,,,,,,,,,,,,,,,,,,,,,,,,,,,,,,,,,,,,,,,,,
RECAL 3 1 9999 378 64 4 80,1067,-311121,-302264,-293923,-286073,-278710,-271856,-265641,-259873,-254672,-250056,-246007,-242550,-239677,-237408,-235779,-234753,-234334,-234544,-235389,-236866,-238992,-241771,-245162,-249255,-254011,-259458,-265595,-272388,-279882,-288032,-296879,-306487,-316736,,,,,,,,,,,,,,,,,,,,,,,,,,,,,,,,,,,,,,,,,,,,,,,,,,,,,,,,,,,,,,,,,,,,
RECAL 3 0 9999 9999 64 4 80,393,-234376,-234098,-233852,-233618,-233398,-233200,-233033,-232886,-232765,-232670,-232595,-232543,-232523,-232528,-232562,-232618,-232711,-232834,-232989,-233163,-233384,-233631,-233924,-234243,-234601,-234997,-235431,-235908,-236424,-236984,-237576,-238230,-238926,,,,,,,,,,,,,,,,,,,,,,,,,,,,,,,,,,,,,,,,,,,,,,,,,,,,,,,,,,,,,,,,,,,,
RECAL 3 1 9999 442 64 4 80,-1421,-356912,-342376,-328591,-315660,-303729,-292612,-282429,-273168,-264865,-257516,-251136,-245714,-241197,-237601,-234968,-233279,-232524,-232700,-233799,-235811,-238706,-242527,-247207,-252765,-259187,-266484,-274572,-283462,-293019,-303260,-314221,-325794,-337987,,,,,,,,,,,,,,,,,,,,,,,,,,,,,,,,,,,,,,,,,,,,,,,,,,,,,,,,,,,,,,,,,,,,
RECAL 3 0 9999 9999 64 4 80,432,-239054,-238728,-238419,-238135,-237880,-237635,-237433,-237248,-237087,-236959,-236855,-236774,-236727,-236706,-236720,-236766,-236847,-236957,-237113,-237298,-237515,-237775,-238080,-238408,-238795,-239212,-239671,-240176,-240725,-241314,-241950,-242630,-243359,,,,,,,,,,,,,,,,,,,,,,,,,,,,,,,,,,,,,,,,,,,,,,,,,,,,,,,,,,,,,,,,,,,,
RECAL 3 1 9999 484 64 4 80,-2254,-488863,-470835,-447743,-422192,-396165,-370798,-347205,-325493,-306034,-288974,-274262,-261963,-252158,-244788,-239753,-237052,-236693,-238647,-242902,-249439,-258112,-269130,-282307,-297537,-314836,-333959,-354687,-376821,-400107,-423933,-447376,-469458,-488163,,,,,,,,,,,,,,,,,,,,,,,,,,,,,,,,,,,,,,,,,,,,,,,,,,,,,,,,,,,,,,,,,,,,
RECAL 3 0 9999 9999 64 4 80,139,-239805,-239802,-239805,-239817,-239833,-239846,-239859,-239884,-239908,-239943,-239976,-240019,-240063,-240109,-240160,-240217,-240281,-240353,-240425,-240513,-240591,-240689,-240796,-240909,-241033,-241168,-241297,-241441,-241599,-241755,-241934,-242123,-242317,,,,,,,,,,,,,,,,,,,,,,,,,,,,,,,,,,,,,,,,,,,,,,,,,,,,,,,,,,,,,,,,,,,,
RECAL 3 0 9999 181 64 4 80,117,-239732,-239731,-239730,-239731,-239730,-239736,-239745,-239748,-239762,-239772,-239789,-239810,-239833,-239857,-239887,-239915,-239954,-239993,-240048,-240100,-240149,-240214,-240281,-240361,-240439,-240523,-240615,-240719,-240823,-240942,-241072,-241200,-241344,,,,,,,,,,,,,,,,,,,,,,,,,,,,,,,,,,,,,,,,,,,,,,,,,,,,,,,,,,,,,,,,,,,,
RECAL 3 1 9999 126 64 4 80,-2849,-514824,-510208,-504200,-490887,-466963,-434480,-399802,-367040,-337738,-312620,-291034,-273242,-259212,-248885,-242221,-239167,-239706,-243844,-251591,-262927,-277792,-296049,-317561,-342134,-369272,-398385,-428643,-458010,-483594,-501501,-510918,-513920,-518858,,,,,,,,,,,,,,,,,,,,,,,,,,,,,,,,,,,,,,,,,,,,,,,,,,,,,,,,,,,,,,,,,,,,
RECAL 3 0 9999 9999 64 4 80,-2236,-332267,-320836,-310343,-300750,-292087,-284297,-277311,-271144,-265853,-261325,-257587,-254630,-252417,-250967,-250253,-250278,-251048,-252550,-254806,-257800,-261540,-266037,-271272,-277266,-284108,-291710,-300103,-309380,-319495,-330470,-342385,-355210,-368847,,,,,,,,,,,,,,,,,,,,,,,,,,,,,,,,,,,,,,,,,,,,,,,,,,,,,,,,,,,,,,,,,,,,
RECAL 3 1 9999 -2178 64 4 80,-2876,-515483,-514028,-510749,-502385,-482884,-449300,-412567,-378366,-348922,-323512,-302059,-284411,-270372,-259923,-253101,-249857,-250121,-253895,-261200,-272007,-286296,-303932,-324928,-349195,-376727,-407006,-438455,-468111,-491094,-505956,-513020,-516702,-518300,,,,,,,,,,,,,,,,,,,,,,,,,,,,,,,,,,,,,,,,,,,,,,,,,,,,,,,,,,,,,,,,,,,,
RECAL 3 0 9999 9999 64 4 80,-2191,-323164,-311748,-301260,-291706,-283094,-275154,-268058,-261792,-256321,-251667,-247791,-244694,-242352,-240773,-239949,-239895,-240613,-242085,-244299,-247267,-250925,-255413,-260636,-266664,-273425,-280992,-289340,-298431,-308368,-319052,-330562,-342957,-356219,,,,,,,,,,,,,,,,,,,,,,,,,,,,,,,,,,,,,,,,,,,,,,,,,,,,,,,,,,,,,,,,,,,,
RECAL 3 1 9999 -2133 64 4 80,-2288,-494915,-477490,-453412,-426087,-398370,-371719,-347476,-325632,-306261,-289448,-275058,-263118,-253624,-246638,-241974,-239712,-239857,-242409,-247328,-254614,-264274,-276128,-290188,-306413,-324747,-345049,-367070,-390571,-414909,-439023,-461825,-482038,-496933,,,,,,,,,,,,,,,,,,,,,,,,,,,,,,,,,,,,,,,,,,,,,,,,,,,,,,,,,,,,,,,,,,,,
RECAL 3 0 9999 9999 64 4 80,-2201,-322556,-310713,-299810,-289889,-280813,-272611,-265280,-258810,-253110,-248234,-244168,-240891,-238412,-236706,-235782,-235637,-236266,-237665,-239841,-242785,-246485,-250933,-256156,-262099,-268911,-276502,-284898,-294098,-304112,-314983,-326723,-339280,-352694,,,,,,,,,,,,,,,,,,,,,,,,,,,,,,,,,,,,,,,,,,,,,,,,,,,,,,,,,,,,,,,,,,,,
RECAL 3 1 9999 -2142 64 4 80,-1450,-362446,-347130,-332770,-319474,-307190,-295902,-285621,-276273,-267903,-260493,-254063,-248669,-244161,-240607,-237989,-236320,-235595,-235792,-236913,-238971,-241965,-245881,-250715,-256449,-263095,-270636,-279046,-288228,-298262,-309149,-320810,-333197,-346291,,,,,,,,,,,,,,,,,,,,,,,,,,,,,,,,,,,,,,,,,,,,,,,,,,,,,,,,,,,,,,,,,,,,
RECAL 3 0 9999 9999 64 4 80,-2209,-318036,-306121,-295214,-285291,-276220,-268037,-260699,-254209,-248561,-243776,-239713,-236462,-234020,-232366,-231491,-231386,-232047,-233487,-235704,-238697,-242463,-246999,-252296,-258363,-265231,-272807,-281291,-290584,-300691,-311716,-323554,-336334,-350091,,,,,,,,,,,,,,,,,,,,,,,,,,,,,,,,,,,,,,,,,,,,,,,,,,,,,,,,,,,,,,,,,,,,
RECAL 3 1 9999 -2150 64 4 80,1029,-299278,-291416,-283956,-276961,-270439,-264383,-258802,-253705,-249077,-244977,-241382,-238323,-235807,-233845,-232444,-231612,-231338,-231647,-232545,-234035,-236138,-238860,-242200,-246147,-250679,-255845,-261661,-268110,-275204,-282939,-291304,-300155,-309805,,,,,,,,,,,,,,,,,,,,,,,,,,,,,,,,,,,,,,,,,,,,,,,,,,,,,,,,,,,,,,,,,,,,
RECAL 3 0 9999 9999 64 4 80,-2217,-314664,-303341,-292989,-283645,-275198,-267599,-260853,-254923,-249821,-245522,-242012,-239297,-237318,-236122,-235700,-236039,-237139,-238992,-241598,-244980,-249136,-254048,-259747,-266247,-273502,-281557,-290414,-299985,-310583,-322047,-334461,-347825,-362101,,,,,,,,,,,,,,,,,,,,,,,,,,,,,,,,,,,,,,,,,,,,,,,,,,,,,,,,,,,,,,,,,,,,
RECAL 3 1 9999 -2161 64 4 80,1971,-470948,-449407,-425660,-401487,-378232,-356288,-336061,-317558,-300882,-286099,-273153,-262063,-252999,-245823,-240523,-237140,-235691,-236187,-238679,-243154,-249602,-258130,-268769,-281446,-296123,-312878,-331535,-352063,-374317,-398034,-422342,-446228,-467853,,,,,,,,,,,,,,,,,,,,,,,,,,,,,,,,,,,,,,,,,,,,,,,,,,,,,,,,,,,,,,,,,,,,
RECAL 3 0 9999 9999 64 4 80,-2230,-320090,-308444,-297771,-288078,-279251,-271266,-264165,-257905,-252454,-247779,-243866,-240698,-238283,-236608,-235693,-235490,-236025,-237304,-239310,-242051,-245519,-249728,-254691,-260451,-266985,-274287,-282395,-291305,-300997,-311574,-322904,-335355,-348778,,,,,,,,,,,,,,,,,,,,,,,,,,,,,,,,,,,,,,,,,,,,,,,,,,,,,,,,,,,,,,,,,,,,
RECAL 3 1 9999 -2171 64 4 80,2599,-515573,-512170,-507475,-495904,-474661,-444748,-412011,-380531,-351475,-325605,-303047,-283772,-267671,-254781,-245096,-238691,-235469,-235480,-238766,-245391,-255389,-268842,-285817,-305961,-329819,-357112,-387614,-420392,-452591,-480194,-498275,-508417,-513544,,,,,,,,,,,,,,,,,,,,,,,,,,,,,,,,,,,,,,,,,,,,,,,,,,,,,,,,,,,,,,,,,,,,
RECAL 3 0 9999 9999 64 4 80,2095,-352661,-339699,-327498,-316213,-305711,-296188,-287385,-279310,-272020,-265531,-259808,-254870,-250734,-247336,-244725,-242927,-241938,-241776,-242410,-243891,-246203,-249323,-253319,-258204,-263976,-270638,-278228,-286738,-296157,-306508,-317812,-330121,-343475,,,,,,,,,,,,,,,,,,,,,,,,,,,,,,,,,,,,,,,,,,,,,,,,,,,,,,,,,,,,,,,,,,,,
RECAL 3 1 9999 2162 64 4 80,-2765,-513362,-506343,-493944,-474450,-448525,-418280,-386549,-356129,-328458,-304155,-283681,-267038,-254348,-245555,-240532,-239262,-241680,-247723,-257339,-270440,-286667,-306163,-328542,-353388,-379963,-407964,-435905,-462814,-486783,-503084,-511515,-516290,-517335,,,,,,,,,,,,,,,,,,,,,,,,,,,,,,,,,,,,,,,,,,,,,,,,,,,,,,,,,,,,,,,,,,,,
RECAL 3 0 9999 9999 64 4 80,2014,-346015,-333793,-322306,-311572,-301611,-292464,-284062,-276398,-269510,-263425,-258016,-253397,-249546,-246478,-244170,-242644,-241893,-241937,-242758,-244355,-246743,-249927,-253918,-258732,-264385,-270728,-278011,-286131,-295067,-304906,-315649,-327241,-339757,,,,,,,,,,,,,,,,,,,,,,,,,,,,,,,,,,,,,,,,,,,,,,,,,,,,,,,,,,,,,,,,,,,,
RECAL 3 1 9999 2080 64 4 80,-2164,-468835,-448119,-425555,-402555,-379508,-357410,-336471,-317137,-299726,-284469,-271428,-260671,-252247,-246184,-242475,-240998,-241831,-244938,-250288,-257859,-267623,-279497,-293267,-308930,-326312,-345209,-365302,-386319,-407936,-429883,-450897,-471098,-488761,,,,,,,,,,,,,,,,,,,,,,,,,,,,,,,,,,,,,,,,,,,,,,,,,,,,,,,,,,,,,,,,,,,,
RECAL 3 0 9999 9999 64 4 80,2015,-338991,-327071,-315913,-305490,-295828,-286993,-278860,-271470,-264871,-259072,-253983,-249677,-246149,-243385,-241399,-240216,-239818,-240211,-241390,-243355,-246125,-249686,-254060,-259268,-265315,-272057,-279763,-288294,-297650,-307894,-319029,-331014,-343846,,,,,,,,,,,,,,,,,,,,,,,,,,,,,,,,,,,,,,,,,,,,,,,,,,,,,,,,,,,,,,,,,,,,
RECAL 3 1 9999 2079 64 4 80,-1294,-335521,-323872,-312864,-302545,-293076,-284261,-276201,-268932,-262467,-256809,-251981,-247956,-244731,-242292,-240672,-239840,-239811,-240567,-242110,-244424,-247447,-251257,-255817,-261120,-267140,-273839,-281214,-289244,-297817,-307003,-316745,-326976,-337639,,,,,,,,,,,,,,,,,,,,,,,,,,,,,,,,,,,,,,,,,,,,,,,,,,,,,,,,,,,,,,,,,,,,
RECAL 3 0 9999 9999 64 4 80,2115,-358515,-345098,-332448,-320649,-309632,-299449,-290136,-281598,-273802,-266841,-260724,-255465,-251053,-247500,-244786,-242934,-241946,-241810,-242554,-244179,-246689,-250099,-254413,-259670,-265831,-272856,-280845,-289769,-299606,-310493,-322353,-335196,-348777,,,,,,,,,,,,,,,,,,,,,,,,,,,,,,,,,,,,,,,,,,,,,,,,,,,,,,,,,,,,,,,,,,,,
RECAL 3 1 9999 2182 64 4 80,1167,-338493,-327940,-317868,-308286,-299225,-290698,-282721,-275393,-268745,-262777,-257527,-252999,-249223,-246225,-243953,-242457,-241736,-241809,-242692,-244382,-246901,-250178,-254282,-259207,-264973,-271539,-278939,-287149,-296094,-305758,-316312,-327500,-339441,,,,,,,,,,,,,,,,,,,,,,,,,,,,,,,,,,,,,,,,,,,,,,,,,,,,,,,,,,,,,,,,,,,,
RECAL 3 0 9999 9999 64 4 80,2117,-364785,-351610,-339307,-327788,-317134,-307322,-298333,-290159,-282700,-276109,-270325,-265383,-261248,-257950,-255504,-253906,-253128,-253193,-254105,-255900,-258556,-262102,-266564,-271891,-278094,-285193,-293217,-302163,-312102,-323048,-334997,-347749,-361662,,,,,,,,,,,,,,,,,,,,,,,,,,,,,,,,,,,,,,,,,,,,,,,,,,,,,,,,,,,,,,,,,,,,
RECAL 3 1 9999 2183 64 4 80,2035,-492989,-477289,-458408,-438213,-417069,-395683,-374835,-355033,-336390,-319229,-303750,-290227,-278463,-268783,-261285,-256006,-252974,-252256,-253840,-257800,-264051,-272770,-283899,-297377,-313292,-331456,-351765,-373793,-397028,-420745,-444046,-465872,-484621,,,,,,,,,,,,,,,,,,,,,,,,,,,,,,,,,,,,,,,,,,,,,,,,,,,,,,,,,,,,,,,,,,,,
RECAL 3 0 9999 9999 64 4 80,2117,-370113,-357123,-344941,-333634,-323159,-313544,-304721,-296678,-289418,-282919,-277217,-272294,-268189,-264860,-262317,-260597,-259639,-259504,-260165,-261667,-263993,-267149,-271160,-276031,-281702,-288253,-295650,-303990,-313286,-323517,-334797,-346923,-360253,,,,,,,,,,,,,,,,,,,,,,,,,,,,,,,,,,,,,,,,,,,,,,,,,,,,,,,,,,,,,,,,,,,,
RECAL 3 1 9999 2184 64 4 80,2638,-517694,-516865,-512454,-503940,-488783,-466437,-440210,-412130,-384481,-358595,-335080,-314386,-296690,-282428,-271255,-263533,-259375,-258799,-261925,-268823,-279576,-294342,-313307,-336340,-363309,-393819,-426366,-457660,-483043,-500054,-508958,-513610,-517738,,,,,,,,,,,,,,,,,,,,,,,,,,,,,,,,,,,,,,,,,,,,,,,,,,,,,,,,,,,,,,,,,,,,
RECAL 3 0 9999 9999 64 4 80,-421,-249119,-248812,-248515,-248256,-248004,-247772,-247571,-247378,-247204,-247057,-246922,-246799,-246702,-246621,-246549,-246496,-246453,-246430,-246411,-246416,-246421,-246450,-246498,-246552,-246606,-246680,-246760,-246848,-246949,-247057,-247175,-247303,-247426,,,,,,,,,,,,,,,,,,,,,,,,,,,,,,,,,,,,,,,,,,,,,,,,,,,,,,,,,,,,,,,,,,,,
RECAL 3 1 9999 -347 64 4 80,2666,-518007,-516112,-514038,-506337,-492354,-470756,-443848,-414566,-385438,-357855,-332568,-310045,-290610,-274400,-261487,-252105,-246388,-244400,-246231,-251943,-261640,-275418,-292958,-314824,-340775,-370477,-403311,-436890,-467412,-490127,-503578,-511249,-515900,,,,,,,,,,,,,,,,,,,,,,,,,,,,,,,,,,,,,,,,,,,,,,,,,,,,,,,,,,,,,,,,,,,,
RECAL 3 0 9999 9999 64 4 80,-408,-242147,-241884,-241634,-241411,-241211,-241022,-240871,-240724,-240596,-240494,-240418,-240341,-240284,-240252,-240227,-240229,-240242,-240267,-240305,-240367,-240435,-240507,-240599,-240691,-240803,-240935,-241074,-241208,-241364,-241524,-241698,-241865,-242057,,,,,,,,,,,,,,,,,,,,,,,,,,,,,,,,,,,,,,,,,,,,,,,,,,,,,,,,,,,,,,,,,,,,
RECAL 3 1 9999 -349 64 4 80,2075,-490567,-473314,-452125,-429395,-406226,-383372,-361372,-340605,-321285,-303724,-288340,-274717,-263239,-254006,-247071,-242469,-240230,-240412,-242997,-247994,-255405,-265305,-277632,-292372,-309450,-328785,-349933,-372876,-397153,-421803,-445716,-468087,-487306,,,,,,,,,,,,,,,,,,,,,,,,,,,,,,,,,,,,,,,,,,,,,,,,,,,,,,,,,,,,,,,,,,,,
RECAL 3 0 9999 9999 64 4 80,-401,-241269,-241017,-240800,-240601,-240426,-240278,-240138,-240042,-239950,-239884,-239825,-239790,-239772,-239774,-239797,-239819,-239863,-239927,-240004,-240087,-240194,-240307,-240430,-240564,-240713,-240865,-241034,-241216,-241396,-241599,-241786,-241999,-242205,,,,,,,,,,,,,,,,,,,,,,,,,,,,,,,,,,,,,,,,,,,,,,,,,,,,,,,,,,,,,,,,,,,,
RECAL 3 1 9999 -351 64 4 80,1233,-348665,-336764,-325362,-314504,-304292,-294805,-286017,-277876,-270460,-263811,-257926,-252838,-248607,-245134,-242499,-240706,-239768,-239697,-240509,-242212,-244831,-248402,-252898,-258346,-264775,-272122,-280438,-289676,-299662,-310710,-322611,-335273,-348773,,,,,,,,,,,,,,,,,,,,,,,,,,,,,,,,,,,,,,,,,,,,,,,,,,,,,,,,,,,,,,,,,,,,
RECAL 3 0 9999 9999 64 4 80,-835,-247487,-245923,-244468,-243146,-241935,-240835,-239857,-239000,-238247,-237620,-237104,-236697,-236390,-236193,-236089,-236076,-236166,-236347,-236622,-237000,-237454,-238007,-238644,-239366,-240164,-241059,-242029,-243082,-244227,-245438,-246717,-248069,-249499,,,,,,,,,,,,,,,,,,,,,,,,,,,,,,,,,,,,,,,,,,,,,,,,,,,,,,,,,,,,,,,,,,,,
RECAL 3 1 9999 -777 64 4 80,-1220,-321411,-310738,-300845,-291521,-282881,-274946,-267725,-261274,-255549,-250576,-246367,-242882,-240108,-238041,-236680,-236022,-236063,-236785,-238163,-240227,-242954,-246335,-250361,-255042,-260344,-266299,-272840,-280029,-287798,-296076,-304939,-314310,-324156,,,,,,,,,,,,,,,,,,,,,,,,,,,,,,,,,,,,,,,,,,,,,,,,,,,,,,,,,,,,,,,,,,,,
RECAL 3 0 9999 9999 64 4 80,-842,-253240,-251611,-250108,-248735,-247473,-246328,-245290,-244373,-243567,-242872,-242277,-241793,-241423,-241143,-240968,-240884,-240891,-240998,-241191,-241472,-241845,-242302,-242836,-243455,-244161,-244935,-245804,-246738,-247760,-248862,-250034,-251280,-252593,,,,,,,,,,,,,,,,,,,,,,,,,,,,,,,,,,,,,,,,,,,,,,,,,,,,,,,,,,,,,,,,,,,,
RECAL 3 1 9999 -780 64 4 80,-2122,-472076,-451622,-429745,-407092,-384100,-361796,-340759,-321272,-303651,-288132,-274719,-263515,-254579,-247852,-243329,-240995,-240846,-242862,-247025,-253220,-261596,-272062,-284571,-298955,-315288,-333265,-352776,-373399,-395097,-417107,-438917,-460072,-478673,,,,,,,,,,,,,,,,,,,,,,,,,,,,,,,,,,,,,,,,,,,,,,,,,,,,,,,,,,,,,,,,,,,,
RECAL 3 0 9999 9999 64 4 80,-569,-243623,-243005,-242453,-241937,-241464,-241045,-240658,-240328,-240020,-239772,-239543,-239351,-239197,-239077,-238990,-238936,-238915,-238930,-238964,-239034,-239123,-239248,-239399,-239572,-239782,-240009,-240254,-240536,-240837,-241166,-241507,-241867,-242257,,,,,,,,,,,,,,,,,,,,,,,,,,,,,,,,,,,,,,,,,,,,,,,,,,,,,,,,,,,,,,,,,,,,
RECAL 3 1 9999 -504 64 4 80,-2731,-511996,-504978,-491371,-470331,-443294,-413350,-382486,-353109,-326171,-302462,-282281,-265954,-253124,-244049,-238656,-236942,-238859,-244394,-253471,-266106,-282194,-301559,-324035,-349231,-376499,-405447,-434426,-461687,-486055,-502713,-511220,-516017,-518040,,,,,,,,,,,,,,,,,,,,,,,,,,,,,,,,,,,,,,,,,,,,,,,,,,,,,,,,,,,,,,,,,,,,
RECAL 3 0 9999 9999 64 4 80,-2306,-346671,-333591,-321489,-310389,-300264,-291163,-282964,-275670,-269266,-263700,-258981,-255154,-252225,-250159,-248960,-248629,-249141,-250483,-252692,-255737,-259662,-264443,-270054,-276570,-283935,-292102,-301055,-310926,-321723,-333403,-346063,-359692,-374378,,,,,,,,,,,,,,,,,,,,,,,,,,,,,,,,,,,,,,,,,,,,,,,,,,,,,,,,,,,,,,,,,,,,
RECAL 3 1 9999 -2246 64 4 80,-2761,-512585,-506543,-495644,-476554,-448663,-416650,-384265,-354309,-327549,-304516,-285250,-269783,-258119,-250190,-245984,-245441,-248553,-255262,-265595,-279224,-296384,-316970,-340711,-367227,-396236,-426264,-455585,-480651,-499576,-510342,-515342,-517842,-518221,,,,,,,,,,,,,,,,,,,,,,,,,,,,,,,,,,,,,,,,,,,,,,,,,,,,,,,,,,,,,,,,,,,,
RECAL 3 0 9999 9999 64 4 80,-2378,-350499,-335877,-322538,-310510,-299467,-289556,-280639,-272740,-265887,-259999,-255120,-251248,-248360,-246409,-245383,-245268,-246084,-247818,-250467,-253975,-258430,-263812,-270103,-277295,-285383,-294371,-304301,-315273,-327312,-340403,-354443,-369458,-385655,,,,,,,,,,,,,,,,,,,,,,,,,,,,,,,,,,,,,,,,,,,,,,,,,,,,,,,,,,,,,,,,,,,,
RECAL 3 1 9999 -2319 64 4 80,-2161,-480121,-460405,-437701,-413653,-389564,-366196,-344366,-324384,-306466,-290791,-277360,-266207,-257369,-250956,-246749,-244831,-245228,-247896,-252820,-259999,-269414,-280991,-294639,-310377,-328075,-347579,-368665,-391106,-414265,-437170,-459233,-478673,-494273,,,,,,,,,,,,,,,,,,,,,,,,,,,,,,,,,,,,,,,,,,,,,,,,,,,,,,,,,,,,,,,,,,,,
RECAL 3 0 9999 9999 64 4 80,-2380,-353522,-338150,-324124,-311304,-299803,-289293,-279834,-271415,-264045,-257702,-252360,-248047,-244742,-242391,-240994,-240536,-241011,-242424,-244755,-248021,-252132,-257216,-263231,-270177,-278031,-286808,-296463,-307132,-318897,-331685,-345503,-360261,-376101,,,,,,,,,,,,,,,,,,,,,,,,,,,,,,,,,,,,,,,,,,,,,,,,,,,,,,,,,,,,,,,,,,,,
RECAL 3 1 9999 -2320 64 4 80,-1290,-335553,-323661,-312512,-302245,-292670,-283882,-275876,-268690,-262325,-256765,-252032,-248118,-244987,-242669,-241153,-240448,-240524,-241387,-243032,-245418,-248601,-252535,-257229,-262673,-268855,-275753,-283336,-291583,-300431,-309991,-320133,-330879,-342124,,,,,,,,,,,,,,,,,,,,,,,,,,,,,,,,,,,,,,,,,,,,,,,,,,,,,,,,,,,,,,,,,,,,
RECAL 3 0 9999 9999 64 4 80,-2286,-350352,-336463,-323715,-312076,-301377,-291664,-282901,-275129,-268296,-262387,-257423,-253368,-250234,-247958,-246550,-246018,-246364,-247575,-249661,-252600,-256370,-260944,-266379,-272624,-279730,-287688,-296435,-306074,-316474,-327821,-340116,-353337,-367309,,,,,,,,,,,,,,,,,,,,,,,,,,,,,,,,,,,,,,,,,,,,,,,,,,,,,,,,,,,,,,,,,,,,
RECAL 3 1 9999 -2226 64 4 80,1169,-341594,-330813,-320530,-310833,-301693,-293142,-285250,-278041,-271495,-265694,-260589,-256241,-252697,-249854,-247798,-246505,-246020,-246322,-247439,-249377,-252124,-255673,-260062,-265292,-271360,-278283,-286043,-294617,-303965,-314261,-325355,-337276,-349955,,,,,,,,,,,,,,,,,,,,,,,,,,,,,,,,,,,,,,,,,,,,,,,,,,,,,,,,,,,,,,,,,,,,
RECAL 3 0 9999 9999 64 4 80,-2281,-343466,-330906,-319439,-308895,-299286,-290708,-283050,-276289,-270451,-265522,-261444,-258287,-255955,-254482,-253854,-254083,-255157,-257061,-259819,-263393,-267758,-272930,-278952,-285770,-293395,-301878,-311230,-321300,-332368,-344387,-357286,-371104,-385857,,,,,,,,,,,,,,,,,,,,,,,,,,,,,,,,,,,,,,,,,,,,,,,,,,,,,,,,,,,,,,,,,,,,
RECAL 3 1 9999 -2224 64 4 80,2033,-501288,-489924,-472822,-452362,-430243,-407295,-384719,-363238,-343339,-325086,-308739,-294348,-281982,-271604,-263434,-257463,-253768,-252349,-253238,-256463,-261957,-269896,-280250,-292990,-308172,-325708,-345582,-367513,-391207,-415796,-440249,-463537,-482657,,,,,,,,,,,,,,,,,,,,,,,,,,,,,,,,,,,,,,,,,,,,,,,,,,,,,,,,,,,,,,,,,,,,
RECAL 3 0 9999 9999 64 4 80,-2284,-359642,-346817,-335038,-324277,-314341,-305351,-297289,-290165,-283862,-278429,-273817,-270073,-267144,-264992,-263662,-263148,-263430,-264530,-266437,-269129,-272582,-276820,-281848,-287686,-294273,-301724,-309989,-319090,-328943,-339835,-351636,-364337,-378070,,,,,,,,,,,,,,,,,,,,,,,,,,,,,,,,,,,,,,,,,,,,,,,,,,,,,,,,,,,,,,,,,,,,
RECAL 3 1 9999 -2223 64 4 80,2632,-518984,-517973,-515221,-510388,-502564,-487373,-463334,-434496,-404764,-376269,-350530,-327652,-308048,-291721,-278857,-269209,-263002,-260313,-261214,-265762,-274050,-286093,-301973,-322088,-346223,-374295,-406083,-439809,-471878,-494762,-506126,-512591,-516004,,,,,,,,,,,,,,,,,,,,,,,,,,,,,,,,,,,,,,,,,,,,,,,,,,,,,,,,,,,,,,,,,,,,
RECAL 3 0 9999 9999 64 4 80,2159,-358545,-345717,-333804,-322768,-312596,-303420,-294903,-287215,-280310,-274160,-268790,-264206,-260369,-257332,-255057,-253545,-252775,-252756,-253509,-255007,-257301,-260312,-264171,-268811,-274276,-280570,-287703,-295655,-304542,-314512,-325459,-337401,-350454,,,,,,,,,,,,,,,,,,,,,,,,,,,,,,,,,,,,,,,,,,,,,,,,,,,,,,,,,,,,,,,,,,,,
RECAL 3 1 9999 2225 64 4 80,-2704,-514608,-511821,-504054,-491058,-468833,-439893,-408051,-377320,-349400,-324775,-303699,-286241,-272314,-261870,-255113,-252039,-252634,-256875,-264768,-276314,-291473,-309831,-331839,-356959,-384679,-414194,-443761,-471136,-492440,-505705,-512948,-516840,-518703,,,,,,,,,,,,,,,,,,,,,,,,,,,,,,,,,,,,,,,,,,,,,,,,,,,,,,,,,,,,,,,,,,,,
RECAL 3 0 9999 9999 64 4 80,2076,-349205,-337182,-326158,-315972,-306523,-297832,-289952,-282759,-276293,-270618,-265586,-261268,-257676,-254817,-252681,-251270,-250595,-250660,-251471,-253058,-255416,-258570,-262513,-267279,-272839,-279150,-286392,-294434,-303402,-313269,-324067,-335820,-348608,,,,,,,,,,,,,,,,,,,,,,,,,,,,,,,,,,,,,,,,,,,,,,,,,,,,,,,,,,,,,,,,,,,,
RECAL 3 1 9999 2142 64 4 80,-2110,-483426,-463985,-440918,-416808,-392611,-369233,-347634,-327804,-310242,-294912,-281833,-270954,-262336,-255993,-251922,-250117,-250554,-253236,-258174,-265364,-274763,-286374,-300091,-315948,-333853,-353767,-375123,-397793,-421008,-443714,-465150,-483793,-497552,,,,,,,,,,,,,,,,,,,,,,,,,,,,,,,,,,,,,,,,,,,,,,,,,,,,,,,,,,,,,,,,,,,,
RECAL 3 0 9999 9999 64 4 80,2153,-357502,-344047,-331484,-319793,-308981,-299033,-290091,-281810,-274349,-267713,-261876,-256869,-252677,-249298,-246718,-244971,-244029,-243878,-244517,-245971,-248240,-251334,-255207,-259973,-265609,-272106,-279497,-287798,-296984,-307169,-318396,-330798,-344246,,,,,,,,,,,,,,,,,,,,,,,,,,,,,,,,,,,,,,,,,,,,,,,,,,,,,,,,,,,,,,,,,,,,
RECAL 3 1 9999 2220 64 4 80,-1257,-351058,-338679,-326903,-315798,-305396,-295771,-287014,-279005,-271803,-265425,-259864,-255198,-251292,-248211,-245941,-244487,-243821,-243964,-244910,-246613,-249082,-252305,-256287,-261039,-266528,-272725,-279668,-287191,-295469,-304458,-314122,-324344,-335178,,,,,,,,,,,,,,,,,,,,,,,,,,,,,,,,,,,,,,,,,,,,,,,,,,,,,,,,,,,,,,,,,,,,
RECAL 3 0 9999 9999 64 4 80,2143,-346907,-334145,-322312,-311351,-301242,-291999,-283561,-275915,-269062,-263104,-257842,-253388,-249718,-246848,-244747,-243466,-242970,-243271,-244353,-246228,-248917,-252415,-256722,-261879,-267878,-274650,-282364,-290987,-300500,-310999,-322473,-335000,-348619,,,,,,,,,,,,,,,,,,,,,,,,,,,,,,,,,,,,,,,,,,,,,,,,,,,,,,,,,,,,,,,,,,,,
RECAL 3 1 9999 2208 64 4 80,1154,-347444,-336135,-325316,-315096,-305420,-296383,-288029,-280275,-273169,-266718,-260982,-256004,-251819,-248398,-245769,-243940,-242945,-242767,-243421,-244937,-247328,-250596,-254762,-259865,-265831,-272672,-280416,-289095,-298638,-309131,-320545,-332792,-345713,,,,,,,,,,,,,,,,,,,,,,,,,,,,,,,,,,,,,,,,,,,,,,,,,,,,,,,,,,,,,,,,,,,,
RECAL 3 0 9999 9999 64 4 80,2138,-356746,-344034,-332046,-320929,-310696,-301319,-292763,-284989,-277987,-271770,-266416,-261722,-257791,-254616,-252218,-250577,-249710,-249596,-250271,-251671,-253826,-256757,-260468,-264993,-270295,-276438,-283284,-291078,-299712,-309289,-319810,-331290,-343830,,,,,,,,,,,,,,,,,,,,,,,,,,,,,,,,,,,,,,,,,,,,,,,,,,,,,,,,,,,,,,,,,,,,
RECAL 3 1 9999 2205 64 4 80,2001,-498097,-484018,-465145,-443064,-420299,-397262,-374902,-354016,-334601,-316994,-301253,-287501,-275797,-266016,-258352,-252833,-249496,-248382,-249531,-252980,-258841,-267249,-278199,-291725,-307841,-326521,-347790,-371205,-396362,-422692,-448293,-471296,-489155,,,,,,,,,,,,,,,,,,,,,,,,,,,,,,,,,,,,,,,,,,,,,,,,,,,,,,,,,,,,,,,,,,,,
RECAL 3 0 9999 9999 64 4 80,2135,-346042,-334659,-324095,-314228,-305148,-296847,-289398,-282640,-276616,-271319,-266738,-262935,-259781,-257341,-255612,-254573,-254252,-254640,-255729,-257526,-260014,-263219,-267138,-271787,-277174,-283312,-290235,-297791,-306329,-315697,-325952,-337158,-349398,,,,,,,,,,,,,,,,,,,,,,,,,,,,,,,,,,,,,,,,,,,,,,,,,,,,,,,,,,,,,,,,,,,,
RECAL 3 1 9999 2199 64 4 80,2588,-518995,-518297,-515477,-511441,-503577,-488292,-463838,-434165,-403130,-373900,-347045,-323276,-302844,-285699,-271826,-261304,-254163,-250429,-250168,-253336,-260069,-270449,-284598,-302587,-324641,-350448,-380632,-414608,-449721,-480746,-500372,-509036,-513998,,,,,,,,,,,,,,,,,,,,,,,,,,,,,,,,,,,,,,,,,,,,,,,,,,,,,,,,,,,,,,,,,,,,
RECAL 3 0 9999 9999 64 4 80,-290,-263095,-262986,-262889,-262798,-262711,-262648,-262589,-262539,-262490,-262452,-262413,-262392,-262353,-262366,-262346,-262341,-262338,-262345,-262354,-262362,-262384,-262409,-262430,-262456,-262491,-262520,-262564,-262603,-262652,-262689,-262737,-262770,-262806,,,,,,,,,,,,,,,,,,,,,,,,,,,,,,,,,,,,,,,,,,,,,,,,,,,,,,,,,,,,,,,,,,,,
RECAL 3 1 9999 -228 64 4 80,2613,-517821,-517244,-515928,-512742,-506278,-494250,-472266,-442666,-411612,-381708,-354581,-330722,-310415,-293438,-279758,-269353,-262273,-258545,-258206,-261274,-267877,-278074,-291950,-309589,-331179,-356860,-386794,-420921,-457373,-488426,-504983,-512557,-514413,,,,,,,,,,,,,,,,,,,,,,,,,,,,,,,,,,,,,,,,,,,,,,,,,,,,,,,,,,,,,,,,,,,,
RECAL 3 0 9999 9999 64 4 80,112,-252101,-252098,-252095,-252089,-252085,-252082,-252079,-252069,-252071,-252082,-252089,-252087,-252108,-252120,-252127,-252151,-252152,-252189,-252223,-252264,-252290,-252335,-252396,-252439,-252499,-252575,-252646,-252728,-252825,-252909,-253007,-253109,-253236,,,,,,,,,,,,,,,,,,,,,,,,,,,,,,,,,,,,,,,,,,,,,,,,,,,,,,,,,,,,,,,,,,,,
RECAL 3 1 9999 142 64 4 80,2026,-504792,-495832,-480261,-460111,-437367,-413369,-390121,-367637,-346875,-327842,-310787,-295729,-282768,-271892,-263090,-256459,-252126,-250124,-250486,-253264,-258490,-266254,-276334,-289146,-304483,-322499,-343073,-366095,-391385,-418088,-444557,-468590,-487894,,,,,,,,,,,,,,,,,,,,,,,,,,,,,,,,,,,,,,,,,,,,,,,,,,,,,,,,,,,,,,,,,,,,
RECAL 3 0 9999 9999 64 4 80,-132,-244077,-244062,-244042,-244025,-244013,-244007,-243998,-243990,-243975,-243978,-243983,-243986,-243980,-243981,-243986,-243991,-243987,-243999,-243989,-243998,-244005,-244015,-244019,-244023,-244016,-244027,-244023,-244019,-244027,-244032,-244037,-244041,-244045,,,,,,,,,,,,,,,,,,,,,,,,,,,,,,,,,,,,,,,,,,,,,,,,,,,,,,,,,,,,,,,,,,,,
RECAL 3 0 9999 9999 128 4 80,-196,-244867,-244778,-244681,-244616,-244536,-244492,-244431,-244366,-244324,-244273,-244239,-244204,-244173,-244145,-244113,-244094,-244071,-244054,-244049,-244021,-244013,-244001,-243993,-243992,-243981,-243984,-243987,-243978,-243986,-243989,-243987,-243988,-243996,-243983,-243996,-244003,-244003,-244009,-244022,-244014,-244022,-244026,-244027,-244027,-244017,-244030,-244033,-244035,-244040,-244037,-244034,-244037,-244037,-244041,-244039,-244036,-244041,-244047,-244053,-244062,-244060,-244060,-244086,-244097,-244112,,,,,,,,,,,,,,,,,,,,,,,,,,,,,,,,,,,,
RECAL 3 1 9999 -89 128 4 80,1142,-514292,-512339,-510246,-506450,-501648,-494970,-487211,-477368,-465766,-453300,-439906,-426145,-412175,-398069,-384197,-370705,-357736,-345261,-333347,-322226,-311611,-301660,-292452,-283982,-276247,-269297,-263146,-257846,-253403,-249790,-246992,-245043,-243964,-243763,-244444,-246017,-248508,-251948,-256335,-261676,-267999,-275300,-283579,-292919,-303329,-314780,-327203,-340617,-354906,-369899,-385729,-401834,-418417,-434787,-450586,-465434,-478321,-490036,-498619,-504962,-509736,-513272,-514917,-516491,-517369,,,,,,,,,,,,,,,,,,,,,,,,,,,,,,,,,,,,
RECAL 3 0 9999 9999 64 4 80,265,-243353,-243240,-243132,-243045,-242955,-242870,-242813,-242742,-242695,-242651,-242628,-242605,-242605,-242627,-242640,-242681,-242722,-242780,-242856,-242962,-243057,-243197,-243344,-243503,-243681,-243874,-244105,-244353,-244611,-244902,-245201,-245543,-245894,,,,,,,,,,,,,,,,,,,,,,,,,,,,,,,,,,,,,,,,,,,,,,,,,,,,,,,,,,,,,,,,,,,,
RECAL 3 1 9999 312 64 4 80,-1200,-335596,-324294,-313695,-303804,-294639,-286330,-278729,-271823,-265676,-260245,-255549,-251586,-248362,-245877,-244072,-242994,-242605,-242952,-243981,-245709,-248124,-251262,-255115,-259678,-264915,-270836,-277423,-284668,-292545,-300911,-310038,-319729,-329951,,,,,,,,,,,,,,,,,,,,,,,,,,,,,,,,,,,,,,,,,,,,,,,,,,,,,,,,,,,,,,,,,,,,
RECAL 3 0 9999 9999 64 4 80,-601,-254630,-254013,-253424,-252913,-252448,-252042,-251679,-251367,-251099,-250857,-250683,-250542,-250444,-250380,-250357,-250391,-250450,-250538,-250671,-250828,-251020,-251260,-251520,-251808,-252119,-252478,-252853,-253255,-253691,-254149,-254626,-255148,-255679,,,,,,,,,,,,,,,,,,,,,,,,,,,,,,,,,,,,,,,,,,,,,,,,,,,,,,,,,,,,,,,,,,,,
RECAL 3 1 9999 -545 64 4 80,-2078,-476342,-456215,-433125,-409359,-385814,-363586,-343056,-324310,-307750,-293090,-280526,-270082,-261779,-255643,-251686,-249911,-250318,-252959,-257815,-264950,-274286,-285838,-299539,-315483,-333209,-353125,-374671,-397597,-421081,-444339,-466220,-484604,-497803,,,,,,,,,,,,,,,,,,,,,,,,,,,,,,,,,,,,,,,,,,,,,,,,,,,,,,,,,,,,,,,,,,,,
RECAL 3 0 9999 9999 64 4 80,290,-251284,-251106,-250963,-250819,-250693,-250575,-250474,-250372,-250289,-250212,-250149,-250096,-250036,-250014,-249988,-249989,-249993,-250013,-250049,-250100,-250169,-250251,-250362,-250466,-250598,-250738,-250918,-251115,-251325,-251552,-251804,-252078,-252373,,,,,,,,,,,,,,,,,,,,,,,,,,,,,,,,,,,,,,,,,,,,,,,,,,,,,,,,,,,,,,,,,,,,
RECAL 3 1 9999 350 64 4 80,-2679,-513190,-507703,-498310,-480715,-454288,-423621,-392161,-362395,-335653,-312356,-292642,-276501,-263959,-254990,-249755,-248034,-249937,-255449,-264592,-277343,-293660,-313504,-336697,-362682,-391351,-421721,-451551,-478343,-497406,-508236,-514106,-516706,-519385,,,,,,,,,,,,,,,,,,,,,,,,,,,,,,,,,,,,,,,,,,,,,,,,,,,,,,,,,,,,,,,,,,,,
RECAL 3 0 9999 9999 64 4 80,-2230,-333945,-322724,-312429,-303045,-294556,-286930,-280093,-274125,-268922,-264479,-260780,-257822,-255606,-254118,-253362,-253331,-253999,-255394,-257496,-260330,-263890,-268157,-273199,-279014,-285569,-292862,-300957,-309896,-319624,-330241,-341551,-353957,-367252,,,,,,,,,,,,,,,,,,,,,,,,,,,,,,,,,,,,,,,,,,,,,,,,,,,,,,,,,,,,,,,,,,,,
RECAL 3 1 9999 -2172 64 4 80,-2709,-515809,-512280,-506979,-494154,-469783,-436760,-403855,-372507,-344938,-321071,-300828,-284188,-270993,-261299,-255055,-252343,-253221,-257694,-265782,-277461,-292788,-311676,-333807,-359694,-388927,-420634,-452440,-480987,-500082,-510145,-514824,-518197,-519030,,,,,,,,,,,,,,,,,,,,,,,,,,,,,,,,,,,,,,,,,,,,,,,,,,,,,,,,,,,,,,,,,,,,
RECAL 3 0 9999 9999 64 4 80,-2307,-342861,-330571,-319217,-308822,-299392,-290915,-283290,-276529,-270620,-265554,-261241,-257789,-255186,-253402,-252439,-252299,-252982,-254436,-256747,-259857,-263804,-268561,-274136,-280535,-287776,-295803,-304606,-314264,-324818,-336306,-348737,-362088,-376500,,,,,,,,,,,,,,,,,,,,,,,,,,,,,,,,,,,,,,,,,,,,,,,,,,,,,,,,,,,,,,,,,,,,
RECAL 3 1 9999 -2248 64 4 80,-2118,-490133,-471334,-447805,-421838,-395935,-371646,-349556,-329609,-311884,-296471,-283445,-272686,-264168,-257832,-253758,-251905,-252276,-254898,-259684,-266762,-276074,-287626,-301343,-317324,-335427,-355596,-377750,-401822,-426782,-451379,-474254,-491707,-502555,,,,,,,,,,,,,,,,,,,,,,,,,,,,,,,,,,,,,,,,,,,,,,,,,,,,,,,,,,,,,,,,,,,,
RECAL 3 0 9999 9999 64 4 80,-2235,-337130,-325013,-313916,-303755,-294561,-286311,-278890,-272305,-266639,-261764,-257686,-254398,-251882,-250147,-249173,-248933,-249469,-250737,-252751,-255514,-259033,-263296,-268297,-274079,-280709,-288090,-296220,-305229,-315079,-325771,-337336,-349622,-362976,,,,,,,,,,,,,,,,,,,,,,,,,,,,,,,,,,,,,,,,,,,,,,,,,,,,,,,,,,,,,,,,,,,,
RECAL 3 1 9999 -2176 64 4 80,-1272,-355176,-342486,-330501,-319360,-309063,-299567,-290965,-283029,-275921,-269663,-264234,-259618,-255849,-252887,-250754,-249453,-248934,-249227,-250324,-252211,-254896,-258405,-262687,-267708,-273464,-279992,-287270,-295238,-303971,-313412,-323573,-334235,-345684,,,,,,,,,,,,,,,,,,,,,,,,,,,,,,,,,,,,,,,,,,,,,,,,,,,,,,,,,,,,,,,,,,,,
RECAL 3 0 9999 9999 64 4 80,-2249,-333821,-321835,-310859,-300990,-291923,-283716,-276361,-269886,-264236,-259435,-255413,-252246,-249883,-248268,-247419,-247328,-247990,-249411,-251561,-254424,-258073,-262475,-267642,-273536,-280213,-287678,-295837,-304941,-314956,-325790,-337559,-350286,-363965,,,,,,,,,,,,,,,,,,,,,,,,,,,,,,,,,,,,,,,,,,,,,,,,,,,,,,,,,,,,,,,,,,,,
RECAL 3 1 9999 -2190 64 4 80,1131,-348780,-337581,-327010,-317030,-307673,-298928,-290986,-283508,-276716,-270592,-265146,-260372,-256302,-252955,-250311,-248412,-247269,-246909,-247355,-248603,-250684,-253586,-257264,-261894,-267385,-273764,-281054,-289251,-298323,-308369,-319165,-330838,-343419,,,,,,,,,,,,,,,,,,,,,,,,,,,,,,,,,,,,,,,,,,,,,,,,,,,,,,,,,,,,,,,,,,,,
RECAL 3 0 9999 9999 64 4 80,-2251,-344008,-331845,-320724,-310745,-301496,-293145,-285654,-278970,-273109,-268073,-263797,-260297,-257607,-255650,-254428,-253929,-254167,-255135,-256813,-259172,-262296,-266130,-270676,-275974,-282014,-288760,-296241,-304563,-313810,-323853,-334759,-346579,-359349,,,,,,,,,,,,,,,,,,,,,,,,,,,,,,,,,,,,,,,,,,,,,,,,,,,,,,,,,,,,,,,,,,,,
RECAL 3 1 9999 -2190 64 4 80,1983,-505471,-496495,-480950,-459504,-434970,-409979,-385693,-363255,-342864,-324664,-308527,-294370,-282259,-272083,-263963,-257872,-253870,-251994,-252252,-254703,-259419,-266441,-275758,-287469,-301550,-318322,-337682,-359499,-383834,-410225,-437623,-463793,-485843,,,,,,,,,,,,,,,,,,,,,,,,,,,,,,,,,,,,,,,,,,,,,,,,,,,,,,,,,,,,,,,,,,,,
RECAL 3 0 9999 9999 64 4 80,-2261,-343518,-332239,-321872,-312434,-303855,-296114,-289313,-283144,-277721,-273029,-269104,-265921,-263433,-261657,-260609,-260248,-260568,-261578,-263283,-265662,-268718,-272453,-276845,-281938,-287782,-294291,-301562,-309586,-318364,-327915,-338499,-349932,-362136,,,,,,,,,,,,,,,,,,,,,,,,,,,,,,,,,,,,,,,,,,,,,,,,,,,,,,,,,,,,,,,,,,,,
RECAL 3 1 9999 -2201 64 4 80,2578,-518422,-517419,-514526,-510224,-502429,-484834,-456934,-424482,-392923,-364304,-339260,-317643,-299725,-284924,-273387,-265122,-260130,-258487,-260262,-265488,-274148,-286308,-302014,-321502,-344786,-372086,-403672,-438921,-474254,-499521,-511525,-514828,-516924,,,,,,,,,,,,,,,,,,,,,,,,,,,,,,,,,,,,,,,,,,,,,,,,,,,,,,,,,,,,,,,,,,,,
RECAL 3 0 9999 9999 64 4 80,2117,-360371,-347146,-334917,-323586,-313221,-303715,-295065,-287226,-280137,-273851,-268349,-263667,-259754,-256633,-254307,-252763,-251974,-251975,-252761,-254349,-256750,-259956,-263972,-268836,-274464,-280945,-288318,-296510,-305708,-315875,-327034,-339125,-352462,,,,,,,,,,,,,,,,,,,,,,,,,,,,,,,,,,,,,,,,,,,,,,,,,,,,,,,,,,,,,,,,,,,,
RECAL 3 1 9999 2183 64 4 80,-2859,-514472,-510390,-503207,-490813,-467459,-436305,-401627,-368288,-338882,-313648,-292767,-276315,-263760,-255162,-250417,-249357,-251879,-257920,-267453,-280424,-296930,-316965,-340466,-367252,-396949,-428328,-458462,-483314,-500016,-509810,-514471,-517524,-519393,,,,,,,,,,,,,,,,,,,,,,,,,,,,,,,,,,,,,,,,,,,,,,,,,,,,,,,,,,,,,,,,,,,,
RECAL 3 0 9999 9999 64 4 80,2138,-367756,-353291,-339668,-327009,-315372,-304679,-294941,-286122,-278167,-271065,-264926,-259524,-254987,-251315,-248489,-246503,-245359,-245070,-245622,-247002,-249229,-252308,-256238,-261060,-266769,-273369,-280800,-289258,-298641,-309084,-320584,-333182,-346972,,,,,,,,,,,,,,,,,,,,,,,,,,,,,,,,,,,,,,,,,,,,,,,,,,,,,,,,,,,,,,,,,,,,
RECAL 3 1 9999 2206 64 4 80,-2276,-489700,-471239,-449475,-425035,-399572,-374174,-350262,-328164,-308483,-291392,-277070,-265223,-256038,-249485,-245509,-244064,-245094,-248575,-254360,-262469,-272841,-285452,-300217,-317133,-336089,-356901,-378982,-402515,-426474,-449712,-470856,-487771,-500453,,,,,,,,,,,,,,,,,,,,,,,,,,,,,,,,,,,,,,,,,,,,,,,,,,,,,,,,,,,,,,,,,,,,
RECAL 3 0 9999 9999 64 4 80,2167,-364120,-349281,-335394,-322742,-310934,-300105,-290310,-281395,-273418,-266380,-260213,-255011,-250711,-247281,-244716,-243017,-242185,-242218,-243140,-244898,-247555,-251097,-255543,-260909,-267208,-274454,-282673,-291973,-302339,-313832,-326430,-340224,-355260,,,,,,,,,,,,,,,,,,,,,,,,,,,,,,,,,,,,,,,,,,,,,,,,,,,,,,,,,,,,,,,,,,,,
RECAL 3 1 9999 2233 64 4 80,-1469,-370504,-355399,-340872,-327165,-314352,-302514,-291737,-281979,-273342,-265814,-259326,-253888,-249484,-246132,-243785,-242454,-242108,-242743,-244345,-246909,-250408,-254837,-260205,-266520,-273743,-281916,-290950,-300849,-311616,-323179,-335513,-348550,-361988,,,,,,,,,,,,,,,,,,,,,,,,,,,,,,,,,,,,,,,,,,,,,,,,,,,,,,,,,,,,,,,,,,,,
RECAL 3 0 9999 9999 64 4 80,2110,-357284,-343793,-331160,-319482,-308725,-298882,-289943,-281829,-274570,-268083,-262421,-257592,-253611,-250478,-248161,-246698,-246058,-246244,-247272,-249151,-251880,-255470,-259949,-265317,-271570,-278714,-286731,-295593,-305526,-316422,-328373,-341390,-355507,,,,,,,,,,,,,,,,,,,,,,,,,,,,,,,,,,,,,,,,,,,,,,,,,,,,,,,,,,,,,,,,,,,,
RECAL 3 1 9999 2175 64 4 80,986,-308616,-301191,-294266,-287802,-281713,-276081,-270907,-266194,-261943,-258176,-254956,-252177,-249915,-248159,-246924,-246209,-246020,-246366,-247262,-248735,-250754,-253354,-256538,-260321,-264719,-269701,-275220,-281421,-288238,-295636,-303699,-312363,-321620,,,,,,,,,,,,,,,,,,,,,,,,,,,,,,,,,,,,,,,,,,,,,,,,,,,,,,,,,,,,,,,,,,,,
RECAL 3 0 9999 9999 64 4 80,2158,-367485,-352882,-339264,-326767,-315269,-304903,-295320,-286694,-278939,-272060,-266076,-260919,-256658,-253265,-250736,-249037,-248176,-248160,-248973,-250623,-253141,-256449,-260686,-265803,-271794,-278704,-286543,-295312,-305094,-316044,-328087,-341331,-355761,,,,,,,,,,,,,,,,,,,,,,,,,,,,,,,,,,,,,,,,,,,,,,,,,,,,,,,,,,,,,,,,,,,,
RECAL 3 1 9999 2224 64 4 80,1942,-475525,-458108,-438776,-418293,-397546,-376941,-357251,-338635,-321352,-305649,-291703,-279696,-269426,-261095,-254736,-250382,-248040,-247689,-249371,-253052,-258723,-266448,-276183,-287993,-301829,-317790,-335811,-355676,-377533,-401102,-425444,-449093,-470633,,,,,,,,,,,,,,,,,,,,,,,,,,,,,,,,,,,,,,,,,,,,,,,,,,,,,,,,,,,,,,,,,,,,
RECAL 3 0 9999 9999 64 4 80,2235,-371432,-356616,-343117,-330551,-319039,-308487,-298898,-290263,-282477,-275537,-269396,-264111,-259678,-256110,-253403,-251538,-250518,-250364,-251058,-252617,-255063,-258398,-262624,-267769,-273850,-280876,-288813,-297668,-307578,-318576,-330684,-344027,-358634,,,,,,,,,,,,,,,,,,,,,,,,,,,,,,,,,,,,,,,,,,,,,,,,,,,,,,,,,,,,,,,,,,,,
RECAL 3 1 9999 2302 64 4 80,2570,-518339,-515197,-509342,-499760,-483459,-460504,-434064,-406120,-378449,-352488,-328630,-307538,-289540,-274672,-263266,-255059,-250271,-248901,-250969,-256513,-265597,-278257,-294396,-314134,-337665,-365034,-396335,-430941,-464774,-491505,-504868,-511192,-514774,,,,,,,,,,,,,,,,,,,,,,,,,,,,,,,,,,,,,,,,,,,,,,,,,,,,,,,,,,,,,,,,,,,,
RECAL 3 0 9999 9999 64 4 80,711,-255159,-254208,-253304,-252456,-251672,-250937,-250274,-249666,-249124,-248646,-248241,-247903,-247640,-247450,-247329,-247280,-247318,-247437,-247637,-247913,-248275,-248730,-249258,-249879,-250588,-251389,-252263,-253245,-254323,-255498,-256775,-258134,-259614,,,,,,,,,,,,,,,,,,,,,,,,,,,,,,,,,,,,,,,,,,,,,,,,,,,,,,,,,,,,,,,,,,,,
RECAL 3 1 9999 771 64 4 80,2612,-517940,-516258,-511660,-504331,-489150,-467155,-440486,-411810,-382824,-355566,-330621,-308463,-289680,-274077,-261749,-252804,-247278,-245136,-246430,-251116,-259296,-271002,-286303,-305214,-328009,-354847,-385960,-421164,-458252,-489537,-505105,-512208,-515157,,,,,,,,,,,,,,,,,,,,,,,,,,,,,,,,,,,,,,,,,,,,,,,,,,,,,,,,,,,,,,,,,,,,
RECAL 3 0 9999 9999 64 4 80,395,-243622,-243388,-243165,-242958,-242781,-242603,-242466,-242340,-242244,-242166,-242110,-242074,-242066,-242078,-242123,-242181,-242274,-242398,-242539,-242720,-242929,-243161,-243430,-243739,-244075,-244452,-244863,-245317,-245793,-246321,-246868,-247483,-248121,,,,,,,,,,,,,,,,,,,,,,,,,,,,,,,,,,,,,,,,,,,,,,,,,,,,,,,,,,,,,,,,,,,,
RECAL 3 1 9999 443 64 4 80,2001,-477111,-458192,-437448,-415816,-393876,-372637,-352347,-333131,-315509,-299524,-285375,-273115,-262907,-254611,-248370,-244190,-242072,-242034,-244099,-248274,-254584,-263159,-273972,-286999,-302228,-319814,-339664,-361684,-385451,-411027,-437216,-461599,-482960,,,,,,,,,,,,,,,,,,,,,,,,,,,,,,,,,,,,,,,,,,,,,,,,,,,,,,,,,,,,,,,,,,,,
RECAL 3 0 9999 9999 64 4 80,-299,-243585,-243433,-243283,-243149,-243040,-242929,-242839,-242751,-242674,-242605,-242560,-242518,-242480,-242444,-242425,-242421,-242415,-242421,-242436,-242449,-242464,-242493,-242529,-242566,-242602,-242655,-242711,-242766,-242821,-242881,-242947,-243012,-243075,,,,,,,,,,,,,,,,,,,,,,,,,,,,,,,,,,,,,,,,,,,,,,,,,,,,,,,,,,,,,,,,,,,,
RECAL 3 1 9999 -235 64 4 80,1094,-323035,-313699,-304837,-296480,-288731,-281467,-274780,-268732,-263298,-258486,-254276,-250705,-247758,-245440,-243782,-242769,-242409,-242715,-243697,-245344,-247695,-250716,-254439,-258908,-264139,-270097,-276785,-284235,-292414,-301327,-311023,-321341,-332494,,,,,,,,,,,,,,,,,,,,,,,,,,,,,,,,,,,,,,,,,,,,,,,,,,,,,,,,,,,,,,,,,,,,
RECAL 3 0 9999 9999 64 4 80,423,-242293,-241946,-241638,-241342,-241080,-240831,-240621,-240430,-240256,-240122,-240006,-239926,-239873,-239851,-239852,-239901,-239968,-240071,-240222,-240398,-240617,-240868,-241163,-241493,-241866,-242288,-242750,-243242,-243800,-244400,-245032,-245725,-246460,,,,,,,,,,,,,,,,,,,,,,,,,,,,,,,,,,,,,,,,,,,,,,,,,,,,,,,,,,,,,,,,,,,,
RECAL 3 1 9999 476 64 4 80,-1378,-341057,-328006,-315673,-304213,-293638,-284005,-275270,-267503,-260681,-254895,-249969,-245994,-242942,-240807,-239581,-239273,-239832,-241274,-243547,-246658,-250581,-255334,-260895,-267251,-274388,-282195,-290857,-300197,-310319,-321127,-332576,-344705,-357402,,,,,,,,,,,,,,,,,,,,,,,,,,,,,,,,,,,,,,,,,,,,,,,,,,,,,,,,,,,,,,,,,,,,
RECAL 3 0 9999 9999 64 4 80,251,-242198,-242054,-241897,-241755,-241614,-241506,-241371,-241264,-241154,-241055,-240971,-240900,-240837,-240782,-240737,-240699,-240673,-240672,-240679,-240678,-240711,-240755,-240812,-240880,-240972,-241080,-241194,-241332,-241491,-241665,-241861,-242077,-242314,,,,,,,,,,,,,,,,,,,,,,,,,,,,,,,,,,,,,,,,,,,,,,,,,,,,,,,,,,,,,,,,,,,,
RECAL 3 1 9999 320 64 4 80,-2219,-469298,-447771,-424327,-399755,-375362,-352130,-330400,-310712,-293314,-278270,-265671,-255612,-247892,-242571,-239615,-238975,-240642,-244565,-250705,-259060,-269736,-282558,-297498,-314581,-333631,-354581,-377011,-400538,-424748,-448282,-470037,-487757,-500007,,,,,,,,,,,,,,,,,,,,,,,,,,,,,,,,,,,,,,,,,,,,,,,,,,,,,,,,,,,,,,,,,,,,
RECAL 3 0 9999 9999 64 4 80,-216,-261759,-261659,-261575,-261503,-261445,-261397,-261358,-261334,-261294,-261269,-261232,-261212,-261211,-261182,-261181,-261168,-261167,-261173,-261166,-261168,-261177,-261181,-261201,-261212,-261220,-261227,-261240,-261263,-261270,-261303,-261310,-261329,-261347,,,,,,,,,,,,,,,,,,,,,,,,,,,,,,,,,,,,,,,,,,,,,,,,,,,,,,,,,,,,,,,,,,,,
RECAL 3 1 9999 -148 64 4 80,-2813,-514245,-509317,-501169,-486383,-462664,-431617,-398562,-367425,-339650,-315797,-296128,-280581,-269052,-261409,-257606,-257528,-261034,-268149,-278809,-292962,-310637,-331771,-356318,-384059,-414241,-445019,-473413,-494348,-506835,-513203,-515769,-518091,-518453,,,,,,,,,,,,,,,,,,,,,,,,,,,,,,,,,,,,,,,,,,,,,,,,,,,,,,,,,,,,,,,,,,,,
RECAL 3 0 9999 9999 64 4 80,-2256,-347571,-334694,-322901,-312138,-302305,-293537,-285536,-278371,-272048,-266544,-261851,-257943,-254844,-252543,-251009,-250204,-250171,-250865,-252306,-254499,-257437,-261052,-265481,-270643,-276571,-283267,-290729,-298964,-308063,-318126,-329058,-340928,-353756,,,,,,,,,,,,,,,,,,,,,,,,,,,,,,,,,,,,,,,,,,,,,,,,,,,,,,,,,,,,,,,,,,,,
RECAL 3 1 9999 -2194 64 4 80,-2829,-514519,-509263,-501821,-488323,-463105,-429454,-394520,-362063,-333618,-309326,-289238,-273168,-260968,-252650,-248131,-247288,-250042,-256350,-266173,-279478,-296018,-316314,-340276,-367760,-398725,-431877,-463801,-489320,-504065,-511707,-515172,-517752,-519045,,,,,,,,,,,,,,,,,,,,,,,,,,,,,,,,,,,,,,,,,,,,,,,,,,,,,,,,,,,,,,,,,,,,
RECAL 3 0 9999 9999 64 4 80,-2229,-335214,-322735,-311341,-300951,-291544,-283039,-275477,-268771,-262909,-257869,-253618,-250171,-247505,-245610,-244495,-244117,-244500,-245623,-247504,-250107,-253476,-257577,-262479,-268191,-274669,-281920,-289997,-298828,-308551,-319101,-330458,-342834,-356133,,,,,,,,,,,,,,,,,,,,,,,,,,,,,,,,,,,,,,,,,,,,,,,,,,,,,,,,,,,,,,,,,,,,
RECAL 3 1 9999 -2169 64 4 80,-2240,-480837,-461110,-437577,-411798,-385588,-360583,-337590,-316869,-298621,-283170,-270214,-259787,-251860,-246393,-243298,-242567,-244137,-247919,-253965,-262259,-272753,-285424,-300232,-317273,-336433,-357971,-381455,-406754,-432652,-457450,-478807,-495244,-504761,,,,,,,,,,,,,,,,,,,,,,,,,,,,,,,,,,,,,,,,,,,,,,,,,,,,,,,,,,,,,,,,,,,,
RECAL 3 0 9999 9999 64 4 80,-2201,-335380,-323195,-312054,-301848,-292609,-284227,-276692,-270095,-264238,-259180,-254919,-251466,-248790,-246855,-245692,-245281,-245620,-246721,-248577,-251168,-254516,-258622,-263490,-269033,-275407,-282549,-290470,-299135,-308668,-319037,-330215,-342217,-355037,,,,,,,,,,,,,,,,,,,,,,,,,,,,,,,,,,,,,,,,,,,,,,,,,,,,,,,,,,,,,,,,,,,,
RECAL 3 1 9999 -2141 64 4 80,-1415,-358765,-344557,-331294,-318802,-307240,-296652,-287123,-278543,-270953,-264377,-258764,-254100,-250416,-247722,-245964,-245167,-245286,-246341,-248258,-251095,-254813,-259432,-264907,-271240,-278428,-286454,-295233,-304790,-315144,-326274,-338172,-350827,-364150,,,,,,,,,,,,,,,,,,,,,,,,,,,,,,,,,,,,,,,,,,,,,,,,,,,,,,,,,,,,,,,,,,,,
RECAL 3 0 9999 9999 64 4 80,-2257,-333408,-321237,-310141,-300030,-290951,-282849,-275554,-269133,-263582,-258884,-255041,-252047,-249858,-248506,-247936,-248151,-249135,-250888,-253416,-256713,-260780,-265556,-271139,-277505,-284651,-292571,-301293,-310852,-321268,-332650,-345045,-358250,-372538,,,,,,,,,,,,,,,,,,,,,,,,,,,,,,,,,,,,,,,,,,,,,,,,,,,,,,,,,,,,,,,,,,,,
RECAL 3 1 9999 -2200 64 4 80,1049,-318335,-309951,-302012,-294500,-287560,-281110,-275209,-269851,-265067,-260834,-257253,-254198,-251742,-249873,-248610,-247959,-247923,-248495,-249674,-251469,-253870,-256908,-260570,-264885,-269845,-275455,-281633,-288559,-296093,-304385,-313359,-323000,-333371,,,,,,,,,,,,,,,,,,,,,,,,,,,,,,,,,,,,,,,,,,,,,,,,,,,,,,,,,,,,,,,,,,,,
RECAL 3 0 9999 9999 64 4 80,-2208,-331698,-320279,-309858,-300343,-291742,-283961,-276975,-270805,-265434,-260871,-257020,-253923,-251583,-249976,-249085,-248944,-249511,-250816,-252850,-255630,-259142,-263390,-268378,-274106,-280590,-287769,-295710,-304506,-314132,-324564,-335888,-348054,-361133,,,,,,,,,,,,,,,,,,,,,,,,,,,,,,,,,,,,,,,,,,,,,,,,,,,,,,,,,,,,,,,,,,,,
RECAL 3 1 9999 -2149 64 4 80,1974,-482786,-465361,-445063,-423317,-400983,-378921,-358085,-338717,-320987,-305080,-291051,-279054,-269061,-261037,-255000,-250941,-248884,-248820,-250754,-254646,-260604,-268591,-278639,-290725,-304888,-321226,-339769,-360569,-383940,-409190,-435753,-461467,-484375,,,,,,,,,,,,,,,,,,,,,,,,,,,,,,,,,,,,,,,,,,,,,,,,,,,,,,,,,,,,,,,,,,,,
RECAL 3 0 9999 9999 64 4 80,-2126,-320936,-311160,-302253,-294122,-286862,-280196,-274261,-269046,-264532,-260701,-257554,-255090,-253315,-252208,-251734,-251901,-252722,-254173,-256278,-259019,-262369,-266402,-271056,-276371,-282354,-289004,-296287,-304310,-313086,-322673,-333020,-344212,-356268,,,,,,,,,,,,,,,,,,,,,,,,,,,,,,,,,,,,,,,,,,,,,,,,,,,,,,,,,,,,,,,,,,,,
RECAL 3 1 9999 -2069 64 4 80,2592,-517218,-514904,-511150,-502615,-487813,-463463,-434993,-404848,-376221,-349723,-325939,-305313,-287972,-273879,-263103,-255677,-251673,-251018,-253690,-259719,-269127,-281948,-298225,-318204,-341732,-369454,-401762,-437691,-474083,-498729,-510011,-513718,-515409,,,,,,,,,,,,,,,,,,,,,,,,,,,,,,,,,,,,,,,,,,,,,,,,,,,,,,,,,,,,,,,,,,,,
RECAL 3 0 9999 9999 64 4 80,2116,-338738,-326307,-314832,-304240,-294509,-285627,-277495,-270172,-263533,-257692,-252630,-248359,-244860,-242132,-240159,-238973,-238541,-238887,-240014,-241927,-244626,-248133,-252457,-257608,-263530,-270295,-277912,-286440,-295828,-306270,-317708,-330055,-343665,,,,,,,,,,,,,,,,,,,,,,,,,,,,,,,,,,,,,,,,,,,,,,,,,,,,,,,,,,,,,,,,,,,,
RECAL 3 1 9999 2180 64 4 80,-2861,-512719,-508855,-498639,-481311,-451217,-415533,-379635,-347252,-318978,-295014,-275196,-259415,-247785,-239878,-235751,-235348,-238566,-245372,-255655,-269412,-286617,-307098,-330607,-356809,-385072,-414450,-443785,-470740,-492743,-507111,-513694,-517567,-519630,,,,,,,,,,,,,,,,,,,,,,,,,,,,,,,,,,,,,,,,,,,,,,,,,,,,,,,,,,,,,,,,,,,,
RECAL 3 0 9999 9999 64 4 80,2016,-335003,-322565,-311007,-300274,-290393,-281241,-272877,-265295,-258526,-252442,-247118,-242534,-238700,-235609,-233276,-231688,-230839,-230742,-231376,-232747,-234854,-237724,-241356,-245759,-250854,-256798,-263583,-271172,-279636,-288983,-299195,-310441,-322731,,,,,,,,,,,,,,,,,,,,,,,,,,,,,,,,,,,,,,,,,,,,,,,,,,,,,,,,,,,,,,,,,,,,
RECAL 3 1 9999 2083 64 4 80,-2283,-485119,-465967,-442252,-416814,-390094,-363857,-339303,-316773,-296673,-279214,-264368,-252338,-242803,-235900,-231615,-229920,-230745,-234069,-239870,-248068,-258501,-271211,-286075,-302869,-321499,-341695,-363035,-385079,-407591,-430025,-451973,-472546,-490448,,,,,,,,,,,,,,,,,,,,,,,,,,,,,,,,,,,,,,,,,,,,,,,,,,,,,,,,,,,,,,,,,,,,
RECAL 3 0 9999 9999 64 4 80,2105,-337167,-324011,-311962,-300605,-290168,-280573,-271796,-263887,-256787,-250520,-245041,-240339,-236451,-233420,-231201,-229810,-229242,-229497,-230562,-232468,-235236,-238857,-243343,-248694,-254937,-262120,-270242,-279207,-289156,-300074,-312122,-325282,-339713,,,,,,,,,,,,,,,,,,,,,,,,,,,,,,,,,,,,,,,,,,,,,,,,,,,,,,,,,,,,,,,,,,,,
RECAL 3 1 9999 2170 64 4 80,-1490,-359445,-343904,-329049,-315064,-301990,-290124,-279096,-269148,-260298,-252579,-245964,-240461,-236045,-232755,-230538,-229372,-229241,-230135,-232041,-234954,-238880,-243722,-249570,-256362,-264093,-272720,-282238,-292566,-303663,-315543,-328147,-341358,-354991,,,,,,,,,,,,,,,,,,,,,,,,,,,,,,,,,,,,,,,,,,,,,,,,,,,,,,,,,,,,,,,,,,,,
RECAL 3 0 9999 9999 64 4 80,2029,-338640,-325534,-313338,-301968,-291474,-281875,-272951,-264848,-257516,-251011,-245284,-240339,-236146,-232746,-230152,-228297,-227192,-226841,-227240,-228394,-230306,-232941,-236374,-240616,-245618,-251418,-258055,-265549,-273902,-283205,-293523,-304842,-317218,,,,,,,,,,,,,,,,,,,,,,,,,,,,,,,,,,,,,,,,,,,,,,,,,,,,,,,,,,,,,,,,,,,,
RECAL 3 1 9999 2097 64 4 80,940,-287528,-280601,-274035,-267851,-262054,-256733,-251778,-247236,-243127,-239458,-236228,-233473,-231177,-229366,-228042,-227198,-226841,-226977,-227609,-228748,-230397,-232543,-235237,-238479,-242251,-246573,-251434,-256840,-262839,-269382,-276589,-284341,-292620,,,,,,,,,,,,,,,,,,,,,,,,,,,,,,,,,,,,,,,,,,,,,,,,,,,,,,,,,,,,,,,,,,,,
RECAL 3 0 9999 9999 64 4 80,2092,-337258,-324265,-312209,-300998,-290690,-281298,-272638,-264788,-257727,-251475,-246022,-241325,-237402,-234248,-231844,-230244,-229434,-229411,-230181,-231754,-234133,-237285,-241310,-246179,-251889,-258473,-265990,-274414,-283812,-294179,-305448,-317795,-331297,,,,,,,,,,,,,,,,,,,,,,,,,,,,,,,,,,,,,,,,,,,,,,,,,,,,,,,,,,,,,,,,,,,,
RECAL 3 1 9999 2158 64 4 80,1913,-445408,-425477,-404756,-383951,-363635,-344116,-325614,-308446,-292745,-278597,-266079,-255202,-246207,-239091,-233890,-230625,-229316,-229988,-232625,-237321,-244093,-252941,-263896,-276963,-292108,-309315,-328326,-348896,-370717,-393489,-416300,-438347,-458975,,,,,,,,,,,,,,,,,,,,,,,,,,,,,,,,,,,,,,,,,,,,,,,,,,,,,,,,,,,,,,,,,,,,
RECAL 3 0 9999 9999 64 4 80,2089,-339372,-326857,-315272,-304536,-294667,-285639,-277473,-269986,-263232,-257257,-252027,-247528,-243758,-240687,-238333,-236698,-235803,-235670,-236266,-237621,-239734,-242614,-246212,-250647,-255887,-261957,-268874,-276664,-285352,-294936,-305497,-316931,-329448,,,,,,,,,,,,,,,,,,,,,,,,,,,,,,,,,,,,,,,,,,,,,,,,,,,,,,,,,,,,,,,,,,,,
RECAL 3 1 9999 2156 64 4 80,2543,-516019,-512113,-504365,-489844,-468898,-442862,-414305,-385583,-358119,-332827,-310103,-290117,-273065,-258885,-247870,-240083,-235575,-234397,-236626,-242365,-251649,-264426,-281113,-301571,-325938,-354164,-385839,-420121,-453298,-479784,-496879,-506401,-511552,,,,,,,,,,,,,,,,,,,,,,,,,,,,,,,,,,,,,,,,,,,,,,,,,,,,,,,,,,,,,,,,,,,,
RECAL 3 0 9999 9999 64 4 80,-497,-241415,-240957,-240533,-240134,-239771,-239416,-239104,-238816,-238560,-238332,-238131,-237945,-237793,-237659,-237555,-237471,-237409,-237363,-237353,-237353,-237372,-237399,-237465,-237537,-237629,-237743,-237865,-238002,-238163,-238321,-238499,-238705,-238910,,,,,,,,,,,,,,,,,,,,,,,,,,,,,,,,,,,,,,,,,,,,,,,,,,,,,,,,,,,,,,,,,,,,
RECAL 3 1 9999 -423 64 4 80,2500,-514908,-510703,-504957,-491497,-471054,-443847,-415150,-386083,-358772,-333708,-311177,-291455,-274596,-260649,-249766,-242042,-237326,-235802,-237546,-242637,-251098,-263041,-278568,-297646,-320768,-347557,-377600,-410159,-442531,-470792,-491378,-503531,-510260,,,,,,,,,,,,,,,,,,,,,,,,,,,,,,,,,,,,,,,,,,,,,,,,,,,,,,,,,,,,,,,,,,,,
RECAL 3 0 9999 9999 64 4 80,-466,-236134,-235722,-235339,-234987,-234666,-234383,-234110,-233878,-233671,-233485,-233326,-233192,-233078,-232990,-232937,-232888,-232868,-232869,-232883,-232919,-232970,-233041,-233129,-233236,-233357,-233495,-233648,-233807,-233989,-234180,-234384,-234603,-234832,,,,,,,,,,,,,,,,,,,,,,,,,,,,,,,,,,,,,,,,,,,,,,,,,,,,,,,,,,,,,,,,,,,,
RECAL 3 1 9999 -400 64 4 80,1854,-459209,-439614,-418675,-397568,-376663,-356652,-337632,-319825,-303414,-288680,-275589,-264126,-254370,-246356,-240075,-235568,-232877,-232003,-232953,-235774,-240495,-247119,-255668,-266188,-278637,-293064,-309495,-327705,-347542,-368549,-390691,-413004,-435139,,,,,,,,,,,,,,,,,,,,,,,,,,,,,,,,,,,,,,,,,,,,,,,,,,,,,,,,,,,,,,,,,,,,
RECAL 3 0 9999 9999 64 4 80,-722,-239040,-237881,-236811,-235827,-234933,-234139,-233408,-232754,-232186,-231695,-231281,-230941,-230671,-230472,-230341,-230286,-230281,-230347,-230466,-230649,-230889,-231185,-231544,-231955,-232410,-232928,-233501,-234125,-234787,-235509,-236282,-237108,-237978,,,,,,,,,,,,,,,,,,,,,,,,,,,,,,,,,,,,,,,,,,,,,,,,,,,,,,,,,,,,,,,,,,,,
RECAL 3 1 9999 -660 64 4 80,826,-274260,-269102,-264318,-259738,-255475,-251529,-247904,-244591,-241603,-238940,-236635,-234691,-233090,-231844,-230957,-230431,-230263,-230473,-231059,-232025,-233399,-235158,-237330,-239919,-242919,-246344,-250215,-254552,-259355,-264607,-270298,-276445,-283067,,,,,,,,,,,,,,,,,,,,,,,,,,,,,,,,,,,,,,,,,,,,,,,,,,,,,,,,,,,,,,,,,,,,
RECAL 3 0 9999 9999 64 4 80,-357,-235431,-235181,-234950,-234737,-234544,-234363,-234200,-234057,-233925,-233815,-233715,-233633,-233561,-233504,-233455,-233427,-233406,-233397,-233395,-233403,-233423,-233451,-233492,-233536,-233591,-233656,-233719,-233798,-233874,-233966,-234057,-234158,-234258,,,,,,,,,,,,,,,,,,,,,,,,,,,,,,,,,,,,,,,,,,,,,,,,,,,,,,,,,,,,,,,,,,,,
RECAL 3 1 9999 -287 64 4 80,-1560,-367716,-351287,-335632,-320924,-307243,-294634,-283194,-273013,-263891,-255948,-249225,-243668,-239275,-236056,-234018,-233112,-233384,-234812,-237389,-241112,-245948,-251883,-258902,-266918,-276062,-286195,-297244,-309237,-322040,-335617,-349835,-364300,-379287,,,,,,,,,,,,,,,,,,,,,,,,,,,,,,,,,,,,,,,,,,,,,,,,,,,,,,,,,,,,,,,,,,,,
RECAL 3 0 9999 9999 64 4 80,-774,-242361,-241206,-240162,-239193,-238318,-237529,-236828,-236217,-235688,-235232,-234863,-234567,-234346,-234206,-234142,-234139,-234221,-234372,-234584,-234863,-235212,-235630,-236105,-236650,-237245,-237907,-238623,-239388,-240207,-241080,-242005,-242980,-243997,,,,,,,,,,,,,,,,,,,,,,,,,,,,,,,,,,,,,,,,,,,,,,,,,,,,,,,,,,,,,,,,,,,,
RECAL 3 1 9999 -716 64 4 80,-2329,-494297,-478125,-456270,-430643,-403108,-375656,-349888,-326569,-305524,-287201,-271562,-258645,-248447,-240926,-236042,-233769,-234103,-237038,-242548,-250573,-261100,-274051,-289356,-306580,-326105,-347360,-369985,-393606,-417465,-440709,-462820,-483109,-497380,,,,,,,,,,,,,,,,,,,,,,,,,,,,,,,,,,,,,,,,,,,,,,,,,,,,,,,,,,,,,,,,,,,,
RECAL 3 0 9999 9999 64 4 80,-221,-247059,-247063,-247070,-247096,-247117,-247145,-247189,-247228,-247266,-247303,-247358,-247410,-247460,-247519,-247573,-247625,-247681,-247747,-247802,-247865,-247930,-247987,-248054,-248102,-248171,-248226,-248287,-248347,-248398,-248465,-248514,-248570,-248623,,,,,,,,,,,,,,,,,,,,,,,,,,,,,,,,,,,,,,,,,,,,,,,,,,,,,,,,,,,,,,,,,,,,
RECAL 3 0 9999 -179 64 4 80,-243,-246875,-246861,-246856,-246859,-246859,-246878,-246896,-246924,-246947,-246980,-247011,-247055,-247091,-247136,-247195,-247229,-247285,-247341,-247400,-247455,-247515,-247576,-247636,-247693,-247760,-247820,-247884,-247946,-248005,-248065,-248123,-248196,-248249,,,,,,,,,,,,,,,,,,,,,,,,,,,,,,,,,,,,,,,,,,,,,,,,,,,,,,,,,,,,,,,,,,,,
RECAL 3 1 9999 -235 64 4 80,-2898,-515898,-513303,-509363,-500675,-483076,-451740,-414528,-378435,-346641,-319416,-296651,-278303,-264055,-253934,-247792,-245429,-246803,-251826,-260452,-272601,-288219,-306838,-328791,-353644,-380734,-409639,-438631,-466069,-489046,-503441,-512855,-515625,-518152,,,,,,,,,,,,,,,,,,,,,,,,,,,,,,,,,,,,,,,,,,,,,,,,,,,,,,,,,,,,,,,,,,,,
RECAL 3 0 9999 9999 64 4 80,-2261,-329579,-317242,-305910,-295549,-286158,-277612,-270039,-263217,-257233,-252093,-247761,-244233,-241507,-239559,-238397,-237993,-238354,-239457,-241303,-243889,-247225,-251293,-256042,-261632,-267980,-275083,-282972,-291652,-301134,-311458,-322761,-335037,-348354,,,,,,,,,,,,,,,,,,,,,,,,,,,,,,,,,,,,,,,,,,,,,,,,,,,,,,,,,,,,,,,,,,,,
RECAL 3 1 9999 -2201 64 4 80,-2886,-516053,-513657,-508052,-497577,-471827,-434178,-395096,-359950,-329613,-303907,-282670,-265640,-252512,-243295,-237830,-236076,-237973,-243474,-252354,-264883,-280821,-300086,-322695,-348413,-376774,-407158,-437943,-466493,-489471,-503817,-512047,-516682,-519030,,,,,,,,,,,,,,,,,,,,,,,,,,,,,,,,,,,,,,,,,,,,,,,,,,,,,,,,,,,,,,,,,,,,
RECAL 3 0 9999 9999 64 4 80,-2349,-343303,-328834,-315655,-303622,-292784,-283018,-274212,-266370,-259459,-253476,-248416,-244238,-240984,-238541,-236961,-236235,-236348,-237305,-239092,-241696,-245158,-249470,-254635,-260672,-267581,-275371,-284032,-293599,-303934,-315391,-327803,-341295,-355821,,,,,,,,,,,,,,,,,,,,,,,,,,,,,,,,,,,,,,,,,,,,,,,,,,,,,,,,,,,,,,,,,,,,
RECAL 3 1 9999 -2288 64 4 80,-2317,-493133,-475842,-451620,-424029,-395937,-368422,-343276,-320614,-300574,-283276,-268637,-256677,-247347,-240631,-236551,-235097,-236214,-239905,-246127,-254831,-265890,-279497,-295421,-313651,-334009,-356230,-379947,-404722,-429439,-453018,-474249,-491469,-504052,,,,,,,,,,,,,,,,,,,,,,,,,,,,,,,,,,,,,,,,,,,,,,,,,,,,,,,,,,,,,,,,,,,,
RECAL 3 0 9999 9999 64 4 80,-2266,-329318,-315767,-303349,-292032,-281714,-272395,-264069,-256769,-250307,-244765,-240091,-236303,-233392,-231332,-230113,-229716,-230121,-231306,-233291,-236047,-239596,-243917,-249029,-254839,-261512,-269002,-277301,-286422,-296338,-307144,-318875,-331591,-345367,,,,,,,,,,,,,,,,,,,,,,,,,,,,,,,,,,,,,,,,,,,,,,,,,,,,,,,,,,,,,,,,,,,,
RECAL 3 1 9999 -2206 64 4 80,-1545,-364787,-347975,-332094,-317460,-303770,-291276,-279905,-269696,-260630,-252752,-246057,-240466,-236015,-232734,-230596,-229598,-229719,-230953,-233305,-236701,-241247,-246856,-253526,-261268,-270054,-279833,-290589,-302137,-314593,-327845,-341846,-356441,-371528,,,,,,,,,,,,,,,,,,,,,,,,,,,,,,,,,,,,,,,,,,,,,,,,,,,,,,,,,,,,,,,,,,,,
RECAL 3 0 9999 9999 64 4 80,-2337,-336718,-322400,-309363,-297484,-286732,-276975,-268223,-260456,-253661,-247893,-242956,-238925,-235783,-233526,-232138,-231613,-231927,-233101,-235134,-238025,-241775,-246373,-251831,-258148,-265351,-273315,-282296,-292174,-302956,-314744,-327494,-341340,-356184,,,,,,,,,,,,,,,,,,,,,,,,,,,,,,,,,,,,,,,,,,,,,,,,,,,,,,,,,,,,,,,,,,,,
RECAL 3 1 9999 -2277 64 4 80,849,-279643,-274098,-268850,-263913,-259319,-255092,-251201,-247649,-244430,-241558,-239028,-236858,-235070,-233634,-232572,-231890,-231594,-231695,-232198,-233102,-234431,-236199,-238408,-241065,-244159,-247705,-251711,-256194,-261090,-266527,-272430,-278840,-285715,,,,,,,,,,,,,,,,,,,,,,,,,,,,,,,,,,,,,,,,,,,,,,,,,,,,,,,,,,,,,,,,,,,,
RECAL 3 0 9999 9999 64 4 80,-2280,-330814,-317483,-305250,-293979,-283730,-274416,-266056,-258616,-252104,-246491,-241747,-237911,-234875,-232684,-231319,-230791,-231055,-232129,-234005,-236635,-240050,-244227,-249187,-254910,-261443,-268788,-276932,-285787,-295545,-306211,-317745,-330209,-343645,,,,,,,,,,,,,,,,,,,,,,,,,,,,,,,,,,,,,,,,,,,,,,,,,,,,,,,,,,,,,,,,,,,,
RECAL 3 1 9999 -2219 64 4 80,1866,-451140,-430000,-407854,-385774,-364419,-344243,-325563,-308513,-293078,-279292,-267145,-256685,-247982,-241014,-235857,-232406,-230771,-230957,-232985,-236874,-242686,-250382,-260087,-271873,-285665,-301342,-318975,-338474,-359654,-382221,-405492,-428691,-450963,,,,,,,,,,,,,,,,,,,,,,,,,,,,,,,,,,,,,,,,,,,,,,,,,,,,,,,,,,,,,,,,,,,,
RECAL 3 0 9999 9999 64 4 80,-2286,-335240,-322465,-310777,-300078,-290309,-281370,-273319,-266135,-259780,-254278,-249619,-245770,-242773,-240514,-239044,-238356,-238460,-239326,-240976,-243387,-246552,-250434,-255071,-260479,-266659,-273610,-281357,-289917,-299099,-309299,-320375,-332332,-345250,,,,,,,,,,,,,,,,,,,,,,,,,,,,,,,,,,,,,,,,,,,,,,,,,,,,,,,,,,,,,,,,,,,,
RECAL 3 1 9999 -2225 64 4 80,2507,-516046,-513023,-506978,-495072,-475681,-448186,-417728,-387554,-359167,-333563,-310855,-291170,-274476,-260792,-250278,-242708,-238232,-236933,-238838,-243996,-252499,-264421,-280034,-299223,-322223,-348958,-379247,-412920,-447121,-477289,-496529,-506333,-511808,,,,,,,,,,,,,,,,,,,,,,,,,,,,,,,,,,,,,,,,,,,,,,,,,,,,,,,,,,,,,,,,,,,,
RECAL 3 0 9999 9999 64 4 80,2168,-340676,-328015,-316355,-305248,-294961,-285478,-276764,-268834,-261691,-255346,-249835,-245173,-241317,-238256,-236013,-234597,-234007,-234270,-235354,-237310,-240155,-243879,-248495,-254005,-260470,-267877,-276269,-285745,-296203,-307758,-320387,-334121,-349070,,,,,,,,,,,,,,,,,,,,,,,,,,,,,,,,,,,,,,,,,,,,,,,,,,,,,,,,,,,,,,,,,,,,
RECAL 3 1 9999 2233 64 4 80,-2669,-515477,-510544,-500352,-482099,-455033,-422785,-389788,-358523,-330174,-305120,-283650,-265830,-251943,-241649,-235208,-232662,-233988,-239232,-248384,-261422,-278173,-298502,-322426,-349702,-379735,-411931,-444192,-474212,-495951,-507948,-514970,-518175,-518531,,,,,,,,,,,,,,,,,,,,,,,,,,,,,,,,,,,,,,,,,,,,,,,,,,,,,,,,,,,,,,,,,,,,
RECAL 3 0 9999 9999 64 4 80,2081,-338090,-325844,-314346,-303542,-293515,-284190,-275580,-267704,-260655,-254260,-248641,-243759,-239621,-236245,-233655,-231840,-230808,-230584,-231186,-232617,-234910,-238066,-242093,-247004,-252723,-259438,-267100,-275712,-285259,-295725,-307239,-319770,-333281,,,,,,,,,,,,,,,,,,,,,,,,,,,,,,,,,,,,,,,,,,,,,,,,,,,,,,,,,,,,,,,,,,,,
RECAL 3 1 9999 2148 64 4 80,-2081,-484790,-463578,-439301,-413549,-387879,-363368,-340562,-319576,-300659,-284120,-269540,-257255,-247306,-239644,-234307,-231290,-230592,-232223,-236261,-242707,-251518,-262716,-276286,-292136,-310210,-330162,-352322,-376037,-401147,-426587,-451380,-473990,-491688,,,,,,,,,,,,,,,,,,,,,,,,,,,,,,,,,,,,,,,,,,,,,,,,,,,,,,,,,,,,,,,,,,,,
RECAL 3 0 9999 9999 64 4 80,2160,-339776,-326619,-314284,-302697,-292104,-282070,-272850,-264450,-256869,-250129,-244217,-239136,-234908,-231574,-229089,-227449,-226666,-226753,-227719,-229577,-232286,-235945,-240531,-246059,-252527,-259956,-268384,-277804,-288278,-299830,-312532,-326278,-341167,,,,,,,,,,,,,,,,,,,,,,,,,,,,,,,,,,,,,,,,,,,,,,,,,,,,,,,,,,,,,,,,,,,,
RECAL 3 1 9999 2226 64 4 80,-1227,-336263,-323035,-310628,-299208,-288514,-278634,-269602,-261444,-254161,-247750,-242195,-237504,-233705,-230721,-228557,-227180,-226601,-226811,-227811,-229552,-232089,-235383,-239434,-244248,-249767,-256021,-263003,-270696,-279206,-288405,-298216,-308697,-319789,,,,,,,,,,,,,,,,,,,,,,,,,,,,,,,,,,,,,,,,,,,,,,,,,,,,,,,,,,,,,,,,,,,,
RECAL 3 0 9999 9999 64 4 80,2156,-345922,-332545,-319970,-308161,-297144,-287128,-277671,-269024,-261179,-254165,-247986,-242627,-238090,-234406,-231599,-229632,-228512,-228251,-228844,-230324,-232677,-235895,-240058,-245138,-251151,-258115,-266048,-274957,-284854,-295768,-307882,-321088,-335388,,,,,,,,,,,,,,,,,,,,,,,,,,,,,,,,,,,,,,,,,,,,,,,,,,,,,,,,,,,,,,,,,,,,
RECAL 3 1 9999 2223 64 4 80,1147,-343471,-330634,-318643,-307131,-296363,-286389,-277101,-268587,-260848,-253915,-247731,-242344,-237790,-234104,-231278,-229318,-228234,-228025,-228689,-230248,-232713,-236107,-240428,-245683,-251863,-258996,-266960,-275837,-285595,-296205,-307707,-320048,-333151,,,,,,,,,,,,,,,,,,,,,,,,,,,,,,,,,,,,,,,,,,,,,,,,,,,,,,,,,,,,,,,,,,,,
RECAL 3 0 9999 9999 64 4 80,2150,-341101,-328147,-316070,-304784,-294298,-284632,-275713,-267689,-260324,-253763,-248023,-243067,-238912,-235582,-233071,-231406,-230574,-230567,-231399,-233075,-235611,-239025,-243318,-248421,-254487,-261486,-269428,-278325,-288194,-298990,-310862,-323895,-338094,,,,,,,,,,,,,,,,,,,,,,,,,,,,,,,,,,,,,,,,,,,,,,,,,,,,,,,,,,,,,,,,,,,,
RECAL 3 1 9999 2216 64 4 80,1982,-507204,-497954,-479997,-454163,-425799,-397239,-370317,-345696,-323302,-303441,-286035,-270887,-258064,-247614,-239520,-233786,-230440,-229471,-230872,-234672,-240887,-249493,-260477,-273825,-289418,-307261,-327340,-349311,-372586,-397197,-422090,-446625,-469738,,,,,,,,,,,,,,,,,,,,,,,,,,,,,,,,,,,,,,,,,,,,,,,,,,,,,,,,,,,,,,,,,,,,
RECAL 3 0 9999 9999 64 4 80,2138,-345500,-333120,-321442,-310560,-300441,-291156,-282596,-274806,-267751,-261452,-255984,-251180,-247152,-243864,-241371,-239627,-238681,-238512,-239147,-240563,-242774,-245785,-249608,-254270,-259782,-266138,-273241,-281325,-290302,-300168,-311036,-322881,-335766,,,,,,,,,,,,,,,,,,,,,,,,,,,,,,,,,,,,,,,,,,,,,,,,,,,,,,,,,,,,,,,,,,,,
RECAL 3 1 9999 2205 64 4 80,2564,-519072,-518056,-517694,-516130,-512023,-501642,-478037,-443196,-405546,-370720,-340115,-313508,-290904,-272074,-257047,-245943,-238398,-234623,-234621,-238434,-246054,-257475,-272671,-291546,-313604,-338901,-366975,-397388,-428757,-458917,-485176,-502371,-511731,,,,,,,,,,,,,,,,,,,,,,,,,,,,,,,,,,,,,,,,,,,,,,,,,,,,,,,,,,,,,,,,,,,,
RECAL 3 0 9999 9999 64 4 80,220,-235408,-235336,-235274,-235212,-235154,-235109,-235064,-235030,-235003,-234979,-234957,-234948,-234944,-234946,-234959,-234984,-235014,-235057,-235100,-235162,-235235,-235315,-235404,-235506,-235623,-235752,-235887,-236039,-236202,-236391,-236585,-236790,-237019,,,,,,,,,,,,,,,,,,,,,,,,,,,,,,,,,,,,,,,,,,,,,,,,,,,,,,,,,,,,,,,,,,,,
RECAL 3 1 9999 267 64 4 80,2592,-517978,-518082,-517570,-515604,-511151,-499495,-471748,-434238,-396738,-362278,-332158,-306164,-284220,-266130,-251860,-241483,-234906,-232166,-233111,-237762,-246113,-258108,-273734,-292846,-315060,-340744,-369180,-400098,-431955,-462477,-487700,-503886,-512123,,,,,,,,,,,,,,,,,,,,,,,,,,,,,,,,,,,,,,,,,,,,,,,,,,,,,,,,,,,,,,,,,,,,
RECAL 3 0 9999 9999 64 4 80,330,-232829,-232679,-232535,-232404,-232285,-232185,-232087,-232006,-231943,-231895,-231864,-231847,-231848,-231871,-231908,-231968,-232053,-232149,-232278,-232416,-232590,-232780,-232992,-233233,-233501,-233792,-234107,-234454,-234825,-235230,-235657,-236124,-236619,,,,,,,,,,,,,,,,,,,,,,,,,,,,,,,,,,,,,,,,,,,,,,,,,,,,,,,,,,,,,,,,,,,,
RECAL 3 1 9999 375 64 4 80,2016,-512412,-505793,-491906,-469430,-441156,-412064,-384109,-358246,-334911,-313667,-294793,-278311,-264197,-252468,-243175,-236293,-231869,-229868,-230379,-233414,-238973,-247043,-257589,-270587,-285728,-303249,-322966,-344660,-368034,-392964,-418812,-444562,-468720,,,,,,,,,,,,,,,,,,,,,,,,,,,,,,,,,,,,,,,,,,,,,,,,,,,,,,,,,,,,,,,,,,,,
RECAL 3 0 9999 9999 64 4 80,354,-230554,-230311,-230083,-229871,-229673,-229490,-229319,-229178,-229053,-228941,-228853,-228789,-228746,-228721,-228719,-228746,-228794,-228869,-228967,-229095,-229245,-229432,-229642,-229885,-230150,-230452,-230787,-231155,-231552,-231989,-232467,-232980,-233536,,,,,,,,,,,,,,,,,,,,,,,,,,,,,,,,,,,,,,,,,,,,,,,,,,,,,,,,,,,,,,,,,,,,
RECAL 3 1 9999 408 64 4 80,1207,-352746,-338636,-325347,-313060,-301337,-290492,-280419,-271186,-262818,-255338,-248767,-243158,-238438,-234632,-231731,-229765,-228722,-228630,-229478,-231258,-234026,-237761,-242488,-248174,-254835,-262496,-271114,-280808,-291491,-303100,-315633,-329034,-343265,,,,,,,,,,,,,,,,,,,,,,,,,,,,,,,,,,,,,,,,,,,,,,,,,,,,,,,,,,,,,,,,,,,,
RECAL 3 0 9999 9999 64 4 80,376,-229481,-229240,-229019,-228818,-228633,-228470,-228334,-228205,-228109,-228028,-227973,-227943,-227938,-227961,-228010,-228085,-228187,-228317,-228476,-228669,-228894,-229147,-229436,-229759,-230121,-230509,-230941,-231417,-231935,-232488,-233091,-233737,-234425,,,,,,,,,,,,,,,,,,,,,,,,,,,,,,,,,,,,,,,,,,,,,,,,,,,,,,,,,,,,,,,,,,,,
RECAL 3 1 9999 423 64 4 80,-1162,-317012,-305926,-295553,-286077,-277171,-269019,-261619,-254951,-249050,-243880,-239436,-235696,-232669,-230390,-228843,-228026,-227926,-228552,-229881,-231873,-234590,-238002,-242089,-246842,-252255,-258323,-265039,-272285,-280088,-288437,-297299,-306746,-316681,,,,,,,,,,,,,,,,,,,,,,,,,,,,,,,,,,,,,,,,,,,,,,,,,,,,,,,,,,,,,,,,,,,,
RECAL 3 0 9999 9999 64 4 80,-488,-237627,-237291,-237005,-236741,-236512,-236323,-236166,-236034,-235930,-235851,-235815,-235803,-235810,-235853,-235916,-235995,-236114,-236245,-236398,-236576,-236769,-236984,-237222,-237472,-237745,-238035,-238337,-238660,-238997,-239341,-239709,-240081,-240479,,,,,,,,,,,,,,,,,,,,,,,,,,,,,,,,,,,,,,,,,,,,,,,,,,,,,,,,,,,,,,,,,,,,
RECAL 3 1 9999 -444 64 4 80,-2042,-477676,-455551,-430362,-404900,-380076,-357006,-335595,-315986,-298219,-282615,-269148,-257897,-248941,-242227,-237778,-235639,-235753,-238159,-242874,-249870,-259164,-270750,-284580,-300410,-318252,-338061,-359583,-382842,-407412,-432333,-456466,-478173,-494560,,,,,,,,,,,,,,,,,,,,,,,,,,,,,,,,,,,,,,,,,,,,,,,,,,,,,,,,,,,,,,,,,,,,
RECAL 3 0 9999 9999 64 4 80,419,-248121,-247793,-247500,-247229,-246968,-246741,-246528,-246354,-246191,-246057,-245951,-245859,-245796,-245760,-245756,-245775,-245833,-245908,-246027,-246167,-246361,-246565,-246801,-247090,-247398,-247753,-248151,-248587,-249059,-249576,-250136,-250723,-251365,,,,,,,,,,,,,,,,,,,,,,,,,,,,,,,,,,,,,,,,,,,,,,,,,,,,,,,,,,,,,,,,,,,,
RECAL 3 1 9999 474 64 4 80,-2639,-512833,-506255,-493153,-469990,-440522,-408576,-377465,-348780,-323024,-300614,-281681,-266327,-254704,-246906,-242769,-242334,-245622,-252674,-263508,-278189,-296290,-318390,-344078,-373064,-405003,-438330,-470151,-494385,-507316,-514454,-517219,-518025,-518808,,,,,,,,,,,,,,,,,,,,,,,,,,,,,,,,,,,,,,,,,,,,,,,,,,,,,,,,,,,,,,,,,,,,
RECAL 3 0 9999 9999 64 4 80,-2197,-323508,-312905,-303106,-294087,-285869,-278379,-271738,-265728,-260449,-255907,-252105,-249037,-246697,-245079,-244193,-244066,-244686,-246069,-248223,-251141,-254833,-259309,-264468,-270499,-277284,-284865,-293213,-302365,-312354,-323176,-334765,-347189,-360492,,,,,,,,,,,,,,,,,,,,,,,,,,,,,,,,,,,,,,,,,,,,,,,,,,,,,,,,,,,,,,,,,,,,
RECAL 3 1 9999 -2138 64 4 80,-2672,-512848,-508212,-496584,-475140,-445183,-411878,-379742,-350516,-324508,-301922,-282837,-267207,-255149,-246854,-242105,-241112,-243947,-250619,-261182,-275686,-294032,-315859,-341422,-370412,-402795,-437202,-470265,-494946,-509056,-514547,-516729,-517833,-518818,,,,,,,,,,,,,,,,,,,,,,,,,,,,,,,,,,,,,,,,,,,,,,,,,,,,,,,,,,,,,,,,,,,,
RECAL 3 0 9999 9999 64 4 80,-2280,-327584,-315816,-304921,-294777,-285512,-277080,-269475,-262707,-256756,-251638,-247329,-243891,-241201,-239335,-238292,-238080,-238700,-240149,-242445,-245523,-249413,-254120,-259650,-266018,-273198,-281243,-290112,-299634,-310219,-321673,-334005,-347373,-361720,,,,,,,,,,,,,,,,,,,,,,,,,,,,,,,,,,,,,,,,,,,,,,,,,,,,,,,,,,,,,,,,,,,,
RECAL 3 1 9999 -2221 64 4 80,-2085,-476301,-451532,-424721,-398192,-373107,-350149,-329201,-310357,-293610,-279021,-266659,-256315,-248211,-242320,-238650,-237228,-238072,-241180,-246616,-254415,-264602,-277094,-291876,-308887,-328075,-349376,-372171,-397205,-423310,-449329,-473847,-492887,-504752,,,,,,,,,,,,,,,,,,,,,,,,,,,,,,,,,,,,,,,,,,,,,,,,,,,,,,,,,,,,,,,,,,,,
RECAL 3 0 9999 9999 64 4 80,-2201,-314190,-303668,-293963,-285085,-276944,-269563,-262939,-257152,-252027,-247654,-244011,-241108,-238945,-237521,-236841,-236919,-237765,-239393,-241792,-244968,-248913,-253640,-259163,-265380,-272459,-280351,-289034,-298455,-308754,-319887,-331899,-344681,-358326,,,,,,,,,,,,,,,,,,,,,,,,,,,,,,,,,,,,,,,,,,,,,,,,,,,,,,,,,,,,,,,,,,,,
RECAL 3 1 9999 -2144 64 4 80,-1239,-338603,-325991,-314282,-303380,-293322,-284107,-275808,-268202,-261422,-255477,-250363,-246068,-242588,-239925,-238075,-237047,-236796,-237323,-238619,-240684,-243510,-247091,-251346,-256395,-262181,-268678,-275863,-283736,-292257,-301422,-311230,-321791,-332985,,,,,,,,,,,,,,,,,,,,,,,,,,,,,,,,,,,,,,,,,,,,,,,,,,,,,,,,,,,,,,,,,,,,
RECAL 3 0 9999 9999 64 4 80,-2203,-306620,-296515,-287266,-278736,-270994,-264005,-257749,-252335,-247574,-243541,-240231,-237659,-235818,-234719,-234343,-234718,-235854,-237753,-240422,-243862,-248056,-253020,-258773,-265209,-272500,-280593,-289469,-299072,-309553,-320877,-333059,-346133,-359907,,,,,,,,,,,,,,,,,,,,,,,,,,,,,,,,,,,,,,,,,,,,,,,,,,,,,,,,,,,,,,,,,,,,
RECAL 3 1 9999 -2147 64 4 80,1132,-342247,-330234,-318912,-308236,-298237,-289082,-280444,-272494,-265274,-258753,-252986,-247969,-243703,-240195,-237426,-235467,-234325,-234016,-234541,-235899,-238121,-241141,-245068,-249846,-255505,-262046,-269466,-277761,-286909,-296820,-307464,-318920,-331144,,,,,,,,,,,,,,,,,,,,,,,,,,,,,,,,,,,,,,,,,,,,,,,,,,,,,,,,,,,,,,,,,,,,
RECAL 3 0 9999 9999 64 4 80,-2212,-317275,-306830,-297365,-288745,-280857,-273717,-267354,-261697,-256784,-252595,-249166,-246429,-244389,-243074,-242480,-242605,-243465,-245041,-247384,-250484,-254330,-258934,-264301,-270434,-277331,-284990,-293273,-302480,-312488,-323319,-335029,-347597,-361091,,,,,,,,,,,,,,,,,,,,,,,,,,,,,,,,,,,,,,,,,,,,,,,,,,,,,,,,,,,,,,,,,,,,
RECAL 3 1 9999 -2155 64 4 80,1969,-513859,-507669,-495145,-471330,-442975,-414067,-386684,-361820,-339441,-319374,-301593,-286093,-272838,-261915,-253186,-246678,-242391,-240353,-240584,-243086,-247787,-254808,-264111,-275638,-289312,-305082,-322900,-342677,-364288,-387920,-412940,-438660,-463596,,,,,,,,,,,,,,,,,,,,,,,,,,,,,,,,,,,,,,,,,,,,,,,,,,,,,,,,,,,,,,,,,,,,
RECAL 3 0 9999 9999 64 4 80,-2229,-320310,-309549,-299652,-290642,-282388,-274899,-268237,-262344,-257164,-252704,-248950,-245888,-243532,-241854,-240896,-240594,-241000,-242103,-243906,-246393,-249580,-253465,-258112,-263504,-269618,-276451,-284020,-292331,-301367,-311236,-321742,-333208,-345591,,,,,,,,,,,,,,,,,,,,,,,,,,,,,,,,,,,,,,,,,,,,,,,,,,,,,,,,,,,,,,,,,,,,
RECAL 3 1 9999 -2169 64 4 80,2555,-519134,-518145,-517493,-515937,-512083,-498375,-468132,-429621,-392956,-360500,-332021,-307515,-286852,-269840,-256426,-246678,-240533,-238010,-239088,-243783,-252091,-264019,-279471,-298326,-320584,-346029,-374191,-404977,-437708,-468459,-493174,-507100,-512657,,,,,,,,,,,,,,,,,,,,,,,,,,,,,,,,,,,,,,,,,,,,,,,,,,,,,,,,,,,,,,,,,,,,
RECAL 3 0 9999 9999 64 4 80,2144,-338076,-326385,-315639,-305689,-296536,-288219,-280622,-273769,-267747,-262345,-257676,-253743,-250502,-247983,-246156,-245035,-244629,-244911,-245896,-247575,-249953,-253054,-256883,-261454,-266709,-272765,-279637,-287320,-295794,-305218,-315571,-326907,-339391,,,,,,,,,,,,,,,,,,,,,,,,,,,,,,,,,,,,,,,,,,,,,,,,,,,,,,,,,,,,,,,,,,,,
RECAL 3 1 9999 2209 64 4 80,-2695,-516169,-513197,-509609,-501557,-480225,-444757,-406194,-370858,-340352,-314348,-292694,-274980,-261220,-251387,-245378,-243135,-244612,-249761,-258395,-270726,-286476,-305459,-327474,-352107,-378738,-406565,-434538,-461352,-485074,-501979,-510664,-516608,-518595,,,,,,,,,,,,,,,,,,,,,,,,,,,,,,,,,,,,,,,,,,,,,,,,,,,,,,,,,,,,,,,,,,,,
RECAL 3 0 9999 9999 64 4 80,2080,-331130,-319476,-308647,-298569,-289310,-280751,-272952,-265879,-259574,-253916,-248952,-244686,-241116,-238232,-236054,-234565,-233786,-233719,-234372,-235769,-237918,-240833,-244517,-248978,-254176,-260287,-267238,-275074,-283814,-293502,-304203,-316014,-329006,,,,,,,,,,,,,,,,,,,,,,,,,,,,,,,,,,,,,,,,,,,,,,,,,,,,,,,,,,,,,,,,,,,,
RECAL 3 1 9999 2146 64 4 80,-2104,-489106,-471515,-448205,-421593,-393887,-367272,-342669,-320647,-301094,-284131,-269616,-257580,-248029,-240868,-236110,-233745,-233675,-235909,-240432,-247201,-256181,-267345,-280572,-295917,-313101,-331955,-352168,-373287,-395036,-416993,-438591,-459086,-478518,,,,,,,,,,,,,,,,,,,,,,,,,,,,,,,,,,,,,,,,,,,,,,,,,,,,,,,,,,,,,,,,,,,,
RECAL 3 0 9999 9999 64 4 80,2057,-321797,-310541,-300079,-290444,-281506,-273353,-265941,-259312,-253404,-248212,-243724,-239916,-236808,-234409,-232740,-231746,-231466,-231906,-233078,-234985,-237640,-241060,-245285,-250329,-256206,-262938,-270563,-279082,-288538,-298948,-310299,-322906,-336738,,,,,,,,,,,,,,,,,,,,,,,,,,,,,,,,,,,,,,,,,,,,,,,,,,,,,,,,,,,,,,,,,,,,
RECAL 3 1 9999 2121 64 4 80,-1252,-342313,-328937,-316257,-304445,-293522,-283508,-274360,-266119,-258765,-252305,-246807,-242105,-238273,-235302,-233183,-231912,-231469,-231840,-233000,-234958,-237683,-241186,-245453,-250448,-256184,-262652,-269734,-277559,-286039,-295090,-304751,-314966,-325643,,,,,,,,,,,,,,,,,,,,,,,,,,,,,,,,,,,,,,,,,,,,,,,,,,,,,,,,,,,,,,,,,,,,
RECAL 3 0 9999 9999 64 4 80,2061,-321400,-310038,-299491,-289791,-280809,-272597,-265222,-258539,-252604,-247385,-242864,-239041,-235922,-233553,-231860,-230878,-230620,-231089,-232289,-234242,-236952,-240455,-244787,-249920,-255891,-262718,-270430,-279067,-288641,-299022,-310646,-323371,-337284,,,,,,,,,,,,,,,,,,,,,,,,,,,,,,,,,,,,,,,,,,,,,,,,,,,,,,,,,,,,,,,,,,,,
RECAL 3 1 9999 2124 64 4 80,1149,-335066,-323336,-312091,-301482,-291584,-282347,-273815,-266027,-258972,-252652,-247079,-242291,-238300,-235125,-232779,-231272,-230607,-230791,-231833,-233764,-236565,-240281,-244889,-250404,-256824,-264161,-272321,-281357,-291280,-302023,-313597,-325907,-338970,,,,,,,,,,,,,,,,,,,,,,,,,,,,,,,,,,,,,,,,,,,,,,,,,,,,,,,,,,,,,,,,,,,,
RECAL 3 0 9999 9999 64 4 80,2063,-331590,-319520,-308309,-297918,-288381,-279642,-271689,-264478,-257977,-252196,-247126,-242754,-239080,-236133,-233846,-232253,-231365,-231190,-231716,-232968,-234950,-237704,-241229,-245535,-250625,-256527,-263276,-270877,-279380,-288687,-299034,-310432,-322893,,,,,,,,,,,,,,,,,,,,,,,,,,,,,,,,,,,,,,,,,,,,,,,,,,,,,,,,,,,,,,,,,,,,
RECAL 3 1 9999 2130 64 4 80,1990,-494348,-478894,-460103,-437471,-413054,-388187,-364054,-341488,-320766,-302015,-285363,-270752,-258364,-248204,-240249,-234576,-231136,-230022,-231259,-234891,-240964,-249487,-260511,-274176,-290443,-309108,-330156,-353209,-377589,-402984,-427972,-450760,-471701,,,,,,,,,,,,,,,,,,,,,,,,,,,,,,,,,,,,,,,,,,,,,,,,,,,,,,,,,,,,,,,,,,,,
RECAL 3 0 9999 9999 64 4 80,2126,-336701,-324764,-313690,-303453,-294073,-285395,-277439,-270269,-263832,-258149,-253201,-249000,-245505,-242747,-240666,-239308,-238679,-238763,-239573,-241124,-243415,-246441,-250171,-254652,-259920,-265981,-272837,-280533,-289085,-298334,-308702,-320085,-332519,,,,,,,,,,,,,,,,,,,,,,,,,,,,,,,,,,,,,,,,,,,,,,,,,,,,,,,,,,,,,,,,,,,,
RECAL 3 1 9999 2192 64 4 80,2578,-518740,-516450,-512553,-506051,-496611,-477163,-449043,-416897,-384191,-353862,-326607,-302937,-283145,-266641,-253695,-244344,-238547,-236355,-237862,-243126,-252176,-265078,-281937,-302869,-327933,-356916,-389369,-423881,-456187,-482070,-498636,-508314,-513099,,,,,,,,,,,,,,,,,,,,,,,,,,,,,,,,,,,,,,,,,,,,,,,,,,,,,,,,,,,,,,,,,,,,
RECAL 3 0 9999 9999 64 4 80,-283,-240862,-240810,-240773,-240746,-240717,-240699,-240693,-240689,-240698,-240697,-240722,-240743,-240768,-240796,-240832,-240882,-240929,-240973,-241039,-241094,-241156,-241210,-241278,-241351,-241420,-241489,-241575,-241648,-241727,-241806,-241882,-241967,-242052,,,,,,,,,,,,,,,,,,,,,,,,,,,,,,,,,,,,,,,,,,,,,,,,,,,,,,,,,,,,,,,,,,,,
RECAL 3 1 9999 -256 64 4 80,2547,-517442,-514956,-511595,-504750,-492615,-470726,-440804,-408108,-376224,-347180,-321478,-299271,-280475,-265178,-253427,-245262,-240655,-239658,-242332,-248750,-258808,-272916,-291024,-313127,-339363,-369378,-402810,-437247,-467623,-489882,-503236,-510923,-516286,,,,,,,,,,,,,,,,,,,,,,,,,,,,,,,,,,,,,,,,,,,,,,,,,,,,,,,,,,,,,,,,,,,,
RECAL 3 0 9999 9999 64 4 80,-654,-239788,-239047,-238366,-237749,-237176,-236672,-236225,-235825,-235485,-235197,-234970,-234775,-234636,-234548,-234508,-234509,-234560,-234661,-234805,-234982,-235212,-235479,-235786,-236130,-236517,-236943,-237411,-237906,-238444,-239004,-239591,-240209,-240866,,,,,,,,,,,,,,,,,,,,,,,,,,,,,,,,,,,,,,,,,,,,,,,,,,,,,,,,,,,,,,,,,,,,
RECAL 3 1 9999 -597 64 4 80,1950,-492677,-476976,-456699,-432974,-407674,-382732,-359099,-337250,-317301,-299560,-283794,-270115,-258586,-249247,-242118,-237195,-234520,-234101,-235936,-240052,-246483,-255261,-266443,-279969,-295860,-313909,-334318,-356638,-380333,-404937,-429179,-451875,-472179,,,,,,,,,,,,,,,,,,,,,,,,,,,,,,,,,,,,,,,,,,,,,,,,,,,,,,,,,,,,,,,,,,,,
RECAL 3 0 9999 9999 64 4 80,-661,-236616,-235818,-235087,-234423,-233822,-233275,-232802,-232388,-232033,-231735,-231491,-231309,-231179,-231102,-231077,-231108,-231185,-231319,-231495,-231718,-231992,-232312,-232671,-233080,-233528,-234026,-234552,-235128,-235737,-236385,-237065,-237778,-238531,,,,,,,,,,,,,,,,,,,,,,,,,,,,,,,,,,,,,,,,,,,,,,,,,,,,,,,,,,,,,,,,,,,,
RECAL 3 1 9999 -605 64 4 80,1080,-322994,-312291,-302320,-292848,-283991,-275797,-268234,-261354,-255152,-249653,-244847,-240780,-237408,-234742,-232792,-231568,-231071,-231320,-232298,-234045,-236567,-239867,-243966,-248847,-254528,-261034,-268354,-276607,-285654,-295479,-306147,-317561,-329730,,,,,,,,,,,,,,,,,,,,,,,,,,,,,,,,,,,,,,,,,,,,,,,,,,,,,,,,,,,,,,,,,,,,
RECAL 3 0 9999 9999 64 4 80,-687,-243003,-241972,-241016,-240133,-239325,-238597,-237941,-237350,-236820,-236361,-235962,-235642,-235373,-235161,-235009,-234914,-234878,-234891,-234965,-235088,-235263,-235492,-235765,-236107,-236480,-236913,-237385,-237901,-238460,-239062,-239718,-240399,-241125,,,,,,,,,,,,,,,,,,,,,,,,,,,,,,,,,,,,,,,,,,,,,,,,,,,,,,,,,,,,,,,,,,,,
RECAL 3 1 9999 -622 64 4 80,-1316,-345316,-331084,-317971,-305809,-294641,-284464,-275229,-266964,-259650,-253303,-247981,-243518,-239971,-237337,-235619,-234798,-234872,-235812,-237661,-240393,-243997,-248467,-253780,-259967,-266983,-274826,-283341,-292721,-302801,-313591,-324989,-336960,-349445,,,,,,,,,,,,,,,,,,,,,,,,,,,,,,,,,,,,,,,,,,,,,,,,,,,,,,,,,,,,,,,,,,,,
RECAL 3 0 9999 9999 64 4 80,-585,-240299,-239704,-239160,-238668,-238217,-237819,-237457,-237143,-236868,-236641,-236454,-236301,-236195,-236121,-236084,-236081,-236119,-236185,-236281,-236414,-236582,-236772,-236999,-237252,-237527,-237837,-238170,-238532,-238922,-239334,-239768,-240233,-240716,,,,,,,,,,,,,,,,,,,,,,,,,,,,,,,,,,,,,,,,,,,,,,,,,,,,,,,,,,,,,,,,,,,,
RECAL 3 1 9999 -527 64 4 80,-2142,-494033,-476956,-453488,-425659,-396650,-368982,-343814,-321169,-301425,-284150,-269531,-257535,-248180,-241387,-237114,-235350,-236042,-239146,-244616,-252429,-262563,-274966,-289529,-306122,-324417,-344485,-365821,-388079,-410835,-433026,-454728,-474745,-491264,,,,,,,,,,,,,,,,,,,,,,,,,,,,,,,,,,,,,,,,,,,,,,,,,,,,,,,,,,,,,,,,,,,,
RECAL 3 0 9999 9999 64 4 80,103,-246723,-246698,-246665,-246641,-246619,-246614,-246584,-246579,-246572,-246558,-246555,-246554,-246550,-246556,-246554,-246568,-246588,-246616,-246614,-246654,-246667,-246707,-246741,-246775,-246830,-246881,-246922,-246996,-247059,-247139,-247220,-247299,-247399,,,,,,,,,,,,,,,,,,,,,,,,,,,,,,,,,,,,,,,,,,,,,,,,,,,,,,,,,,,,,,,,,,,,
RECAL 3 1 9999 150 64 4 80,-2725,-515254,-513466,-510082,-501006,-478287,-440135,-400330,-364869,-334763,-309425,-288904,-272201,-259493,-250655,-245576,-244189,-246448,-252289,-261760,-274846,-291385,-311258,-334299,-360078,-388117,-417289,-445999,-472984,-495072,-507952,-514195,-517336,-518126,,,,,,,,,,,,,,,,,,,,,,,,,,,,,,,,,,,,,,,,,,,,,,,,,,,,,,,,,,,,,,,,,,,,
RECAL 3 0 9999 9999 64 4 80,-2255,-329696,-318164,-307587,-297913,-289298,-281351,-274235,-267925,-262398,-257650,-253676,-250448,-247978,-246261,-245265,-244984,-245418,-246578,-248454,-251033,-254294,-258304,-263048,-268519,-274748,-281724,-289479,-297969,-307349,-317711,-328955,-341181,-354429,,,,,,,,,,,,,,,,,,,,,,,,,,,,,,,,,,,,,,,,,,,,,,,,,,,,,,,,,,,,,,,,,,,,
RECAL 3 1 9999 -2195 64 4 80,-2697,-515263,-513419,-510528,-499944,-473120,-433103,-394371,-360366,-331578,-307295,-287203,-270870,-258290,-249479,-244322,-242812,-244941,-250658,-259984,-272690,-289034,-308691,-331649,-357617,-386079,-416361,-446288,-473551,-493951,-507109,-513075,-517386,-518735,,,,,,,,,,,,,,,,,,,,,,,,,,,,,,,,,,,,,,,,,,,,,,,,,,,,,,,,,,,,,,,,,,,,
RECAL 3 0 9999 9999 64 4 80,-2309,-339272,-326463,-314912,-304219,-294530,-285793,-277904,-270899,-264750,-259438,-254901,-251221,-248355,-246299,-245058,-244622,-244993,-246182,-248138,-250914,-254501,-258924,-264149,-270206,-277093,-284837,-293359,-302740,-313038,-324260,-336486,-349797,-364076,,,,,,,,,,,,,,,,,,,,,,,,,,,,,,,,,,,,,,,,,,,,,,,,,,,,,,,,,,,,,,,,,,,,
RECAL 3 1 9999 -2249 64 4 80,-2109,-492648,-472835,-446008,-416611,-388074,-361952,-338690,-318094,-300232,-284987,-272155,-261718,-253664,-247954,-244563,-243475,-244662,-248122,-253838,-261814,-272015,-284419,-298896,-315489,-334099,-354572,-376528,-399695,-423151,-446103,-467151,-485383,-498847,,,,,,,,,,,,,,,,,,,,,,,,,,,,,,,,,,,,,,,,,,,,,,,,,,,,,,,,,,,,,,,,,,,,
RECAL 3 0 9999 9999 64 4 80,-2328,-326414,-313876,-302363,-291966,-282514,-274005,-266449,-259829,-254037,-249111,-245038,-241798,-239400,-237833,-237091,-237186,-238125,-239887,-242491,-245927,-250202,-255328,-261313,-268052,-275769,-284378,-293853,-304293,-315721,-328159,-341743,-356208,-371834,,,,,,,,,,,,,,,,,,,,,,,,,,,,,,,,,,,,,,,,,,,,,,,,,,,,,,,,,,,,,,,,,,,,
RECAL 3 1 9999 -2271 64 4 80,-1262,-341351,-328137,-315913,-304593,-294153,-284606,-275931,-268152,-261248,-255229,-250092,-245823,-242429,-239824,-238065,-237145,-237053,-237771,-239308,-241645,-244761,-248628,-253255,-258640,-264804,-271687,-279292,-287622,-296455,-306106,-316384,-327222,-338667,,,,,,,,,,,,,,,,,,,,,,,,,,,,,,,,,,,,,,,,,,,,,,,,,,,,,,,,,,,,,,,,,,,,
RECAL 3 0 9999 9999 64 4 80,-2328,-329385,-316392,-304499,-293661,-283846,-274979,-267023,-260059,-253900,-248608,-244175,-240565,-237785,-235851,-234725,-234430,-234967,-236328,-238524,-241552,-245411,-250109,-255618,-261920,-269166,-277301,-286318,-296191,-307086,-318954,-331881,-345747,-360659,,,,,,,,,,,,,,,,,,,,,,,,,,,,,,,,,,,,,,,,,,,,,,,,,,,,,,,,,,,,,,,,,,,,
RECAL 3 1 9999 -2269 64 4 80,1136,-328817,-317569,-306978,-297087,-288042,-279542,-271744,-264675,-258306,-252685,-247812,-243674,-240287,-237625,-235752,-234693,-234439,-235008,-236405,-238662,-241737,-245717,-250561,-256297,-262939,-270505,-278955,-288317,-298523,-309535,-321372,-334021,-347429,,,,,,,,,,,,,,,,,,,,,,,,,,,,,,,,,,,,,,,,,,,,,,,,,,,,,,,,,,,,,,,,,,,,
RECAL 3 0 9999 9999 64 4 80,-2325,-326411,-313951,-302549,-292200,-282806,-274343,-266858,-260134,-254276,-249262,-245058,-241669,-239079,-237275,-236270,-236064,-236654,-238053,-240256,-243263,-247064,-251670,-257017,-263288,-270398,-278348,-287180,-296854,-307530,-319193,-331729,-345316,-359992,,,,,,,,,,,,,,,,,,,,,,,,,,,,,,,,,,,,,,,,,,,,,,,,,,,,,,,,,,,,,,,,,,,,
RECAL 3 1 9999 -2266 64 4 80,1981,-497050,-483065,-461839,-436350,-409506,-383384,-358916,-336689,-316635,-298860,-283463,-270164,-259011,-250005,-243170,-238497,-236030,-235791,-237829,-242184,-248892,-258001,-269587,-283605,-300022,-318975,-340469,-364073,-389529,-416003,-441662,-465010,-484227,,,,,,,,,,,,,,,,,,,,,,,,,,,,,,,,,,,,,,,,,,,,,,,,,,,,,,,,,,,,,,,,,,,,
RECAL 3 0 9999 9999 64 4 80,-2270,-328354,-316468,-305605,-295672,-286726,-278568,-271247,-264747,-259113,-254155,-249967,-246534,-243841,-241871,-240635,-240119,-240332,-241241,-242855,-245176,-248200,-251930,-256388,-261568,-267408,-274040,-281428,-289608,-298521,-308324,-318976,-330523,-343124,,,,,,,,,,,,,,,,,,,,,,,,,,,,,,,,,,,,,,,,,,,,,,,,,,,,,,,,,,,,,,,,,,,,
RECAL 3 1 9999 -2209 64 4 80,2568,-517602,-516238,-513488,-509369,-499792,-480907,-450433,-415002,-380966,-350403,-323584,-300699,-281525,-265908,-253921,-245262,-240070,-238410,-240320,-245882,-255146,-268252,-285295,-305988,-330678,-359336,-391921,-427397,-461840,-488373,-502514,-509773,-514536,,,,,,,,,,,,,,,,,,,,,,,,,,,,,,,,,,,,,,,,,,,,,,,,,,,,,,,,,,,,,,,,,,,,
RECAL 3 0 9999 9999 64 4 80,2086,-357415,-343641,-330937,-319272,-308561,-298810,-290076,-282304,-275314,-269185,-263929,-259522,-255976,-253270,-251429,-250421,-250286,-251017,-252645,-255167,-258587,-262921,-268212,-274346,-281536,-289734,-298917,-309231,-320685,-333310,-347261,-362342,-378774,,,,,,,,,,,,,,,,,,,,,,,,,,,,,,,,,,,,,,,,,,,,,,,,,,,,,,,,,,,,,,,,,,,,
RECAL 3 1 9999 2149 64 4 80,-2722,-514656,-510327,-501762,-486976,-461699,-429061,-395295,-363610,-335557,-311707,-291510,-275212,-262737,-254055,-249118,-247842,-250163,-256078,-265632,-278712,-295197,-315001,-337949,-363573,-391285,-419647,-448008,-473889,-493838,-506541,-513243,-517937,-518521,,,,,,,,,,,,,,,,,,,,,,,,,,,,,,,,,,,,,,,,,,,,,,,,,,,,,,,,,,,,,,,,,,,,
RECAL 3 0 9999 9999 64 4 80,2063,-365526,-350866,-337266,-324680,-313180,-302712,-293272,-284744,-277082,-270300,-264418,-259393,-255274,-252092,-249725,-248242,-247635,-247902,-249054,-251094,-254019,-257923,-262778,-268604,-275406,-283216,-292033,-301925,-312959,-324971,-338409,-353143,-369151,,,,,,,,,,,,,,,,,,,,,,,,,,,,,,,,,,,,,,,,,,,,,,,,,,,,,,,,,,,,,,,,,,,,
RECAL 3 1 9999 2128 64 4 80,-2119,-481323,-462429,-439952,-415696,-391140,-367452,-345468,-325362,-307429,-291806,-278546,-267670,-259110,-252832,-248848,-247117,-247620,-250343,-255234,-262346,-271623,-282985,-296380,-311797,-329033,-347944,-368187,-389733,-411900,-433861,-454758,-474169,-490186,,,,,,,,,,,,,,,,,,,,,,,,,,,,,,,,,,,,,,,,,,,,,,,,,,,,,,,,,,,,,,,,,,,,
RECAL 3 0 9999 9999 64 4 80,2093,-363189,-348231,-334297,-321478,-309700,-299059,-289365,-280552,-272691,-265760,-259759,-254687,-250538,-247271,-244908,-243471,-242986,-243441,-244834,-247180,-250496,-254714,-259992,-266305,-273614,-282008,-291473,-302026,-313837,-326782,-340887,-356303,-373086,,,,,,,,,,,,,,,,,,,,,,,,,,,,,,,,,,,,,,,,,,,,,,,,,,,,,,,,,,,,,,,,,,,,
RECAL 3 1 9999 2157 64 4 80,-1249,-347886,-335515,-323747,-312751,-302512,-293070,-284436,-276609,-269616,-263521,-258149,-253614,-249874,-246963,-244836,-243507,-242959,-243194,-244183,-245906,-248382,-251590,-255508,-260175,-265542,-271506,-278268,-285675,-293713,-302370,-311674,-321528,-331870,,,,,,,,,,,,,,,,,,,,,,,,,,,,,,,,,,,,,,,,,,,,,,,,,,,,,,,,,,,,,,,,,,,,
RECAL 3 0 9999 9999 64 4 80,2022,-353834,-340094,-327455,-315834,-305143,-295381,-286548,-278641,-271511,-265249,-259856,-255321,-251664,-248858,-246908,-245845,-245611,-246235,-247704,-250040,-253254,-257343,-262337,-268153,-274934,-282651,-291348,-301012,-311716,-323500,-336406,-350613,-366166,,,,,,,,,,,,,,,,,,,,,,,,,,,,,,,,,,,,,,,,,,,,,,,,,,,,,,,,,,,,,,,,,,,,
RECAL 3 1 9999 2085 64 4 80,1177,-354261,-342564,-331283,-320553,-310404,-300928,-292106,-283995,-276592,-269947,-264112,-258983,-254655,-251145,-248443,-246580,-245572,-245404,-246088,-247643,-250079,-253376,-257592,-262711,-268748,-275730,-283522,-292323,-302045,-312703,-324258,-336695,-349952,,,,,,,,,,,,,,,,,,,,,,,,,,,,,,,,,,,,,,,,,,,,,,,,,,,,,,,,,,,,,,,,,,,,
RECAL 3 0 9999 9999 64 4 80,2080,-373889,-359164,-345571,-333020,-321490,-310926,-301333,-292687,-285048,-278193,-272193,-267076,-262797,-259381,-256812,-255106,-254236,-254238,-255121,-256891,-259557,-263126,-267617,-273043,-279325,-286694,-295008,-304397,-314893,-326501,-339346,-353433,-368748,,,,,,,,,,,,,,,,,,,,,,,,,,,,,,,,,,,,,,,,,,,,,,,,,,,,,,,,,,,,,,,,,,,,
RECAL 3 1 9999 2146 64 4 80,2022,-501930,-491088,-474060,-453738,-431641,-409034,-386589,-365407,-345434,-327083,-310556,-295975,-283396,-272838,-264419,-258139,-254075,-252287,-252833,-255733,-261073,-268874,-279198,-291875,-307270,-325245,-345743,-368548,-393459,-419599,-445011,-468179,-486562,,,,,,,,,,,,,,,,,,,,,,,,,,,,,,,,,,,,,,,,,,,,,,,,,,,,,,,,,,,,,,,,,,,,
RECAL 3 0 9999 9999 64 4 80,2063,-370503,-356920,-344420,-332921,-322416,-312996,-304458,-296792,-289993,-283983,-278787,-274352,-270747,-267965,-265934,-264671,-264202,-264490,-265594,-267473,-270164,-273693,-278098,-283351,-289480,-296450,-304421,-313342,-323274,-334097,-346181,-359481,-374011,,,,,,,,,,,,,,,,,,,,,,,,,,,,,,,,,,,,,,,,,,,,,,,,,,,,,,,,,,,,,,,,,,,,
RECAL 3 1 9999 2127 64 4 80,2618,-518828,-517272,-516123,-512601,-505099,-491726,-467397,-438215,-407745,-378551,-352393,-329383,-309678,-293306,-280218,-270458,-264073,-261107,-261628,-265762,-273552,-285191,-300735,-320420,-344358,-372672,-405573,-441582,-475730,-498469,-508520,-513565,-515826,,,,,,,,,,,,,,,,,,,,,,,,,,,,,,,,,,,,,,,,,,,,,,,,,,,,,,,,,,,,,,,,,,,,
RECAL 3 0 9999 9999 64 4 80,-119,-267381,-267334,-267317,-267291,-267288,-267264,-267247,-267235,-267227,-267211,-267213,-267198,-267195,-267177,-267185,-267182,-267159,-267170,-267157,-267161,-267173,-267150,-267157,-267155,-267156,-267156,-267148,-267158,-267181,-267217,-267219,-267184,-267156,,,,,,,,,,,,,,,,,,,,,,,,,,,,,,,,,,,,,,,,,,,,,,,,,,,,,,,,,,,,,,,,,,,,
RECAL 3 0 9999 9999 128 4 80,-183,-268092,-267982,-267904,-267834,-267774,-267716,-267640,-267593,-267528,-267501,-267458,-267422,-267385,-267344,-267325,-267291,-267270,-267254,-267219,-267206,-267188,-267163,-267154,-267152,-267135,-267109,-267102,-267108,-267092,-267094,-267086,-267079,-267075,-267072,-267067,-267072,-267067,-267058,-267063,-267067,-267077,-267078,-267064,-267083,-267093,-267135,-267137,-267097,-267093,-267071,-267061,-267063,-267045,-267037,-267042,-267050,-267042,-267050,-267042,-267043,-267037,-267035,-267036,-267035,-267031,,,,,,,,,,,,,,,,,,,,,,,,,,,,,,,,,,,,
RECAL 3 0 9999 -10 128 4 80,-138,-267332,-267313,-267266,-267239,-267209,-267182,-267172,-267152,-267109,-267094,-267082,-267072,-267055,-267051,-267022,-267037,-267030,-267034,-267034,-267017,-267026,-267018,-267010,-266999,-267014,-267010,-267006,-266986,-267007,-266999,-266998,-266994,-266991,-267013,-267083,-267077,-267032,-267007,-266992,-267001,-266986,-266988,-266991,-266987,-266977,-266972,-266991,-266975,-266957,-266970,-266973,-266962,-266976,-266961,-266971,-266972,-266978,-266985,-266989,-267021,-267023,-267037,-267043,-267057,-267086,,,,,,,,,,,,,,,,,,,,,,,,,,,,,,,,,,,,
RECAL 3 0 9999 -10 200 4 80,-210,-268642,-268506,-268383,-268275,-268153,-268064,-267973,-267879,-267810,-267724,-267645,-267590,-267528,-267465,-267418,-267361,-267313,-267272,-267233,-267206,-267165,-267147,-267108,-267076,-267064,-267056,-267029,-267013,-266995,-266985,-266962,-266968,-266960,-266953,-266932,-266939,-266924,-266935,-266922,-266923,-266905,-266915,-266920,-266911,-266923,-266908,-266906,-266922,-266903,-266913,-266923,-266944,-267013,-266996,-266956,-266932,-266930,-266922,-266925,-266906,-266899,-266909,-266901,-266897,-266890,-266896,-266901,-266903,-266895,-266899,-266904,-266904,-266892,-266901,-266903,-266918,-266926,-266937,-266945,-266962,-266974,-266988,-267001,-267028,-267038,-267079,-267112,-267139,-267179,-267194,-267236,-267276,-267346,-267388,-267458,-267519,-267574,-267649,-267732,-267813,-267887
RECAL 3 1 9999 46 200 4 80,2500,-519372,-520074,-519262,-519972,-518249,-520210,-519335,-519890,-519043,-519378,-519349,-518319,-518036,-518859,-519304,-518708,-518892,-519579,-518583,-519338,-519160,-519097,-519090,-519342,-519190,-518986,-518269,-519074,-518868,-519069,-518693,-519720,-519175,-518800,-518985,-517892,-516021,-513653,-507976,-496468,-475596,-446669,-415744,-385803,-358672,-334849,-314382,-297532,-283918,-273652,-266829,-263472,-263647,-267390,-274789,-285965,-301126,-320394,-343924,-372001,-404929,-441364,-477343,-500891,-509561,-513881,-516175,-518293,-518703,-518858,-519062,-519484,-519635,-518738,-519739,-518672,-519157,-519276,-519160,-519601,-518612,-519243,-519250,-518206,-519062,-519546,-519294,-519291,-519593,-518974,-519988,-520071,-519671,-519243,-518149,-519775,-519630,-518715,-518984,-520663,-519535
RECAL 3 0 9999 9999 64 4 80,256,-252938,-252794,-252669,-252531,-252421,-252302,-252200,-252099,-252009,-251922,-251863,-251786,-251740,-251707,-251677,-251671,-251667,-251683,-251714,-251735,-251810,-251875,-251959,-252066,-252186,-252318,-252484,-252657,-252852,-253080,-253313,-253578,-253852,,,,,,,,,,,,,,,,,,,,,,,,,,,,,,,,,,,,,,,,,,,,,,,,,,,,,,,,,,,,,,,,,,,,
RECAL 3 1 9999 318 64 4 80,2045,-505932,-496577,-481418,-461301,-438544,-414798,-391235,-368757,-347925,-328696,-311323,-295941,-282745,-271625,-262724,-256076,-251715,-249685,-249956,-252628,-257733,-265342,-275454,-288096,-303286,-321058,-341344,-363980,-388872,-415322,-441821,-466191,-485619,,,,,,,,,,,,,,,,,,,,,,,,,,,,,,,,,,,,,,,,,,,,,,,,,,,,,,,,,,,,,,,,,,,,
RECAL 3 0 9999 9999 64 4 80,-485,-252600,-252153,-251761,-251390,-251060,-250744,-250499,-250264,-250084,-249936,-249807,-249721,-249651,-249628,-249623,-249648,-249704,-249777,-249882,-250008,-250163,-250332,-250528,-250741,-250979,-251223,-251503,-251789,-252114,-252439,-252769,-253123,-253502,,,,,,,,,,,,,,,,,,,,,,,,,,,,,,,,,,,,,,,,,,,,,,,,,,,,,,,,,,,,,,,,,,,,
RECAL 3 1 9999 -431 64 4 80,1216,-367242,-354529,-342366,-330794,-319879,-309664,-300186,-291498,-283552,-276429,-270100,-264584,-259878,-256030,-253026,-250892,-249653,-249255,-249757,-251182,-253521,-256811,-261058,-266289,-272477,-279726,-287974,-297200,-307482,-318763,-331042,-344324,-358267,,,,,,,,,,,,,,,,,,,,,,,,,,,,,,,,,,,,,,,,,,,,,,,,,,,,,,,,,,,,,,,,,,,,
RECAL 3 0 9999 9999 64 4 80,321,-247693,-247438,-247199,-246978,-246765,-246562,-246381,-246212,-246058,-245924,-245806,-245689,-245615,-245548,-245503,-245481,-245485,-245503,-245547,-245615,-245704,-245822,-245973,-246153,-246353,-246570,-246821,-247112,-247438,-247777,-248162,-248573,-249010,,,,,,,,,,,,,,,,,,,,,,,,,,,,,,,,,,,,,,,,,,,,,,,,,,,,,,,,,,,,,,,,,,,,
RECAL 3 1 9999 383 64 4 80,-1205,-336156,-324881,-314355,-304511,-295424,-287129,-279632,-272889,-266905,-261646,-257139,-253370,-250341,-248049,-246489,-245620,-245462,-246020,-247268,-249213,-251841,-255136,-259144,-263858,-269231,-275256,-281953,-289265,-297141,-305664,-314606,-324247,-334414,,,,,,,,,,,,,,,,,,,,,,,,,,,,,,,,,,,,,,,,,,,,,,,,,,,,,,,,,,,,,,,,,,,,
RECAL 3 0 9999 9999 64 4 80,35,-246662,-246655,-246655,-246649,-246648,-246634,-246638,-246625,-246619,-246619,-246622,-246611,-246613,-246621,-246613,-246610,-246630,-246635,-246637,-246646,-246655,-246667,-246684,-246713,-246720,-246748,-246779,-246807,-246854,-246895,-246934,-246981,-247037,,,,,,,,,,,,,,,,,,,,,,,,,,,,,,,,,,,,,,,,,,,,,,,,,,,,,,,,,,,,,,,,,,,,
RECAL 3 0 9999 9999 128 4 80,-29,-246657,-246651,-246654,-246653,-246649,-246661,-246651,-246669,-246666,-246659,-246662,-246642,-246640,-246647,-246639,-246631,-246630,-246624,-246623,-246619,-246608,-246606,-246608,-246600,-246600,-246600,-246598,-246588,-246589,-246598,-246598,-246593,-246607,-246617,-246616,-246629,-246639,-246649,-246669,-246692,-246702,-246735,-246766,-246790,-246839,-246880,-246916,-246960,-247012,-247075,-247138,-247202,-247288,-247357,-247433,-247543,-247638,-247747,-247871,-247984,-248117,-248267,-248403,-248567,-248739,,,,,,,,,,,,,,,,,,,,,,,,,,,,,,,,,,,,
RECAL 3 1 9999 83 128 4 80,-2159,-517360,-519686,-518651,-518768,-518179,-518234,-519281,-520282,-519839,-518773,-518529,-517863,-515908,-511484,-505218,-494802,-478989,-458130,-434341,-410064,-385870,-363073,-341850,-322528,-305238,-290172,-277275,-266581,-258216,-251974,-247971,-246174,-246562,-249139,-253876,-260758,-269776,-281011,-294330,-309662,-326912,-345939,-366467,-388153,-410258,-432643,-454202,-473783,-490570,-501748,-509059,-513753,-516237,-517559,-518397,-519185,-518292,-518406,-518648,-518881,-518970,-517948,-518703,-517049,-519527,,,,,,,,,,,,,,,,,,,,,,,,,,,,,,,,,,,,
RECAL 3 0 9999 9999 64 4 80,285,-250742,-250606,-250489,-250388,-250281,-250210,-250127,-250068,-250010,-249969,-249945,-249928,-249924,-249941,-249965,-250006,-250075,-250136,-250222,-250327,-250449,-250582,-250740,-250929,-251130,-251350,-251591,-251847,-252138,-252460,-252788,-253144,-253539,,,,,,,,,,,,,,,,,,,,,,,,,,,,,,,,,,,,,,,,,,,,,,,,,,,,,,,,,,,,,,,,,,,,
RECAL 3 1 9999 332 64 4 80,-2701,-513819,-508899,-498783,-480217,-452041,-418981,-385785,-355435,-328592,-305628,-286525,-271191,-259521,-251564,-247356,-246804,-249876,-256560,-266827,-280570,-297466,-318014,-341767,-368300,-397242,-427163,-456067,-481265,-499079,-509808,-514638,-517351,-518276,,,,,,,,,,,,,,,,,,,,,,,,,,,,,,,,,,,,,,,,,,,,,,,,,,,,,,,,,,,,,,,,,,,,
RECAL 3 0 9999 9999 64 4 80,-2169,-340128,-328521,-317952,-308302,-299559,-291695,-284631,-278329,-272795,-268078,-264148,-260995,-258624,-257015,-256200,-256113,-256790,-258226,-260430,-263372,-267082,-271534,-276781,-282727,-289411,-296827,-305075,-314149,-324033,-334800,-346461,-358874,-372370,,,,,,,,,,,,,,,,,,,,,,,,,,,,,,,,,,,,,,,,,,,,,,,,,,,,,,,,,,,,,,,,,,,,
RECAL 3 1 9999 -2111 64 4 80,-2724,-514957,-511513,-505200,-488667,-460125,-424872,-390450,-359643,-332989,-310307,-291782,-276754,-265421,-257698,-253589,-253045,-256024,-262515,-272574,-286213,-303304,-323918,-347942,-375225,-405405,-436683,-465966,-489789,-504357,-511208,-516220,-517371,-518250,,,,,,,,,,,,,,,,,,,,,,,,,,,,,,,,,,,,,,,,,,,,,,,,,,,,,,,,,,,,,,,,,,,,
RECAL 3 0 9999 9999 64 4 80,-2158,-337769,-325893,-315038,-305133,-296121,-287991,-280693,-274282,-268706,-263968,-260046,-256958,-254684,-253182,-252478,-252539,-253393,-255012,-257407,-260581,-264499,-269142,-274529,-280692,-287619,-295277,-303787,-313098,-323149,-334157,-346044,-358799,-372565,,,,,,,,,,,,,,,,,,,,,,,,,,,,,,,,,,,,,,,,,,,,,,,,,,,,,,,,,,,,,,,,,,,,
RECAL 3 1 9999 -2100 64 4 80,-1264,-353182,-340714,-329056,-318261,-308269,-299037,-290679,-283120,-276402,-270527,-265492,-261273,-257876,-255349,-253568,-252593,-252420,-253033,-254420,-256580,-259519,-263173,-267566,-272707,-278575,-285156,-292438,-300402,-309078,-318322,-328338,-338997,-350263,,,,,,,,,,,,,,,,,,,,,,,,,,,,,,,,,,,,,,,,,,,,,,,,,,,,,,,,,,,,,,,,,,,,
RECAL 3 0 9999 9999 64 4 80,-2187,-343858,-331610,-320470,-310427,-301193,-292911,-285512,-278952,-273242,-268348,-264274,-260977,-258487,-256797,-255905,-255830,-256528,-258021,-260309,-263333,-267188,-271814,-277258,-283486,-290524,-298345,-307043,-316557,-326845,-338023,-350107,-363073,-377058,,,,,,,,,,,,,,,,,,,,,,,,,,,,,,,,,,,,,,,,,,,,,,,,,,,,,,,,,,,,,,,,,,,,
RECAL 3 1 9999 -2129 64 4 80,-2124,-483375,-462324,-437244,-411303,-386529,-363064,-341870,-322824,-306139,-291822,-279797,-270093,-262763,-257676,-254827,-254181,-255757,-259534,-265523,-273685,-283914,-296317,-310889,-327538,-346215,-366707,-388908,-412495,-436266,-458973,-479023,-494243,-504358,,,,,,,,,,,,,,,,,,,,,,,,,,,,,,,,,,,,,,,,,,,,,,,,,,,,,,,,,,,,,,,,,,,,
RECAL 3 0 9999 9999 64 4 80,-2229,-348513,-335494,-323587,-312816,-303053,-294280,-286534,-279688,-273693,-268581,-264307,-260859,-258218,-256426,-255437,-255234,-255815,-257209,-259370,-262341,-266075,-270608,-275976,-282172,-289232,-297069,-305807,-315448,-325956,-337392,-349673,-362994,-377486,,,,,,,,,,,,,,,,,,,,,,,,,,,,,,,,,,,,,,,,,,,,,,,,,,,,,,,,,,,,,,,,,,,,
RECAL 3 1 9999 -2170 64 4 80,1158,-362117,-350440,-339279,-328745,-318861,-309657,-301093,-293231,-286029,-279558,-273778,-268759,-264489,-260985,-258256,-256335,-255192,-254848,-255344,-256664,-258833,-261864,-265756,-270490,-276105,-282593,-289984,-298243,-307430,-317543,-328592,-340398,-353256,,,,,,,,,,,,,,,,,,,,,,,,,,,,,,,,,,,,,,,,,,,,,,,,,,,,,,,,,,,,,,,,,,,,
RECAL 3 0 9999 9999 64 4 80,-2170,-352388,-340406,-329470,-319501,-310432,-302248,-294890,-288339,-282519,-277510,-273266,-269812,-267128,-265214,-264057,-263635,-263976,-265047,-266870,-269447,-272763,-276844,-281644,-287188,-293414,-300395,-308160,-316723,-326081,-336267,-347322,-359089,-371935,,,,,,,,,,,,,,,,,,,,,,,,,,,,,,,,,,,,,,,,,,,,,,,,,,,,,,,,,,,,,,,,,,,,
RECAL 3 1 9999 -2110 64 4 80,2012,-504271,-493456,-477006,-455171,-431100,-407170,-384246,-363100,-343920,-326852,-311621,-298405,-287306,-278220,-271207,-266324,-263580,-263019,-264718,-268690,-275009,-283721,-294804,-308384,-324513,-342870,-364009,-387637,-413380,-440375,-466022,-487671,-501072,,,,,,,,,,,,,,,,,,,,,,,,,,,,,,,,,,,,,,,,,,,,,,,,,,,,,,,,,,,,,,,,,,,,
RECAL 3 0 9999 9999 64 4 80,-2191,-342201,-331649,-322035,-313314,-305557,-298477,-292203,-286705,-281905,-277872,-274523,-271896,-269987,-268762,-268263,-268476,-269423,-271066,-273432,-276516,-280295,-284835,-290115,-296124,-302945,-310499,-318871,-328010,-338019,-348766,-360284,-372767,-386198,,,,,,,,,,,,,,,,,,,,,,,,,,,,,,,,,,,,,,,,,,,,,,,,,,,,,,,,,,,,,,,,,,,,
RECAL 3 1 9999 -2134 64 4 80,2606,-518463,-518276,-517878,-514489,-509073,-499838,-479695,-449780,-417430,-386636,-359240,-335519,-315224,-298437,-285068,-274972,-268124,-264642,-264512,-267817,-274616,-284886,-298880,-316727,-338549,-364499,-395075,-429967,-467102,-496734,-510065,-514220,-516917,,,,,,,,,,,,,,,,,,,,,,,,,,,,,,,,,,,,,,,,,,,,,,,,,,,,,,,,,,,,,,,,,,,,
RECAL 3 0 9999 9999 64 4 80,2352,-364750,-351531,-339019,-327301,-316582,-306574,-297438,-289301,-281968,-275612,-270154,-265690,-262130,-259522,-257943,-257382,-257851,-259357,-261923,-265554,-270194,-275986,-282867,-290902,-300023,-310346,-321821,-334499,-348368,-363214,-379172,-396345,-414411,,,,,,,,,,,,,,,,,,,,,,,,,,,,,,,,,,,,,,,,,,,,,,,,,,,,,,,,,,,,,,,,,,,,
RECAL 3 1 9999 2412 64 4 80,-2792,-510520,-503726,-491673,-471006,-444904,-416288,-387305,-360163,-335649,-314086,-295685,-280849,-269173,-260936,-256191,-254979,-257314,-263246,-272769,-285702,-302152,-322113,-345525,-372109,-401541,-432650,-463317,-487819,-504927,-512733,-515913,-517580,-518630,,,,,,,,,,,,,,,,,,,,,,,,,,,,,,,,,,,,,,,,,,,,,,,,,,,,,,,,,,,,,,,,,,,,
RECAL 3 0 9999 9999 64 4 80,2319,-369989,-356078,-342822,-330343,-318751,-308086,-298363,-289571,-281629,-274615,-268527,-263373,-259191,-256018,-253797,-252552,-252306,-253085,-254861,-257678,-261567,-266572,-272687,-279921,-288302,-297760,-308442,-320292,-333272,-347277,-362633,-379176,-396877,,,,,,,,,,,,,,,,,,,,,,,,,,,,,,,,,,,,,,,,,,,,,,,,,,,,,,,,,,,,,,,,,,,,
RECAL 3 1 9999 2382 64 4 80,-2173,-468209,-447511,-425005,-402255,-380049,-359154,-339826,-322202,-306302,-292316,-280328,-270415,-262569,-256813,-253193,-251681,-252276,-255018,-259928,-267019,-276294,-287740,-301318,-317089,-334780,-354429,-375876,-399158,-423358,-447853,-470848,-489774,-502344,,,,,,,,,,,,,,,,,,,,,,,,,,,,,,,,,,,,,,,,,,,,,,,,,,,,,,,,,,,,,,,,,,,,
RECAL 3 0 9999 9999 64 4 80,2282,-372566,-358428,-345094,-332450,-320659,-309723,-299758,-290630,-282315,-274959,-268505,-263013,-258469,-254911,-252337,-250747,-250117,-250482,-251818,-254155,-257527,-261913,-267275,-273722,-281247,-289822,-299442,-310202,-322035,-335033,-349282,-364656,-381253,,,,,,,,,,,,,,,,,,,,,,,,,,,,,,,,,,,,,,,,,,,,,,,,,,,,,,,,,,,,,,,,,,,,
RECAL 3 1 9999 2347 64 4 80,-1271,-335220,-324554,-314615,-305348,-296788,-289016,-281909,-275426,-269710,-264713,-260444,-256912,-254115,-252031,-250693,-250052,-250127,-250895,-252366,-254549,-257446,-261031,-265298,-270204,-275777,-282022,-288917,-296432,-304640,-313468,-322769,-332820,-343480,,,,,,,,,,,,,,,,,,,,,,,,,,,,,,,,,,,,,,,,,,,,,,,,,,,,,,,,,,,,,,,,,,,,
RECAL 3 0 9999 9999 64 4 80,2255,-360888,-347621,-335114,-323369,-312457,-302226,-292850,-284339,-276714,-269969,-264116,-259199,-255196,-252171,-250058,-248875,-248658,-249408,-251127,-253847,-257581,-262264,-267935,-274620,-282328,-291060,-300824,-311704,-323649,-336535,-350712,-365839,-382179,,,,,,,,,,,,,,,,,,,,,,,,,,,,,,,,,,,,,,,,,,,,,,,,,,,,,,,,,,,,,,,,,,,,
RECAL 3 1 9999 2318 64 4 80,1224,-347343,-335976,-325222,-315147,-305688,-296910,-288902,-281612,-275022,-269129,-263953,-259485,-255776,-252835,-250674,-249242,-248608,-248750,-249693,-251476,-254060,-257487,-261765,-266991,-273117,-280144,-288092,-296882,-306665,-317338,-328739,-341222,-354552,,,,,,,,,,,,,,,,,,,,,,,,,,,,,,,,,,,,,,,,,,,,,,,,,,,,,,,,,,,,,,,,,,,,
RECAL 3 0 9999 9999 64 4 80,2304,-365645,-351841,-338862,-326769,-315554,-305209,-295796,-287321,-279698,-273088,-267392,-262565,-258660,-255681,-253618,-252494,-252303,-253059,-254780,-257463,-261128,-265793,-271437,-278120,-285846,-294695,-304666,-315758,-327987,-341425,-356012,-371834,-388715,,,,,,,,,,,,,,,,,,,,,,,,,,,,,,,,,,,,,,,,,,,,,,,,,,,,,,,,,,,,,,,,,,,,
RECAL 3 1 9999 2367 64 4 80,2089,-500490,-488848,-469041,-445543,-420282,-395692,-372898,-351703,-332386,-315118,-299834,-286664,-275531,-266482,-259596,-254841,-252233,-251762,-253477,-257382,-263528,-271948,-282489,-295375,-310597,-327985,-347605,-369155,-392485,-416957,-441596,-464990,-485075,,,,,,,,,,,,,,,,,,,,,,,,,,,,,,,,,,,,,,,,,,,,,,,,,,,,,,,,,,,,,,,,,,,,
RECAL 3 0 9999 9999 64 4 80,2280,-365524,-352270,-339837,-328327,-317677,-307919,-299105,-291086,-283874,-277486,-271946,-267275,-263426,-260444,-258349,-257137,-256768,-257258,-258612,-260848,-263977,-267994,-272846,-278667,-285391,-293038,-301628,-311207,-321775,-333358,-346076,-360088,-375286,,,,,,,,,,,,,,,,,,,,,,,,,,,,,,,,,,,,,,,,,,,,,,,,,,,,,,,,,,,,,,,,,,,,
RECAL 3 1 9999 2344 64 4 80,2696,-517791,-516298,-515062,-512620,-506214,-492432,-466342,-433254,-400508,-370391,-343919,-320906,-301285,-285104,-272370,-262840,-256683,-253951,-254705,-258992,-266908,-278460,-293654,-312232,-334301,-359732,-388125,-418671,-449122,-477300,-497268,-508634,-513895,,,,,,,,,,,,,,,,,,,,,,,,,,,,,,,,,,,,,,,,,,,,,,,,,,,,,,,,,,,,,,,,,,,,
RECAL 3 0 9999 9999 64 4 80,778,-268934,-267874,-266873,-265953,-265084,-264308,-263588,-262966,-262428,-261958,-261583,-261277,-261048,-260924,-260879,-260914,-261053,-261261,-261584,-261993,-262515,-263118,-263853,-264680,-265620,-266684,-267827,-269100,-270485,-272013,-273607,-275381,-277253,,,,,,,,,,,,,,,,,,,,,,,,,,,,,,,,,,,,,,,,,,,,,,,,,,,,,,,,,,,,,,,,,,,,
RECAL 3 1 9999 834 64 4 80,2674,-517612,-517993,-516221,-514048,-508743,-495518,-469914,-437074,-404509,-374749,-348674,-325933,-306420,-290117,-277047,-267269,-260848,-257775,-258156,-261983,-269222,-280059,-294455,-312415,-333832,-358560,-386219,-416209,-446512,-474309,-495668,-507962,-513599,,,,,,,,,,,,,,,,,,,,,,,,,,,,,,,,,,,,,,,,,,,,,,,,,,,,,,,,,,,,,,,,,,,,
RECAL 3 0 9999 9999 64 4 80,823,-267532,-266123,-264787,-263548,-262411,-261366,-260416,-259566,-258809,-258168,-257620,-257203,-256884,-256670,-256587,-256624,-256782,-257073,-257474,-258005,-258688,-259482,-260422,-261508,-262729,-264112,-265621,-267255,-269034,-270962,-273046,-275294,-277687,,,,,,,,,,,,,,,,,,,,,,,,,,,,,,,,,,,,,,,,,,,,,,,,,,,,,,,,,,,,,,,,,,,,
RECAL 3 1 9999 880 64 4 80,2061,-505343,-493878,-475689,-452467,-427702,-403362,-380080,-358898,-339647,-322306,-306939,-293530,-282120,-272790,-265346,-259932,-256603,-255355,-256262,-259343,-264636,-272086,-281675,-293434,-307414,-323535,-341778,-361903,-383860,-406961,-430911,-454542,-476195,,,,,,,,,,,,,,,,,,,,,,,,,,,,,,,,,,,,,,,,,,,,,,,,,,,,,,,,,,,,,,,,,,,,
RECAL 3 0 9999 9999 64 4 80,669,-262220,-261312,-260479,-259704,-258988,-258342,-257761,-257261,-256817,-256447,-256158,-255932,-255787,-255713,-255729,-255816,-256003,-256251,-256607,-257043,-257569,-258190,-258912,-259730,-260649,-261657,-262767,-264004,-265342,-266767,-268333,-269998,-271785,,,,,,,,,,,,,,,,,,,,,,,,,,,,,,,,,,,,,,,,,,,,,,,,,,,,,,,,,,,,,,,,,,,,
RECAL 3 1 9999 722 64 4 80,1179,-349536,-339074,-329057,-319647,-310836,-302609,-295033,-288115,-281790,-276125,-271181,-266860,-263217,-260265,-258019,-256501,-255725,-255682,-256391,-257847,-260069,-263071,-266861,-271437,-276817,-283026,-289948,-297743,-306430,-315956,-326304,-337500,-349516,,,,,,,,,,,,,,,,,,,,,,,,,,,,,,,,,,,,,,,,,,,,,,,,,,,,,,,,,,,,,,,,,,,,
RECAL 3 0 9999 9999 64 4 80,758,-266515,-265216,-264028,-262938,-261927,-260994,-260160,-259426,-258773,-258241,-257811,-257471,-257244,-257117,-257113,-257204,-257391,-257695,-258137,-258674,-259342,-260119,-261025,-262057,-263217,-264506,-265923,-267476,-269200,-271058,-273048,-275228,-277521,,,,,,,,,,,,,,,,,,,,,,,,,,,,,,,,,,,,,,,,,,,,,,,,,,,,,,,,,,,,,,,,,,,,
RECAL 3 1 9999 813 64 4 80,-1318,-343169,-332030,-321723,-312232,-303480,-295467,-288240,-281725,-275964,-270978,-266769,-263270,-260543,-258546,-257313,-256826,-257083,-258095,-259848,-262378,-265672,-269713,-274504,-280053,-286351,-293375,-301006,-309508,-318728,-328664,-339321,-350621,-362529,,,,,,,,,,,,,,,,,,,,,,,,,,,,,,,,,,,,,,,,,,,,,,,,,,,,,,,,,,,,,,,,,,,,
RECAL 3 0 9999 9999 64 4 80,864,-269480,-267867,-266393,-265026,-263777,-262641,-261645,-260769,-260038,-259412,-258922,-258563,-258348,-258277,-258333,-258558,-258920,-259418,-260071,-260863,-261832,-262940,-264210,-265645,-267218,-268986,-270917,-273002,-275289,-277748,-280378,-283193,-286214,,,,,,,,,,,,,,,,,,,,,,,,,,,,,,,,,,,,,,,,,,,,,,,,,,,,,,,,,,,,,,,,,,,,
RECAL 3 1 9999 916 64 4 80,-2201,-479162,-459385,-436664,-413440,-390619,-369039,-349218,-331409,-315231,-300955,-288745,-278478,-270266,-264111,-260035,-258058,-258251,-260604,-265170,-271964,-280992,-292284,-305855,-321540,-339733,-360128,-382692,-407188,-432591,-457860,-480248,-497104,-506919,,,,,,,,,,,,,,,,,,,,,,,,,,,,,,,,,,,,,,,,,,,,,,,,,,,,,,,,,,,,,,,,,,,,
RECAL 3 0 9999 9999 64 4 80,960,-277292,-275336,-273561,-271878,-270361,-268975,-267743,-266638,-265699,-264888,-264249,-263755,-263431,-263282,-263296,-263496,-263855,-264399,-265145,-266057,-267153,-268444,-269944,-271635,-273536,-275616,-277885,-280357,-283054,-285970,-289096,-292444,-295921,,,,,,,,,,,,,,,,,,,,,,,,,,,,,,,,,,,,,,,,,,,,,,,,,,,,,,,,,,,,,,,,,,,,
RECAL 3 1 9999 1014 64 4 80,-2811,-509993,-503541,-490110,-469542,-442854,-413925,-385402,-358970,-335098,-314328,-296739,-282533,-271667,-264283,-260366,-259996,-263176,-270005,-280533,-294771,-312762,-334545,-359992,-388850,-420108,-451959,-480692,-500244,-510550,-515564,-518450,-518755,-517995,,,,,,,,,,,,,,,,,,,,,,,,,,,,,,,,,,,,,,,,,,,,,,,,,,,,,,,,,,,,,,,,,,,,
RECAL 3 0 9999 9999 64 4 80,-2047,-321594,-313052,-305136,-297875,-291326,-285384,-280091,-275458,-271475,-268097,-265405,-263390,-262033,-261368,-261380,-262069,-263400,-265447,-268151,-271549,-275628,-280360,-285814,-291926,-298670,-306040,-314085,-322810,-332242,-342368,-353214,-364716,-376944,,,,,,,,,,,,,,,,,,,,,,,,,,,,,,,,,,,,,,,,,,,,,,,,,,,,,,,,,,,,,,,,,,,,
RECAL 3 1 9999 -1993 64 4 80,-2793,-512178,-506508,-496529,-477861,-451123,-421252,-391746,-364453,-340196,-318972,-300876,-286198,-274477,-266077,-261006,-259390,-261249,-266652,-275690,-288281,-304456,-324379,-348072,-375313,-406083,-438733,-470151,-494255,-507839,-513487,-516147,-517488,-518452,,,,,,,,,,,,,,,,,,,,,,,,,,,,,,,,,,,,,,,,,,,,,,,,,,,,,,,,,,,,,,,,,,,,
RECAL 3 0 9999 9999 64 4 80,-2081,-318064,-309230,-301131,-293709,-286959,-280857,-275436,-270669,-266575,-263189,-260398,-258298,-256856,-256068,-255955,-256506,-257720,-259637,-262243,-265530,-269487,-274140,-279475,-285476,-292128,-299395,-307449,-316224,-325669,-335837,-346767,-358364,-370789,,,,,,,,,,,,,,,,,,,,,,,,,,,,,,,,,,,,,,,,,,,,,,,,,,,,,,,,,,,,,,,,,,,,
RECAL 3 1 9999 -2026 64 4 80,-2175,-470275,-448070,-424341,-400682,-378233,-357724,-339018,-322096,-307068,-293757,-282379,-272969,-265503,-260049,-256602,-255233,-255922,-258728,-263684,-270822,-280177,-291717,-305530,-321601,-339889,-360098,-382452,-406535,-431753,-456781,-479502,-496339,-506316,,,,,,,,,,,,,,,,,,,,,,,,,,,,,,,,,,,,,,,,,,,,,,,,,,,,,,,,,,,,,,,,,,,,
RECAL 3 0 9999 9999 64 4 80,-2121,-324416,-315043,-306345,-298467,-291212,-284643,-278769,-273571,-269068,-265282,-262170,-259780,-258089,-257064,-256726,-257067,-258078,-259769,-262123,-265125,-268821,-273198,-278237,-283965,-290348,-297391,-305138,-313658,-322912,-332884,-343616,-355055,-367226,,,,,,,,,,,,,,,,,,,,,,,,,,,,,,,,,,,,,,,,,,,,,,,,,,,,,,,,,,,,,,,,,,,,
RECAL 3 1 9999 -2065 64 4 80,-1279,-341671,-331200,-321449,-312411,-304019,-296332,-289385,-283066,-277424,-272396,-268073,-264460,-261510,-259279,-257719,-256872,-256718,-257243,-258470,-260390,-263005,-266314,-270287,-274987,-280332,-286294,-292888,-300138,-308088,-316681,-325887,-335728,-345969,,,,,,,,,,,,,,,,,,,,,,,,,,,,,,,,,,,,,,,,,,,,,,,,,,,,,,,,,,,,,,,,,,,,
RECAL 3 0 9999 9999 64 4 80,-2152,-322720,-313610,-305171,-297379,-290311,-283917,-278228,-273231,-268923,-265347,-262422,-260225,-258689,-257853,-257712,-258271,-259530,-261476,-264152,-267436,-271395,-276042,-281354,-287346,-293968,-301277,-309290,-317882,-327256,-337343,-348194,-359722,-372095,,,,,,,,,,,,,,,,,,,,,,,,,,,,,,,,,,,,,,,,,,,,,,,,,,,,,,,,,,,,,,,,,,,,
RECAL 3 1 9999 -2097 64 4 80,1213,-354203,-343467,-333234,-323620,-314648,-306239,-298479,-291400,-284906,-279119,-274006,-269563,-265784,-262697,-260294,-258619,-257662,-257440,-257985,-259269,-261359,-264226,-267907,-272385,-277704,-283857,-290955,-298859,-307698,-317386,-327907,-339337,-351560,,,,,,,,,,,,,,,,,,,,,,,,,,,,,,,,,,,,,,,,,,,,,,,,,,,,,,,,,,,,,,,,,,,,
RECAL 3 0 9999 9999 64 4 80,-2099,-328420,-319585,-311476,-304027,-297241,-291179,-285805,-281035,-276893,-273358,-270470,-268205,-266553,-265534,-265104,-265300,-266111,-267528,-269568,-272221,-275486,-279392,-283952,-289143,-294918,-301372,-308427,-316129,-324445,-333329,-343024,-353407,-364411,,,,,,,,,,,,,,,,,,,,,,,,,,,,,,,,,,,,,,,,,,,,,,,,,,,,,,,,,,,,,,,,,,,,
RECAL 3 1 9999 -2042 64 4 80,2084,-507134,-495323,-474908,-450677,-425370,-401246,-378861,-358898,-340689,-324426,-310116,-297716,-287266,-278705,-272123,-267564,-265049,-264549,-266124,-269781,-275562,-283490,-293527,-305574,-319865,-336207,-354555,-374729,-396645,-419905,-443767,-467133,-487132,,,,,,,,,,,,,,,,,,,,,,,,,,,,,,,,,,,,,,,,,,,,,,,,,,,,,,,,,,,,,,,,,,,,
RECAL 3 0 9999 9999 64 4 80,-2125,-325575,-317210,-309527,-302531,-296269,-290610,-285541,-281107,-277318,-274139,-271606,-269680,-268390,-267688,-267620,-268132,-269251,-270946,-273267,-276157,-279593,-283662,-288352,-293582,-299416,-305890,-312958,-320613,-329005,-338072,-347812,-358205,-369282,,,,,,,,,,,,,,,,,,,,,,,,,,,,,,,,,,,,,,,,,,,,,,,,,,,,,,,,,,,,,,,,,,,,
RECAL 3 1 9999 -2070 64 4 80,2689,-518884,-518768,-516390,-515415,-509528,-494560,-467301,-434304,-402628,-373871,-348843,-327165,-308856,-293765,-281821,-273028,-267499,-265122,-266018,-270266,-277894,-288915,-303302,-321068,-341926,-365639,-392224,-421418,-451574,-480805,-500365,-511202,-515486,,,,,,,,,,,,,,,,,,,,,,,,,,,,,,,,,,,,,,,,,,,,,,,,,,,,,,,,,,,,,,,,,,,,
RECAL 3 0 9999 9999 64 4 80,2168,-367291,-353554,-340857,-328948,-317953,-307843,-298574,-290212,-282642,-275905,-270001,-264920,-260618,-257142,-254440,-252552,-251462,-251182,-251697,-253041,-255229,-258272,-262185,-266992,-272681,-279312,-286892,-295453,-305059,-315749,-327447,-340372,-354410,,,,,,,,,,,,,,,,,,,,,,,,,,,,,,,,,,,,,,,,,,,,,,,,,,,,,,,,,,,,,,,,,,,,
RECAL 3 1 9999 2235 64 4 80,-2779,-514154,-507803,-497677,-479325,-454243,-425162,-394473,-365453,-338702,-315155,-295121,-278718,-265944,-256805,-251348,-249497,-251165,-256333,-265021,-277171,-292748,-311617,-333622,-358037,-384948,-413314,-441391,-467670,-489548,-504374,-511882,-516702,-517702,,,,,,,,,,,,,,,,,,,,,,,,,,,,,,,,,,,,,,,,,,,,,,,,,,,,,,,,,,,,,,,,,,,,
RECAL 3 0 9999 9999 64 4 80,2079,-346652,-334583,-323371,-313000,-303422,-294640,-286660,-279414,-272936,-267310,-262327,-258083,-254606,-251875,-249904,-248691,-248253,-248596,-249737,-251692,-254470,-258090,-262578,-267933,-274146,-281142,-289180,-298098,-308073,-319004,-330945,-343933,-357929,,,,,,,,,,,,,,,,,,,,,,,,,,,,,,,,,,,,,,,,,,,,,,,,,,,,,,,,,,,,,,,,,,,,
RECAL 3 1 9999 2143 64 4 80,-2169,-471858,-452203,-431104,-408991,-386885,-365418,-345303,-326514,-309456,-294331,-281276,-270310,-261509,-254916,-250515,-248315,-248271,-250420,-254734,-261249,-269934,-280715,-293529,-308204,-324733,-342992,-362647,-383510,-405280,-426979,-448128,-468182,-485263,,,,,,,,,,,,,,,,,,,,,,,,,,,,,,,,,,,,,,,,,,,,,,,,,,,,,,,,,,,,,,,,,,,,
RECAL 3 0 9999 9999 64 4 80,2159,-364992,-351159,-338212,-326198,-315149,-305123,-295787,-287356,-279699,-272888,-266938,-261808,-257512,-254083,-251489,-249733,-248810,-248743,-249534,-251194,-253730,-257104,-261467,-266755,-272984,-280189,-288409,-297557,-307841,-319251,-331717,-345389,-360137,,,,,,,,,,,,,,,,,,,,,,,,,,,,,,,,,,,,,,,,,,,,,,,,,,,,,,,,,,,,,,,,,,,,
RECAL 3 1 9999 2225 64 4 80,-1279,-334483,-323917,-313988,-304686,-296069,-288189,-280966,-274471,-268702,-263612,-259241,-255619,-252758,-250627,-249244,-248591,-248670,-249468,-250998,-253259,-256223,-259908,-264309,-269390,-275134,-281487,-288519,-296117,-304407,-313287,-322733,-332738,-343101,,,,,,,,,,,,,,,,,,,,,,,,,,,,,,,,,,,,,,,,,,,,,,,,,,,,,,,,,,,,,,,,,,,,
RECAL 3 0 9999 9999 64 4 80,2152,-370734,-356757,-343700,-331489,-320240,-309885,-300521,-291953,-284172,-277202,-271041,-265728,-261222,-257546,-254713,-252718,-251549,-251205,-251708,-253080,-255294,-258402,-262347,-267226,-273043,-279837,-287593,-296265,-306004,-316790,-328657,-341702,-355828,,,,,,,,,,,,,,,,,,,,,,,,,,,,,,,,,,,,,,,,,,,,,,,,,,,,,,,,,,,,,,,,,,,,
RECAL 3 1 9999 2220 64 4 80,1212,-354531,-343801,-333359,-323364,-313912,-304990,-296675,-289036,-282009,-275658,-270026,-265063,-260811,-257271,-254470,-252452,-251184,-250692,-250993,-252097,-254005,-256740,-260332,-264785,-270086,-276241,-283350,-291338,-300209,-310030,-320723,-332281,-344645,,,,,,,,,,,,,,,,,,,,,,,,,,,,,,,,,,,,,,,,,,,,,,,,,,,,,,,,,,,,,,,,,,,,
RECAL 3 0 9999 9999 64 4 80,2121,-367048,-354085,-341958,-330707,-320319,-310764,-301975,-294012,-286838,-280419,-274800,-269941,-265878,-262592,-260129,-258395,-257463,-257314,-257979,-259452,-261744,-264904,-268887,-273714,-279415,-286006,-293491,-301899,-311295,-321662,-332895,-345259,-358711,,,,,,,,,,,,,,,,,,,,,,,,,,,,,,,,,,,,,,,,,,,,,,,,,,,,,,,,,,,,,,,,,,,,
RECAL 3 1 9999 2188 64 4 80,2078,-492906,-477793,-459554,-439698,-418779,-397747,-377217,-357711,-339492,-322940,-307793,-294428,-282957,-273432,-265937,-260518,-257230,-256108,-257181,-260501,-266122,-274116,-284540,-297379,-312770,-330427,-350732,-373213,-397724,-423070,-447697,-470118,-487743,,,,,,,,,,,,,,,,,,,,,,,,,,,,,,,,,,,,,,,,,,,,,,,,,,,,,,,,,,,,,,,,,,,,
RECAL 3 0 9999 9999 64 4 80,2136,-361634,-349745,-338637,-328329,-318887,-310237,-302384,-295339,-289062,-283564,-278881,-274875,-271612,-269118,-267359,-266369,-266125,-266653,-267952,-270033,-272871,-276533,-280989,-286260,-292384,-299309,-307016,-315702,-325342,-335962,-347578,-360203,-373997,,,,,,,,,,,,,,,,,,,,,,,,,,,,,,,,,,,,,,,,,,,,,,,,,,,,,,,,,,,,,,,,,,,,
RECAL 3 1 9999 2199 64 4 80,2682,-517556,-516699,-514138,-507849,-496500,-479007,-454924,-427947,-400592,-374241,-350126,-328459,-309729,-293994,-281417,-272037,-266005,-263357,-264175,-268585,-276747,-288852,-304988,-325410,-350349,-379838,-413632,-449479,-481948,-500854,-508626,-513055,-516085,,,,,,,,,,,,,,,,,,,,,,,,,,,,,,,,,,,,,,,,,,,,,,,,,,,,,,,,,,,,,,,,,,,,
RECAL 3 0 9999 9999 64 4 80,-265,-265310,-265266,-265233,-265206,-265192,-265163,-265166,-265170,-265175,-265183,-265202,-265217,-265229,-265265,-265303,-265359,-265390,-265446,-265489,-265534,-265591,-265642,-265701,-265757,-265816,-265891,-265949,-266020,-266085,-266153,-266218,-266287,-266345,,,,,,,,,,,,,,,,,,,,,,,,,,,,,,,,,,,,,,,,,,,,,,,,,,,,,,,,,,,,,,,,,,,,
RECAL 3 1 9999 -239 64 4 80,2643,-518003,-517091,-512694,-507384,-497994,-480707,-457198,-429670,-402064,-375385,-351041,-329241,-310522,-294455,-281510,-271696,-265097,-261812,-261917,-265489,-272671,-283633,-298482,-317468,-340756,-368445,-400661,-435826,-469201,-493819,-505986,-511709,-514843,,,,,,,,,,,,,,,,,,,,,,,,,,,,,,,,,,,,,,,,,,,,,,,,,,,,,,,,,,,,,,,,,,,,
RECAL 3 0 9999 9999 64 4 80,-375,-256221,-255993,-255774,-255575,-255409,-255251,-255109,-254981,-254869,-254771,-254689,-254638,-254572,-254521,-254502,-254485,-254483,-254499,-254509,-254545,-254587,-254647,-254694,-254763,-254832,-254919,-255020,-255110,-255223,-255328,-255445,-255572,-255697,,,,,,,,,,,,,,,,,,,,,,,,,,,,,,,,,,,,,,,,,,,,,,,,,,,,,,,,,,,,,,,,,,,,
RECAL 3 1 9999 -312 64 4 80,2029,-490081,-474501,-455595,-435240,-414358,-393634,-373376,-354255,-336340,-319889,-305068,-292017,-280737,-271282,-263694,-258080,-254508,-253023,-253670,-256502,-261560,-268778,-278371,-290343,-304661,-321389,-340369,-361487,-384485,-408857,-433050,-455967,-476587,,,,,,,,,,,,,,,,,,,,,,,,,,,,,,,,,,,,,,,,,,,,,,,,,,,,,,,,,,,,,,,,,,,,
RECAL 3 0 9999 9999 64 4 80,183,-253249,-253155,-253068,-252985,-252889,-252820,-252734,-252645,-252576,-252518,-252444,-252390,-252337,-252295,-252244,-252219,-252180,-252163,-252148,-252159,-252155,-252170,-252193,-252228,-252278,-252324,-252404,-252486,-252579,-252670,-252795,-252924,-253065,,,,,,,,,,,,,,,,,,,,,,,,,,,,,,,,,,,,,,,,,,,,,,,,,,,,,,,,,,,,,,,,,,,,
RECAL 3 1 9999 258 64 4 80,1131,-345028,-335314,-326008,-317181,-308819,-300938,-293693,-286879,-280582,-274846,-269711,-265207,-261298,-258040,-255406,-253456,-252170,-251580,-251702,-252539,-254118,-256449,-259502,-263350,-268004,-273432,-279688,-286715,-294511,-303123,-312471,-322600,-333472,,,,,,,,,,,,,,,,,,,,,,,,,,,,,,,,,,,,,,,,,,,,,,,,,,,,,,,,,,,,,,,,,,,,
RECAL 3 0 9999 9999 64 4 80,281,-249007,-248888,-248783,-248690,-248597,-248513,-248442,-248375,-248338,-248308,-248291,-248295,-248290,-248306,-248341,-248400,-248467,-248555,-248645,-248769,-248902,-249064,-249242,-249442,-249665,-249907,-250158,-250448,-250759,-251094,-251462,-251842,-252262,,,,,,,,,,,,,,,,,,,,,,,,,,,,,,,,,,,,,,,,,,,,,,,,,,,,,,,,,,,,,,,,,,,,
RECAL 3 1 9999 325 64 4 80,-1360,-353080,-340668,-328902,-317814,-307514,-298077,-289369,-281433,-274338,-268072,-262686,-258145,-254471,-251692,-249729,-248585,-248280,-248794,-250131,-252294,-255288,-259016,-263619,-269011,-275185,-282124,-289810,-298208,-307330,-317239,-327821,-339102,-350900,,,,,,,,,,,,,,,,,,,,,,,,,,,,,,,,,,,,,,,,,,,,,,,,,,,,,,,,,,,,,,,,,,,,
RECAL 3 0 9999 9999 64 4 80,-623,-258406,-257633,-256911,-256251,-255648,-255103,-254596,-254146,-253747,-253404,-253103,-252851,-252649,-252492,-252371,-252306,-252272,-252288,-252342,-252432,-252564,-252721,-252931,-253164,-253454,-253759,-254100,-254474,-254870,-255303,-255770,-256258,-256775,,,,,,,,,,,,,,,,,,,,,,,,,,,,,,,,,,,,,,,,,,,,,,,,,,,,,,,,,,,,,,,,,,,,
RECAL 3 1 9999 -558 64 4 80,-2215,-484046,-465633,-444470,-421807,-398912,-376229,-355008,-335282,-317375,-301526,-288004,-276453,-267124,-260013,-255182,-252595,-252249,-254140,-258264,-264701,-273403,-284414,-297606,-312992,-330505,-349938,-370721,-393333,-416560,-439730,-461537,-481219,-495874,,,,,,,,,,,,,,,,,,,,,,,,,,,,,,,,,,,,,,,,,,,,,,,,,,,,,,,,,,,,,,,,,,,,
RECAL 3 0 9999 9999 64 4 80,318,-256953,-256711,-256480,-256266,-256071,-255885,-255702,-255522,-255376,-255225,-255098,-254975,-254874,-254775,-254696,-254633,-254595,-254561,-254540,-254543,-254572,-254608,-254664,-254753,-254839,-254963,-255101,-255254,-255448,-255641,-255870,-256149,-256414,,,,,,,,,,,,,,,,,,,,,,,,,,,,,,,,,,,,,,,,,,,,,,,,,,,,,,,,,,,,,,,,,,,,
RECAL 3 1 9999 391 64 4 80,-2813,-514459,-509393,-499492,-483263,-458996,-429089,-398138,-368441,-341583,-317855,-297666,-281174,-268377,-259334,-253998,-252411,-254466,-260242,-269727,-282864,-299548,-319770,-343152,-369174,-397363,-426317,-454229,-479007,-497450,-508303,-513950,-516321,-517580,,,,,,,,,,,,,,,,,,,,,,,,,,,,,,,,,,,,,,,,,,,,,,,,,,,,,,,,,,,,,,,,,,,,
RECAL 3 0 9999 9999 64 4 80,-2239,-348932,-336711,-325482,-315247,-305913,-297482,-289952,-283240,-277359,-272307,-268061,-264587,-261890,-259957,-258791,-258425,-258793,-259929,-261843,-264513,-267939,-272126,-277118,-282855,-289398,-296727,-304919,-313924,-323772,-334455,-346064,-358470,-371687,,,,,,,,,,,,,,,,,,,,,,,,,,,,,,,,,,,,,,,,,,,,,,,,,,,,,,,,,,,,,,,,,,,,
RECAL 3 1 9999 -2179 64 4 80,-2781,-514975,-509870,-501092,-484695,-460024,-429463,-398015,-368391,-342313,-319243,-299736,-283916,-271601,-262923,-257811,-256313,-258370,-263938,-273028,-285699,-301822,-321536,-344621,-370851,-399509,-429954,-458912,-483851,-499913,-509561,-514184,-516789,-517708,,,,,,,,,,,,,,,,,,,,,,,,,,,,,,,,,,,,,,,,,,,,,,,,,,,,,,,,,,,,,,,,,,,,
RECAL 3 0 9999 9999 64 4 80,-2322,-348166,-335141,-323217,-312380,-302579,-293885,-286034,-279081,-273014,-267855,-263572,-260144,-257570,-255867,-255022,-255023,-255891,-257624,-260209,-263678,-267975,-273073,-279127,-286047,-293842,-302523,-312135,-322680,-334127,-346482,-359691,-373894,-389083,,,,,,,,,,,,,,,,,,,,,,,,,,,,,,,,,,,,,,,,,,,,,,,,,,,,,,,,,,,,,,,,,,,,
RECAL 3 1 9999 -2264 64 4 80,-2176,-485219,-467296,-445826,-422913,-399544,-376929,-355861,-336524,-319133,-303629,-290221,-278878,-269703,-262702,-257903,-255297,-254893,-256657,-260651,-266869,-275317,-285963,-298742,-313765,-330818,-349690,-370349,-392570,-415790,-439054,-460900,-479920,-494572,,,,,,,,,,,,,,,,,,,,,,,,,,,,,,,,,,,,,,,,,,,,,,,,,,,,,,,,,,,,,,,,,,,,
RECAL 3 0 9999 9999 64 4 80,-2244,-351342,-338515,-326857,-316107,-306299,-297428,-289522,-282457,-276277,-270932,-266487,-262842,-260026,-258000,-256801,-256402,-256805,-257999,-259975,-262753,-266357,-270735,-275912,-281893,-288683,-296234,-304723,-314036,-324211,-335237,-347090,-359830,-373397,,,,,,,,,,,,,,,,,,,,,,,,,,,,,,,,,,,,,,,,,,,,,,,,,,,,,,,,,,,,,,,,,,,,
RECAL 3 1 9999 -2184 64 4 80,-1296,-356882,-345131,-334073,-323694,-314027,-305205,-297001,-289613,-282934,-277003,-271813,-267383,-263715,-260758,-258555,-257092,-256386,-256430,-257225,-258768,-261067,-264053,-267803,-272289,-277518,-283450,-290116,-297410,-305439,-314075,-323346,-333276,-343836,,,,,,,,,,,,,,,,,,,,,,,,,,,,,,,,,,,,,,,,,,,,,,,,,,,,,,,,,,,,,,,,,,,,
RECAL 3 0 9999 9999 64 4 80,-2251,-357526,-344375,-332322,-321439,-311366,-302254,-294058,-286776,-280324,-274734,-269976,-266073,-262996,-260738,-259266,-258606,-258747,-259683,-261417,-263891,-267210,-271302,-276203,-281889,-288400,-295663,-303786,-312724,-322564,-333279,-344852,-357294,-370610,,,,,,,,,,,,,,,,,,,,,,,,,,,,,,,,,,,,,,,,,,,,,,,,,,,,,,,,,,,,,,,,,,,,
RECAL 3 1 9999 -2190 64 4 80,1195,-361998,-351009,-340448,-330395,-320927,-312080,-303926,-296277,-289313,-282993,-277335,-272399,-268170,-264653,-261869,-259835,-258535,-257992,-258223,-259243,-261059,-263690,-267097,-271375,-276517,-282535,-289431,-297162,-305834,-315397,-325919,-337397,-349836,,,,,,,,,,,,,,,,,,,,,,,,,,,,,,,,,,,,,,,,,,,,,,,,,,,,,,,,,,,,,,,,,,,,
RECAL 3 0 9999 9999 64 4 80,-2282,-363512,-350717,-338908,-328088,-318255,-309383,-301430,-294383,-288239,-282919,-278449,-274844,-272001,-269983,-268779,-268385,-268804,-270042,-272081,-274948,-278593,-283034,-288294,-294334,-301217,-308936,-317525,-326781,-337042,-348208,-360204,-373192,-387079,,,,,,,,,,,,,,,,,,,,,,,,,,,,,,,,,,,,,,,,,,,,,,,,,,,,,,,,,,,,,,,,,,,,
RECAL 3 1 9999 -2222 64 4 80,2066,-502894,-492174,-476707,-457894,-436693,-414638,-393042,-372477,-353527,-336119,-320569,-306885,-295285,-285533,-277720,-271951,-268311,-266814,-267470,-270353,-275479,-282910,-292647,-304869,-319579,-336861,-356649,-378941,-403114,-428966,-454688,-478016,-494279,,,,,,,,,,,,,,,,,,,,,,,,,,,,,,,,,,,,,,,,,,,,,,,,,,,,,,,,,,,,,,,,,,,,
RECAL 3 0 9999 9999 64 4 80,-2275,-364643,-352433,-341155,-330891,-321554,-313127,-305590,-298873,-293046,-288068,-283789,-280295,-277579,-275627,-274441,-274044,-274399,-275531,-277394,-280021,-283404,-287576,-292452,-298117,-304596,-311740,-319779,-328638,-338345,-348952,-360359,-372783,-386188,,,,,,,,,,,,,,,,,,,,,,,,,,,,,,,,,,,,,,,,,,,,,,,,,,,,,,,,,,,,,,,,,,,,
RECAL 3 1 9999 -2215 64 4 80,2671,-517916,-516748,-514810,-510102,-500878,-485869,-462660,-434627,-406321,-379361,-355198,-333963,-315811,-300552,-288524,-279606,-273925,-271580,-272673,-277311,-285603,-297466,-313477,-333685,-358277,-387576,-421318,-457381,-489221,-505990,-511800,-514482,-516554,,,,,,,,,,,,,,,,,,,,,,,,,,,,,,,,,,,,,,,,,,,,,,,,,,,,,,,,,,,,,,,,,,,,
RECAL 3 0 9999 9999 64 4 80,2088,-351002,-338597,-327064,-316454,-306653,-297660,-289623,-282187,-275531,-269624,-264490,-260080,-256436,-253528,-251376,-249959,-249324,-249444,-250344,-252054,-254540,-257837,-261890,-266819,-272567,-279192,-286671,-294974,-304221,-314388,-325500,-337401,-350314,,,,,,,,,,,,,,,,,,,,,,,,,,,,,,,,,,,,,,,,,,,,,,,,,,,,,,,,,,,,,,,,,,,,
RECAL 3 1 9999 2153 64 4 80,-2806,-513372,-507215,-496746,-477688,-449104,-416227,-383369,-353217,-326591,-303786,-284851,-269663,-258203,-250484,-246491,-246071,-249290,-256118,-266546,-280488,-297819,-318487,-341954,-367718,-395530,-424051,-452083,-477523,-497363,-508890,-515066,-517498,-518963,,,,,,,,,,,,,,,,,,,,,,,,,,,,,,,,,,,,,,,,,,,,,,,,,,,,,,,,,,,,,,,,,,,,
RECAL 3 0 9999 9999 64 4 80,2061,-347213,-334367,-322409,-311377,-301199,-291939,-283558,-275960,-269126,-263062,-257771,-253233,-249464,-246488,-244235,-242740,-242021,-242074,-242897,-244506,-246899,-250108,-254162,-259059,-264825,-271431,-278911,-287256,-296443,-306452,-317484,-329421,-342364,,,,,,,,,,,,,,,,,,,,,,,,,,,,,,,,,,,,,,,,,,,,,,,,,,,,,,,,,,,,,,,,,,,,
RECAL 3 1 9999 2127 64 4 80,-2199,-470250,-449512,-426672,-402918,-379256,-356859,-336234,-317185,-300133,-285238,-272443,-261851,-253464,-247305,-243325,-241532,-241986,-244660,-249564,-256663,-265977,-277422,-290793,-306293,-323736,-342880,-363385,-385116,-407577,-430147,-452083,-472278,-489804,,,,,,,,,,,,,,,,,,,,,,,,,,,,,,,,,,,,,,,,,,,,,,,,,,,,,,,,,,,,,,,,,,,,
RECAL 3 0 9999 9999 64 4 80,2033,-345100,-332415,-320665,-309759,-299789,-290573,-282114,-274431,-267541,-261422,-256085,-251547,-247768,-244790,-242553,-241068,-240340,-240360,-241144,-242702,-245000,-248100,-251988,-256662,-262145,-268436,-275558,-283485,-292281,-302016,-312635,-324114,-336468,,,,,,,,,,,,,,,,,,,,,,,,,,,,,,,,,,,,,,,,,,,,,,,,,,,,,,,,,,,,,,,,,,,,
RECAL 3 1 9999 2099 64 4 80,-1324,-332426,-320667,-309672,-299421,-290136,-281574,-273819,-266877,-260723,-255382,-250856,-247128,-244218,-242059,-240681,-240085,-240268,-241216,-242933,-245398,-248655,-252676,-257449,-262983,-269249,-276242,-283924,-292286,-301132,-310760,-320972,-331709,-342966,,,,,,,,,,,,,,,,,,,,,,,,,,,,,,,,,,,,,,,,,,,,,,,,,,,,,,,,,,,,,,,,,,,,
RECAL 3 0 9999 9999 64 4 80,2145,-352461,-338466,-325486,-313471,-302376,-292257,-283038,-274705,-267340,-260751,-255031,-250184,-246202,-243075,-240809,-239410,-238889,-239218,-240406,-242451,-245362,-249147,-253819,-259399,-265811,-273192,-281507,-290755,-300882,-312012,-324074,-337101,-351193,,,,,,,,,,,,,,,,,,,,,,,,,,,,,,,,,,,,,,,,,,,,,,,,,,,,,,,,,,,,,,,,,,,,
RECAL 3 1 9999 2209 64 4 80,1167,-331404,-321224,-311530,-302338,-293698,-285586,-278028,-271064,-264751,-259082,-254092,-249793,-246183,-243308,-241100,-239623,-238876,-238886,-239643,-241181,-243481,-246548,-250384,-255007,-260432,-266676,-273712,-281538,-290183,-299416,-309607,-320513,-332099,,,,,,,,,,,,,,,,,,,,,,,,,,,,,,,,,,,,,,,,,,,,,,,,,,,,,,,,,,,,,,,,,,,,
RECAL 3 0 9999 9999 64 4 80,2099,-345814,-332910,-320985,-309942,-299885,-290618,-282129,-274478,-267621,-261563,-256314,-251841,-248115,-245183,-243061,-241753,-241242,-241562,-242704,-244679,-247434,-251054,-255541,-260899,-267136,-274262,-282282,-291223,-300922,-311561,-323091,-335584,-349046,,,,,,,,,,,,,,,,,,,,,,,,,,,,,,,,,,,,,,,,,,,,,,,,,,,,,,,,,,,,,,,,,,,,
RECAL 3 1 9999 2163 64 4 80,2054,-477222,-458649,-438262,-416936,-395230,-373907,-353611,-334329,-316515,-300277,-285908,-273347,-262780,-254242,-247780,-243466,-241215,-241132,-243269,-247649,-254297,-263286,-274616,-288220,-304030,-322070,-342205,-364060,-387426,-411620,-435565,-457818,-478394,,,,,,,,,,,,,,,,,,,,,,,,,,,,,,,,,,,,,,,,,,,,,,,,,,,,,,,,,,,,,,,,,,,,
RECAL 3 0 9999 9999 64 4 80,2173,-366286,-352183,-338873,-326569,-315312,-304983,-295604,-287149,-279511,-272763,-266922,-261893,-257669,-254258,-251650,-249831,-248836,-248643,-249244,-250670,-252912,-255988,-259902,-264682,-270328,-276896,-284432,-292891,-302324,-312765,-324244,-336785,-350469,,,,,,,,,,,,,,,,,,,,,,,,,,,,,,,,,,,,,,,,,,,,,,,,,,,,,,,,,,,,,,,,,,,,
RECAL 3 1 9999 2240 64 4 80,2662,-517993,-516126,-512704,-504695,-492622,-471814,-445604,-417300,-388328,-360799,-335729,-313407,-294074,-277872,-264830,-254996,-248517,-245476,-245943,-250047,-257870,-269544,-285155,-304474,-328085,-355587,-386477,-419466,-451290,-478150,-496799,-507123,-512496,,,,,,,,,,,,,,,,,,,,,,,,,,,,,,,,,,,,,,,,,,,,,,,,,,,,,,,,,,,,,,,,,,,,
RECAL 3 0 9999 9999 64 4 80,329,-244141,-243957,-243765,-243594,-243436,-243287,-243138,-243008,-242889,-242783,-242683,-242610,-242541,-242492,-242460,-242433,-242435,-242439,-242476,-242525,-242594,-242678,-242786,-242910,-243058,-243218,-243409,-243623,-243852,-244116,-244387,-244695,-245025,,,,,,,,,,,,,,,,,,,,,,,,,,,,,,,,,,,,,,,,,,,,,,,,,,,,,,,,,,,,,,,,,,,,
RECAL 3 1 9999 392 64 4 80,2707,-517835,-516323,-511612,-505748,-492347,-470304,-441785,-411122,-380816,-352698,-327275,-304870,-285937,-269955,-257325,-248133,-242413,-240237,-241697,-246839,-255706,-268427,-285070,-305658,-330376,-358942,-391082,-425194,-456568,-483426,-499931,-508847,-514470,,,,,,,,,,,,,,,,,,,,,,,,,,,,,,,,,,,,,,,,,,,,,,,,,,,,,,,,,,,,,,,,,,,,
RECAL 3 0 9999 9999 64 4 80,-530,-246860,-246439,-246052,-245699,-245384,-245106,-244861,-244641,-244464,-244308,-244187,-244097,-244042,-244013,-244013,-244042,-244095,-244171,-244278,-244411,-244564,-244744,-244950,-245163,-245417,-245681,-245966,-246278,-246608,-246943,-247297,-247677,-248060,,,,,,,,,,,,,,,,,,,,,,,,,,,,,,,,,,,,,,,,,,,,,,,,,,,,,,,,,,,,,,,,,,,,
RECAL 3 1 9999 -476 64 4 80,2109,-495298,-480430,-460961,-438690,-415506,-392150,-369626,-348585,-329042,-311383,-295620,-281883,-270100,-260372,-252767,-247313,-244046,-243000,-244179,-247664,-253485,-261721,-272358,-285510,-301018,-319067,-339555,-362173,-386697,-412294,-437747,-461751,-481931,,,,,,,,,,,,,,,,,,,,,,,,,,,,,,,,,,,,,,,,,,,,,,,,,,,,,,,,,,,,,,,,,,,,
RECAL 3 0 9999 9999 64 4 80,116,-240170,-240174,-240181,-240186,-240200,-240213,-240229,-240244,-240260,-240285,-240314,-240347,-240374,-240412,-240457,-240505,-240553,-240613,-240675,-240743,-240817,-240902,-240978,-241079,-241181,-241287,-241402,-241532,-241663,-241806,-241965,-242132,-242298,,,,,,,,,,,,,,,,,,,,,,,,,,,,,,,,,,,,,,,,,,,,,,,,,,,,,,,,,,,,,,,,,,,,
RECAL 3 0 9999 158 64 4 80,94,-240240,-240236,-240227,-240220,-240218,-240217,-240213,-240221,-240222,-240231,-240236,-240253,-240267,-240284,-240308,-240324,-240356,-240381,-240422,-240456,-240500,-240553,-240600,-240659,-240730,-240799,-240878,-240955,-241047,-241150,-241251,-241362,-241479,,,,,,,,,,,,,,,,,,,,,,,,,,,,,,,,,,,,,,,,,,,,,,,,,,,,,,,,,,,,,,,,,,,,
RECAL 3 1 9999 116 64 4 80,1263,-349136,-337244,-325952,-315228,-305082,-295723,-286951,-278826,-271418,-264757,-258849,-253722,-249396,-245853,-243124,-241248,-240234,-240097,-240848,-242499,-245071,-248515,-252923,-258282,-264625,-271907,-280159,-289364,-299428,-310412,-322224,-334882,-348290,,,,,,,,,,,,,,,,,,,,,,,,,,,,,,,,,,,,,,,,,,,,,,,,,,,,,,,,,,,,,,,,,,,,
RECAL 3 0 9999 9999 64 4 80,-781,-248535,-247193,-245946,-244801,-243767,-242819,-241962,-241197,-240524,-239942,-239450,-239045,-238718,-238481,-238323,-238248,-238258,-238346,-238509,-238746,-239060,-239443,-239901,-240428,-241026,-241682,-242416,-243209,-244057,-244959,-245922,-246935,-248012,,,,,,,,,,,,,,,,,,,,,,,,,,,,,,,,,,,,,,,,,,,,,,,,,,,,,,,,,,,,,,,,,,,,
RECAL 3 1 9999 -719 64 4 80,-1227,-330225,-319300,-309028,-299536,-290683,-282459,-274957,-268136,-262025,-256622,-251936,-247959,-244687,-242088,-240150,-238871,-238247,-238267,-238942,-240232,-242170,-244750,-247946,-251756,-256186,-261238,-266901,-273141,-280062,-287571,-295591,-304210,-313362,,,,,,,,,,,,,,,,,,,,,,,,,,,,,,,,,,,,,,,,,,,,,,,,,,,,,,,,,,,,,,,,,,,,
RECAL 3 0 9999 9999 64 4 80,-694,-256391,-255446,-254585,-253800,-253086,-252456,-251892,-251400,-250972,-250604,-250307,-250064,-249884,-249763,-249691,-249691,-249742,-249829,-249984,-250189,-250434,-250734,-251091,-251487,-251932,-252429,-252965,-253543,-254168,-254832,-255525,-256266,-257060,,,,,,,,,,,,,,,,,,,,,,,,,,,,,,,,,,,,,,,,,,,,,,,,,,,,,,,,,,,,,,,,,,,,
RECAL 3 1 9999 -635 64 4 80,-2139,-462676,-440047,-416365,-392667,-369883,-348825,-329393,-312189,-296773,-283493,-272261,-263181,-256219,-251402,-248717,-248138,-249637,-253179,-258782,-266456,-276143,-287841,-301450,-316865,-334175,-353183,-373583,-395098,-417140,-439101,-459962,-478401,-493218,,,,,,,,,,,,,,,,,,,,,,,,,,,,,,,,,,,,,,,,,,,,,,,,,,,,,,,,,,,,,,,,,,,,
RECAL 3 0 9999 9999 64 4 80,-597,-248625,-248145,-247708,-247323,-246983,-246689,-246438,-246228,-246071,-245938,-245846,-245800,-245780,-245797,-245853,-245946,-246060,-246216,-246395,-246611,-246846,-247118,-247402,-247728,-248076,-248447,-248843,-249268,-249711,-250184,-250672,-251189,-251725,,,,,,,,,,,,,,,,,,,,,,,,,,,,,,,,,,,,,,,,,,,,,,,,,,,,,,,,,,,,,,,,,,,,
RECAL 3 1 9999 -549 64 4 80,-2760,-513772,-506753,-495223,-474551,-445899,-413120,-381102,-351664,-325534,-302932,-284029,-268887,-257251,-249157,-244546,-243393,-245692,-251455,-260663,-273104,-289065,-308238,-330618,-355777,-383412,-412658,-441832,-469197,-491035,-505399,-513283,-516930,-518853,,,,,,,,,,,,,,,,,,,,,,,,,,,,,,,,,,,,,,,,,,,,,,,,,,,,,,,,,,,,,,,,,,,,
RECAL 3 0 9999 9999 64 4 80,-2318,-336726,-325420,-315123,-305730,-297370,-289828,-283119,-277240,-272166,-267909,-264446,-261768,-259858,-258745,-258434,-258911,-260184,-262253,-265125,-268773,-273169,-278434,-284480,-291356,-299027,-307569,-316955,-327220,-338333,-350278,-363080,-376944,-391792,,,,,,,,,,,,,,,,,,,,,,,,,,,,,,,,,,,,,,,,,,,,,,,,,,,,,,,,,,,,,,,,,,,,
RECAL 3 1 9999 -2262 64 4 80,-2783,-514246,-510844,-501983,-481648,-449851,-415103,-382494,-353726,-329022,-307809,-290263,-276223,-265697,-258649,-255090,-254993,-258363,-265119,-275216,-288696,-305428,-325523,-348841,-374908,-403412,-433595,-462620,-487213,-502888,-510899,-514855,-517178,-518883,,,,,,,,,,,,,,,,,,,,,,,,,,,,,,,,,,,,,,,,,,,,,,,,,,,,,,,,,,,,,,,,,,,,
RECAL 3 0 9999 9999 64 4 80,-2342,-339076,-326124,-314425,-303887,-294364,-285830,-278199,-271460,-265645,-260687,-256663,-253433,-251055,-249533,-248824,-248955,-249906,-251661,-254268,-257722,-262018,-267171,-273152,-279989,-287708,-296201,-305503,-315841,-327053,-339241,-352405,-366407,-381416,,,,,,,,,,,,,,,,,,,,,,,,,,,,,,,,,,,,,,,,,,,,,,,,,,,,,,,,,,,,,,,,,,,,
RECAL 3 1 9999 -2285 64 4 80,-2172,-475622,-452793,-427944,-402784,-378511,-356209,-335963,-317779,-301532,-287458,-275513,-265701,-258034,-252523,-249164,-247934,-248828,-251864,-257045,-264388,-273863,-285494,-299175,-314981,-332509,-351877,-372816,-395230,-418450,-441572,-463756,-482098,-496390,,,,,,,,,,,,,,,,,,,,,,,,,,,,,,,,,,,,,,,,,,,,,,,,,,,,,,,,,,,,,,,,,,,,
RECAL 3 0 9999 9999 64 4 80,-2367,-338731,-324954,-312450,-301058,-290828,-281618,-273422,-266231,-259990,-254762,-250443,-247025,-244482,-242812,-242010,-242072,-242988,-244753,-247372,-250830,-255141,-260299,-266322,-273154,-280878,-289572,-299129,-309628,-321065,-333431,-346764,-361007,-376032,,,,,,,,,,,,,,,,,,,,,,,,,,,,,,,,,,,,,,,,,,,,,,,,,,,,,,,,,,,,,,,,,,,,
RECAL 3 1 9999 -2309 64 4 80,-1284,-331283,-320148,-309862,-300163,-291284,-283128,-275708,-269021,-263089,-257885,-253378,-249624,-246605,-244344,-242806,-242006,-241932,-242596,-243952,-246038,-248826,-252326,-256537,-261456,-267069,-273360,-280231,-287773,-295883,-304645,-314044,-324006,-334546,,,,,,,,,,,,,,,,,,,,,,,,,,,,,,,,,,,,,,,,,,,,,,,,,,,,,,,,,,,,,,,,,,,,
RECAL 3 0 9999 9999 64 4 80,-2263,-333489,-320530,-308686,-297856,-288104,-279249,-271421,-264378,-258218,-252926,-248521,-244929,-242175,-240243,-239127,-238818,-239285,-240538,-242557,-245346,-248912,-253235,-258275,-264148,-270794,-278203,-286390,-295319,-305083,-315645,-327029,-339453,-352725,,,,,,,,,,,,,,,,,,,,,,,,,,,,,,,,,,,,,,,,,,,,,,,,,,,,,,,,,,,,,,,,,,,,
RECAL 3 1 9999 -2203 64 4 80,1207,-333283,-322385,-312101,-302517,-293479,-285087,-277330,-270245,-263861,-258155,-253200,-248978,-245476,-242699,-240651,-239353,-238818,-239053,-240053,-241835,-244427,-247845,-252078,-257158,-263096,-269901,-277577,-286175,-295647,-306067,-317348,-329515,-342484,,,,,,,,,,,,,,,,,,,,,,,,,,,,,,,,,,,,,,,,,,,,,,,,,,,,,,,,,,,,,,,,,,,,
RECAL 3 0 9999 9999 64 4 80,-2307,-331858,-319525,-308117,-297748,-288410,-279955,-272402,-265758,-259945,-254982,-250809,-247489,-244997,-243332,-242504,-242488,-243286,-244880,-247299,-250525,-254569,-259429,-265113,-271605,-278929,-287050,-295851,-305512,-316043,-327399,-339707,-352933,-366948,,,,,,,,,,,,,,,,,,,,,,,,,,,,,,,,,,,,,,,,,,,,,,,,,,,,,,,,,,,,,,,,,,,,
RECAL 3 1 9999 -2249 64 4 80,2075,-491056,-474166,-452731,-428884,-404343,-380515,-358205,-337696,-319077,-302392,-287935,-275224,-264522,-255840,-249252,-244759,-242385,-242163,-244113,-248262,-254627,-263289,-274257,-287582,-303195,-321179,-341163,-363468,-387715,-413098,-438502,-461954,-482032,,,,,,,,,,,,,,,,,,,,,,,,,,,,,,,,,,,,,,,,,,,,,,,,,,,,,,,,,,,,,,,,,,,,
RECAL 3 0 9999 9999 64 4 80,-2236,-331850,-320514,-310134,-300694,-292198,-284549,-277724,-271692,-266542,-262138,-258481,-255579,-253395,-251940,-251222,-251220,-251922,-253332,-255463,-258325,-261891,-266166,-271164,-276905,-283454,-290775,-298841,-307740,-317462,-328016,-339458,-351789,-364866,,,,,,,,,,,,,,,,,,,,,,,,,,,,,,,,,,,,,,,,,,,,,,,,,,,,,,,,,,,,,,,,,,,,
RECAL 3 1 9999 -2178 64 4 80,2681,-516906,-513920,-510443,-500725,-483108,-457957,-428046,-397550,-368949,-343231,-320460,-300766,-284325,-271058,-261058,-254371,-251045,-251113,-254610,-261737,-272546,-287218,-305702,-328246,-354828,-385277,-419077,-453495,-483761,-501295,-509765,-514828,-516897,,,,,,,,,,,,,,,,,,,,,,,,,,,,,,,,,,,,,,,,,,,,,,,,,,,,,,,,,,,,,,,,,,,,
RECAL 3 0 9999 9999 64 4 80,2168,-345553,-332663,-320853,-309694,-299384,-289960,-281288,-273408,-266332,-259999,-254445,-249730,-245760,-242516,-240018,-238270,-237271,-237030,-237525,-238800,-240835,-243653,-247252,-251649,-256855,-262899,-269801,-277646,-286394,-296015,-306641,-318251,-330881,,,,,,,,,,,,,,,,,,,,,,,,,,,,,,,,,,,,,,,,,,,,,,,,,,,,,,,,,,,,,,,,,,,,
RECAL 3 1 9999 2235 64 4 80,-2736,-513968,-506404,-492283,-470669,-443476,-413802,-383465,-354271,-327296,-303359,-282887,-265957,-252709,-243337,-237532,-235435,-237012,-242243,-251078,-263490,-279385,-298793,-321400,-346842,-374396,-403445,-432379,-459948,-484705,-501653,-511338,-516451,-517984,,,,,,,,,,,,,,,,,,,,,,,,,,,,,,,,,,,,,,,,,,,,,,,,,,,,,,,,,,,,,,,,,,,,
RECAL 3 0 9999 9999 64 4 80,2080,-333429,-321872,-311090,-301090,-291865,-283349,-275549,-268480,-262203,-256575,-251658,-247442,-243944,-241145,-239065,-237698,-237049,-237142,-237983,-239579,-241934,-245061,-248962,-253647,-259061,-265394,-272528,-280519,-289361,-299025,-309641,-321192,-333668,,,,,,,,,,,,,,,,,,,,,,,,,,,,,,,,,,,,,,,,,,,,,,,,,,,,,,,,,,,,,,,,,,,,
RECAL 3 1 9999 2145 64 4 80,-2138,-478441,-457450,-435356,-412256,-389039,-366410,-344848,-324911,-306391,-289865,-275426,-263202,-253304,-245748,-240504,-237617,-237031,-238720,-242682,-248892,-257330,-268015,-280844,-295577,-312418,-331037,-351192,-372493,-394728,-417111,-439123,-460426,-480252,,,,,,,,,,,,,,,,,,,,,,,,,,,,,,,,,,,,,,,,,,,,,,,,,,,,,,,,,,,,,,,,,,,,
RECAL 3 0 9999 9999 64 4 80,2062,-329509,-318019,-307297,-297323,-288166,-279733,-272090,-265178,-258946,-253448,-248649,-244552,-241174,-238517,-236531,-235259,-234702,-234863,-235743,-237354,-239712,-242837,-246744,-251430,-256900,-263181,-270284,-278216,-286974,-296409,-306911,-318278,-330548,,,,,,,,,,,,,,,,,,,,,,,,,,,,,,,,,,,,,,,,,,,,,,,,,,,,,,,,,,,,,,,,,,,,
RECAL 3 1 9999 2127 64 4 80,-1276,-337374,-325361,-313964,-303210,-293215,-283924,-275416,-267675,-260659,-254495,-249162,-244663,-241001,-238170,-236174,-235018,-234688,-235161,-236450,-238571,-241486,-245194,-249691,-254955,-260942,-267663,-275123,-283268,-292095,-301556,-311676,-322360,-333439,,,,,,,,,,,,,,,,,,,,,,,,,,,,,,,,,,,,,,,,,,,,,,,,,,,,,,,,,,,,,,,,,,,,
RECAL 3 0 9999 9999 64 4 80,2142,-336965,-324706,-313267,-302629,-292834,-283833,-275605,-268155,-261476,-255640,-250503,-246137,-242539,-239695,-237636,-236351,-235853,-236135,-237198,-239041,-241679,-245100,-249342,-254386,-260278,-266918,-274484,-282949,-292295,-302529,-313733,-325883,-339049,,,,,,,,,,,,,,,,,,,,,,,,,,,,,,,,,,,,,,,,,,,,,,,,,,,,,,,,,,,,,,,,,,,,
RECAL 3 1 9999 2207 64 4 80,1138,-337458,-326674,-316333,-306446,-297210,-288456,-280251,-272655,-265736,-259465,-253889,-249034,-244885,-241460,-238796,-236921,-235844,-235576,-236130,-237516,-239725,-242820,-246770,-251593,-257306,-263935,-271460,-279881,-289132,-299148,-310071,-321787,-334247,,,,,,,,,,,,,,,,,,,,,,,,,,,,,,,,,,,,,,,,,,,,,,,,,,,,,,,,,,,,,,,,,,,,
RECAL 3 0 9999 9999 64 4 80,2125,-339728,-327755,-316618,-306252,-296667,-287857,-279691,-272269,-265613,-259689,-254507,-250060,-246349,-243405,-241130,-239592,-238807,-238756,-239467,-240932,-243175,-246177,-249916,-254420,-259739,-265855,-272788,-280560,-289184,-298476,-308855,-320168,-332477,,,,,,,,,,,,,,,,,,,,,,,,,,,,,,,,,,,,,,,,,,,,,,,,,,,,,,,,,,,,,,,,,,,,
RECAL 3 1 9999 2191 64 4 80,2002,-489009,-470924,-450199,-428113,-406048,-384234,-363168,-343147,-324329,-307010,-291390,-277544,-265721,-255752,-247927,-242206,-238663,-237337,-238282,-241528,-247155,-255237,-265846,-278930,-294468,-312555,-333020,-355664,-379665,-405218,-430442,-454229,-475070,,,,,,,,,,,,,,,,,,,,,,,,,,,,,,,,,,,,,,,,,,,,,,,,,,,,,,,,,,,,,,,,,,,,
RECAL 3 0 9999 9999 64 4 80,2114,-345337,-334044,-323555,-313846,-304918,-296703,-289250,-282481,-276328,-270867,-266114,-262014,-258626,-255921,-253902,-252570,-251922,-251968,-252696,-254136,-256288,-259152,-262761,-267107,-272155,-277928,-284467,-291763,-299832,-308783,-318593,-329287,-340771,,,,,,,,,,,,,,,,,,,,,,,,,,,,,,,,,,,,,,,,,,,,,,,,,,,,,,,,,,,,,,,,,,,,
RECAL 3 1 9999 2180 64 4 80,2604,-518066,-516276,-514078,-504616,-491018,-468779,-441051,-412123,-383571,-356878,-332582,-311073,-292623,-277383,-265508,-256940,-251778,-250099,-251951,-257446,-266745,-279674,-296693,-317856,-343144,-372601,-405887,-440944,-473294,-495653,-506411,-512876,-516180,,,,,,,,,,,,,,,,,,,,,,,,,,,,,,,,,,,,,,,,,,,,,,,,,,,,,,,,,,,,,,,,,,,,
RECAL 3 0 9999 9999 64 4 80,-535,-251829,-251533,-251282,-251057,-250880,-250716,-250582,-250487,-250408,-250358,-250339,-250345,-250368,-250417,-250490,-250585,-250723,-250865,-251040,-251223,-251430,-251653,-251894,-252162,-252442,-252739,-253060,-253390,-253746,-254103,-254492,-254869,-255274,,,,,,,,,,,,,,,,,,,,,,,,,,,,,,,,,,,,,,,,,,,,,,,,,,,,,,,,,,,,,,,,,,,,
RECAL 3 1 9999 -494 64 4 80,2629,-518023,-517701,-513341,-506422,-492600,-469863,-441875,-412257,-383331,-356382,-331921,-310277,-291751,-276357,-264264,-255630,-250306,-248500,-250268,-255718,-264963,-278090,-295180,-316518,-342401,-372669,-407180,-443906,-477133,-498609,-507613,-512708,-516308,,,,,,,,,,,,,,,,,,,,,,,,,,,,,,,,,,,,,,,,,,,,,,,,,,,,,,,,,,,,,,,,,,,,
RECAL 3 0 9999 9999 64 4 80,-484,-242624,-242231,-241873,-241544,-241237,-240972,-240726,-240517,-240331,-240166,-240033,-239927,-239843,-239780,-239747,-239724,-239730,-239761,-239807,-239878,-239963,-240066,-240190,-240323,-240482,-240653,-240835,-241039,-241250,-241482,-241727,-241979,-242245,,,,,,,,,,,,,,,,,,,,,,,,,,,,,,,,,,,,,,,,,,,,,,,,,,,,,,,,,,,,,,,,,,,,
RECAL 3 1 9999 -423 64 4 80,2035,-494471,-478091,-457844,-435603,-412824,-389904,-367769,-346830,-327269,-309374,-293284,-279110,-266841,-256673,-248758,-243099,-239739,-238740,-240143,-243983,-250193,-258999,-270353,-284274,-300720,-319746,-341259,-364840,-390029,-415980,-441331,-464502,-484008,,,,,,,,,,,,,,,,,,,,,,,,,,,,,,,,,,,,,,,,,,,,,,,,,,,,,,,,,,,,,,,,,,,,
RECAL 3 0 9999 9999 64 4 80,-353,-239158,-238986,-238819,-238684,-238554,-238443,-238350,-238265,-238206,-238151,-238113,-238083,-238078,-238076,-238084,-238111,-238135,-238179,-238232,-238296,-238366,-238444,-238534,-238623,-238721,-238824,-238936,-239057,-239187,-239313,-239447,-239582,-239723,,,,,,,,,,,,,,,,,,,,,,,,,,,,,,,,,,,,,,,,,,,,,,,,,,,,,,,,,,,,,,,,,,,,
RECAL 3 1 9999 -303 64 4 80,1194,-349523,-337533,-326078,-315175,-304829,-295107,-286205,-277832,-270206,-263334,-257233,-251947,-247482,-243844,-241063,-239142,-238082,-237895,-238597,-240193,-242699,-246125,-250419,-255696,-261932,-269131,-277268,-286364,-296352,-307346,-319296,-332187,-345915,,,,,,,,,,,,,,,,,,,,,,,,,,,,,,,,,,,,,,,,,,,,,,,,,,,,,,,,,,,,,,,,,,,,
RECAL 3 0 9999 9999 64 4 80,-743,-247500,-246345,-245280,-244292,-243398,-242590,-241862,-241228,-240664,-240195,-239811,-239492,-239248,-239082,-238993,-238972,-239028,-239146,-239334,-239593,-239898,-240276,-240717,-241215,-241767,-242383,-243046,-243758,-244529,-245360,-246239,-247160,-248133,,,,,,,,,,,,,,,,,,,,,,,,,,,,,,,,,,,,,,,,,,,,,,,,,,,,,,,,,,,,,,,,,,,,
RECAL 3 1 9999 -684 64 4 80,-1217,-332817,-321610,-310885,-300831,-291536,-282946,-275115,-268051,-261743,-256252,-251543,-247589,-244379,-241915,-240193,-239209,-238963,-239429,-240630,-242539,-245157,-248486,-252496,-257200,-262608,-268721,-275541,-283026,-291155,-299886,-309281,-319229,-329715,,,,,,,,,,,,,,,,,,,,,,,,,,,,,,,,,,,,,,,,,,,,,,,,,,,,,,,,,,,,,,,,,,,,
RECAL 3 0 9999 9999 64 4 80,-690,-245616,-244665,-243799,-243007,-242288,-241643,-241066,-240549,-240108,-239730,-239399,-239150,-238941,-238803,-238713,-238683,-238698,-238772,-238904,-239080,-239310,-239587,-239915,-240293,-240713,-241179,-241691,-242244,-242834,-243459,-244137,-244842,-245602,,,,,,,,,,,,,,,,,,,,,,,,,,,,,,,,,,,,,,,,,,,,,,,,,,,,,,,,,,,,,,,,,,,,
RECAL 3 1 9999 -630 64 4 80,-2103,-470099,-449396,-427125,-404049,-381189,-359197,-338519,-319413,-302083,-286709,-273335,-262069,-252983,-246091,-241440,-238938,-238652,-240568,-244685,-250973,-259464,-270120,-282915,-297890,-314956,-333874,-354495,-376419,-399475,-422582,-444673,-465782,-484105,,,,,,,,,,,,,,,,,,,,,,,,,,,,,,,,,,,,,,,,,,,,,,,,,,,,,,,,,,,,,,,,,,,,
RECAL 3 0 9999 9999 64 4 80,169,-254001,-253932,-253878,-253835,-253800,-253770,-253741,-253715,-253698,-253685,-253680,-253669,-253678,-253684,-253704,-253718,-253751,-253781,-253818,-253883,-253935,-253998,-254088,-254168,-254266,-254366,-254481,-254604,-254739,-254901,-255059,-255229,-255405,,,,,,,,,,,,,,,,,,,,,,,,,,,,,,,,,,,,,,,,,,,,,,,,,,,,,,,,,,,,,,,,,,,,
RECAL 3 1 9999 213 64 4 80,-2707,-513799,-506137,-493545,-473169,-446569,-417718,-387949,-359702,-334036,-311449,-292328,-276710,-264714,-256396,-251729,-250780,-253532,-260013,-270174,-283936,-301219,-321600,-345423,-371840,-400402,-429683,-457948,-482823,-499566,-509949,-516225,-517197,-519417,,,,,,,,,,,,,,,,,,,,,,,,,,,,,,,,,,,,,,,,,,,,,,,,,,,,,,,,,,,,,,,,,,,,
RECAL 3 0 9999 9999 64 4 80,-2258,-336722,-324522,-313371,-303231,-294053,-285933,-278549,-272036,-266393,-261582,-257606,-254455,-252136,-250637,-249936,-250023,-250909,-252567,-255006,-258230,-262246,-266990,-272568,-278955,-286129,-294083,-302895,-312577,-323096,-334603,-347157,-360666,-375188,,,,,,,,,,,,,,,,,,,,,,,,,,,,,,,,,,,,,,,,,,,,,,,,,,,,,,,,,,,,,,,,,,,,
RECAL 3 1 9999 -2200 64 4 80,-2715,-514273,-507543,-495679,-475660,-448158,-417269,-386237,-357594,-331437,-308611,-289368,-273681,-261622,-253216,-248471,-247328,-249835,-256012,-265884,-279388,-296450,-317120,-341148,-367827,-397491,-428434,-458168,-483113,-500205,-510012,-515222,-517850,-519013,,,,,,,,,,,,,,,,,,,,,,,,,,,,,,,,,,,,,,,,,,,,,,,,,,,,,,,,,,,,,,,,,,,,
RECAL 3 0 9999 9999 64 4 80,-2335,-340256,-327352,-315632,-304983,-295358,-286775,-279107,-272374,-266645,-261736,-257729,-254633,-252419,-251086,-250625,-251031,-252307,-254490,-257560,-261508,-266363,-272065,-278686,-286190,-294443,-303727,-314000,-325198,-337413,-350644,-364818,-380160,-396555,,,,,,,,,,,,,,,,,,,,,,,,,,,,,,,,,,,,,,,,,,,,,,,,,,,,,,,,,,,,,,,,,,,,
RECAL 3 1 9999 -2279 64 4 80,-2114,-482707,-463232,-441009,-417242,-393559,-370728,-349439,-329877,-312285,-296856,-283691,-272648,-263800,-257179,-252777,-250603,-250657,-252893,-257356,-264039,-272921,-284014,-297216,-312600,-330031,-349570,-370974,-394016,-418011,-441845,-464193,-483449,-496889,,,,,,,,,,,,,,,,,,,,,,,,,,,,,,,,,,,,,,,,,,,,,,,,,,,,,,,,,,,,,,,,,,,,
RECAL 3 0 9999 9999 64 4 80,-2354,-339823,-326032,-313499,-302105,-291831,-282670,-274566,-267428,-261256,-256003,-251700,-248312,-245827,-244253,-243547,-243743,-244826,-246793,-249638,-253367,-257991,-263547,-270047,-277471,-285797,-295039,-305269,-316456,-328635,-341648,-355883,-371182,-387683,,,,,,,,,,,,,,,,,,,,,,,,,,,,,,,,,,,,,,,,,,,,,,,,,,,,,,,,,,,,,,,,,,,,
RECAL 3 1 9999 -2297 64 4 80,-1240,-344986,-332923,-321571,-310909,-301002,-291901,-283558,-276073,-269279,-263277,-258071,-253683,-250082,-247273,-245245,-244006,-243524,-243798,-244813,-246571,-249070,-252302,-256272,-260906,-266319,-272403,-279218,-286716,-294844,-303657,-313142,-323357,-334188,,,,,,,,,,,,,,,,,,,,,,,,,,,,,,,,,,,,,,,,,,,,,,,,,,,,,,,,,,,,,,,,,,,,
RECAL 3 0 9999 9999 64 4 80,-2281,-334850,-322104,-310462,-299765,-290070,-281331,-273526,-266656,-260659,-255564,-251360,-248066,-245557,-243902,-243093,-243115,-243977,-245675,-248205,-251530,-255649,-260596,-266365,-272930,-280327,-288565,-297588,-307392,-318187,-329896,-342516,-356105,-370634,,,,,,,,,,,,,,,,,,,,,,,,,,,,,,,,,,,,,,,,,,,,,,,,,,,,,,,,,,,,,,,,,,,,
RECAL 3 1 9999 -2223 64 4 80,1172,-351279,-339554,-328365,-317757,-307644,-298161,-289414,-281331,-273972,-267337,-261451,-256412,-252093,-248583,-245888,-244015,-242987,-242799,-243487,-245043,-247455,-250742,-254928,-260028,-266061,-272994,-280890,-289618,-299293,-309984,-321586,-334103,-347532,,,,,,,,,,,,,,,,,,,,,,,,,,,,,,,,,,,,,,,,,,,,,,,,,,,,,,,,,,,,,,,,,,,,
RECAL 3 0 9999 9999 64 4 80,-2297,-337569,-325130,-313749,-303406,-294053,-285631,-278113,-271396,-265546,-260551,-256433,-253150,-250720,-249122,-248352,-248393,-249231,-250899,-253384,-256685,-260817,-265783,-271552,-278108,-285444,-293598,-302627,-312536,-323300,-335034,-347697,-361199,-375914,,,,,,,,,,,,,,,,,,,,,,,,,,,,,,,,,,,,,,,,,,,,,,,,,,,,,,,,,,,,,,,,,,,,
RECAL 3 1 9999 -2239 64 4 80,2020,-500170,-486491,-468159,-446403,-423143,-399704,-377051,-355971,-336147,-318118,-301981,-287846,-275672,-265606,-257634,-251842,-248229,-246890,-247876,-251217,-256944,-265153,-275825,-288833,-304466,-322686,-343398,-366442,-391783,-418765,-445430,-469977,-488560,,,,,,,,,,,,,,,,,,,,,,,,,,,,,,,,,,,,,,,,,,,,,,,,,,,,,,,,,,,,,,,,,,,,
RECAL 3 0 9999 9999 64 4 80,-2306,-334104,-322866,-312465,-303030,-294511,-286879,-280067,-274064,-268892,-264484,-260829,-257984,-255914,-254642,-254131,-254406,-255439,-257221,-259789,-263140,-267276,-272184,-277885,-284404,-291742,-299810,-308703,-318473,-329146,-340754,-353329,-366853,-381640,,,,,,,,,,,,,,,,,,,,,,,,,,,,,,,,,,,,,,,,,,,,,,,,,,,,,,,,,,,,,,,,,,,,
RECAL 3 1 9999 -2249 64 4 80,2616,-519095,-517356,-515470,-510574,-501387,-483011,-455519,-424705,-393691,-364888,-339159,-316821,-297711,-281865,-269266,-259962,-254039,-251528,-252464,-256914,-265018,-276797,-292359,-311830,-335262,-362883,-394828,-431108,-467629,-495276,-507890,-513114,-514878,,,,,,,,,,,,,,,,,,,,,,,,,,,,,,,,,,,,,,,,,,,,,,,,,,,,,,,,,,,,,,,,,,,,
RECAL 3 0 9999 9999 64 4 80,2118,-350454,-337688,-325901,-315040,-305016,-295819,-287465,-279798,-272882,-266765,-261403,-256810,-252974,-249899,-247572,-246017,-245201,-245153,-245861,-247342,-249604,-252646,-256491,-261137,-266568,-272812,-279917,-287889,-296696,-306510,-317309,-329008,-341998,,,,,,,,,,,,,,,,,,,,,,,,,,,,,,,,,,,,,,,,,,,,,,,,,,,,,,,,,,,,,,,,,,,,
RECAL 3 1 9999 2184 64 4 80,-2862,-515366,-512235,-508002,-495568,-471105,-435904,-399413,-365970,-336914,-311975,-291083,-274030,-260937,-251458,-245695,-243571,-245061,-250122,-258732,-270833,-286454,-305545,-328088,-353809,-382284,-412981,-443960,-473024,-494404,-507691,-514194,-517588,-518942,,,,,,,,,,,,,,,,,,,,,,,,,,,,,,,,,,,,,,,,,,,,,,,,,,,,,,,,,,,,,,,,,,,,
RECAL 3 0 9999 9999 64 4 80,2032,-336024,-324021,-312911,-302606,-293227,-284536,-276610,-269453,-263053,-257405,-252520,-248391,-244990,-242376,-240485,-239332,-238919,-239253,-240327,-242155,-244705,-248049,-252164,-257074,-262797,-269338,-276741,-285004,-294182,-304372,-315632,-327897,-341322,,,,,,,,,,,,,,,,,,,,,,,,,,,,,,,,,,,,,,,,,,,,,,,,,,,,,,,,,,,,,,,,,,,,
RECAL 3 1 9999 2096 64 4 80,-2280,-492749,-477138,-455854,-430324,-403593,-377118,-352360,-329668,-309376,-291611,-276395,-263878,-253763,-246246,-241277,-238845,-238925,-241498,-246524,-253902,-263690,-275810,-290232,-306816,-325500,-346070,-368216,-391369,-415416,-439320,-461877,-482350,-497986,,,,,,,,,,,,,,,,,,,,,,,,,,,,,,,,,,,,,,,,,,,,,,,,,,,,,,,,,,,,,,,,,,,,
RECAL 3 0 9999 9999 64 4 80,2015,-335685,-323652,-312459,-302064,-292521,-283738,-275741,-268501,-262032,-256401,-251461,-247291,-243879,-241226,-239340,-238207,-237845,-238253,-239419,-241354,-244055,-247528,-251785,-256851,-262746,-269403,-276977,-285426,-294735,-305024,-316282,-328564,-341992,,,,,,,,,,,,,,,,,,,,,,,,,,,,,,,,,,,,,,,,,,,,,,,,,,,,,,,,,,,,,,,,,,,,
RECAL 3 1 9999 2079 64 4 80,-1477,-373191,-357520,-342676,-328457,-315218,-302948,-291735,-281547,-272414,-264395,-257467,-251625,-246806,-243029,-240280,-238551,-237840,-238148,-239431,-241730,-245009,-249267,-254487,-260676,-267809,-275853,-284842,-294749,-305539,-317168,-329518,-342603,-356270,,,,,,,,,,,,,,,,,,,,,,,,,,,,,,,,,,,,,,,,,,,,,,,,,,,,,,,,,,,,,,,,,,,,
RECAL 3 0 9999 9999 64 4 80,1999,-326923,-315615,-305059,-295284,-286310,-277974,-270404,-263590,-257543,-252270,-247760,-244005,-240997,-238772,-237280,-236545,-236586,-237400,-238991,-241357,-244518,-248446,-253136,-258649,-264989,-272151,-280187,-289095,-298858,-309524,-321269,-334021,-347908,,,,,,,,,,,,,,,,,,,,,,,,,,,,,,,,,,,,,,,,,,,,,,,,,,,,,,,,,,,,,,,,,,,,
RECAL 3 1 9999 2061 64 4 80,979,-302030,-294572,-287550,-280892,-274717,-268969,-263643,-258765,-254345,-250396,-246922,-243915,-241435,-239414,-237904,-236925,-236463,-236529,-237135,-238297,-240023,-242332,-245214,-248694,-252769,-257468,-262784,-268709,-275177,-282329,-290111,-298454,-307447,,,,,,,,,,,,,,,,,,,,,,,,,,,,,,,,,,,,,,,,,,,,,,,,,,,,,,,,,,,,,,,,,,,,
RECAL 3 0 9999 9999 64 4 80,2075,-340525,-327782,-316042,-305169,-295147,-285990,-277595,-270020,-263233,-257242,-252107,-247713,-244124,-241319,-239306,-238087,-237686,-238086,-239315,-241381,-244295,-248061,-252686,-258212,-264640,-271982,-280159,-289406,-299599,-310905,-323291,-336891,-351707,,,,,,,,,,,,,,,,,,,,,,,,,,,,,,,,,,,,,,,,,,,,,,,,,,,,,,,,,,,,,,,,,,,,
RECAL 3 1 9999 2139 64 4 80,1937,-461493,-442269,-422201,-401658,-381153,-361107,-341929,-323871,-307263,-292251,-278882,-267278,-257594,-249701,-243731,-239703,-237667,-237649,-239677,-243780,-249925,-258129,-268472,-280906,-295416,-312007,-330558,-350936,-372522,-395611,-418819,-441655,-463290,,,,,,,,,,,,,,,,,,,,,,,,,,,,,,,,,,,,,,,,,,,,,,,,,,,,,,,,,,,,,,,,,,,,
RECAL 3 0 9999 9999 64 4 80,2062,-350241,-337777,-326192,-315493,-305639,-296636,-288556,-281223,-274662,-268867,-263844,-259558,-256044,-253326,-251311,-250073,-249585,-249859,-250901,-252720,-255321,-258751,-263013,-268112,-274051,-280873,-288580,-297163,-306754,-317182,-328752,-341482,-355349,,,,,,,,,,,,,,,,,,,,,,,,,,,,,,,,,,,,,,,,,,,,,,,,,,,,,,,,,,,,,,,,,,,,
RECAL 3 1 9999 2127 64 4 80,2567,-517388,-514855,-510356,-500884,-485104,-462497,-436734,-409033,-381367,-355289,-331411,-310121,-291717,-276363,-264121,-255208,-249497,-247141,-248247,-252876,-261159,-273187,-288986,-308448,-331792,-358776,-389078,-421482,-452770,-479962,-497326,-508052,-513405,,,,,,,,,,,,,,,,,,,,,,,,,,,,,,,,,,,,,,,,,,,,,,,,,,,,,,,,,,,,,,,,,,,,
RECAL 3 0 9999 9999 64 4 80,-605,-249025,-248444,-247891,-247398,-246957,-246554,-246206,-245905,-245641,-245429,-245253,-245117,-245026,-244983,-244965,-244990,-245056,-245154,-245288,-245453,-245651,-245881,-246137,-246431,-246753,-247098,-247476,-247883,-248301,-248756,-249234,-249733,-250263,,,,,,,,,,,,,,,,,,,,,,,,,,,,,,,,,,,,,,,,,,,,,,,,,,,,,,,,,,,,,,,,,,,,
RECAL 3 1 9999 -550 64 4 80,2542,-516938,-513678,-508143,-497736,-480123,-456759,-429191,-400904,-373279,-347663,-324325,-303676,-285905,-270987,-259080,-250383,-244950,-242860,-244194,-249026,-257441,-269380,-285190,-304781,-328228,-355309,-385530,-417737,-449216,-476107,-494819,-506768,-512961,,,,,,,,,,,,,,,,,,,,,,,,,,,,,,,,,,,,,,,,,,,,,,,,,,,,,,,,,,,,,,,,,,,,
RECAL 3 0 9999 9999 64 4 80,-503,-241570,-241255,-240959,-240697,-240481,-240301,-240146,-240027,-239939,-239879,-239847,-239858,-239885,-239940,-240025,-240134,-240266,-240429,-240608,-240820,-241049,-241300,-241568,-241856,-242155,-242486,-242824,-243185,-243562,-243952,-244355,-244771,-245202,,,,,,,,,,,,,,,,,,,,,,,,,,,,,,,,,,,,,,,,,,,,,,,,,,,,,,,,,,,,,,,,,,,,
RECAL 3 1 9999 -461 64 4 80,1904,-464303,-445224,-424735,-403919,-383312,-363215,-344178,-326395,-310020,-295191,-282031,-270515,-260762,-252730,-246546,-242238,-239863,-239444,-241005,-244580,-250109,-257770,-267541,-279403,-293319,-309285,-327229,-347006,-368266,-390673,-413756,-436721,-458761,,,,,,,,,,,,,,,,,,,,,,,,,,,,,,,,,,,,,,,,,,,,,,,,,,,,,,,,,,,,,,,,,,,,
RECAL 3 0 9999 9999 64 4 80,-806,-246979,-245617,-244383,-243254,-242257,-241348,-240550,-239855,-239265,-238773,-238386,-238088,-237888,-237783,-237762,-237831,-237992,-238242,-238574,-238995,-239494,-240075,-240738,-241482,-242304,-243203,-244145,-245184,-246294,-247474,-248714,-250024,-251388,,,,,,,,,,,,,,,,,,,,,,,,,,,,,,,,,,,,,,,,,,,,,,,,,,,,,,,,,,,,,,,,,,,,
RECAL 3 1 9999 -751 64 4 80,918,-295897,-289404,-283226,-277376,-271855,-266720,-261960,-257605,-253661,-250141,-247045,-244412,-242178,-240383,-239044,-238170,-237756,-237823,-238367,-239389,-240896,-242906,-245401,-248406,-251930,-255977,-260578,-265663,-271335,-277565,-284326,-291620,-299424,,,,,,,,,,,,,,,,,,,,,,,,,,,,,,,,,,,,,,,,,,,,,,,,,,,,,,,,,,,,,,,,,,,,
RECAL 3 0 9999 9999 64 4 80,-752,-247272,-246190,-245193,-244294,-243478,-242747,-242116,-241557,-241095,-240718,-240420,-240204,-240062,-240009,-240024,-240121,-240283,-240525,-240830,-241211,-241661,-242163,-242739,-243365,-244055,-244805,-245619,-246479,-247401,-248355,-249385,-250461,-251589,,,,,,,,,,,,,,,,,,,,,,,,,,,,,,,,,,,,,,,,,,,,,,,,,,,,,,,,,,,,,,,,,,,,
RECAL 3 1 9999 -699 64 4 80,-1515,-369744,-353818,-338736,-324610,-311410,-299286,-288321,-278421,-269657,-262028,-255529,-250232,-245981,-242837,-240797,-239859,-240008,-241237,-243534,-246879,-251236,-256625,-263050,-270487,-278932,-288354,-298690,-309853,-322067,-335079,-348893,-363267,-378224,,,,,,,,,,,,,,,,,,,,,,,,,,,,,,,,,,,,,,,,,,,,,,,,,,,,,,,,,,,,,,,,,,,,
RECAL 3 0 9999 9999 64 4 80,-706,-247546,-246682,-245893,-245181,-244541,-243968,-243474,-243045,-242693,-242395,-242166,-242003,-241903,-241858,-241870,-241936,-242071,-242250,-242485,-242769,-243108,-243498,-243934,-244413,-244945,-245526,-246151,-246824,-247541,-248293,-249089,-249928,-250803,,,,,,,,,,,,,,,,,,,,,,,,,,,,,,,,,,,,,,,,,,,,,,,,,,,,,,,,,,,,,,,,,,,,
RECAL 3 1 9999 -653 64 4 80,-2304,-493093,-475806,-452428,-425591,-397995,-371522,-347324,-325421,-306031,-289085,-274621,-262739,-253432,-246731,-242558,-240917,-241821,-245186,-251087,-259492,-270405,-283732,-299413,-317426,-337528,-359388,-382902,-407550,-432330,-456369,-477834,-494218,-505760,,,,,,,,,,,,,,,,,,,,,,,,,,,,,,,,,,,,,,,,,,,,,,,,,,,,,,,,,,,,,,,,,,,,
RECAL 3 0 9999 9999 64 4 80,-186,-250073,-249999,-249936,-249874,-249831,-249773,-249747,-249697,-249664,-249635,-249606,-249578,-249559,-249540,-249524,-249515,-249502,-249488,-249485,-249475,-249473,-249469,-249460,-249459,-249460,-249454,-249461,-249463,-249467,-249469,-249471,-249476,-249479,,,,,,,,,,,,,,,,,,,,,,,,,,,,,,,,,,,,,,,,,,,,,,,,,,,,,,,,,,,,,,,,,,,,
RECAL 3 1 9999 -88 64 4 80,-2882,-516183,-513803,-509548,-500233,-477134,-441695,-404130,-369940,-340560,-315658,-294932,-278109,-265050,-255688,-249981,-247903,-249418,-254425,-263047,-275171,-290755,-309778,-332239,-357913,-386481,-417638,-449171,-477671,-498177,-510544,-515797,-517759,-519972,,,,,,,,,,,,,,,,,,,,,,,,,,,,,,,,,,,,,,,,,,,,,,,,,,,,,,,,,,,,,,,,,,,,
RECAL 3 0 9999 9999 64 4 80,-2240,-330576,-320417,-311003,-302446,-294741,-287854,-281722,-276364,-271757,-267949,-264868,-262495,-260853,-259903,-259679,-260162,-261344,-263202,-265801,-269079,-273079,-277796,-283239,-289421,-296270,-304048,-312620,-322003,-332233,-343360,-355426,-368361,-382418,,,,,,,,,,,,,,,,,,,,,,,,,,,,,,,,,,,,,,,,,,,,,,,,,,,,,,,,,,,,,,,,,,,,
RECAL 3 1 9999 -2185 64 4 80,-2860,-517078,-515064,-511745,-503237,-480723,-445198,-409109,-376292,-348139,-324113,-304026,-287703,-275105,-265953,-260312,-258215,-259613,-264511,-272860,-284649,-299988,-318959,-341512,-367531,-397134,-429476,-461871,-489014,-504837,-513290,-517208,-519304,-518579,,,,,,,,,,,,,,,,,,,,,,,,,,,,,,,,,,,,,,,,,,,,,,,,,,,,,,,,,,,,,,,,,,,,
RECAL 3 0 9999 9999 64 4 80,-2322,-338947,-326425,-315018,-304608,-295184,-286869,-279300,-272603,-266806,-261844,-257727,-254441,-251981,-250334,-249498,-249484,-250290,-251912,-254345,-257602,-261681,-266523,-272244,-278813,-286241,-294493,-303644,-313726,-324734,-336705,-349625,-363523,-378531,,,,,,,,,,,,,,,,,,,,,,,,,,,,,,,,,,,,,,,,,,,,,,,,,,,,,,,,,,,,,,,,,,,,
RECAL 3 1 9999 -2264 64 4 80,-2280,-502027,-488990,-468461,-442223,-414068,-386845,-361784,-339301,-319313,-301860,-286975,-274680,-264692,-257156,-252127,-249547,-249405,-251684,-256378,-263412,-272794,-284541,-298559,-314953,-333540,-354385,-377228,-401563,-427191,-452138,-475750,-493496,-504584,,,,,,,,,,,,,,,,,,,,,,,,,,,,,,,,,,,,,,,,,,,,,,,,,,,,,,,,,,,,,,,,,,,,
RECAL 3 0 9999 9999 64 4 80,-2339,-343588,-329959,-317672,-306464,-296321,-287216,-279032,-271796,-265496,-260171,-255662,-252057,-249331,-247463,-246457,-246297,-246978,-248505,-250893,-254132,-258233,-263202,-269040,-275746,-283331,-291696,-301059,-311416,-322740,-335056,-348457,-362876,-378501,,,,,,,,,,,,,,,,,,,,,,,,,,,,,,,,,,,,,,,,,,,,,,,,,,,,,,,,,,,,,,,,,,,,
RECAL 3 1 9999 -2280 64 4 80,-1478,-373189,-357483,-342885,-329120,-316391,-304736,-294168,-284686,-276227,-268842,-262534,-257288,-253066,-249856,-247657,-246455,-246261,-247068,-248829,-251595,-255341,-260071,-265784,-272436,-280042,-288582,-298038,-308518,-319922,-332221,-345362,-359273,-373883,,,,,,,,,,,,,,,,,,,,,,,,,,,,,,,,,,,,,,,,,,,,,,,,,,,,,,,,,,,,,,,,,,,,
RECAL 3 0 9999 9999 64 4 80,-2354,-339534,-325781,-313268,-301905,-291670,-282489,-274393,-267260,-261092,-255850,-251550,-248161,-245674,-244103,-243381,-243539,-244567,-246460,-249198,-252818,-257275,-262646,-268941,-276132,-284234,-293240,-303181,-314140,-326102,-338978,-353100,-368297,-384781,,,,,,,,,,,,,,,,,,,,,,,,,,,,,,,,,,,,,,,,,,,,,,,,,,,,,,,,,,,,,,,,,,,,
RECAL 3 1 9999 -2297 64 4 80,969,-307007,-299703,-292823,-286361,-280281,-274659,-269487,-264793,-260518,-256704,-253358,-250482,-248068,-246145,-244706,-243763,-243329,-243405,-244010,-245142,-246805,-249004,-251780,-255141,-259110,-263672,-268826,-274600,-280997,-288012,-295504,-303746,-312640,,,,,,,,,,,,,,,,,,,,,,,,,,,,,,,,,,,,,,,,,,,,,,,,,,,,,,,,,,,,,,,,,,,,
RECAL 3 0 9999 9999 64 4 80,-2282,-337003,-324541,-313156,-302729,-293267,-284762,-277177,-270505,-264739,-259862,-255853,-252761,-250476,-249043,-248454,-248696,-249775,-251674,-254392,-257918,-262246,-267379,-273298,-280060,-287640,-296033,-305323,-315351,-326387,-338417,-351362,-365298,-380341,,,,,,,,,,,,,,,,,,,,,,,,,,,,,,,,,,,,,,,,,,,,,,,,,,,,,,,,,,,,,,,,,,,,
RECAL 3 1 9999 -2225 64 4 80,1929,-481916,-464248,-443950,-422256,-400298,-378890,-358668,-339811,-322413,-306747,-292832,-280740,-270455,-262053,-255607,-251029,-248388,-247750,-249105,-252501,-257961,-265548,-275166,-286863,-300628,-316554,-334580,-354599,-376486,-399963,-423900,-447562,-469482,,,,,,,,,,,,,,,,,,,,,,,,,,,,,,,,,,,,,,,,,,,,,,,,,,,,,,,,,,,,,,,,,,,,
RECAL 3 0 9999 9999 64 4 80,-2299,-351012,-338288,-326656,-316123,-306512,-297854,-290174,-283291,-277269,-272092,-267799,-264357,-261735,-259969,-259042,-258925,-259636,-261161,-263520,-266670,-270647,-275446,-281080,-287546,-294716,-302781,-311686,-321508,-332226,-343914,-356605,-370059,-384862,,,,,,,,,,,,,,,,,,,,,,,,,,,,,,,,,,,,,,,,,,,,,,,,,,,,,,,,,,,,,,,,,,,,
RECAL 3 1 9999 -2240 64 4 80,2560,-516892,-516868,-512282,-505922,-493406,-472987,-446327,-416962,-388366,-361609,-337624,-316565,-298637,-283874,-272220,-263851,-258785,-256980,-258584,-263672,-272313,-284607,-300608,-320464,-344112,-371278,-402077,-434940,-466369,-490789,-504573,-511364,-515437,,,,,,,,,,,,,,,,,,,,,,,,,,,,,,,,,,,,,,,,,,,,,,,,,,,,,,,,,,,,,,,,,,,,
RECAL 3 0 9999 9999 64 4 80,2337,-356077,-342500,-329877,-318310,-307690,-297990,-289223,-281246,-274226,-267911,-262394,-257678,-253754,-250606,-248242,-246642,-245823,-245797,-246567,-248139,-250512,-253718,-257751,-262605,-268225,-274809,-282262,-290667,-300000,-310357,-321728,-334229,-347820,,,,,,,,,,,,,,,,,,,,,,,,,,,,,,,,,,,,,,,,,,,,,,,,,,,,,,,,,,,,,,,,,,,,
RECAL 3 1 9999 2403 64 4 80,-2714,-514904,-513558,-509030,-493868,-459215,-419174,-381951,-350445,-323230,-300386,-281646,-266671,-255389,-247711,-243542,-242843,-245608,-251808,-261410,-274345,-290395,-309353,-330963,-354400,-379762,-406384,-433260,-459299,-483228,-501223,-510904,-516378,-517230,,,,,,,,,,,,,,,,,,,,,,,,,,,,,,,,,,,,,,,,,,,,,,,,,,,,,,,,,,,,,,,,,,,,
RECAL 3 0 9999 9999 64 4 80,2253,-362139,-348110,-335047,-323010,-311942,-301729,-292359,-283864,-276188,-269364,-263354,-258163,-253808,-250282,-247519,-245542,-244359,-244001,-244445,-245712,-247802,-250706,-254418,-258966,-264376,-270634,-277771,-285798,-294734,-304503,-315406,-327289,-340303,,,,,,,,,,,,,,,,,,,,,,,,,,,,,,,,,,,,,,,,,,,,,,,,,,,,,,,,,,,,,,,,,,,,
RECAL 3 1 9999 2321 64 4 80,-2110,-486941,-465552,-438727,-410416,-382949,-357927,-335451,-315467,-298185,-283467,-271076,-260997,-253196,-247642,-244280,-243074,-243995,-247018,-252127,-259309,-268533,-279701,-292723,-307514,-324025,-342093,-361264,-381393,-402186,-423123,-443888,-464010,-481610,,,,,,,,,,,,,,,,,,,,,,,,,,,,,,,,,,,,,,,,,,,,,,,,,,,,,,,,,,,,,,,,,,,,
RECAL 3 0 9999 9999 64 4 80,2253,-354547,-340604,-327715,-315839,-304941,-294909,-285734,-277391,-269933,-263288,-257496,-252562,-248464,-245219,-242721,-241041,-240186,-240160,-240965,-242620,-245118,-248458,-252608,-257619,-263515,-270315,-277989,-286606,-296130,-306526,-318072,-330671,-344355,,,,,,,,,,,,,,,,,,,,,,,,,,,,,,,,,,,,,,,,,,,,,,,,,,,,,,,,,,,,,,,,,,,,
RECAL 3 1 9999 2319 64 4 80,-1227,-329831,-318058,-307177,-297271,-288123,-279743,-272198,-265480,-259540,-254434,-250112,-246571,-243817,-241794,-240501,-239922,-240064,-240897,-242435,-244608,-247489,-251027,-255235,-260087,-265578,-271662,-278391,-285700,-293638,-302107,-311103,-320591,-330514,,,,,,,,,,,,,,,,,,,,,,,,,,,,,,,,,,,,,,,,,,,,,,,,,,,,,,,,,,,,,,,,,,,,
RECAL 3 0 9999 9999 64 4 80,2322,-366915,-351775,-337730,-324822,-313072,-302410,-292683,-283901,-275986,-268969,-262819,-257531,-253157,-249563,-246820,-244916,-243855,-243627,-244250,-245726,-248072,-251330,-255473,-260554,-266561,-273524,-281423,-290311,-300013,-310965,-323063,-336386,-350914,,,,,,,,,,,,,,,,,,,,,,,,,,,,,,,,,,,,,,,,,,,,,,,,,,,,,,,,,,,,,,,,,,,,
RECAL 3 1 9999 2389 64 4 80,1193,-351895,-339398,-327572,-316520,-306186,-296627,-288011,-279970,-272702,-266250,-260549,-255672,-251612,-248362,-245940,-244353,-243569,-243614,-244480,-246183,-248744,-252158,-256380,-261532,-267564,-274467,-282228,-290870,-300302,-310613,-321766,-333797,-346560,,,,,,,,,,,,,,,,,,,,,,,,,,,,,,,,,,,,,,,,,,,,,,,,,,,,,,,,,,,,,,,,,,,,
RECAL 3 0 9999 9999 64 4 80,2320,-361179,-347092,-334125,-322190,-311310,-301487,-292614,-284611,-277459,-271140,-265668,-260989,-257197,-254145,-251907,-250459,-249813,-249961,-250916,-252687,-255269,-258742,-263053,-268245,-274323,-281304,-289229,-298027,-307684,-318562,-330500,-343651,-358081,,,,,,,,,,,,,,,,,,,,,,,,,,,,,,,,,,,,,,,,,,,,,,,,,,,,,,,,,,,,,,,,,,,,
RECAL 3 1 9999 2385 64 4 80,2032,-501695,-491203,-473229,-450384,-425562,-400060,-375763,-353592,-333467,-315506,-299684,-286085,-274545,-265011,-257677,-252589,-249732,-249132,-250848,-254881,-261196,-269989,-281221,-294863,-310926,-329294,-349904,-372255,-396016,-419971,-443214,-465181,-484065,,,,,,,,,,,,,,,,,,,,,,,,,,,,,,,,,,,,,,,,,,,,,,,,,,,,,,,,,,,,,,,,,,,,
RECAL 3 0 9999 9999 64 4 80,2314,-357483,-344408,-332314,-321250,-311108,-301849,-293546,-286115,-279432,-273527,-268414,-264047,-260404,-257519,-255403,-253963,-253267,-253284,-254032,-255507,-257731,-260677,-264416,-268947,-274265,-280368,-287323,-295089,-303746,-313292,-323623,-335137,-347765,,,,,,,,,,,,,,,,,,,,,,,,,,,,,,,,,,,,,,,,,,,,,,,,,,,,,,,,,,,,,,,,,,,,
RECAL 3 1 9999 2380 64 4 80,2625,-518823,-516744,-514438,-511254,-501181,-482928,-452596,-418416,-385727,-356905,-331734,-310168,-292122,-277431,-266026,-257897,-253095,-251525,-253342,-258594,-267391,-279812,-295908,-315811,-339589,-367291,-398269,-430883,-461261,-485820,-500901,-509536,-513518,,,,,,,,,,,,,,,,,,,,,,,,,,,,,,,,,,,,,,,,,,,,,,,,,,,,,,,,,,,,,,,,,,,,
RECAL 3 0 9999 9999 64 4 80,816,-264228,-262938,-261726,-260580,-259528,-258521,-257606,-256759,-255990,-255294,-254689,-254166,-253722,-253360,-253090,-252907,-252809,-252814,-252902,-253090,-253373,-253760,-254258,-254838,-255538,-256343,-257258,-258272,-259419,-260664,-262021,-263494,-265098,,,,,,,,,,,,,,,,,,,,,,,,,,,,,,,,,,,,,,,,,,,,,,,,,,,,,,,,,,,,,,,,,,,,
RECAL 3 1 9999 882 64 4 80,2594,-518497,-516478,-513949,-511790,-502147,-483286,-451031,-415904,-383352,-354180,-328987,-307556,-289801,-275508,-264557,-256961,-252777,-251894,-254350,-260220,-269591,-282581,-299207,-319596,-343420,-370956,-401589,-433133,-462996,-485239,-500405,-508498,-514500,,,,,,,,,,,,,,,,,,,,,,,,,,,,,,,,,,,,,,,,,,,,,,,,,,,,,,,,,,,,,,,,,,,,
RECAL 3 0 9999 9999 64 4 80,803,-260330,-258932,-257610,-256381,-255231,-254154,-253178,-252281,-251475,-250755,-250123,-249582,-249143,-248789,-248535,-248387,-248330,-248373,-248530,-248789,-249162,-249643,-250241,-250947,-251753,-252696,-253763,-254959,-256271,-257724,-259305,-261019,-262845,,,,,,,,,,,,,,,,,,,,,,,,,,,,,,,,,,,,,,,,,,,,,,,,,,,,,,,,,,,,,,,,,,,,
RECAL 3 1 9999 867 64 4 80,1995,-501037,-488819,-469708,-445256,-419340,-393502,-369723,-348182,-328711,-311373,-296143,-283039,-271946,-262936,-256035,-251145,-248345,-247664,-249128,-252756,-258596,-266723,-277251,-290195,-305440,-323013,-342838,-364471,-387814,-411851,-435417,-458011,-477865,,,,,,,,,,,,,,,,,,,,,,,,,,,,,,,,,,,,,,,,,,,,,,,,,,,,,,,,,,,,,,,,,,,,
RECAL 3 0 9999 9999 64 4 80,825,-260808,-259165,-257653,-256212,-254862,-253618,-252465,-251423,-250474,-249632,-248895,-248257,-247722,-247304,-247002,-246806,-246731,-246784,-246943,-247240,-247647,-248192,-248856,-249662,-250597,-251666,-252870,-254196,-255669,-257276,-259034,-260948,-262996,,,,,,,,,,,,,,,,,,,,,,,,,,,,,,,,,,,,,,,,,,,,,,,,,,,,,,,,,,,,,,,,,,,,
RECAL 3 1 9999 889 64 4 80,1131,-335998,-325371,-315399,-306062,-297372,-289425,-282175,-275513,-269513,-264214,-259591,-255663,-252446,-249939,-248130,-247059,-246733,-247172,-248397,-250380,-253173,-256776,-261102,-266338,-272370,-279249,-286949,-295407,-304729,-314833,-325529,-336929,-348987,,,,,,,,,,,,,,,,,,,,,,,,,,,,,,,,,,,,,,,,,,,,,,,,,,,,,,,,,,,,,,,,,,,,
RECAL 3 0 9999 9999 64 4 80,615,-249305,-248479,-247708,-246982,-246305,-245684,-245117,-244601,-244131,-243720,-243362,-243058,-242819,-242635,-242511,-242455,-242460,-242526,-242655,-242852,-243121,-243453,-243851,-244324,-244878,-245497,-246194,-246960,-247820,-248747,-249755,-250864,-252059,,,,,,,,,,,,,,,,,,,,,,,,,,,,,,,,,,,,,,,,,,,,,,,,,,,,,,,,,,,,,,,,,,,,
RECAL 3 1 9999 677 64 4 80,-1287,-340276,-327502,-315870,-305009,-295082,-286057,-277879,-270568,-264129,-258524,-253760,-249797,-246683,-244402,-242929,-242281,-242434,-243386,-245086,-247591,-250873,-254918,-259720,-265283,-271549,-278528,-286183,-294382,-303218,-312650,-322628,-333097,-344048,,,,,,,,,,,,,,,,,,,,,,,,,,,,,,,,,,,,,,,,,,,,,,,,,,,,,,,,,,,,,,,,,,,,
RECAL 3 0 9999 9999 64 4 80,613,-257333,-256460,-255628,-254835,-254097,-253394,-252756,-252166,-251616,-251116,-250664,-250278,-249932,-249654,-249420,-249242,-249121,-249070,-249064,-249131,-249250,-249447,-249706,-250010,-250399,-250842,-251364,-251959,-252632,-253363,-254176,-255072,-256049,,,,,,,,,,,,,,,,,,,,,,,,,,,,,,,,,,,,,,,,,,,,,,,,,,,,,,,,,,,,,,,,,,,,
RECAL 3 1 9999 683 64 4 80,-2142,-497499,-480408,-454523,-425447,-396764,-370319,-346724,-325851,-307893,-292218,-278976,-268145,-259689,-253578,-249805,-248296,-249037,-251960,-257041,-264265,-273578,-284943,-298233,-313392,-330017,-348349,-367883,-388418,-409527,-430623,-450952,-470098,-487055,,,,,,,,,,,,,,,,,,,,,,,,,,,,,,,,,,,,,,,,,,,,,,,,,,,,,,,,,,,,,,,,,,,,
RECAL 3 0 9999 9999 64 4 80,878,-264091,-262355,-260722,-259193,-257760,-256456,-255209,-254074,-253039,-252105,-251279,-250551,-249932,-249438,-249051,-248773,-248608,-248550,-248608,-248793,-249100,-249511,-250063,-250732,-251544,-252488,-253530,-254743,-256077,-257571,-259231,-261016,-262972,,,,,,,,,,,,,,,,,,,,,,,,,,,,,,,,,,,,,,,,,,,,,,,,,,,,,,,,,,,,,,,,,,,,
RECAL 3 1 9999 946 64 4 80,-2740,-516886,-514971,-512364,-502460,-474369,-433811,-395222,-361650,-333256,-309411,-289742,-273882,-261756,-253215,-248252,-246641,-248482,-253712,-262332,-274267,-289403,-307538,-328772,-352548,-378163,-405407,-432756,-459362,-483639,-501029,-511172,-517342,-518173,,,,,,,,,,,,,,,,,,,,,,,,,,,,,,,,,,,,,,,,,,,,,,,,,,,,,,,,,,,,,,,,,,,,
RECAL 3 0 9999 9999 64 4 80,-2100,-324689,-314994,-306069,-297869,-290446,-283699,-277688,-272320,-267589,-263475,-259957,-257060,-254750,-253048,-251942,-251397,-251438,-252057,-253252,-255022,-257364,-260294,-263853,-268010,-272762,-278143,-284120,-290721,-297908,-305830,-314290,-323535,-333493,,,,,,,,,,,,,,,,,,,,,,,,,,,,,,,,,,,,,,,,,,,,,,,,,,,,,,,,,,,,,,,,,,,,
RECAL 3 1 9999 -2038 64 4 80,-2734,-516343,-516553,-513833,-501673,-470776,-429727,-391904,-359632,-332397,-309550,-290683,-275493,-264016,-255771,-250919,-249434,-251306,-256514,-265058,-276885,-291976,-310334,-331672,-355786,-382261,-410371,-438817,-465987,-488458,-504390,-512436,-517007,-518162,,,,,,,,,,,,,,,,,,,,,,,,,,,,,,,,,,,,,,,,,,,,,,,,,,,,,,,,,,,,,,,,,,,,
RECAL 3 0 9999 9999 64 4 80,-2187,-334663,-323898,-314034,-305118,-296859,-289452,-282728,-276739,-271451,-266870,-262975,-259738,-257166,-255270,-254047,-253496,-253607,-254384,-255819,-257884,-260630,-264049,-268104,-272832,-278242,-284321,-291065,-298453,-306482,-315223,-324662,-334861,-345849,,,,,,,,,,,,,,,,,,,,,,,,,,,,,,,,,,,,,,,,,,,,,,,,,,,,,,,,,,,,,,,,,,,,
RECAL 3 1 9999 -2126 64 4 80,-2141,-499348,-481696,-453531,-423390,-394518,-368527,-345634,-325536,-308298,-293320,-280748,-270512,-262584,-256945,-253565,-252414,-253470,-256680,-262051,-269532,-279102,-290741,-304314,-319811,-336857,-355718,-375856,-397119,-418868,-440274,-460530,-478780,-493843,,,,,,,,,,,,,,,,,,,,,,,,,,,,,,,,,,,,,,,,,,,,,,,,,,,,,,,,,,,,,,,,,,,,
RECAL 3 0 9999 9999 64 4 80,-2186,-331020,-320328,-310500,-301671,-293528,-286181,-279553,-273657,-268493,-264039,-260267,-257160,-254725,-252981,-251912,-251524,-251800,-252741,-254346,-256572,-259508,-263100,-267349,-272255,-277851,-284127,-291060,-298605,-306817,-315756,-325369,-335759,-346895,,,,,,,,,,,,,,,,,,,,,,,,,,,,,,,,,,,,,,,,,,,,,,,,,,,,,,,,,,,,,,,,,,,,
RECAL 3 1 9999 -2126 64 4 80,-1285,-350768,-337943,-326269,-315402,-305418,-296338,-288193,-280842,-274338,-268672,-263791,-259711,-256444,-254027,-252391,-251563,-251530,-252273,-253772,-256071,-259131,-262975,-267567,-272894,-278953,-285760,-293138,-301197,-309910,-319248,-329150,-339633,-350621,,,,,,,,,,,,,,,,,,,,,,,,,,,,,,,,,,,,,,,,,,,,,,,,,,,,,,,,,,,,,,,,,,,,
RECAL 3 0 9999 9999 64 4 80,-2112,-326255,-316448,-307288,-298944,-291382,-284518,-278345,-272867,-268079,-264030,-260597,-257787,-255618,-254058,-253118,-252787,-253044,-253904,-255357,-257398,-260048,-263282,-267110,-271526,-276542,-282232,-288558,-295474,-303075,-311320,-320239,-329830,-340197,,,,,,,,,,,,,,,,,,,,,,,,,,,,,,,,,,,,,,,,,,,,,,,,,,,,,,,,,,,,,,,,,,,,
RECAL 3 1 9999 -2052 64 4 80,1133,-341755,-331134,-321167,-311892,-303291,-295447,-288209,-281586,-275648,-270370,-265785,-261865,-258630,-256094,-254246,-253137,-252764,-253157,-254309,-256247,-258974,-262453,-266787,-271935,-277935,-284746,-292388,-300854,-310194,-320270,-331034,-342555,-354742,,,,,,,,,,,,,,,,,,,,,,,,,,,,,,,,,,,,,,,,,,,,,,,,,,,,,,,,,,,,,,,,,,,,
RECAL 3 0 9999 9999 64 4 80,-2121,-329092,-319398,-310486,-302452,-295059,-288386,-282367,-277017,-272320,-268283,-264905,-262144,-260016,-258494,-257550,-257202,-257439,-258275,-259674,-261631,-264206,-267349,-271071,-275381,-280266,-285746,-291819,-298548,-305976,-314084,-322831,-332272,-342446,,,,,,,,,,,,,,,,,,,,,,,,,,,,,,,,,,,,,,,,,,,,,,,,,,,,,,,,,,,,,,,,,,,,
RECAL 3 1 9999 -2061 64 4 80,1998,-506029,-495148,-476390,-451290,-424338,-398461,-374789,-353541,-334440,-317577,-302806,-290153,-279509,-270950,-264317,-259711,-257168,-256702,-258356,-262165,-268152,-276445,-287154,-300131,-315544,-333248,-353251,-375147,-398896,-423015,-447055,-468934,-486652,,,,,,,,,,,,,,,,,,,,,,,,,,,,,,,,,,,,,,,,,,,,,,,,,,,,,,,,,,,,,,,,,,,,
RECAL 3 0 9999 9999 64 4 80,-2128,-346833,-337491,-328956,-321142,-314019,-307676,-301873,-296720,-292238,-288344,-285020,-282322,-280230,-278710,-277760,-277378,-277545,-278268,-279561,-281396,-283790,-286717,-290223,-294268,-298902,-304106,-309898,-316284,-323277,-331041,-339468,-348534,-358278,,,,,,,,,,,,,,,,,,,,,,,,,,,,,,,,,,,,,,,,,,,,,,,,,,,,,,,,,,,,,,,,,,,,
RECAL 3 1 9999 -2067 64 4 80,2596,-518550,-518575,-517949,-514866,-508553,-492458,-462624,-429614,-398158,-370337,-346664,-326591,-310071,-296918,-287110,-280538,-277202,-277110,-280255,-286722,-296554,-309969,-326958,-347301,-371488,-399460,-430137,-461231,-487760,-504075,-511491,-515402,-516896,,,,,,,,,,,,,,,,,,,,,,,,,,,,,,,,,,,,,,,,,,,,,,,,,,,,,,,,,,,,,,,,,,,,
RECAL 3 0 9999 9999 64 4 80,2251,-363588,-349257,-335616,-322856,-310939,-299857,-289594,-280164,-271650,-264060,-257386,-251676,-246883,-243035,-240115,-238090,-237014,-236884,-237731,-239543,-242350,-246135,-250903,-256631,-263402,-271230,-280169,-290165,-301301,-313743,-327238,-342319,-358830,,,,,,,,,,,,,,,,,,,,,,,,,,,,,,,,,,,,,,,,,,,,,,,,,,,,,,,,,,,,,,,,,,,,
RECAL 3 1 9999 2318 64 4 80,-2683,-510755,-500777,-482685,-457000,-427791,-396866,-366204,-337415,-311067,-288107,-268898,-253599,-242351,-235048,-231691,-232210,-236586,-244850,-256890,-272703,-292188,-315120,-341018,-369279,-399172,-429319,-458031,-484060,-501542,-512057,-518534,-519032,-520274,,,,,,,,,,,,,,,,,,,,,,,,,,,,,,,,,,,,,,,,,,,,,,,,,,,,,,,,,,,,,,,,,,,,
RECAL 3 0 9999 9999 64 4 80,2244,-363743,-348988,-334820,-321380,-308763,-297013,-286197,-276214,-267017,-258766,-251483,-245185,-239839,-235472,-232098,-229723,-228289,-227843,-228390,-229983,-232587,-236258,-240999,-246815,-253625,-261541,-270626,-280883,-292366,-305099,-319226,-334554,-351658,,,,,,,,,,,,,,,,,,,,,,,,,,,,,,,,,,,,,,,,,,,,,,,,,,,,,,,,,,,,,,,,,,,,
RECAL 3 1 9999 2312 64 4 80,-2097,-473789,-452457,-428920,-404903,-381244,-358377,-336592,-316235,-297579,-280946,-266420,-254142,-244193,-236602,-231336,-228403,-227807,-229551,-233621,-240003,-248683,-259705,-273097,-288777,-306487,-326161,-347545,-370193,-393914,-417768,-441335,-463828,-483657,,,,,,,,,,,,,,,,,,,,,,,,,,,,,,,,,,,,,,,,,,,,,,,,,,,,,,,,,,,,,,,,,,,,
RECAL 3 0 9999 9999 64 4 80,2249,-367143,-352273,-337893,-324313,-311526,-299604,-288532,-278225,-268872,-260478,-253058,-246626,-241175,-236717,-233277,-230784,-229295,-228807,-229352,-230920,-233558,-237262,-242044,-247845,-254709,-262746,-271933,-282319,-293901,-306802,-320886,-336534,-353750,,,,,,,,,,,,,,,,,,,,,,,,,,,,,,,,,,,,,,,,,,,,,,,,,,,,,,,,,,,,,,,,,,,,
RECAL 3 1 9999 2317 64 4 80,-1247,-344137,-331352,-319121,-307529,-296639,-286553,-277184,-268606,-260912,-253989,-247895,-242640,-238199,-234593,-231822,-229890,-228773,-228465,-228932,-230199,-232232,-235035,-238619,-242950,-247971,-253759,-260309,-267569,-275541,-284189,-293469,-303359,-313891,,,,,,,,,,,,,,,,,,,,,,,,,,,,,,,,,,,,,,,,,,,,,,,,,,,,,,,,,,,,,,,,,,,,
RECAL 3 0 9999 9999 64 4 80,2162,-355148,-341148,-327834,-315366,-303795,-292893,-282797,-273525,-265117,-257587,-250959,-245221,-240410,-236509,-233514,-231410,-230211,-229913,-230536,-232086,-234529,-237939,-242303,-247633,-253941,-261287,-269643,-279057,-289677,-301458,-314538,-328882,-344616,,,,,,,,,,,,,,,,,,,,,,,,,,,,,,,,,,,,,,,,,,,,,,,,,,,,,,,,,,,,,,,,,,,,
RECAL 3 1 9999 2230 64 4 80,1139,-349531,-337802,-326446,-315548,-305190,-295259,-285918,-277162,-269028,-261564,-254808,-248798,-243442,-238851,-235044,-232061,-229892,-228551,-228065,-228430,-229656,-231763,-234773,-238695,-243537,-249311,-256014,-263710,-272192,-281629,-291979,-303201,-315345,,,,,,,,,,,,,,,,,,,,,,,,,,,,,,,,,,,,,,,,,,,,,,,,,,,,,,,,,,,,,,,,,,,,
RECAL 3 0 9999 9999 64 4 80,2249,-362923,-348138,-334055,-320916,-308625,-297231,-286699,-276937,-268099,-260193,-253210,-247179,-242082,-237893,-234686,-232357,-230978,-230537,-231066,-232576,-235070,-238575,-243061,-248511,-254975,-262513,-271141,-280886,-291765,-303852,-317100,-331802,-348014,,,,,,,,,,,,,,,,,,,,,,,,,,,,,,,,,,,,,,,,,,,,,,,,,,,,,,,,,,,,,,,,,,,,
RECAL 3 1 9999 2317 64 4 80,1983,-498545,-482936,-463322,-441481,-418471,-395447,-372806,-350966,-330205,-311111,-293659,-277990,-264247,-252534,-243003,-235624,-230517,-227700,-227198,-229062,-233367,-240129,-249397,-261220,-275625,-292820,-312694,-335134,-359881,-386514,-414125,-441228,-465834,,,,,,,,,,,,,,,,,,,,,,,,,,,,,,,,,,,,,,,,,,,,,,,,,,,,,,,,,,,,,,,,,,,,
RECAL 3 0 9999 9999 64 4 80,2255,-355870,-341653,-328348,-316047,-304646,-294058,-284362,-275546,-267620,-260582,-254432,-249150,-244729,-241210,-238467,-236584,-235593,-235461,-236206,-237853,-240400,-243810,-248097,-253269,-259389,-266496,-274527,-283591,-293662,-304662,-316930,-330413,-345280,,,,,,,,,,,,,,,,,,,,,,,,,,,,,,,,,,,,,,,,,,,,,,,,,,,,,,,,,,,,,,,,,,,,
RECAL 3 1 9999 2322 64 4 80,2572,-519074,-517672,-513829,-506539,-492133,-469150,-439959,-409621,-379485,-351045,-325043,-301864,-281802,-265135,-251683,-241728,-235336,-232636,-233712,-238627,-247500,-260406,-277239,-298206,-323541,-353335,-387635,-425862,-463928,-492773,-505986,-513121,-515236,,,,,,,,,,,,,,,,,,,,,,,,,,,,,,,,,,,,,,,,,,,,,,,,,,,,,,,,,,,,,,,,,,,,
RECAL 3 0 9999 9999 64 4 80,823,-247365,-245852,-244428,-243114,-241877,-240731,-239668,-238719,-237857,-237101,-236438,-235889,-235448,-235091,-234874,-234759,-234758,-234887,-235124,-235477,-235959,-236577,-237323,-238201,-239221,-240358,-241649,-243063,-244611,-246319,-248164,-250147,-252302,,,,,,,,,,,,,,,,,,,,,,,,,,,,,,,,,,,,,,,,,,,,,,,,,,,,,,,,,,,,,,,,,,,,
RECAL 3 1 9999 885 64 4 80,2540,-518407,-515404,-508676,-497014,-477485,-450741,-421060,-391028,-362175,-335571,-311610,-290576,-272659,-258039,-246673,-238878,-234729,-234305,-237699,-244961,-256195,-271302,-290708,-314339,-342286,-374425,-410396,-446875,-478773,-497664,-507772,-513471,-516238,,,,,,,,,,,,,,,,,,,,,,,,,,,,,,,,,,,,,,,,,,,,,,,,,,,,,,,,,,,,,,,,,,,,
RECAL 3 0 9999 9999 64 4 80,794,-244522,-242833,-241252,-239790,-238390,-237101,-235907,-234827,-233846,-232982,-232230,-231581,-231036,-230609,-230292,-230108,-230039,-230070,-230248,-230561,-230988,-231560,-232260,-233103,-234087,-235203,-236443,-237861,-239433,-241165,-243058,-245088,-247308,,,,,,,,,,,,,,,,,,,,,,,,,,,,,,,,,,,,,,,,,,,,,,,,,,,,,,,,,,,,,,,,,,,,
RECAL 3 1 9999 858 64 4 80,1942,-493001,-475880,-455524,-433361,-410557,-387527,-365121,-343724,-323562,-304958,-288130,-273307,-260325,-249474,-240769,-234274,-230047,-228105,-228470,-231147,-236153,-243509,-253249,-265427,-280010,-296974,-316330,-337750,-361225,-386387,-412161,-437566,-461185,,,,,,,,,,,,,,,,,,,,,,,,,,,,,,,,,,,,,,,,,,,,,,,,,,,,,,,,,,,,,,,,,,,,
RECAL 3 0 9999 9999 64 4 80,497,-232099,-231531,-231006,-230512,-230059,-229640,-229251,-228907,-228587,-228327,-228104,-227927,-227782,-227698,-227657,-227663,-227716,-227819,-227975,-228177,-228435,-228740,-229113,-229537,-230017,-230563,-231161,-231817,-232543,-233345,-234216,-235157,-236167,,,,,,,,,,,,,,,,,,,,,,,,,,,,,,,,,,,,,,,,,,,,,,,,,,,,,,,,,,,,,,,,,,,,
RECAL 3 1 9999 555 64 4 80,1080,-316683,-306570,-297036,-287980,-279415,-271429,-264068,-257312,-251234,-245810,-241077,-237082,-233768,-231167,-229274,-228095,-227651,-227942,-228967,-230767,-233340,-236707,-240879,-245847,-251620,-258229,-265675,-274078,-283331,-293408,-304340,-316105,-328620,,,,,,,,,,,,,,,,,,,,,,,,,,,,,,,,,,,,,,,,,,,,,,,,,,,,,,,,,,,,,,,,,,,,
RECAL 3 0 9999 9999 64 4 80,791,-245169,-243382,-241698,-240137,-238679,-237324,-236083,-234949,-233937,-233026,-232254,-231597,-231049,-230629,-230321,-230155,-230110,-230198,-230411,-230769,-231264,-231908,-232680,-233629,-234701,-235936,-237318,-238837,-240545,-242424,-244444,-246650,-249031,,,,,,,,,,,,,,,,,,,,,,,,,,,,,,,,,,,,,,,,,,,,,,,,,,,,,,,,,,,,,,,,,,,,
RECAL 3 1 9999 854 64 4 80,-1317,-365181,-350822,-337142,-324091,-311753,-300131,-289372,-279398,-270307,-262083,-254840,-248444,-242954,-238370,-234702,-231946,-230101,-229147,-229100,-229946,-231710,-234358,-237908,-242352,-247645,-253807,-260742,-268577,-277255,-286726,-296928,-307915,-319615,,,,,,,,,,,,,,,,,,,,,,,,,,,,,,,,,,,,,,,,,,,,,,,,,,,,,,,,,,,,,,,,,,,,
RECAL 3 0 9999 9999 64 4 80,780,-243361,-241783,-240295,-238910,-237615,-236426,-235370,-234401,-233545,-232792,-232135,-231602,-231191,-230881,-230692,-230614,-230664,-230823,-231113,-231520,-232080,-232754,-233574,-234528,-235630,-236875,-238265,-239811,-241495,-243300,-245308,-247452,-249773,,,,,,,,,,,,,,,,,,,,,,,,,,,,,,,,,,,,,,,,,,,,,,,,,,,,,,,,,,,,,,,,,,,,
RECAL 3 1 9999 840 64 4 80,-2134,-461170,-437632,-413453,-389016,-364966,-342056,-320771,-301044,-283503,-268197,-255293,-244907,-237008,-231655,-228842,-228503,-230576,-235076,-242035,-251361,-263090,-277165,-293292,-311745,-332127,-354252,-377503,-401749,-425846,-449314,-470847,-489680,-502924,,,,,,,,,,,,,,,,,,,,,,,,,,,,,,,,,,,,,,,,,,,,,,,,,,,,,,,,,,,,,,,,,,,,
RECAL 3 0 9999 9999 64 4 80,793,-249291,-247743,-246276,-244920,-243673,-242492,-241416,-240435,-239552,-238751,-238085,-237496,-237009,-236635,-236366,-236208,-236159,-236233,-236401,-236710,-237129,-237667,-238363,-239170,-240097,-241158,-242339,-243670,-245159,-246787,-248554,-250474,-252559,,,,,,,,,,,,,,,,,,,,,,,,,,,,,,,,,,,,,,,,,,,,,,,,,,,,,,,,,,,,,,,,,,,,
RECAL 3 1 9999 857 64 4 80,-2714,-511220,-502563,-485690,-461801,-434318,-404227,-373646,-344786,-317985,-294417,-274475,-258261,-246010,-237664,-233214,-232682,-236065,-243440,-254712,-269924,-288899,-311473,-337464,-365908,-396804,-428479,-458853,-484805,-503037,-512656,-516471,-518507,-519663,,,,,,,,,,,,,,,,,,,,,,,,,,,,,,,,,,,,,,,,,,,,,,,,,,,,,,,,,,,,,,,,,,,,
RECAL 3 0 9999 9999 64 4 80,-2077,-315863,-305120,-295203,-286087,-277707,-270104,-263236,-257140,-251840,-247255,-243393,-240268,-237866,-236197,-235222,-234973,-235437,-236620,-238511,-241141,-244481,-248516,-253280,-258746,-264886,-271795,-279477,-287913,-297063,-307061,-317884,-329534,-341999,,,,,,,,,,,,,,,,,,,,,,,,,,,,,,,,,,,,,,,,,,,,,,,,,,,,,,,,,,,,,,,,,,,,
RECAL 3 1 9999 -2018 64 4 80,-2687,-518002,-516139,-510474,-499350,-482161,-456542,-427467,-396769,-366245,-337520,-311632,-289261,-270553,-255736,-244869,-237935,-234932,-235779,-240534,-249155,-261643,-278002,-298098,-321856,-348908,-378497,-410317,-442109,-471472,-494033,-506883,-514220,-517275,,,,,,,,,,,,,,,,,,,,,,,,,,,,,,,,,,,,,,,,,,,,,,,,,,,,,,,,,,,,,,,,,,,,
RECAL 3 0 9999 9999 64 4 80,-2074,-309622,-298861,-288972,-279813,-271444,-263865,-257032,-251053,-245776,-241267,-237484,-234463,-232179,-230635,-229795,-229680,-230278,-231619,-233682,-236463,-239971,-244204,-249146,-254726,-261111,-268235,-276122,-284751,-294147,-304327,-315351,-327125,-339716,,,,,,,,,,,,,,,,,,,,,,,,,,,,,,,,,,,,,,,,,,,,,,,,,,,,,,,,,,,,,,,,,,,,
RECAL 3 1 9999 -2015 64 4 80,-2097,-478130,-457070,-434010,-409714,-385368,-361862,-339672,-318934,-300036,-283269,-268627,-256228,-246225,-238591,-233247,-230271,-229645,-231338,-235374,-241752,-250428,-261500,-275011,-290840,-308850,-329030,-351163,-374773,-399832,-424806,-449205,-471175,-489793,,,,,,,,,,,,,,,,,,,,,,,,,,,,,,,,,,,,,,,,,,,,,,,,,,,,,,,,,,,,,,,,,,,,
RECAL 3 0 9999 9999 64 4 80,-2065,-309305,-298562,-288677,-279521,-271157,-263640,-256820,-250789,-245518,-240980,-237196,-234138,-231824,-230211,-229325,-229161,-229743,-231020,-233034,-235744,-239187,-243276,-248121,-253671,-259961,-266980,-274722,-283212,-292452,-302338,-312991,-324447,-336724,,,,,,,,,,,,,,,,,,,,,,,,,,,,,,,,,,,,,,,,,,,,,,,,,,,,,,,,,,,,,,,,,,,,
RECAL 3 1 9999 -2006 64 4 80,-1246,-344157,-331114,-318658,-306922,-295937,-285808,-276442,-267913,-260302,-253459,-247485,-242328,-238010,-234531,-231900,-230095,-229139,-228961,-229570,-230973,-233146,-236087,-239808,-244273,-249434,-255374,-262070,-269492,-277613,-286451,-295884,-306027,-316843,,,,,,,,,,,,,,,,,,,,,,,,,,,,,,,,,,,,,,,,,,,,,,,,,,,,,,,,,,,,,,,,,,,,
RECAL 3 0 9999 9999 64 4 80,-2162,-319181,-307545,-296781,-287007,-277987,-269770,-262331,-255759,-250035,-245124,-241051,-237783,-235328,-233694,-232814,-232744,-233450,-234936,-237196,-240264,-244096,-248658,-253953,-260002,-266842,-274457,-282868,-292064,-302087,-312925,-324669,-337365,-351038,,,,,,,,,,,,,,,,,,,,,,,,,,,,,,,,,,,,,,,,,,,,,,,,,,,,,,,,,,,,,,,,,,,,
RECAL 3 1 9999 -2104 64 4 80,1140,-350450,-338413,-326867,-315970,-305467,-295557,-286320,-277684,-269721,-262467,-255930,-250165,-245066,-240741,-237229,-234530,-232654,-231623,-231437,-232098,-233629,-236033,-239353,-243571,-248693,-254739,-261741,-269669,-278422,-288101,-298651,-310128,-322540,,,,,,,,,,,,,,,,,,,,,,,,,,,,,,,,,,,,,,,,,,,,,,,,,,,,,,,,,,,,,,,,,,,,
RECAL 3 0 9999 9999 64 4 80,-2066,-310163,-299813,-290287,-281492,-273429,-266185,-259592,-253749,-248640,-244241,-240529,-237529,-235212,-233573,-232629,-232385,-232832,-233969,-235792,-238315,-241495,-245339,-249883,-255112,-261077,-267724,-275096,-283174,-291993,-301488,-311681,-322680,-334516,,,,,,,,,,,,,,,,,,,,,,,,,,,,,,,,,,,,,,,,,,,,,,,,,,,,,,,,,,,,,,,,,,,,
RECAL 3 1 9999 -2007 64 4 80,1980,-502266,-489574,-470559,-448915,-425406,-401369,-377487,-354767,-333272,-313488,-295719,-279900,-266057,-254327,-244790,-237438,-232346,-229564,-229053,-230894,-235115,-241788,-250895,-262505,-276630,-293258,-312720,-334717,-359077,-385594,-413501,-441179,-466504,,,,,,,,,,,,,,,,,,,,,,,,,,,,,,,,,,,,,,,,,,,,,,,,,,,,,,,,,,,,,,,,,,,,
RECAL 3 0 9999 9999 64 4 80,-2067,-310480,-300560,-291482,-283087,-275446,-268548,-262287,-256731,-251886,-247692,-244192,-241334,-239146,-237598,-236703,-236469,-236909,-237991,-239755,-242166,-245226,-248881,-253237,-258247,-263938,-270309,-277375,-285109,-293542,-302686,-312470,-323002,-334328,,,,,,,,,,,,,,,,,,,,,,,,,,,,,,,,,,,,,,,,,,,,,,,,,,,,,,,,,,,,,,,,,,,,
RECAL 3 1 9999 -2008 64 4 80,2569,-517739,-516010,-511538,-501509,-485102,-459485,-429206,-397605,-367245,-339494,-314651,-292983,-274656,-259732,-248477,-240636,-236410,-235906,-239189,-246313,-257371,-272497,-291606,-314642,-341967,-373794,-410101,-448996,-483944,-503226,-510929,-515102,-517233,,,,,,,,,,,,,,,,,,,,,,,,,,,,,,,,,,,,,,,,,,,,,,,,,,,,,,,,,,,,,,,,,,,,
RECAL 3 0 9999 9999 64 4 80,2295,-350081,-334635,-320237,-307045,-294703,-283403,-273097,-263795,-255475,-248164,-241795,-236459,-232107,-228712,-226264,-224777,-224229,-224639,-226013,-228324,-231621,-235912,-241205,-247480,-254756,-263065,-272429,-282958,-294562,-307280,-321134,-336095,-352210,,,,,,,,,,,,,,,,,,,,,,,,,,,,,,,,,,,,,,,,,,,,,,,,,,,,,,,,,,,,,,,,,,,,
RECAL 3 1 9999 2359 64 4 80,-2711,-507435,-493570,-470852,-442955,-413127,-383038,-354286,-326876,-301882,-279800,-260935,-245603,-233869,-225843,-221523,-220923,-224078,-231003,-241707,-256211,-274567,-296734,-322434,-352295,-385516,-421048,-455342,-483723,-500880,-509710,-514890,-517610,-518789,,,,,,,,,,,,,,,,,,,,,,,,,,,,,,,,,,,,,,,,,,,,,,,,,,,,,,,,,,,,,,,,,,,,
RECAL 3 0 9999 9999 64 4 80,2222,-347375,-332323,-318134,-304891,-292635,-281466,-271117,-261710,-253260,-245774,-239224,-233617,-228942,-225183,-222371,-220525,-219637,-219723,-220775,-222800,-225823,-229774,-234783,-240813,-247837,-255889,-264989,-275106,-286284,-298366,-311423,-325404,-340339,,,,,,,,,,,,,,,,,,,,,,,,,,,,,,,,,,,,,,,,,,,,,,,,,,,,,,,,,,,,,,,,,,,,
RECAL 3 1 9999 2288 64 4 80,-2120,-450512,-426440,-402098,-378334,-355238,-333231,-312678,-293766,-276728,-261685,-248847,-238265,-229962,-223923,-220180,-218714,-219563,-222705,-228151,-235825,-245889,-258266,-272985,-290032,-309318,-330877,-354542,-380112,-407199,-434278,-459532,-480739,-495470,,,,,,,,,,,,,,,,,,,,,,,,,,,,,,,,,,,,,,,,,,,,,,,,,,,,,,,,,,,,,,,,,,,,
RECAL 3 0 9999 9999 64 4 80,2222,-346238,-331196,-317037,-303760,-291429,-280198,-269748,-260233,-251702,-244127,-237476,-231789,-227050,-223234,-220372,-218484,-217572,-217640,-218695,-220737,-223777,-227774,-232827,-238910,-246014,-254134,-263313,-273511,-284769,-296905,-310002,-324014,-338926,,,,,,,,,,,,,,,,,,,,,,,,,,,,,,,,,,,,,,,,,,,,,,,,,,,,,,,,,,,,,,,,,,,,
RECAL 3 1 9999 2288 64 4 80,-1263,-313717,-302013,-291002,-280663,-271025,-262125,-253993,-246678,-240166,-234471,-229593,-225546,-222341,-219915,-218300,-217492,-217495,-218307,-219907,-222312,-225480,-229416,-234119,-239592,-245823,-252799,-260536,-269010,-278107,-288005,-298532,-309828,-321763,,,,,,,,,,,,,,,,,,,,,,,,,,,,,,,,,,,,,,,,,,,,,,,,,,,,,,,,,,,,,,,,,,,,
RECAL 3 0 9999 9999 64 4 80,2249,-348183,-333151,-319001,-305672,-293301,-281828,-271224,-261486,-252732,-244985,-238185,-232386,-227566,-223735,-220917,-219046,-218176,-218322,-219462,-221617,-224800,-229002,-234240,-240460,-247701,-255959,-265291,-275656,-287100,-299492,-312793,-327171,-342513,,,,,,,,,,,,,,,,,,,,,,,,,,,,,,,,,,,,,,,,,,,,,,,,,,,,,,,,,,,,,,,,,,,,
RECAL 3 1 9999 2314 64 4 80,1147,-321478,-310421,-299938,-289913,-280374,-271429,-263081,-255381,-248358,-242012,-236307,-231339,-227129,-223692,-221036,-219178,-218122,-217886,-218479,-219911,-222195,-225346,-229373,-234289,-240114,-246850,-254398,-262877,-272246,-282552,-293742,-305846,-318892,,,,,,,,,,,,,,,,,,,,,,,,,,,,,,,,,,,,,,,,,,,,,,,,,,,,,,,,,,,,,,,,,,,,
RECAL 3 0 9999 9999 64 4 80,2309,-350502,-335249,-320866,-307383,-294851,-283267,-272597,-262954,-254347,-246739,-240088,-234409,-229707,-225983,-223254,-221538,-220789,-221039,-222298,-224563,-227849,-232162,-237508,-243955,-251523,-260164,-269930,-280808,-292784,-305881,-320134,-335330,-351819,,,,,,,,,,,,,,,,,,,,,,,,,,,,,,,,,,,,,,,,,,,,,,,,,,,,,,,,,,,,,,,,,,,,
RECAL 3 1 9999 2374 64 4 80,1997,-485215,-465731,-443229,-419867,-396356,-373319,-351360,-330436,-310792,-292712,-276359,-261832,-249311,-238959,-230654,-224580,-220742,-219180,-219929,-223014,-228462,-236332,-246777,-259753,-275278,-293361,-313999,-337167,-362704,-389984,-418707,-446307,-470631,,,,,,,,,,,,,,,,,,,,,,,,,,,,,,,,,,,,,,,,,,,,,,,,,,,,,,,,,,,,,,,,,,,,
RECAL 3 0 9999 9999 64 4 80,2312,-353934,-339056,-325076,-312014,-299856,-288673,-278370,-269058,-260691,-253226,-246673,-241011,-236246,-232406,-229535,-227536,-226453,-226310,-227100,-228836,-231508,-235147,-239775,-245442,-252101,-259791,-268549,-278347,-289236,-301203,-314183,-328526,-344093,,,,,,,,,,,,,,,,,,,,,,,,,,,,,,,,,,,,,,,,,,,,,,,,,,,,,,,,,,,,,,,,,,,,
RECAL 3 1 9999 2379 64 4 80,2588,-517653,-516657,-513113,-504584,-487707,-461673,-432403,-402672,-373378,-345935,-319948,-296356,-275651,-258037,-243864,-233204,-226211,-222894,-223285,-227362,-235177,-246810,-262280,-281732,-305255,-332697,-364876,-401639,-440922,-476818,-498055,-506736,-511664,,,,,,,,,,,,,,,,,,,,,,,,,,,,,,,,,,,,,,,,,,,,,,,,,,,,,,,,,,,,,,,,,,,,
RECAL 3 0 9999 9999 64 4 80,920,-240169,-238290,-236518,-234915,-233421,-232069,-230839,-229735,-228775,-227945,-227263,-226715,-226305,-226049,-225934,-225972,-226160,-226509,-227001,-227677,-228524,-229524,-230699,-232056,-233590,-235310,-237192,-239294,-241596,-244079,-246760,-249642,-252727,,,,,,,,,,,,,,,,,,,,,,,,,,,,,,,,,,,,,,,,,,,,,,,,,,,,,,,,,,,,,,,,,,,,
RECAL 3 1 9999 977 64 4 80,2557,-518219,-517159,-513174,-504751,-488291,-463165,-434366,-404636,-375095,-346836,-320243,-296258,-275336,-257624,-243448,-232835,-225915,-222686,-223117,-227251,-235121,-246805,-262321,-281748,-305176,-332708,-364303,-400528,-439834,-476032,-498628,-508143,-512846,,,,,,,,,,,,,,,,,,,,,,,,,,,,,,,,,,,,,,,,,,,,,,,,,,,,,,,,,,,,,,,,,,,,
RECAL 3 0 9999 9999 64 4 80,902,-232671,-230771,-229005,-227370,-225871,-224509,-223287,-222216,-221297,-220531,-219904,-219432,-219111,-218942,-218935,-219088,-219398,-219875,-220520,-221322,-222305,-223457,-224791,-226317,-228033,-229943,-232030,-234326,-236812,-239513,-242422,-245488,-248809,,,,,,,,,,,,,,,,,,,,,,,,,,,,,,,,,,,,,,,,,,,,,,,,,,,,,,,,,,,,,,,,,,,,
RECAL 3 1 9999 956 64 4 80,1959,-484710,-464801,-442753,-419407,-395683,-372251,-349753,-328473,-308470,-290173,-273669,-259130,-246719,-236425,-228362,-222560,-218952,-217537,-218332,-221345,-226588,-234080,-243856,-255855,-270290,-287073,-306136,-327626,-351557,-377695,-405916,-434733,-462018,,,,,,,,,,,,,,,,,,,,,,,,,,,,,,,,,,,,,,,,,,,,,,,,,,,,,,,,,,,,,,,,,,,,
RECAL 3 0 9999 9999 64 4 80,740,-225049,-223907,-222850,-221886,-221011,-220235,-219546,-218962,-218468,-218072,-217791,-217601,-217521,-217549,-217687,-217935,-218300,-218772,-219358,-220066,-220892,-221829,-222903,-224084,-225405,-226852,-228437,-230152,-231995,-233978,-236110,-238394,-240842,,,,,,,,,,,,,,,,,,,,,,,,,,,,,,,,,,,,,,,,,,,,,,,,,,,,,,,,,,,,,,,,,,,,
RECAL 3 1 9999 789 64 4 80,1085,-315946,-305395,-295252,-285638,-276542,-268011,-260074,-252764,-246118,-240128,-234859,-230252,-226329,-223078,-220527,-218676,-217526,-217082,-217374,-218397,-220157,-222668,-225941,-229980,-234800,-240428,-246951,-254287,-262468,-271516,-281414,-292166,-303771,,,,,,,,,,,,,,,,,,,,,,,,,,,,,,,,,,,,,,,,,,,,,,,,,,,,,,,,,,,,,,,,,,,,
RECAL 3 0 9999 9999 64 4 80,658,-222681,-221861,-221107,-220423,-219806,-219277,-218814,-218421,-218102,-217861,-217695,-217610,-217607,-217686,-217842,-218091,-218428,-218852,-219361,-219965,-220667,-221470,-222373,-223381,-224486,-225696,-227022,-228442,-229965,-231614,-233379,-235266,-237271,,,,,,,,,,,,,,,,,,,,,,,,,,,,,,,,,,,,,,,,,,,,,,,,,,,,,,,,,,,,,,,,,,,,
RECAL 3 1 9999 704 64 4 80,-1321,-323344,-310282,-297950,-286511,-275868,-266091,-257162,-249164,-242050,-235838,-230554,-226214,-222721,-220117,-218395,-217547,-217581,-218480,-220232,-222862,-226354,-230697,-235899,-241959,-248845,-256567,-265127,-274424,-284658,-295675,-307536,-320204,-333657,,,,,,,,,,,,,,,,,,,,,,,,,,,,,,,,,,,,,,,,,,,,,,,,,,,,,,,,,,,,,,,,,,,,
RECAL 3 0 9999 9999 64 4 80,667,-226364,-225540,-224789,-224116,-223499,-222966,-222490,-222085,-221759,-221505,-221327,-221219,-221204,-221256,-221398,-221612,-221920,-222306,-222784,-223365,-224032,-224792,-225653,-226604,-227666,-228825,-230076,-231442,-232926,-234511,-236214,-238038,-239975,,,,,,,,,,,,,,,,,,,,,,,,,,,,,,,,,,,,,,,,,,,,,,,,,,,,,,,,,,,,,,,,,,,,
RECAL 3 1 9999 714 64 4 80,-2152,-451808,-427964,-403624,-379151,-355434,-332798,-311685,-292373,-275101,-260001,-247239,-236959,-228955,-223379,-220217,-219479,-221148,-225232,-231709,-240550,-251771,-265420,-281434,-299828,-320721,-344026,-369695,-397589,-427045,-455965,-481196,-497841,-506507,,,,,,,,,,,,,,,,,,,,,,,,,,,,,,,,,,,,,,,,,,,,,,,,,,,,,,,,,,,,,,,,,,,,
RECAL 3 0 9999 9999 64 4 80,879,-235744,-234116,-232601,-231216,-229943,-228818,-227773,-226873,-226097,-225457,-224935,-224553,-224301,-224189,-224207,-224372,-224680,-225126,-225713,-226461,-227346,-228388,-229581,-230930,-232447,-234139,-235978,-237998,-240196,-242590,-245168,-247930,-250887,,,,,,,,,,,,,,,,,,,,,,,,,,,,,,,,,,,,,,,,,,,,,,,,,,,,,,,,,,,,,,,,,,,,
RECAL 3 1 9999 932 64 4 80,-2736,-506118,-492401,-469584,-441753,-412253,-382077,-352914,-325160,-299917,-277724,-258880,-243677,-232202,-224600,-220661,-220483,-224066,-231409,-242535,-257466,-276288,-299070,-326072,-357198,-392497,-430779,-467754,-494561,-507200,-512829,-516496,-517482,-518377,,,,,,,,,,,,,,,,,,,,,,,,,,,,,,,,,,,,,,,,,,,,,,,,,,,,,,,,,,,,,,,,,,,,
RECAL 3 0 9999 9999 64 4 80,-2063,-294893,-285442,-276697,-268723,-261550,-255047,-249256,-244179,-239776,-236057,-233022,-230678,-228991,-227961,-227621,-227945,-228958,-230641,-232988,-236017,-239693,-244079,-249123,-254848,-261276,-268408,-276232,-284771,-293998,-303852,-314462,-325848,-338037,,,,,,,,,,,,,,,,,,,,,,,,,,,,,,,,,,,,,,,,,,,,,,,,,,,,,,,,,,,,,,,,,,,,
RECAL 3 1 9999 -2007 64 4 80,-2729,-512874,-503135,-485715,-460486,-432339,-402543,-372689,-344188,-317859,-294274,-273924,-257187,-243929,-234302,-228390,-226147,-227546,-232596,-241288,-253661,-269804,-289739,-313520,-341465,-373755,-410702,-450634,-486347,-506679,-512356,-515422,-517929,-518367,,,,,,,,,,,,,,,,,,,,,,,,,,,,,,,,,,,,,,,,,,,,,,,,,,,,,,,,,,,,,,,,,,,,
RECAL 3 0 9999 9999 64 4 80,-2137,-293992,-283734,-274298,-265721,-257952,-250998,-244842,-239491,-234849,-230979,-227856,-225500,-223879,-223021,-222905,-223508,-224836,-226884,-229639,-233113,-237309,-242240,-247879,-254158,-261226,-269038,-277572,-286833,-296802,-307603,-319213,-331718,-345214,,,,,,,,,,,,,,,,,,,,,,,,,,,,,,,,,,,,,,,,,,,,,,,,,,,,,,,,,,,,,,,,,,,,
RECAL 3 1 9999 -2082 64 4 80,-2143,-459580,-436190,-411800,-387336,-363439,-340666,-319230,-299570,-282122,-266555,-253232,-242266,-233645,-227417,-223553,-222055,-222892,-226019,-231413,-239090,-249021,-261212,-275672,-292369,-311206,-332553,-356331,-382718,-411462,-441757,-470928,-493213,-505487,,,,,,,,,,,,,,,,,,,,,,,,,,,,,,,,,,,,,,,,,,,,,,,,,,,,,,,,,,,,,,,,,,,,
RECAL 3 0 9999 9999 64 4 80,-2136,-290152,-280004,-270697,-262253,-254610,-247790,-241736,-236507,-232003,-228262,-225285,-223070,-221607,-220899,-220937,-221707,-223206,-225416,-228356,-232005,-236382,-241500,-247321,-253795,-261049,-269047,-277764,-287216,-297371,-308346,-320099,-332838,-346468,,,,,,,,,,,,,,,,,,,,,,,,,,,,,,,,,,,,,,,,,,,,,,,,,,,,,,,,,,,,,,,,,,,,
RECAL 3 1 9999 -2082 64 4 80,-1305,-329141,-316151,-303876,-292388,-281693,-271832,-262823,-254781,-247540,-241171,-235661,-231041,-227296,-224409,-222378,-221182,-220833,-221314,-222632,-224772,-227713,-231457,-235991,-241268,-247390,-254275,-261931,-270357,-279551,-289468,-300095,-311448,-323532,,,,,,,,,,,,,,,,,,,,,,,,,,,,,,,,,,,,,,,,,,,,,,,,,,,,,,,,,,,,,,,,,,,,
RECAL 3 0 9999 9999 64 4 80,-2108,-289934,-279896,-270683,-262282,-254670,-247858,-241803,-236494,-232015,-228275,-225248,-222937,-221336,-220456,-220284,-220814,-222029,-223958,-226563,-229879,-233874,-238562,-243945,-250009,-256865,-264453,-272772,-281815,-291587,-302080,-313382,-325478,-338315,,,,,,,,,,,,,,,,,,,,,,,,,,,,,,,,,,,,,,,,,,,,,,,,,,,,,,,,,,,,,,,,,,,,
RECAL 3 1 9999 -2053 64 4 80,1105,-311785,-301246,-291302,-281895,-273102,-265027,-257545,-250735,-244592,-239114,-234305,-230205,-226821,-224116,-222106,-220817,-220251,-220411,-221306,-222951,-225338,-228525,-232486,-237235,-242787,-249133,-256272,-264254,-272950,-282598,-293048,-304369,-316599,,,,,,,,,,,,,,,,,,,,,,,,,,,,,,,,,,,,,,,,,,,,,,,,,,,,,,,,,,,,,,,,,,,,
RECAL 3 0 9999 9999 64 4 80,-2042,-287677,-278586,-270235,-262611,-255703,-249501,-243988,-239118,-234893,-231361,-228520,-226361,-224874,-224060,-223906,-224417,-225588,-227420,-229919,-233062,-236891,-241380,-246528,-252280,-258663,-265705,-273396,-281762,-290808,-300530,-310986,-322074,-333995,,,,,,,,,,,,,,,,,,,,,,,,,,,,,,,,,,,,,,,,,,,,,,,,,,,,,,,,,,,,,,,,,,,,
RECAL 3 1 9999 -1987 64 4 80,1970,-489976,-470902,-449154,-425462,-401370,-377371,-354348,-332590,-312392,-293992,-277530,-263086,-250892,-240899,-233037,-227360,-223855,-222522,-223360,-226382,-231533,-238918,-248515,-260303,-274350,-290644,-309222,-330206,-353886,-380242,-409130,-439502,-468668,,,,,,,,,,,,,,,,,,,,,,,,,,,,,,,,,,,,,,,,,,,,,,,,,,,,,,,,,,,,,,,,,,,,
RECAL 3 0 9999 9999 64 4 80,-2042,-292120,-283276,-275164,-267741,-261031,-254978,-249608,-244875,-240762,-237309,-234532,-232420,-230956,-230151,-230002,-230483,-231622,-233402,-235825,-238909,-242642,-247022,-252043,-257689,-263958,-270868,-278429,-286674,-295561,-305202,-315591,-326620,-338533,,,,,,,,,,,,,,,,,,,,,,,,,,,,,,,,,,,,,,,,,,,,,,,,,,,,,,,,,,,,,,,,,,,,
RECAL 3 1 9999 -1987 64 4 80,2564,-518666,-517827,-515313,-507998,-495011,-472703,-443787,-412985,-381799,-352343,-325233,-300971,-279853,-262060,-247752,-237086,-229898,-226306,-226297,-229883,-237042,-247814,-262195,-280273,-301797,-327271,-357080,-391661,-430848,-471078,-499232,-510858,-514536,,,,,,,,,,,,,,,,,,,,,,,,,,,,,,,,,,,,,,,,,,,,,,,,,,,,,,,,,,,,,,,,,,,,
RECAL 3 0 9999 9999 64 4 80,2132,-318325,-306289,-295159,-284904,-275494,-266864,-259007,-251946,-245636,-240073,-235260,-231241,-227938,-225363,-223562,-222514,-222227,-222704,-223973,-226026,-228902,-232607,-237160,-242568,-248837,-255985,-264053,-272917,-282815,-293619,-305414,-318213,-332034,,,,,,,,,,,,,,,,,,,,,,,,,,,,,,,,,,,,,,,,,,,,,,,,,,,,,,,,,,,,,,,,,,,,
RECAL 3 1 9999 2195 64 4 80,-2726,-509443,-496634,-476000,-449041,-418954,-387099,-355261,-325115,-297831,-274237,-254786,-239231,-227773,-220422,-217063,-217642,-222076,-230308,-242240,-257648,-276477,-298378,-323082,-350036,-378375,-407759,-436578,-465048,-489747,-505978,-513111,-516897,-518551,,,,,,,,,,,,,,,,,,,,,,,,,,,,,,,,,,,,,,,,,,,,,,,,,,,,,,,,,,,,,,,,,,,,
RECAL 3 0 9999 9999 64 4 80,2135,-314582,-302247,-290794,-280170,-270380,-261389,-253189,-245783,-239156,-233289,-228219,-223953,-220408,-217645,-215675,-214490,-214102,-214509,-215718,-217770,-220670,-224419,-229046,-234546,-240954,-248264,-256504,-265582,-275667,-286714,-298678,-311653,-325595,,,,,,,,,,,,,,,,,,,,,,,,,,,,,,,,,,,,,,,,,,,,,,,,,,,,,,,,,,,,,,,,,,,,
RECAL 3 1 9999 2199 64 4 80,-2146,-465856,-441919,-417010,-392196,-367662,-344002,-321462,-300501,-281486,-264799,-250157,-237969,-228245,-221017,-216255,-213969,-214102,-216656,-221638,-228983,-238673,-250635,-264808,-281028,-299110,-318687,-339748,-361769,-384539,-407654,-430957,-453593,-475243,,,,,,,,,,,,,,,,,,,,,,,,,,,,,,,,,,,,,,,,,,,,,,,,,,,,,,,,,,,,,,,,,,,,
RECAL 3 0 9999 9999 64 4 80,2144,-312674,-300584,-289362,-278884,-269224,-260358,-252293,-245029,-238607,-232882,-227962,-223828,-220490,-217936,-216182,-215235,-215102,-215790,-217320,-219715,-222961,-227083,-232089,-238001,-244754,-252479,-261149,-270752,-281302,-292811,-305252,-318658,-332952,,,,,,,,,,,,,,,,,,,,,,,,,,,,,,,,,,,,,,,,,,,,,,,,,,,,,,,,,,,,,,,,,,,,
RECAL 3 1 9999 2207 64 4 80,-1312,-326578,-313259,-300597,-288774,-277682,-267445,-258062,-249623,-242085,-235562,-229886,-225134,-221303,-218391,-216382,-215280,-215070,-215730,-217251,-219632,-222841,-226882,-231733,-237389,-243842,-250946,-258903,-267600,-276997,-287040,-297644,-308858,-320560,,,,,,,,,,,,,,,,,,,,,,,,,,,,,,,,,,,,,,,,,,,,,,,,,,,,,,,,,,,,,,,,,,,,
RECAL 3 0 9999 9999 64 4 80,2147,-317154,-304783,-293239,-282505,-272554,-263400,-255042,-247481,-240748,-234711,-229478,-225030,-221359,-218483,-216396,-215113,-214628,-214964,-216137,-218154,-221038,-224786,-229403,-234920,-241288,-248603,-256835,-266053,-276195,-287321,-299344,-312399,-326295,,,,,,,,,,,,,,,,,,,,,,,,,,,,,,,,,,,,,,,,,,,,,,,,,,,,,,,,,,,,,,,,,,,,
RECAL 3 1 9999 2211 64 4 80,1087,-315233,-304681,-294456,-284743,-275521,-266836,-258742,-251281,-244459,-238232,-232692,-227869,-223762,-220372,-217710,-215787,-214622,-214205,-214541,-215641,-217533,-220212,-223694,-227987,-233080,-238983,-245667,-253149,-261437,-270529,-280383,-290983,-302270,,,,,,,,,,,,,,,,,,,,,,,,,,,,,,,,,,,,,,,,,,,,,,,,,,,,,,,,,,,,,,,,,,,,
RECAL 3 0 9999 9999 64 4 80,2068,-301633,-290644,-280405,-270911,-262078,-254004,-246673,-240066,-234177,-229039,-224619,-220961,-217984,-215752,-214253,-213494,-213469,-214186,-215650,-217872,-220840,-224577,-229077,-234364,-240459,-247353,-255071,-263556,-273000,-283331,-294517,-306637,-319721,,,,,,,,,,,,,,,,,,,,,,,,,,,,,,,,,,,,,,,,,,,,,,,,,,,,,,,,,,,,,,,,,,,,
RECAL 3 1 9999 2130 64 4 80,1959,-467529,-445194,-422653,-399540,-376660,-354395,-332761,-312572,-293598,-276345,-260917,-247538,-236273,-227202,-220348,-215705,-213380,-213366,-215668,-220352,-227388,-236794,-248563,-262483,-278899,-297465,-318113,-340501,-364167,-388587,-413212,-436883,-459008,,,,,,,,,,,,,,,,,,,,,,,,,,,,,,,,,,,,,,,,,,,,,,,,,,,,,,,,,,,,,,,,,,,,
RECAL 3 0 9999 9999 64 4 80,2157,-316006,-304461,-293760,-283912,-274794,-266556,-258953,-252124,-246038,-240673,-236037,-232129,-228959,-226511,-224786,-223809,-223579,-224132,-225442,-227522,-230408,-234051,-238547,-243847,-249978,-256950,-264822,-273555,-283201,-293746,-305163,-317624,-331132,,,,,,,,,,,,,,,,,,,,,,,,,,,,,,,,,,,,,,,,,,,,,,,,,,,,,,,,,,,,,,,,,,,,
RECAL 3 1 9999 2220 64 4 80,2551,-518327,-517298,-513790,-505515,-489288,-464588,-435809,-405906,-376102,-347429,-320521,-296266,-275040,-256917,-242258,-231068,-223517,-219588,-219333,-222749,-229940,-240930,-255796,-274602,-297273,-323762,-353916,-387214,-421905,-454123,-479741,-497476,-508041,,,,,,,,,,,,,,,,,,,,,,,,,,,,,,,,,,,,,,,,,,,,,,,,,,,,,,,,,,,,,,,,,,,,
RECAL 3 0 9999 9999 64 4 80,-256,-223382,-223369,-223365,-223366,-223376,-223389,-223408,-223433,-223456,-223500,-223527,-223568,-223619,-223665,-223717,-223776,-223842,-223902,-223956,-224024,-224087,-224154,-224221,-224297,-224370,-224448,-224513,-224596,-224665,-224741,-224815,-224890,-224958,,,,,,,,,,,,,,,,,,,,,,,,,,,,,,,,,,,,,,,,,,,,,,,,,,,,,,,,,,,,,,,,,,,,
RECAL 3 1 9999 -247 64 4 80,2584,-517884,-517032,-513369,-503890,-488252,-461996,-431806,-400718,-369919,-340926,-314625,-290877,-270336,-253240,-239651,-229667,-223339,-220675,-221713,-226550,-235225,-247767,-264178,-284589,-308877,-337128,-368446,-403035,-438127,-468659,-489716,-504062,-511153,,,,,,,,,,,,,,,,,,,,,,,,,,,,,,,,,,,,,,,,,,,,,,,,,,,,,,,,,,,,,,,,,,,,
RECAL 3 0 9999 9999 64 4 80,-744,-226589,-225791,-225078,-224444,-223884,-223395,-222988,-222647,-222376,-222179,-222051,-221991,-221990,-222061,-222192,-222387,-222650,-222967,-223342,-223783,-224286,-224839,-225444,-226108,-226823,-227596,-228421,-229283,-230199,-231164,-232175,-233228,-234334,,,,,,,,,,,,,,,,,,,,,,,,,,,,,,,,,,,,,,,,,,,,,,,,,,,,,,,,,,,,,,,,,,,,
RECAL 3 1 9999 -698 64 4 80,1993,-501663,-488416,-469271,-447917,-425153,-401559,-377699,-354372,-331965,-311058,-291889,-274648,-259532,-246669,-236209,-227950,-222027,-218472,-217302,-218536,-222191,-228294,-236837,-247795,-261157,-276953,-295084,-315488,-337964,-362199,-387440,-413468,-438802,,,,,,,,,,,,,,,,,,,,,,,,,,,,,,,,,,,,,,,,,,,,,,,,,,,,,,,,,,,,,,,,,,,,
RECAL 3 0 9999 9999 64 4 80,-339,-215815,-215745,-215687,-215648,-215617,-215607,-215602,-215613,-215638,-215672,-215720,-215770,-215838,-215913,-216003,-216097,-216200,-216316,-216433,-216564,-216696,-216833,-216983,-217140,-217297,-217460,-217624,-217796,-217970,-218146,-218330,-218516,-218701,,,,,,,,,,,,,,,,,,,,,,,,,,,,,,,,,,,,,,,,,,,,,,,,,,,,,,,,,,,,,,,,,,,,
RECAL 3 1 9999 -317 64 4 80,1158,-323450,-311620,-300251,-289499,-279304,-269750,-260872,-252765,-245452,-238893,-233107,-228134,-223973,-220629,-218110,-216453,-215614,-215631,-216512,-218262,-220890,-224402,-228787,-234112,-240370,-247530,-255574,-264546,-274390,-285089,-296551,-308667,-321732,,,,,,,,,,,,,,,,,,,,,,,,,,,,,,,,,,,,,,,,,,,,,,,,,,,,,,,,,,,,,,,,,,,,
RECAL 3 0 9999 9999 64 4 80,-375,-217150,-217016,-216905,-216814,-216745,-216685,-216646,-216626,-216618,-216625,-216650,-216691,-216743,-216808,-216880,-216968,-217071,-217180,-217303,-217440,-217583,-217738,-217893,-218063,-218246,-218432,-218623,-218819,-219026,-219242,-219453,-219677,-219908,,,,,,,,,,,,,,,,,,,,,,,,,,,,,,,,,,,,,,,,,,,,,,,,,,,,,,,,,,,,,,,,,,,,
RECAL 3 1 9999 -343 64 4 80,-1245,-322171,-309755,-298002,-287009,-276680,-267152,-258430,-250527,-243554,-237283,-231860,-227273,-223508,-220571,-218444,-217133,-216615,-216907,-217985,-219851,-222483,-225883,-230029,-234907,-240437,-246737,-253725,-261399,-269724,-278665,-288209,-298264,-308838,,,,,,,,,,,,,,,,,,,,,,,,,,,,,,,,,,,,,,,,,,,,,,,,,,,,,,,,,,,,,,,,,,,,
RECAL 3 0 9999 9999 64 4 80,-452,-216415,-216180,-215982,-215805,-215655,-215529,-215430,-215353,-215301,-215277,-215266,-215280,-215312,-215369,-215443,-215534,-215647,-215778,-215925,-216090,-216269,-216465,-216676,-216900,-217139,-217390,-217656,-217924,-218212,-218509,-218815,-219130,-219453,,,,,,,,,,,,,,,,,,,,,,,,,,,,,,,,,,,,,,,,,,,,,,,,,,,,,,,,,,,,,,,,,,,,
RECAL 3 1 9999 -413 64 4 80,-2107,-478253,-455745,-431746,-407182,-382657,-358696,-335703,-313988,-293877,-275824,-259964,-246467,-235352,-226687,-220465,-216680,-215247,-216182,-219472,-225063,-232925,-243047,-255371,-269826,-286158,-304282,-324071,-345322,-367573,-390652,-414138,-436984,-459248,,,,,,,,,,,,,,,,,,,,,,,,,,,,,,,,,,,,,,,,,,,,,,,,,,,,,,,,,,,,,,,,,,,,
RECAL 3 0 9999 9999 64 4 80,-480,-221679,-221438,-221233,-221072,-220931,-220817,-220723,-220659,-220614,-220603,-220606,-220636,-220686,-220758,-220842,-220949,-221075,-221222,-221385,-221569,-221768,-221986,-222215,-222457,-222719,-222986,-223280,-223578,-223891,-224209,-224551,-224895,-225247,,,,,,,,,,,,,,,,,,,,,,,,,,,,,,,,,,,,,,,,,,,,,,,,,,,,,,,,,,,,,,,,,,,,
RECAL 3 1 9999 -443 64 4 80,-2698,-516509,-510453,-499190,-479040,-452641,-422750,-391444,-360107,-330447,-303378,-279682,-259840,-244078,-232292,-224483,-220564,-220509,-224233,-231684,-242632,-257302,-275471,-296974,-321610,-348899,-378164,-408838,-439407,-468209,-491448,-506599,-513115,-517133,,,,,,,,,,,,,,,,,,,,,,,,,,,,,,,,,,,,,,,,,,,,,,,,,,,,,,,,,,,,,,,,,,,,
RECAL 3 0 9999 9999 64 4 80,-2322,-299547,-288228,-277810,-268308,-259733,-252165,-245338,-239340,-234204,-229892,-226405,-223733,-221863,-220799,-220527,-221046,-222332,-224411,-227268,-230904,-235320,-240452,-246444,-253245,-260852,-269297,-278568,-288684,-299632,-311572,-324506,-338447,-353388,,,,,,,,,,,,,,,,,,,,,,,,,,,,,,,,,,,,,,,,,,,,,,,,,,,,,,,,,,,,,,,,,,,,
RECAL 3 1 9999 -2267 64 4 80,-2696,-513891,-507805,-494828,-475348,-449206,-418100,-385088,-352883,-322953,-296333,-273541,-254815,-240123,-229403,-222609,-219658,-220486,-225015,-233206,-244852,-260187,-279086,-301323,-326943,-355490,-386517,-418697,-450136,-477630,-497229,-508392,-514120,-517640,,,,,,,,,,,,,,,,,,,,,,,,,,,,,,,,,,,,,,,,,,,,,,,,,,,,,,,,,,,,,,,,,,,,
RECAL 3 0 9999 9999 64 4 80,-2318,-296469,-284945,-274347,-264726,-256139,-248344,-241424,-235388,-230225,-225909,-222432,-219801,-217987,-217014,-216840,-217472,-218907,-221142,-224174,-228001,-232547,-237982,-244238,-251272,-259151,-267857,-277402,-287804,-299061,-311331,-324506,-338658,-353776,,,,,,,,,,,,,,,,,,,,,,,,,,,,,,,,,,,,,,,,,,,,,,,,,,,,,,,,,,,,,,,,,,,,
RECAL 3 1 9999 -2263 64 4 80,-2111,-491502,-473897,-451982,-428743,-404077,-378896,-354463,-331030,-309220,-289353,-271676,-256409,-243603,-233217,-225328,-219863,-216819,-216107,-217740,-221700,-227960,-236470,-247260,-260266,-275493,-292615,-311741,-332716,-355387,-379284,-404090,-428844,-452179,,,,,,,,,,,,,,,,,,,,,,,,,,,,,,,,,,,,,,,,,,,,,,,,,,,,,,,,,,,,,,,,,,,,
RECAL 3 0 9999 9999 64 4 80,-2308,-296310,-284662,-274145,-264414,-255617,-247766,-240804,-234695,-229474,-225099,-221589,-218908,-217036,-215972,-215712,-216256,-217591,-219724,-222603,-226312,-230830,-236133,-242255,-249167,-256874,-265430,-274887,-285188,-296303,-308350,-321304,-335174,-350047,,,,,,,,,,,,,,,,,,,,,,,,,,,,,,,,,,,,,,,,,,,,,,,,,,,,,,,,,,,,,,,,,,,,
RECAL 3 1 9999 -2253 64 4 80,-1249,-325160,-312187,-299929,-288516,-277846,-268000,-259010,-250899,-243636,-237301,-231718,-226992,-223094,-220030,-217772,-216339,-215699,-215857,-216803,-218534,-221032,-224282,-228299,-233053,-238553,-244676,-251573,-259176,-267476,-276429,-286024,-296202,-307028,,,,,,,,,,,,,,,,,,,,,,,,,,,,,,,,,,,,,,,,,,,,,,,,,,,,,,,,,,,,,,,,,,,,
RECAL 3 0 9999 9999 64 4 80,-2305,-297237,-285846,-275239,-265572,-256832,-249023,-242087,-236001,-230767,-226401,-222858,-220121,-218168,-217020,-216660,-217087,-218299,-220260,-223023,-226574,-230909,-236023,-241942,-248636,-256134,-264523,-273742,-283815,-294726,-306521,-319240,-332896,-347552,,,,,,,,,,,,,,,,,,,,,,,,,,,,,,,,,,,,,,,,,,,,,,,,,,,,,,,,,,,,,,,,,,,,
RECAL 3 1 9999 -2249 64 4 80,1153,-323907,-311863,-300356,-289524,-279300,-269786,-260971,-252916,-245662,-239217,-233559,-228714,-224662,-221427,-219012,-217409,-216654,-216719,-217623,-219379,-221992,-225463,-229800,-235009,-241138,-248190,-256143,-265009,-274761,-285431,-296912,-309307,-322323,,,,,,,,,,,,,,,,,,,,,,,,,,,,,,,,,,,,,,,,,,,,,,,,,,,,,,,,,,,,,,,,,,,,
RECAL 3 0 9999 9999 64 4 80,-2377,-299547,-287927,-277279,-267728,-258939,-251049,-244053,-237905,-232604,-228148,-224518,-221686,-219685,-218509,-218151,-218623,-219917,-222037,-224983,-228688,-233277,-238712,-244975,-252055,-259996,-268826,-278512,-289032,-300353,-312678,-325972,-340297,-355631,,,,,,,,,,,,,,,,,,,,,,,,,,,,,,,,,,,,,,,,,,,,,,,,,,,,,,,,,,,,,,,,,,,,
RECAL 3 1 9999 -2321 64 4 80,1997,-469086,-446749,-422547,-397445,-372757,-349050,-326499,-305795,-287109,-270467,-256034,-243898,-234073,-226668,-221488,-218644,-218138,-220011,-224246,-230877,-239931,-251392,-265151,-281297,-299763,-320606,-343664,-368686,-395500,-422602,-448776,-472035,-489381,,,,,,,,,,,,,,,,,,,,,,,,,,,,,,,,,,,,,,,,,,,,,,,,,,,,,,,,,,,,,,,,,,,,
RECAL 3 0 9999 9999 64 4 80,-2295,-291934,-281937,-272819,-264560,-257109,-250473,-244633,-239579,-235259,-231671,-228812,-226667,-225231,-224511,-224487,-225161,-226547,-228636,-231433,-234942,-239174,-244135,-249810,-256278,-263523,-271525,-280322,-289925,-300332,-311655,-323714,-336922,-351200,,,,,,,,,,,,,,,,,,,,,,,,,,,,,,,,,,,,,,,,,,,,,,,,,,,,,,,,,,,,,,,,,,,,
RECAL 3 1 9999 -2241 64 4 80,2581,-519261,-516318,-512255,-503166,-485223,-457860,-425650,-392462,-360674,-331792,-305920,-283755,-264717,-249238,-237344,-229038,-224348,-223277,-225820,-232033,-242025,-255753,-273249,-294570,-319821,-349136,-382443,-418484,-455211,-484624,-500738,-508830,-514037,,,,,,,,,,,,,,,,,,,,,,,,,,,,,,,,,,,,,,,,,,,,,,,,,,,,,,,,,,,,,,,,,,,,
RECAL 3 0 9999 9999 64 4 80,2144,-331668,-318240,-305834,-294439,-284044,-274556,-265985,-258271,-251571,-245605,-240479,-236192,-232748,-230147,-228371,-227429,-227317,-228029,-229549,-231891,-235055,-239086,-243954,-249674,-256164,-263650,-272018,-281308,-291544,-302723,-314933,-328157,-342461,,,,,,,,,,,,,,,,,,,,,,,,,,,,,,,,,,,,,,,,,,,,,,,,,,,,,,,,,,,,,,,,,,,,
RECAL 3 1 9999 2207 64 4 80,-2665,-512631,-503018,-485801,-461696,-433323,-402781,-371733,-341987,-314397,-289969,-269129,-252349,-239350,-230362,-225375,-224312,-227120,-233803,-244354,-258545,-276447,-298038,-323413,-352466,-384577,-419132,-452420,-480268,-498907,-508690,-514534,-518230,-518542,,,,,,,,,,,,,,,,,,,,,,,,,,,,,,,,,,,,,,,,,,,,,,,,,,,,,,,,,,,,,,,,,,,,
RECAL 3 0 9999 9999 64 4 80,2174,-335895,-321719,-308371,-296084,-284845,-274550,-265239,-256855,-249434,-242967,-237393,-232703,-228893,-225948,-223862,-222635,-222289,-222796,-224181,-226447,-229595,-233637,-238599,-244479,-251274,-259076,-267901,-277756,-288634,-300517,-313480,-327511,-342639,,,,,,,,,,,,,,,,,,,,,,,,,,,,,,,,,,,,,,,,,,,,,,,,,,,,,,,,,,,,,,,,,,,,
RECAL 3 1 9999 2238 64 4 80,-2082,-455278,-431661,-407541,-383302,-359807,-337375,-316295,-296871,-279447,-264259,-251167,-240426,-232048,-226055,-222431,-221182,-222277,-225750,-231652,-239964,-250666,-263763,-279258,-297040,-317238,-339391,-363768,-389763,-416672,-442877,-466794,-486523,-499540,,,,,,,,,,,,,,,,,,,,,,,,,,,,,,,,,,,,,,,,,,,,,,,,,,,,,,,,,,,,,,,,,,,,
RECAL 3 0 9999 9999 64 4 80,2088,-321947,-309126,-297226,-286293,-276184,-266933,-258645,-251095,-244384,-238467,-233387,-229109,-225646,-222984,-221130,-220068,-219845,-220456,-221907,-224220,-227376,-231404,-236213,-241998,-248655,-256209,-264695,-274093,-284414,-295597,-307741,-320646,-334439,,,,,,,,,,,,,,,,,,,,,,,,,,,,,,,,,,,,,,,,,,,,,,,,,,,,,,,,,,,,,,,,,,,,
RECAL 3 1 9999 2151 64 4 80,-1247,-321930,-309421,-297593,-286582,-276282,-266804,-258148,-250377,-243558,-237500,-232341,-228082,-224699,-222184,-220537,-219756,-219823,-220724,-222438,-224974,-228313,-232454,-237395,-243146,-249588,-256872,-264976,-273806,-283395,-293710,-304761,-316540,-328958,,,,,,,,,,,,,,,,,,,,,,,,,,,,,,,,,,,,,,,,,,,,,,,,,,,,,,,,,,,,,,,,,,,,
RECAL 3 0 9999 9999 64 4 80,2169,-341327,-326505,-313054,-300386,-288777,-278100,-268372,-259608,-251789,-244898,-238923,-233892,-229745,-226462,-224048,-222502,-221838,-222054,-223131,-225105,-227971,-231734,-236404,-242005,-248513,-255958,-264433,-273910,-284433,-295947,-308527,-322166,-336802,,,,,,,,,,,,,,,,,,,,,,,,,,,,,,,,,,,,,,,,,,,,,,,,,,,,,,,,,,,,,,,,,,,,
RECAL 3 1 9999 2234 64 4 80,1109,-324204,-312998,-302261,-292107,-282580,-273635,-265343,-257670,-250709,-244454,-238924,-234181,-230141,-226869,-224383,-222694,-221806,-221738,-222501,-224112,-226611,-230003,-234286,-239518,-245663,-252749,-260801,-269707,-279665,-290631,-302538,-315471,-329336,,,,,,,,,,,,,,,,,,,,,,,,,,,,,,,,,,,,,,,,,,,,,,,,,,,,,,,,,,,,,,,,,,,,
RECAL 3 0 9999 9999 64 4 80,2161,-336252,-322475,-309729,-297988,-287431,-277558,-268587,-260510,-253309,-247015,-241579,-236993,-233304,-230478,-228494,-227332,-227025,-227555,-228940,-231174,-234229,-238205,-243059,-248794,-255416,-262966,-271460,-280864,-291311,-302789,-315366,-329023,-343755,,,,,,,,,,,,,,,,,,,,,,,,,,,,,,,,,,,,,,,,,,,,,,,,,,,,,,,,,,,,,,,,,,,,
RECAL 3 1 9999 2225 64 4 80,1946,-494088,-477578,-457000,-434677,-411727,-388697,-366167,-344568,-324034,-304935,-287759,-272161,-258639,-247289,-238180,-231408,-226997,-224971,-225345,-228109,-233272,-240896,-250991,-263603,-278812,-296522,-316737,-339783,-365400,-393312,-422565,-451046,-475259,,,,,,,,,,,,,,,,,,,,,,,,,,,,,,,,,,,,,,,,,,,,,,,,,,,,,,,,,,,,,,,,,,,,
RECAL 3 0 9999 9999 64 4 80,2154,-335643,-322676,-310707,-299673,-289617,-280367,-272114,-264567,-257832,-251909,-246806,-242510,-239008,-236312,-234424,-233328,-233019,-233492,-234762,-236822,-239704,-243404,-247845,-253181,-259362,-266427,-274334,-283163,-292884,-303567,-315335,-328208,-342278,,,,,,,,,,,,,,,,,,,,,,,,,,,,,,,,,,,,,,,,,,,,,,,,,,,,,,,,,,,,,,,,,,,,
RECAL 3 1 9999 2218 64 4 80,2531,-518644,-518119,-513921,-504845,-488907,-465086,-437218,-408718,-380549,-353162,-327368,-303860,-283125,-265442,-251083,-240229,-232942,-229399,-229668,-233818,-241912,-254017,-270207,-290627,-315063,-344517,-379044,-419040,-461177,-493704,-507711,-512618,-515082,,,,,,,,,,,,,,,,,,,,,,,,,,,,,,,,,,,,,,,,,,,,,,,,,,,,,,,,,,,,,,,,,,,,
RECAL 3 0 9999 9999 64 4 80,-504,-228070,-227995,-227955,-227946,-227965,-228001,-228064,-228154,-228281,-228421,-228576,-228765,-228977,-229208,-229466,-229732,-230017,-230331,-230652,-231011,-231373,-231756,-232154,-232558,-232980,-233417,-233864,-234328,-234803,-235288,-235787,-236290,-236800,,,,,,,,,,,,,,,,,,,,,,,,,,,,,,,,,,,,,,,,,,,,,,,,,,,,,,,,,,,,,,,,,,,,
RECAL 3 1 9999 -493 64 4 80,2533,-518867,-517399,-511883,-502294,-484537,-459104,-430328,-400818,-371254,-343276,-317388,-294180,-274050,-257204,-243852,-234063,-227922,-225566,-227004,-232308,-241502,-254642,-271824,-292820,-318450,-348827,-384335,-425006,-467084,-497229,-508297,-513523,-515129,,,,,,,,,,,,,,,,,,,,,,,,,,,,,,,,,,,,,,,,,,,,,,,,,,,,,,,,,,,,,,,,,,,,
RECAL 3 0 9999 9999 64 4 80,431,-225328,-225216,-225109,-225030,-224977,-224943,-224934,-224954,-224999,-225075,-225173,-225303,-225461,-225662,-225878,-226144,-226446,-226775,-227135,-227544,-227989,-228462,-228988,-229553,-230165,-230801,-231497,-232231,-233011,-233839,-234698,-235619,-236578,,,,,,,,,,,,,,,,,,,,,,,,,,,,,,,,,,,,,,,,,,,,,,,,,,,,,,,,,,,,,,,,,,,,
RECAL 3 1 9999 454 64 4 80,1947,-497848,-482871,-462736,-440440,-416971,-393506,-370200,-347940,-326683,-306937,-289090,-272895,-258781,-246876,-237228,-229922,-224998,-222459,-222316,-224554,-229190,-236230,-245741,-257719,-272238,-289277,-308675,-330917,-355818,-383120,-412666,-442682,-469932,,,,,,,,,,,,,,,,,,,,,,,,,,,,,,,,,,,,,,,,,,,,,,,,,,,,,,,,,,,,,,,,,,,,
RECAL 3 0 9999 9999 64 4 80,474,-219649,-219444,-219272,-219130,-219017,-218939,-218895,-218889,-218917,-218979,-219087,-219232,-219414,-219639,-219913,-220222,-220583,-220988,-221433,-221929,-222467,-223055,-223693,-224388,-225129,-225922,-226756,-227668,-228625,-229637,-230721,-231847,-233044,,,,,,,,,,,,,,,,,,,,,,,,,,,,,,,,,,,,,,,,,,,,,,,,,,,,,,,,,,,,,,,,,,,,
RECAL 3 1 9999 501 64 4 80,1113,-327310,-315628,-304443,-293900,-283946,-274571,-265847,-257771,-250425,-243798,-237955,-232816,-228447,-224857,-222064,-220078,-218902,-218554,-219043,-220410,-222658,-225798,-229847,-234800,-240705,-247535,-255199,-263922,-273622,-284294,-295896,-308530,-322135,,,,,,,,,,,,,,,,,,,,,,,,,,,,,,,,,,,,,,,,,,,,,,,,,,,,,,,,,,,,,,,,,,,,
RECAL 3 0 9999 9999 64 4 80,-400,-218339,-218318,-218314,-218340,-218385,-218439,-218516,-218610,-218728,-218860,-219006,-219174,-219353,-219543,-219757,-219979,-220219,-220466,-220728,-221000,-221276,-221574,-221876,-222191,-222510,-222840,-223184,-223525,-223874,-224225,-224587,-224946,-225314,,,,,,,,,,,,,,,,,,,,,,,,,,,,,,,,,,,,,,,,,,,,,,,,,,,,,,,,,,,,,,,,,,,,
RECAL 3 1 9999 -394 64 4 80,-1244,-330469,-317374,-304960,-293289,-282385,-272263,-262960,-254518,-247066,-240387,-234591,-229696,-225677,-222532,-220268,-218857,-218311,-218595,-219697,-221607,-224329,-227837,-232145,-237238,-243055,-249701,-257096,-265274,-274187,-283843,-294198,-305271,-317235,,,,,,,,,,,,,,,,,,,,,,,,,,,,,,,,,,,,,,,,,,,,,,,,,,,,,,,,,,,,,,,,,,,,
RECAL 3 0 9999 9999 64 4 80,489,-222153,-221875,-221637,-221436,-221257,-221125,-221020,-220953,-220921,-220934,-220979,-221060,-221184,-221347,-221557,-221800,-222089,-222425,-222802,-223226,-223700,-224224,-224789,-225400,-226073,-226791,-227573,-228402,-229291,-230234,-231239,-232316,-233453,,,,,,,,,,,,,,,,,,,,,,,,,,,,,,,,,,,,,,,,,,,,,,,,,,,,,,,,,,,,,,,,,,,,
RECAL 3 1 9999 522 64 4 80,-2077,-453702,-430340,-405855,-381457,-357809,-335157,-313964,-294509,-277290,-262004,-249018,-238388,-230133,-224266,-220769,-219644,-220888,-224553,-230596,-239032,-249869,-263055,-278646,-296527,-316609,-339145,-363833,-390539,-418569,-446441,-471814,-491300,-503025,,,,,,,,,,,,,,,,,,,,,,,,,,,,,,,,,,,,,,,,,,,,,,,,,,,,,,,,,,,,,,,,,,,,
RECAL 3 0 9999 9999 64 4 80,339,-226941,-226920,-226924,-226935,-226970,-227020,-227097,-227176,-227282,-227403,-227532,-227687,-227855,-228048,-228260,-228496,-228750,-229026,-229324,-229654,-229989,-230352,-230742,-231157,-231593,-232063,-232553,-233063,-233600,-234187,-234790,-235430,-236092,,,,,,,,,,,,,,,,,,,,,,,,,,,,,,,,,,,,,,,,,,,,,,,,,,,,,,,,,,,,,,,,,,,,
RECAL 3 1 9999 343 64 4 80,-2658,-510281,-499113,-478334,-451388,-421464,-390408,-359503,-330392,-303779,-280854,-261214,-245561,-233869,-226199,-222470,-222662,-226745,-234631,-246204,-261548,-280669,-303446,-330088,-360384,-394175,-429369,-462692,-489641,-504978,-511539,-515598,-517721,-519446,,,,,,,,,,,,,,,,,,,,,,,,,,,,,,,,,,,,,,,,,,,,,,,,,,,,,,,,,,,,,,,,,,,,
RECAL 3 0 9999 9999 64 4 80,-2209,-301661,-291576,-282386,-274044,-266528,-259807,-253868,-248701,-244275,-240622,-237656,-235416,-233892,-233073,-232977,-233584,-234889,-236922,-239700,-243212,-247437,-252413,-258118,-264601,-271856,-279801,-288664,-298276,-308774,-320159,-332451,-345671,-359836,,,,,,,,,,,,,,,,,,,,,,,,,,,,,,,,,,,,,,,,,,,,,,,,,,,,,,,,,,,,,,,,,,,,
RECAL 3 1 9999 -2154 64 4 80,-2673,-506361,-492591,-471972,-444872,-414535,-382473,-351406,-322695,-297235,-275486,-257569,-243684,-233758,-227843,-225718,-227410,-232870,-242083,-254985,-271697,-292285,-316529,-344824,-377457,-414433,-453060,-486435,-505068,-512496,-514992,-517794,-518133,-518800,,,,,,,,,,,,,,,,,,,,,,,,,,,,,,,,,,,,,,,,,,,,,,,,,,,,,,,,,,,,,,,,,,,,
RECAL 3 0 9999 9999 64 4 80,-2176,-296808,-286698,-277329,-268802,-261105,-254217,-248118,-242788,-238194,-234320,-231194,-228827,-227205,-226327,-226172,-226756,-228073,-230101,-232876,-236388,-240641,-245621,-251346,-257816,-265049,-272949,-281583,-290980,-301131,-312128,-323956,-336640,-350248,,,,,,,,,,,,,,,,,,,,,,,,,,,,,,,,,,,,,,,,,,,,,,,,,,,,,,,,,,,,,,,,,,,,
RECAL 3 1 9999 -2121 64 4 80,-2095,-445781,-421903,-397234,-372318,-348389,-326032,-305376,-286794,-270447,-256433,-244868,-235714,-229079,-224804,-222907,-223365,-226165,-231272,-238696,-248409,-260409,-274985,-291887,-311196,-332981,-357342,-384312,-413613,-443582,-472097,-493238,-504911,-510802,,,,,,,,,,,,,,,,,,,,,,,,,,,,,,,,,,,,,,,,,,,,,,,,,,,,,,,,,,,,,,,,,,,,
RECAL 3 0 9999 9999 64 4 80,-2262,-300270,-288840,-278387,-268910,-260362,-252736,-246072,-240179,-235140,-230952,-227603,-225081,-223369,-222477,-222387,-223081,-224557,-226809,-229833,-233629,-238207,-243574,-249631,-256535,-264234,-272739,-282065,-292209,-303157,-315057,-327895,-341815,-356658,,,,,,,,,,,,,,,,,,,,,,,,,,,,,,,,,,,,,,,,,,,,,,,,,,,,,,,,,,,,,,,,,,,,
RECAL 3 1 9999 -2207 64 4 80,-1269,-329595,-316460,-304053,-292466,-281696,-271788,-262694,-254475,-247232,-240905,-235511,-231055,-227513,-224882,-223169,-222311,-222334,-223223,-224962,-227546,-230969,-235219,-240241,-246033,-252603,-259946,-268072,-276956,-286622,-296994,-308049,-320039,-332775,,,,,,,,,,,,,,,,,,,,,,,,,,,,,,,,,,,,,,,,,,,,,,,,,,,,,,,,,,,,,,,,,,,,
RECAL 3 0 9999 9999 64 4 80,-2179,-295196,-284828,-275192,-266440,-258492,-251384,-245078,-239525,-234744,-230715,-227409,-224867,-223069,-222020,-221722,-222167,-223355,-225249,-227903,-231294,-235419,-240304,-245920,-252266,-259375,-267226,-275742,-285014,-295021,-305829,-317492,-329971,-343322,,,,,,,,,,,,,,,,,,,,,,,,,,,,,,,,,,,,,,,,,,,,,,,,,,,,,,,,,,,,,,,,,,,,
RECAL 3 1 9999 -2123 64 4 80,1082,-324251,-312949,-302282,-292041,-282391,-273363,-265000,-257325,-250377,-244152,-238694,-233991,-230038,-226827,-224362,-222656,-221708,-221536,-222126,-223491,-225649,-228606,-232353,-236922,-242329,-248549,-255665,-263695,-272616,-282456,-293199,-304872,-317505,,,,,,,,,,,,,,,,,,,,,,,,,,,,,,,,,,,,,,,,,,,,,,,,,,,,,,,,,,,,,,,,,,,,
RECAL 3 0 9999 9999 64 4 80,-2189,-293744,-283822,-274754,-266515,-259158,-252504,-246647,-241531,-237153,-233515,-230612,-228429,-226954,-226210,-226201,-226918,-228369,-230528,-233424,-237050,-241376,-246474,-252293,-258849,-266202,-274292,-283154,-292786,-303132,-314277,-326251,-339096,-352896,,,,,,,,,,,,,,,,,,,,,,,,,,,,,,,,,,,,,,,,,,,,,,,,,,,,,,,,,,,,,,,,,,,,
RECAL 3 1 9999 -2135 64 4 80,1929,-491700,-475177,-454151,-432373,-409034,-385643,-362707,-340668,-319913,-300829,-283628,-268475,-255445,-244685,-236242,-230009,-226086,-224479,-225195,-228236,-233613,-241340,-251383,-263693,-278330,-295349,-314888,-337068,-361993,-389893,-420265,-451592,-480588,,,,,,,,,,,,,,,,,,,,,,,,,,,,,,,,,,,,,,,,,,,,,,,,,,,,,,,,,,,,,,,,,,,,
RECAL 3 0 9999 9999 64 4 80,-2274,-303770,-293522,-284112,-275578,-267859,-260959,-254877,-249573,-245046,-241316,-238278,-236002,-234475,-233699,-233654,-234365,-235804,-237973,-240852,-244468,-248797,-253850,-259667,-266253,-273588,-281612,-290519,-300194,-310785,-322246,-334642,-347995,-362307,,,,,,,,,,,,,,,,,,,,,,,,,,,,,,,,,,,,,,,,,,,,,,,,,,,,,,,,,,,,,,,,,,,,
RECAL 3 1 9999 -2220 64 4 80,2514,-518855,-517633,-514972,-507026,-492833,-469221,-440472,-409798,-379420,-350966,-324771,-301410,-281366,-264232,-250518,-240259,-233504,-230302,-230622,-234504,-242013,-253202,-268172,-286961,-309743,-336902,-369014,-406843,-449437,-490283,-511054,-515990,-516312,,,,,,,,,,,,,,,,,,,,,,,,,,,,,,,,,,,,,,,,,,,,,,,,,,,,,,,,,,,,,,,,,,,,
RECAL 3 0 9999 9999 64 4 80,2289,-337727,-324700,-312601,-301352,-291080,-281505,-272762,-264845,-257709,-251415,-245919,-241243,-237329,-234250,-231961,-230489,-229837,-229996,-230970,-232796,-235416,-238916,-243259,-248462,-254511,-261453,-269250,-277945,-287536,-297957,-309333,-321659,-334905,,,,,,,,,,,,,,,,,,,,,,,,,,,,,,,,,,,,,,,,,,,,,,,,,,,,,,,,,,,,,,,,,,,,
RECAL 3 1 9999 2354 64 4 80,-2801,-506115,-492496,-470016,-442967,-414148,-384888,-356484,-329765,-305490,-284149,-265987,-251194,-239875,-232145,-227819,-226994,-229650,-235786,-245393,-258464,-274964,-294858,-318021,-344126,-372715,-403217,-433785,-462725,-487179,-502422,-512883,-516076,-519361,,,,,,,,,,,,,,,,,,,,,,,,,,,,,,,,,,,,,,,,,,,,,,,,,,,,,,,,,,,,,,,,,,,,
RECAL 3 0 9999 9999 64 4 80,2288,-333794,-320831,-308716,-297473,-287231,-277650,-268904,-260999,-253945,-247709,-242306,-237721,-233963,-231029,-228925,-227643,-227201,-227607,-228855,-230951,-233880,-237708,-242408,-247976,-254415,-261769,-270002,-279147,-289124,-299967,-311744,-324393,-337957,,,,,,,,,,,,,,,,,,,,,,,,,,,,,,,,,,,,,,,,,,,,,,,,,,,,,,,,,,,,,,,,,,,,
RECAL 3 1 9999 2352 64 4 80,-2182,-432354,-408937,-386075,-363586,-342161,-321961,-303335,-286500,-271493,-258490,-247601,-238860,-232248,-227791,-225461,-225258,-227183,-231245,-237325,-245604,-255980,-268457,-283019,-299530,-318062,-338382,-360212,-383506,-407502,-431726,-454840,-475831,-492334,,,,,,,,,,,,,,,,,,,,,,,,,,,,,,,,,,,,,,,,,,,,,,,,,,,,,,,,,,,,,,,,,,,,
RECAL 3 0 9999 9999 64 4 80,2199,-319026,-307225,-296221,-286040,-276559,-267877,-259945,-252808,-246461,-240887,-236065,-232084,-228839,-226368,-224659,-223723,-223566,-224190,-225582,-227748,-230693,-234422,-238948,-244279,-250388,-257300,-265041,-273501,-282839,-293001,-303970,-315766,-328281,,,,,,,,,,,,,,,,,,,,,,,,,,,,,,,,,,,,,,,,,,,,,,,,,,,,,,,,,,,,,,,,,,,,
RECAL 3 1 9999 2262 64 4 80,-1293,-327522,-315731,-304537,-293973,-284264,-275084,-266631,-258914,-251967,-245795,-240374,-235690,-231790,-228628,-226201,-224502,-223524,-223256,-223707,-224857,-226670,-229198,-232409,-236304,-240881,-246135,-252045,-258615,-265889,-273777,-282311,-291453,-301178,,,,,,,,,,,,,,,,,,,,,,,,,,,,,,,,,,,,,,,,,,,,,,,,,,,,,,,,,,,,,,,,,,,,
RECAL 3 0 9999 9999 64 4 80,2295,-327496,-314678,-302730,-291740,-281475,-272035,-263410,-255632,-248688,-242568,-237252,-232771,-229099,-226263,-224249,-223064,-222725,-223235,-224584,-226761,-229813,-233739,-238530,-244195,-250738,-258139,-266448,-275622,-285645,-296540,-308343,-321042,-334570,,,,,,,,,,,,,,,,,,,,,,,,,,,,,,,,,,,,,,,,,,,,,,,,,,,,,,,,,,,,,,,,,,,,
RECAL 3 1 9999 2359 64 4 80,1209,-340987,-329232,-318055,-307188,-296851,-287100,-277868,-269250,-261285,-253970,-247349,-241363,-236113,-231614,-227872,-224903,-222716,-221308,-220696,-220877,-221858,-223670,-226317,-229812,-234154,-239381,-245451,-252315,-260064,-268679,-278172,-288515,-299650,,,,,,,,,,,,,,,,,,,,,,,,,,,,,,,,,,,,,,,,,,,,,,,,,,,,,,,,,,,,,,,,,,,,
RECAL 3 0 9999 9999 64 4 80,2224,-318587,-306922,-296109,-286105,-276944,-268474,-260792,-253871,-247727,-242324,-237643,-233757,-230611,-228214,-226551,-225639,-225473,-226070,-227414,-229527,-232368,-236012,-240456,-245688,-251706,-258543,-266212,-274680,-283985,-294164,-305209,-317159,-330023,,,,,,,,,,,,,,,,,,,,,,,,,,,,,,,,,,,,,,,,,,,,,,,,,,,,,,,,,,,,,,,,,,,,
RECAL 3 1 9999 2287 64 4 80,2084,-489538,-471146,-449956,-427466,-404433,-381638,-359526,-338672,-318777,-300408,-283757,-268915,-256037,-245220,-236483,-229893,-225426,-223190,-223212,-225516,-230109,-237013,-246258,-257642,-271580,-287839,-306360,-327208,-350216,-374830,-401039,-427232,-451813,,,,,,,,,,,,,,,,,,,,,,,,,,,,,,,,,,,,,,,,,,,,,,,,,,,,,,,,,,,,,,,,,,,,
RECAL 3 0 9999 9999 64 4 80,2252,-321093,-309456,-298667,-288761,-279582,-271184,-263538,-256639,-250460,-244999,-240247,-236194,-232869,-230280,-228363,-227167,-226695,-226943,-227919,-229630,-232091,-235289,-239270,-244037,-249587,-255932,-263093,-271094,-279948,-289550,-300116,-311656,-324123,,,,,,,,,,,,,,,,,,,,,,,,,,,,,,,,,,,,,,,,,,,,,,,,,,,,,,,,,,,,,,,,,,,,
RECAL 3 1 9999 2317 64 4 80,2698,-516679,-514013,-506213,-492261,-468359,-440051,-410502,-381296,-353358,-327322,-303745,-282961,-265151,-250513,-239298,-231277,-226648,-225443,-227687,-233433,-242760,-255644,-272327,-292897,-317300,-345613,-377733,-413322,-449546,-480207,-498653,-507572,-513009,,,,,,,,,,,,,,,,,,,,,,,,,,,,,,,,,,,,,,,,,,,,,,,,,,,,,,,,,,,,,,,,,,,,
RECAL 3 0 9999 9999 64 4 80,270,-230229,-230138,-230064,-229990,-229921,-229841,-229788,-229742,-229706,-229669,-229641,-229623,-229602,-229614,-229627,-229638,-229668,-229708,-229763,-229825,-229896,-229991,-230088,-230198,-230319,-230451,-230613,-230781,-230966,-231161,-231374,-231603,-231845,,,,,,,,,,,,,,,,,,,,,,,,,,,,,,,,,,,,,,,,,,,,,,,,,,,,,,,,,,,,,,,,,,,,
RECAL 3 1 9999 320 64 4 80,2663,-516003,-510118,-500007,-481845,-455374,-425589,-395205,-366469,-339466,-314924,-293158,-274417,-258802,-246470,-237445,-231835,-229589,-230697,-235180,-243119,-254475,-269373,-287839,-309498,-335092,-364411,-397449,-433011,-466775,-492111,-505066,-511969,-514890,,,,,,,,,,,,,,,,,,,,,,,,,,,,,,,,,,,,,,,,,,,,,,,,,,,,,,,,,,,,,,,,,,,,
RECAL 3 0 9999 9999 64 4 80,-299,-225749,-225640,-225534,-225435,-225355,-225281,-225214,-225157,-225113,-225068,-225038,-225006,-224998,-224988,-224979,-224987,-224999,-225008,-225029,-225055,-225082,-225106,-225144,-225189,-225235,-225280,-225330,-225382,-225440,-225499,-225560,-225624,-225692,,,,,,,,,,,,,,,,,,,,,,,,,,,,,,,,,,,,,,,,,,,,,,,,,,,,,,,,,,,,,,,,,,,,
RECAL 3 1 9999 -243 64 4 80,2044,-458789,-436798,-413426,-390207,-367592,-346117,-325801,-307076,-290028,-274781,-261622,-250429,-241219,-234032,-228933,-225904,-224985,-226147,-229439,-234855,-242438,-252160,-264062,-278120,-294260,-312567,-333156,-355711,-379991,-405675,-431801,-456445,-478099,,,,,,,,,,,,,,,,,,,,,,,,,,,,,,,,,,,,,,,,,,,,,,,,,,,,,,,,,,,,,,,,,,,,
RECAL 3 0 9999 9999 64 4 80,516,-225299,-224905,-224545,-224221,-223920,-223657,-223422,-223225,-223060,-222933,-222835,-222784,-222773,-222799,-222858,-222961,-223113,-223301,-223546,-223830,-224161,-224527,-224951,-225415,-225945,-226505,-227133,-227806,-228535,-229322,-230167,-231043,-232008,,,,,,,,,,,,,,,,,,,,,,,,,,,,,,,,,,,,,,,,,,,,,,,,,,,,,,,,,,,,,,,,,,,,
RECAL 3 1 9999 564 64 4 80,1141,-307261,-297536,-288366,-279778,-271597,-264023,-257025,-250647,-244899,-239776,-235300,-231508,-228422,-225990,-224236,-223152,-222767,-223079,-224094,-225788,-228223,-231378,-235275,-239913,-245316,-251444,-258323,-266027,-274555,-283867,-293921,-304760,-316347,,,,,,,,,,,,,,,,,,,,,,,,,,,,,,,,,,,,,,,,,,,,,,,,,,,,,,,,,,,,,,,,,,,,
RECAL 3 0 9999 9999 64 4 80,-464,-224401,-224113,-223848,-223611,-223403,-223227,-223066,-222935,-222824,-222737,-222676,-222626,-222604,-222598,-222622,-222661,-222721,-222796,-222885,-222995,-223124,-223261,-223419,-223588,-223778,-223983,-224191,-224409,-224648,-224896,-225158,-225420,-225693,,,,,,,,,,,,,,,,,,,,,,,,,,,,,,,,,,,,,,,,,,,,,,,,,,,,,,,,,,,,,,,,,,,,
RECAL 3 1 9999 -414 64 4 80,-1362,-312950,-301231,-290316,-280119,-270702,-262210,-254420,-247491,-241380,-236100,-231683,-228097,-225337,-223411,-222320,-222049,-222593,-223973,-226159,-229166,-232966,-237498,-242892,-249040,-255953,-263628,-272017,-281133,-290936,-301358,-312444,-324140,-336408,,,,,,,,,,,,,,,,,,,,,,,,,,,,,,,,,,,,,,,,,,,,,,,,,,,,,,,,,,,,,,,,,,,,
RECAL 3 0 9999 9999 64 4 80,487,-228916,-228559,-228230,-227921,-227658,-227412,-227186,-227002,-226832,-226709,-226612,-226537,-226511,-226506,-226541,-226602,-226710,-226839,-227018,-227241,-227494,-227798,-228132,-228513,-228936,-229402,-229923,-230477,-231083,-231729,-232435,-233184,-233984,,,,,,,,,,,,,,,,,,,,,,,,,,,,,,,,,,,,,,,,,,,,,,,,,,,,,,,,,,,,,,,,,,,,
RECAL 3 1 9999 537 64 4 80,-2227,-439502,-415954,-392006,-368499,-346139,-325011,-305418,-287724,-271974,-258325,-246909,-237755,-230908,-226416,-224142,-224151,-226457,-231026,-237862,-246962,-258258,-271759,-287375,-305018,-324665,-346232,-369279,-393861,-419146,-443676,-466650,-486081,-499763,,,,,,,,,,,,,,,,,,,,,,,,,,,,,,,,,,,,,,,,,,,,,,,,,,,,,,,,,,,,,,,,,,,,
RECAL 3 0 9999 9999 64 4 80,491,-241448,-241051,-240703,-240377,-240079,-239788,-239542,-239323,-239116,-238948,-238804,-238690,-238607,-238547,-238515,-238517,-238575,-238640,-238747,-238896,-239081,-239297,-239538,-239842,-240166,-240539,-240946,-241408,-241905,-242446,-243018,-243648,-244320,,,,,,,,,,,,,,,,,,,,,,,,,,,,,,,,,,,,,,,,,,,,,,,,,,,,,,,,,,,,,,,,,,,,
RECAL 3 1 9999 548 64 4 80,-2832,-492105,-469285,-441727,-411867,-381756,-353275,-326193,-301773,-280525,-262603,-248309,-237619,-230573,-227175,-227358,-231112,-238425,-249271,-263615,-281455,-302674,-326847,-354441,-384696,-416830,-448769,-476770,-497583,-508546,-515008,-517009,-518334,-519236,,,,,,,,,,,,,,,,,,,,,,,,,,,,,,,,,,,,,,,,,,,,,,,,,,,,,,,,,,,,,,,,,,,,
RECAL 3 0 9999 9999 64 4 80,-2293,-310306,-300197,-290994,-282512,-274835,-267884,-261689,-256244,-251520,-247500,-244184,-241564,-239637,-238405,-237860,-238002,-238832,-240338,-242529,-245395,-248944,-253152,-258098,-263734,-270064,-277105,-284847,-293323,-302511,-312506,-323079,-334643,-346968,,,,,,,,,,,,,,,,,,,,,,,,,,,,,,,,,,,,,,,,,,,,,,,,,,,,,,,,,,,,,,,,,,,,
RECAL 3 1 9999 -2236 64 4 80,-2800,-506075,-492243,-470985,-443885,-414590,-385052,-356716,-330524,-306959,-286504,-269263,-255394,-244982,-238100,-234553,-234455,-237782,-244539,-254658,-268247,-285204,-305622,-329557,-356919,-387559,-421067,-454699,-484047,-501404,-510918,-515624,-517058,-518152,,,,,,,,,,,,,,,,,,,,,,,,,,,,,,,,,,,,,,,,,,,,,,,,,,,,,,,,,,,,,,,,,,,,
RECAL 3 0 9999 9999 64 4 80,-2291,-302404,-292238,-282901,-274363,-266588,-259564,-253347,-247865,-243109,-239077,-235729,-233120,-231225,-230031,-229520,-229700,-230579,-232146,-234401,-237357,-240996,-245328,-250364,-256087,-262519,-269666,-277538,-286120,-295384,-305271,-316083,-327656,-340039,,,,,,,,,,,,,,,,,,,,,,,,,,,,,,,,,,,,,,,,,,,,,,,,,,,,,,,,,,,,,,,,,,,,
RECAL 3 1 9999 -2234 64 4 80,-2184,-438469,-415015,-391377,-368667,-346639,-325908,-306881,-289739,-274550,-261420,-250427,-241614,-234941,-230405,-228007,-227712,-229506,-233406,-239397,-247310,-257384,-269540,-283727,-299887,-318113,-338347,-360445,-384594,-410154,-436454,-461448,-482374,-497933,,,,,,,,,,,,,,,,,,,,,,,,,,,,,,,,,,,,,,,,,,,,,,,,,,,,,,,,,,,,,,,,,,,,
RECAL 3 0 9999 9999 64 4 80,-2379,-306226,-295327,-285367,-276330,-268013,-260499,-253800,-247914,-242800,-238448,-234885,-232073,-230031,-228747,-228217,-228455,-229444,-231188,-233685,-236881,-240876,-245627,-251098,-257331,-264322,-272058,-280570,-289845,-299805,-310628,-322240,-334695,-348048,,,,,,,,,,,,,,,,,,,,,,,,,,,,,,,,,,,,,,,,,,,,,,,,,,,,,,,,,,,,,,,,,,,,
RECAL 3 1 9999 -2322 64 4 80,-1289,-309525,-298802,-288842,-279723,-271200,-263447,-256460,-250265,-244853,-240189,-236267,-233118,-230710,-229020,-228052,-227781,-228223,-229341,-231155,-233602,-236757,-240572,-245049,-250162,-255912,-262329,-269362,-277041,-285350,-294226,-303737,-313869,-324556,,,,,,,,,,,,,,,,,,,,,,,,,,,,,,,,,,,,,,,,,,,,,,,,,,,,,,,,,,,,,,,,,,,,
RECAL 3 0 9999 9999 64 4 80,-2281,-296258,-286694,-277857,-269822,-262549,-256005,-250202,-245109,-240712,-237013,-234019,-231740,-230127,-229183,-228924,-229351,-230446,-232209,-234659,-237791,-241608,-246091,-251247,-257081,-263626,-270866,-278799,-287280,-296542,-306596,-317374,-328857,-341178,,,,,,,,,,,,,,,,,,,,,,,,,,,,,,,,,,,,,,,,,,,,,,,,,,,,,,,,,,,,,,,,,,,,
RECAL 3 1 9999 -2226 64 4 80,1205,-340620,-328944,-317796,-307311,-297253,-287882,-279082,-270909,-263417,-256611,-250513,-245100,-240364,-236353,-233116,-230634,-228920,-227976,-227795,-228381,-229752,-231909,-234888,-238666,-243263,-248674,-254902,-261957,-269761,-278385,-287826,-298048,-309135,,,,,,,,,,,,,,,,,,,,,,,,,,,,,,,,,,,,,,,,,,,,,,,,,,,,,,,,,,,,,,,,,,,,
RECAL 3 0 9999 9999 64 4 80,-2358,-306493,-296251,-286885,-278288,-270472,-263420,-257086,-251513,-246686,-242564,-239169,-236475,-234517,-233271,-232733,-232888,-233762,-235335,-237608,-240596,-244278,-248657,-253744,-259541,-266023,-273224,-281149,-289802,-299146,-309338,-320132,-331898,-344531,,,,,,,,,,,,,,,,,,,,,,,,,,,,,,,,,,,,,,,,,,,,,,,,,,,,,,,,,,,,,,,,,,,,
RECAL 3 1 9999 -2301 64 4 80,2077,-501721,-488906,-469788,-447866,-423872,-399614,-375854,-353447,-332433,-313377,-295855,-280280,-266653,-255037,-245504,-238029,-232668,-229407,-228272,-229307,-232523,-237915,-245505,-255231,-267169,-281084,-297320,-315800,-336537,-359548,-384880,-412180,-440386,,,,,,,,,,,,,,,,,,,,,,,,,,,,,,,,,,,,,,,,,,,,,,,,,,,,,,,,,,,,,,,,,,,,
RECAL 3 0 9999 9999 64 4 80,-2327,-309501,-300252,-291828,-284122,-277129,-270838,-265338,-260416,-256185,-252623,-249727,-247490,-245914,-244957,-244676,-245022,-246019,-247644,-249929,-252842,-256412,-260622,-265451,-270957,-277164,-284032,-291590,-299827,-308809,-318564,-329105,-340478,-352751,,,,,,,,,,,,,,,,,,,,,,,,,,,,,,,,,,,,,,,,,,,,,,,,,,,,,,,,,,,,,,,,,,,,
RECAL 3 1 9999 -2271 64 4 80,2686,-520287,-518955,-517680,-514356,-507736,-494795,-471432,-441001,-408835,-377924,-349831,-324516,-302249,-283081,-267013,-254182,-244583,-238303,-235185,-235339,-238775,-245507,-255495,-268842,-285490,-305692,-329680,-357585,-389890,-426286,-464555,-494579,-508554,,,,,,,,,,,,,,,,,,,,,,,,,,,,,,,,,,,,,,,,,,,,,,,,,,,,,,,,,,,,,,,,,,,,
RECAL 3 0 9999 9999 64 4 80,2379,-364307,-350349,-337142,-324834,-313408,-302833,-293254,-284510,-276585,-269458,-263160,-257683,-253042,-249226,-246265,-244095,-242753,-242249,-242609,-243804,-245854,-248771,-252618,-257379,-263088,-269728,-277323,-285883,-295436,-306043,-317606,-330451,-344555,,,,,,,,,,,,,,,,,,,,,,,,,,,,,,,,,,,,,,,,,,,,,,,,,,,,,,,,,,,,,,,,,,,,
RECAL 3 1 9999 2447 64 4 80,-2740,-513035,-506193,-493642,-471065,-442629,-411643,-380375,-351414,-325317,-302470,-283083,-267217,-254966,-246364,-241408,-239950,-242136,-247993,-257525,-270806,-287797,-308376,-332336,-359498,-389719,-421836,-453464,-480882,-499224,-509871,-515756,-517906,-519409,,,,,,,,,,,,,,,,,,,,,,,,,,,,,,,,,,,,,,,,,,,,,,,,,,,,,,,,,,,,,,,,,,,,
RECAL 3 0 9999 9999 64 4 80,2350,-377791,-363134,-349357,-336224,-324003,-312776,-302287,-292670,-283900,-275984,-268958,-262787,-257507,-253157,-249718,-247131,-245428,-244584,-244651,-245598,-247442,-250166,-253835,-258448,-264010,-270517,-277999,-286509,-295980,-306696,-318613,-331765,-346199,,,,,,,,,,,,,,,,,,,,,,,,,,,,,,,,,,,,,,,,,,,,,,,,,,,,,,,,,,,,,,,,,,,,
RECAL 3 1 9999 2420 64 4 80,-2134,-446545,-423550,-400179,-377259,-355475,-335093,-316739,-299942,-285205,-272494,-261941,-253504,-247294,-243256,-241413,-241818,-244503,-249465,-256720,-266337,-278210,-292310,-308409,-326958,-347678,-370250,-394533,-419632,-444305,-467199,-486214,-499321,-508729,,,,,,,,,,,,,,,,,,,,,,,,,,,,,,,,,,,,,,,,,,,,,,,,,,,,,,,,,,,,,,,,,,,,
RECAL 3 0 9999 9999 64 4 80,2312,-373220,-359079,-345719,-333071,-321229,-310172,-299924,-290398,-281683,-273816,-266820,-260659,-255377,-250982,-247515,-244855,-243083,-242198,-242198,-243103,-244925,-247665,-251330,-255856,-261330,-267737,-275125,-283481,-292843,-303267,-314670,-327361,-341287,,,,,,,,,,,,,,,,,,,,,,,,,,,,,,,,,,,,,,,,,,,,,,,,,,,,,,,,,,,,,,,,,,,,
RECAL 3 1 9999 2382 64 4 80,-1267,-335217,-323830,-313135,-303124,-293828,-285305,-277610,-270628,-264417,-258941,-254247,-250323,-247151,-244767,-243104,-242209,-242070,-242685,-244073,-246188,-249063,-252707,-257137,-262354,-268332,-275070,-282541,-290783,-299670,-309156,-319493,-330522,-342267,,,,,,,,,,,,,,,,,,,,,,,,,,,,,,,,,,,,,,,,,,,,,,,,,,,,,,,,,,,,,,,,,,,,
RECAL 3 0 9999 9999 64 4 80,2316,-365847,-351869,-338644,-326149,-314528,-303694,-293522,-284210,-275721,-268088,-261296,-255373,-250307,-246177,-242849,-240372,-238765,-238050,-238224,-239300,-241279,-244171,-247914,-252561,-258141,-264669,-272135,-280618,-290129,-300521,-312183,-325005,-339081,,,,,,,,,,,,,,,,,,,,,,,,,,,,,,,,,,,,,,,,,,,,,,,,,,,,,,,,,,,,,,,,,,,,
RECAL 3 1 9999 2385 64 4 80,1172,-330284,-319769,-309748,-300279,-291587,-283413,-275864,-268922,-262664,-257071,-252163,-248016,-244534,-241761,-239743,-238497,-238006,-238317,-239435,-241378,-244183,-247878,-252437,-257916,-264342,-271693,-279979,-289081,-299265,-310504,-322756,-335991,-350249,,,,,,,,,,,,,,,,,,,,,,,,,,,,,,,,,,,,,,,,,,,,,,,,,,,,,,,,,,,,,,,,,,,,
RECAL 3 0 9999 9999 64 4 80,2402,-375796,-361406,-347873,-335202,-323395,-312441,-302344,-293111,-284800,-277227,-270529,-264649,-259597,-255443,-252129,-249669,-248062,-247317,-247474,-248537,-250501,-253376,-257174,-261917,-267549,-274208,-281862,-290521,-300213,-311038,-323017,-336246,-350668,,,,,,,,,,,,,,,,,,,,,,,,,,,,,,,,,,,,,,,,,,,,,,,,,,,,,,,,,,,,,,,,,,,,
RECAL 3 1 9999 2471 64 4 80,2028,-502819,-490601,-473298,-452590,-429937,-407005,-384289,-362669,-342565,-323985,-307168,-292223,-279163,-268047,-259076,-252118,-247251,-244479,-243882,-245490,-249368,-255474,-264039,-275083,-288643,-304746,-323473,-344905,-368891,-395417,-423974,-452629,-477222,,,,,,,,,,,,,,,,,,,,,,,,,,,,,,,,,,,,,,,,,,,,,,,,,,,,,,,,,,,,,,,,,,,,
RECAL 3 0 9999 9999 64 4 80,2418,-371589,-358021,-345308,-333478,-322656,-312615,-303368,-295012,-287500,-280752,-274835,-269692,-265303,-261699,-258895,-256927,-255733,-255352,-255789,-257033,-259069,-261934,-265645,-270171,-275549,-281803,-288924,-296889,-305773,-315503,-326188,-337929,-350725,,,,,,,,,,,,,,,,,,,,,,,,,,,,,,,,,,,,,,,,,,,,,,,,,,,,,,,,,,,,,,,,,,,,
RECAL 3 1 9999 2486 64 4 80,2631,-518508,-517609,-514568,-508911,-499697,-482093,-456216,-426434,-396187,-367867,-342498,-320039,-300703,-284630,-271629,-261931,-255293,-251952,-251984,-255495,-262633,-273539,-288336,-306939,-329717,-356870,-388676,-425390,-464316,-497027,-509969,-515055,-516637,,,,,,,,,,,,,,,,,,,,,,,,,,,,,,,,,,,,,,,,,,,,,,,,,,,,,,,,,,,,,,,,,,,,
RECAL 3 0 9999 9999 64 4 80,1043,-271334,-268842,-266487,-264252,-262142,-260183,-258365,-256696,-255197,-253850,-252672,-251641,-250780,-250070,-249549,-249182,-248977,-248965,-249132,-249474,-249989,-250678,-251555,-252613,-253875,-255320,-256960,-258806,-260830,-263072,-265544,-268207,-271079,,,,,,,,,,,,,,,,,,,,,,,,,,,,,,,,,,,,,,,,,,,,,,,,,,,,,,,,,,,,,,,,,,,,
RECAL 3 1 9999 1109 64 4 80,2631,-518154,-517177,-514889,-510774,-501305,-484165,-458015,-427363,-396087,-366739,-340389,-317077,-296950,-280155,-266486,-256152,-248929,-245013,-244501,-247502,-254128,-264535,-278848,-296944,-319111,-345597,-376489,-412330,-451015,-486570,-506075,-513445,-515542,,,,,,,,,,,,,,,,,,,,,,,,,,,,,,,,,,,,,,,,,,,,,,,,,,,,,,,,,,,,,,,,,,,,
RECAL 3 0 9999 9999 64 4 80,1011,-261320,-258723,-256250,-253942,-251806,-249804,-247933,-246231,-244683,-243285,-242061,-240980,-240063,-239311,-238744,-238337,-238118,-238080,-238230,-238564,-239081,-239791,-240691,-241794,-243106,-244600,-246316,-248233,-250340,-252628,-255138,-257867,-260817,,,,,,,,,,,,,,,,,,,,,,,,,,,,,,,,,,,,,,,,,,,,,,,,,,,,,,,,,,,,,,,,,,,,
RECAL 3 1 9999 1078 64 4 80,2034,-492816,-476326,-454628,-431457,-407952,-384527,-362196,-341368,-322132,-304689,-289145,-275472,-263865,-254321,-246823,-241410,-238087,-236934,-238014,-241333,-246872,-254823,-265257,-278140,-293545,-311535,-332158,-355350,-381191,-409376,-438186,-465530,-487361,,,,,,,,,,,,,,,,,,,,,,,,,,,,,,,,,,,,,,,,,,,,,,,,,,,,,,,,,,,,,,,,,,,,
RECAL 3 0 9999 9999 64 4 80,784,-250581,-248981,-247489,-246049,-244714,-243447,-242270,-241192,-240205,-239312,-238532,-237835,-237264,-236785,-236414,-236139,-236002,-235953,-236016,-236224,-236516,-236937,-237468,-238132,-238907,-239809,-240844,-241990,-243270,-244694,-246251,-247925,-249754,,,,,,,,,,,,,,,,,,,,,,,,,,,,,,,,,,,,,,,,,,,,,,,,,,,,,,,,,,,,,,,,,,,,
RECAL 3 1 9999 852 64 4 80,1183,-329168,-318533,-308445,-298922,-290062,-281761,-274082,-267047,-260698,-255113,-250168,-245924,-242419,-239644,-237641,-236400,-235953,-236317,-237508,-239570,-242492,-246292,-250982,-256584,-263124,-270499,-278955,-288424,-298814,-310287,-322770,-336254,-350798,,,,,,,,,,,,,,,,,,,,,,,,,,,,,,,,,,,,,,,,,,,,,,,,,,,,,,,,,,,,,,,,,,,,
RECAL 3 0 9999 9999 64 4 80,770,-247574,-246093,-244690,-243366,-242117,-240958,-239895,-238932,-238029,-237235,-236530,-235931,-235416,-235035,-234723,-234548,-234457,-234483,-234623,-234880,-235236,-235723,-236321,-237042,-237884,-238845,-239926,-241124,-242454,-243910,-245503,-247232,-249076,,,,,,,,,,,,,,,,,,,,,,,,,,,,,,,,,,,,,,,,,,,,,,,,,,,,,,,,,,,,,,,,,,,,
RECAL 3 1 9999 835 64 4 80,-1263,-336389,-324477,-313310,-302774,-292992,-284027,-275780,-268259,-261484,-255449,-250207,-245698,-241974,-238964,-236693,-235191,-234449,-234437,-235194,-236683,-238935,-241964,-245740,-250271,-255559,-261624,-268444,-275976,-284094,-293046,-302709,-313154,-324298,,,,,,,,,,,,,,,,,,,,,,,,,,,,,,,,,,,,,,,,,,,,,,,,,,,,,,,,,,,,,,,,,,,,
RECAL 3 0 9999 9999 64 4 80,860,-252576,-250677,-248928,-247266,-245733,-244289,-242955,-241725,-240627,-239647,-238772,-238010,-237378,-236862,-236484,-236218,-236086,-236086,-236241,-236486,-236907,-237460,-238174,-239021,-240028,-241169,-242476,-243940,-245561,-247329,-249278,-251404,-253672,,,,,,,,,,,,,,,,,,,,,,,,,,,,,,,,,,,,,,,,,,,,,,,,,,,,,,,,,,,,,,,,,,,,
RECAL 3 1 9999 926 64 4 80,-2133,-463708,-441648,-418368,-394733,-371677,-349907,-329819,-311213,-294474,-279753,-267052,-256447,-248020,-241744,-237602,-235682,-236038,-238664,-243581,-250780,-260282,-272071,-285991,-302357,-321097,-342099,-365098,-389880,-415831,-441751,-465555,-485430,-499261,,,,,,,,,,,,,,,,,,,,,,,,,,,,,,,,,,,,,,,,,,,,,,,,,,,,,,,,,,,,,,,,,,,,
RECAL 3 0 9999 9999 64 4 80,955,-264512,-262254,-260163,-258161,-256294,-254547,-252964,-251503,-250175,-248998,-247950,-247062,-246310,-245687,-245210,-244906,-244741,-244716,-244855,-245144,-245594,-246214,-246979,-247924,-249036,-250301,-251787,-253457,-255284,-257327,-259570,-261994,-264617,,,,,,,,,,,,,,,,,,,,,,,,,,,,,,,,,,,,,,,,,,,,,,,,,,,,,,,,,,,,,,,,,,,,
RECAL 3 1 9999 1022 64 4 80,-2736,-507612,-495874,-475947,-448784,-418429,-387175,-357631,-330807,-307125,-286872,-270017,-256768,-247134,-241166,-238667,-239810,-244625,-253152,-265452,-281538,-301331,-324565,-351331,-381213,-413416,-446178,-475432,-496150,-508623,-514383,-517671,-519222,-519900,,,,,,,,,,,,,,,,,,,,,,,,,,,,,,,,,,,,,,,,,,,,,,,,,,,,,,,,,,,,,,,,,,,,
RECAL 3 0 9999 9999 64 4 80,-2072,-316704,-307013,-298009,-289765,-282164,-275264,-269015,-263518,-258597,-254335,-250730,-247780,-245472,-243799,-242766,-242368,-242579,-243383,-244809,-246831,-249457,-252675,-256488,-260866,-265903,-271516,-277750,-284592,-292027,-300079,-308810,-318355,-328594,,,,,,,,,,,,,,,,,,,,,,,,,,,,,,,,,,,,,,,,,,,,,,,,,,,,,,,,,,,,,,,,,,,,
RECAL 3 1 9999 -2011 64 4 80,-2762,-515995,-511797,-503067,-489731,-465571,-435270,-403230,-372366,-344487,-319664,-298264,-280174,-265413,-254209,-246626,-242652,-242304,-245646,-252651,-263165,-277564,-295724,-317811,-343669,-373159,-406054,-440467,-472685,-495572,-508360,-515427,-517358,-519421,,,,,,,,,,,,,,,,,,,,,,,,,,,,,,,,,,,,,,,,,,,,,,,,,,,,,,,,,,,,,,,,,,,,
RECAL 3 0 9999 9999 64 4 80,-2097,-316871,-307129,-298101,-289829,-282220,-275209,-268861,-263224,-258266,-253994,-250428,-247533,-245286,-243738,-242838,-242566,-242973,-244020,-245724,-248051,-251030,-254620,-258796,-263620,-269060,-275112,-281783,-289116,-297050,-305589,-314894,-324887,-335605,,,,,,,,,,,,,,,,,,,,,,,,,,,,,,,,,,,,,,,,,,,,,,,,,,,,,,,,,,,,,,,,,,,,
RECAL 3 1 9999 -2037 64 4 80,-2161,-461544,-437526,-412542,-387635,-364110,-342465,-322727,-305021,-289409,-275881,-264497,-255272,-248281,-243557,-240979,-240643,-242577,-246786,-253268,-262070,-273225,-286847,-302861,-321317,-342130,-365147,-390256,-416891,-443713,-468706,-488623,-501962,-509800,,,,,,,,,,,,,,,,,,,,,,,,,,,,,,,,,,,,,,,,,,,,,,,,,,,,,,,,,,,,,,,,,,,,
RECAL 3 0 9999 9999 64 4 80,-2136,-315728,-305659,-296330,-287787,-279896,-272723,-266263,-260557,-255462,-251065,-247351,-244329,-241981,-240275,-239248,-238869,-239189,-240178,-241835,-244149,-247139,-250789,-255082,-259983,-265624,-271919,-278904,-286547,-294831,-303878,-313655,-323993,-335100,,,,,,,,,,,,,,,,,,,,,,,,,,,,,,,,,,,,,,,,,,,,,,,,,,,,,,,,,,,,,,,,,,,,
RECAL 3 1 9999 -2076 64 4 80,-1317,-347223,-334589,-322560,-311263,-300761,-291120,-282239,-274181,-266970,-260574,-255085,-250332,-246394,-243283,-240983,-239511,-238888,-239065,-240069,-241875,-244498,-247916,-252143,-257166,-263018,-269683,-277042,-285299,-294341,-304170,-314792,-326168,-338336,,,,,,,,,,,,,,,,,,,,,,,,,,,,,,,,,,,,,,,,,,,,,,,,,,,,,,,,,,,,,,,,,,,,
RECAL 3 0 9999 9999 64 4 80,-2135,-319178,-309066,-299709,-291113,-283191,-275978,-269522,-263657,-258473,-253973,-250140,-246993,-244477,-242661,-241450,-240917,-241047,-241833,-243289,-245395,-248159,-251556,-255546,-260259,-265621,-271624,-278316,-285645,-293605,-302294,-311670,-321640,-332302,,,,,,,,,,,,,,,,,,,,,,,,,,,,,,,,,,,,,,,,,,,,,,,,,,,,,,,,,,,,,,,,,,,,
RECAL 3 1 9999 -2074 64 4 80,1126,-336625,-326158,-316268,-306900,-298073,-289917,-282308,-275380,-268930,-263090,-257897,-253364,-249487,-246298,-243782,-241968,-240877,-240502,-240847,-241937,-243765,-246367,-249749,-253851,-258826,-264646,-271269,-278758,-287112,-296286,-306393,-317490,-329542,,,,,,,,,,,,,,,,,,,,,,,,,,,,,,,,,,,,,,,,,,,,,,,,,,,,,,,,,,,,,,,,,,,,
RECAL 3 0 9999 9999 64 4 80,-2034,-309234,-300228,-291967,-284346,-277358,-271034,-265404,-260354,-255919,-252083,-248833,-246182,-244107,-242625,-241690,-241342,-241568,-242363,-243708,-245616,-248091,-251139,-254789,-259012,-263819,-269207,-275182,-281712,-288861,-296433,-304786,-313735,-323326,,,,,,,,,,,,,,,,,,,,,,,,,,,,,,,,,,,,,,,,,,,,,,,,,,,,,,,,,,,,,,,,,,,,
RECAL 3 1 9999 -1974 64 4 80,2001,-484322,-464145,-441045,-416900,-392926,-369933,-348812,-329360,-311797,-296084,-282363,-270544,-260775,-252855,-246951,-243101,-241338,-241709,-244277,-249085,-256150,-265480,-277129,-291144,-307562,-326439,-347860,-371612,-397325,-425098,-452939,-477625,-495535,,,,,,,,,,,,,,,,,,,,,,,,,,,,,,,,,,,,,,,,,,,,,,,,,,,,,,,,,,,,,,,,,,,,
RECAL 3 0 9999 9999 64 4 80,-2029,-316538,-307747,-299602,-292137,-285366,-279207,-273633,-268639,-264230,-260377,-257071,-254346,-252193,-250559,-249473,-248945,-248940,-249493,-250578,-252192,-254387,-257133,-260433,-264283,-268681,-273640,-279145,-285227,-291726,-298885,-306674,-315081,-324044,,,,,,,,,,,,,,,,,,,,,,,,,,,,,,,,,,,,,,,,,,,,,,,,,,,,,,,,,,,,,,,,,,,,
RECAL 3 1 9999 -1967 64 4 80,2611,-517811,-514020,-507747,-495606,-474153,-444387,-412930,-382655,-355307,-331014,-309846,-291876,-276849,-264970,-256315,-250934,-248824,-250090,-254778,-263000,-274643,-290183,-309565,-333028,-360693,-393076,-429687,-468710,-499058,-511701,-515134,-518181,-518366,,,,,,,,,,,,,,,,,,,,,,,,,,,,,,,,,,,,,,,,,,,,,,,,,,,,,,,,,,,,,,,,,,,,
RECAL 3 0 9999 9999 64 4 80,2307,-318192,-308570,-299579,-291261,-283528,-276381,-269842,-263901,-258551,-253816,-249680,-246126,-243135,-240739,-238904,-237675,-237018,-236944,-237459,-238567,-240268,-242568,-245487,-249014,-253204,-258030,-263519,-269690,-276549,-284117,-292398,-301403,-311097,,,,,,,,,,,,,,,,,,,,,,,,,,,,,,,,,,,,,,,,,,,,,,,,,,,,,,,,,,,,,,,,,,,,
RECAL 3 1 9999 2374 64 4 80,-2982,-512896,-510259,-505970,-491325,-458667,-418153,-380408,-347699,-319882,-296510,-277473,-262017,-250243,-241958,-237030,-235354,-236812,-241331,-248796,-259152,-272308,-288063,-306121,-326323,-348329,-371744,-396020,-421317,-447033,-471877,-492527,-506819,-513747,,,,,,,,,,,,,,,,,,,,,,,,,,,,,,,,,,,,,,,,,,,,,,,,,,,,,,,,,,,,,,,,,,,,
RECAL 3 0 9999 9999 64 4 80,2260,-310038,-300653,-291869,-283636,-275946,-268860,-262360,-256448,-251133,-246407,-242266,-238735,-235738,-233329,-231499,-230254,-229607,-229537,-230076,-231198,-232927,-235254,-238188,-241753,-245924,-250730,-256181,-262204,-268970,-276450,-284647,-293569,-303274,,,,,,,,,,,,,,,,,,,,,,,,,,,,,,,,,,,,,,,,,,,,,,,,,,,,,,,,,,,,,,,,,,,,
RECAL 3 1 9999 2327 64 4 80,-2339,-458116,-434633,-408570,-382320,-357433,-334501,-313797,-295416,-279392,-265800,-254249,-244955,-237767,-232698,-229654,-228609,-229502,-232292,-236986,-243541,-251851,-261908,-273599,-286832,-301406,-317075,-333965,-351776,-370164,-389240,-408804,-428485,-448299,,,,,,,,,,,,,,,,,,,,,,,,,,,,,,,,,,,,,,,,,,,,,,,,,,,,,,,,,,,,,,,,,,,,
RECAL 3 0 9999 9999 64 4 80,2254,-306189,-297041,-288526,-280525,-273086,-266208,-259899,-254191,-249065,-244533,-240568,-237198,-234413,-232238,-230613,-229568,-229118,-229258,-229986,-231318,-233257,-235806,-238967,-242744,-247145,-252179,-257863,-264234,-271279,-278891,-287337,-296478,-306471,,,,,,,,,,,,,,,,,,,,,,,,,,,,,,,,,,,,,,,,,,,,,,,,,,,,,,,,,,,,,,,,,,,,
RECAL 3 1 9999 2319 64 4 80,-1404,-295474,-285575,-276444,-268144,-260637,-253916,-247991,-242840,-238399,-234724,-231781,-229576,-228093,-227315,-227233,-227839,-229105,-231048,-233653,-236903,-240802,-245298,-250410,-256090,-262310,-269087,-276379,-284158,-292382,-301049,-310143,-319598,-329257,,,,,,,,,,,,,,,,,,,,,,,,,,,,,,,,,,,,,,,,,,,,,,,,,,,,,,,,,,,,,,,,,,,,
RECAL 3 0 9999 9999 64 4 80,2365,-316047,-305630,-295750,-286563,-277994,-270075,-262806,-256179,-250222,-244879,-240181,-236119,-232722,-229975,-227874,-226423,-225617,-225458,-225944,-227092,-228920,-231404,-234577,-238447,-243007,-248293,-254273,-260984,-268477,-276740,-285814,-295695,-306504,,,,,,,,,,,,,,,,,,,,,,,,,,,,,,,,,,,,,,,,,,,,,,,,,,,,,,,,,,,,,,,,,,,,
RECAL 3 1 9999 2432 64 4 80,1242,-303657,-294311,-285549,-277382,-269757,-262714,-256251,-250414,-245163,-240510,-236506,-233089,-230303,-228144,-226612,-225708,-225439,-225805,-226822,-228500,-230830,-233837,-237503,-241854,-246864,-252534,-258780,-265776,-273401,-281645,-290495,-299870,-309847,,,,,,,,,,,,,,,,,,,,,,,,,,,,,,,,,,,,,,,,,,,,,,,,,,,,,,,,,,,,,,,,,,,,
RECAL 3 0 9999 9999 64 4 80,2365,-314128,-303993,-294394,-285467,-277160,-269494,-262456,-256049,-250288,-245125,-240585,-236645,-233352,-230690,-228653,-227228,-226431,-226257,-226708,-227801,-229526,-231896,-234930,-238633,-243012,-248079,-253811,-260261,-267458,-275388,-284120,-293626,-304011,,,,,,,,,,,,,,,,,,,,,,,,,,,,,,,,,,,,,,,,,,,,,,,,,,,,,,,,,,,,,,,,,,,,
RECAL 3 1 9999 2432 64 4 80,2188,-452004,-430658,-408026,-385168,-363011,-342102,-322475,-304512,-288349,-273957,-261434,-250813,-242079,-235318,-230382,-227358,-226252,-227059,-229818,-234514,-241178,-249770,-260241,-272634,-286905,-302871,-320575,-339706,-360013,-381021,-402809,-424635,-445714,,,,,,,,,,,,,,,,,,,,,,,,,,,,,,,,,,,,,,,,,,,,,,,,,,,,,,,,,,,,,,,,,,,,
RECAL 3 0 9999 9999 64 4 80,2371,-312736,-303118,-294150,-285848,-278135,-271032,-264535,-258631,-253297,-248558,-244415,-240859,-237882,-235488,-233679,-232461,-231824,-231778,-232304,-233437,-235170,-237513,-240473,-244075,-248286,-253114,-258611,-264787,-271650,-279211,-287499,-296503,-306202,,,,,,,,,,,,,,,,,,,,,,,,,,,,,,,,,,,,,,,,,,,,,,,,,,,,,,,,,,,,,,,,,,,,
RECAL 3 1 9999 2437 64 4 80,2836,-510028,-502868,-488494,-466101,-437216,-405810,-375146,-347080,-321928,-299877,-280968,-265330,-252490,-242723,-235979,-232302,-231714,-234250,-239962,-248874,-260947,-276289,-294899,-316805,-341870,-369690,-399841,-430273,-459105,-483248,-499058,-509339,-514605,,,,,,,,,,,,,,,,,,,,,,,,,,,,,,,,,,,,,,,,,,,,,,,,,,,,,,,,,,,,,,,,,,,,
RECAL 3 0 9999 9999 64 4 80,-534,-236819,-236558,-236311,-236092,-235876,-235684,-235517,-235378,-235238,-235126,-235034,-234950,-234883,-234842,-234809,-234793,-234790,-234798,-234830,-234870,-234918,-234988,-235070,-235162,-235274,-235381,-235513,-235643,-235805,-235952,-236124,-236309,-236485,,,,,,,,,,,,,,,,,,,,,,,,,,,,,,,,,,,,,,,,,,,,,,,,,,,,,,,,,,,,,,,,,,,,
RECAL 3 1 9999 -472 64 4 80,2862,-517577,-515438,-510909,-503926,-489924,-466650,-436604,-404489,-373215,-344930,-319655,-297598,-278823,-263167,-250655,-241186,-234777,-231453,-231250,-234224,-240438,-249817,-262665,-278893,-298462,-321469,-347746,-376855,-408106,-439696,-468107,-490448,-503631,,,,,,,,,,,,,,,,,,,,,,,,,,,,,,,,,,,,,,,,,,,,,,,,,,,,,,,,,,,,,,,,,,,,
RECAL 3 0 9999 9999 64 4 80,-518,-235238,-234965,-234713,-234466,-234253,-234060,-233886,-233728,-233597,-233476,-233377,-233290,-233230,-233179,-233158,-233149,-233150,-233180,-233215,-233264,-233332,-233407,-233506,-233618,-233735,-233860,-234004,-234144,-234317,-234499,-234687,-234876,-235089,,,,,,,,,,,,,,,,,,,,,,,,,,,,,,,,,,,,,,,,,,,,,,,,,,,,,,,,,,,,,,,,,,,,
RECAL 3 1 9999 -457 64 4 80,2225,-497440,-484028,-466139,-444452,-421211,-397136,-373570,-351363,-330664,-311730,-294652,-279525,-266320,-255125,-245869,-238557,-233189,-229796,-228396,-228984,-231539,-236173,-242865,-251580,-262351,-275161,-289937,-306550,-325003,-345147,-366574,-388924,-411735,,,,,,,,,,,,,,,,,,,,,,,,,,,,,,,,,,,,,,,,,,,,,,,,,,,,,,,,,,,,,,,,,,,,
RECAL 3 0 9999 9999 64 4 80,-536,-230870,-230516,-230196,-229898,-229623,-229384,-229162,-228969,-228795,-228644,-228517,-228415,-228329,-228266,-228222,-228196,-228188,-228197,-228229,-228290,-228356,-228435,-228539,-228652,-228779,-228921,-229082,-229255,-229445,-229647,-229862,-230091,-230316,,,,,,,,,,,,,,,,,,,,,,,,,,,,,,,,,,,,,,,,,,,,,,,,,,,,,,,,,,,,,,,,,,,,
RECAL 3 1 9999 -473 64 4 80,1323,-304855,-294906,-285628,-276973,-268981,-261678,-255148,-249247,-244036,-239543,-235753,-232669,-230332,-228709,-227809,-227631,-228180,-229449,-231454,-234199,-237698,-241946,-246878,-252594,-259067,-266283,-274206,-282827,-292113,-302034,-312684,-323922,-335726,,,,,,,,,,,,,,,,,,,,,,,,,,,,,,,,,,,,,,,,,,,,,,,,,,,,,,,,,,,,,,,,,,,,
RECAL 3 0 9999 9999 64 4 80,-943,-237544,-236247,-235055,-233962,-232968,-232073,-231278,-230560,-229941,-229401,-228941,-228584,-228297,-228101,-227975,-227927,-227956,-228063,-228251,-228510,-228838,-229232,-229715,-230248,-230867,-231544,-232294,-233098,-233966,-234897,-235898,-236960,-238086,,,,,,,,,,,,,,,,,,,,,,,,,,,,,,,,,,,,,,,,,,,,,,,,,,,,,,,,,,,,,,,,,,,,
RECAL 3 1 9999 -883 64 4 80,-1325,-299232,-289573,-280596,-272380,-264916,-258147,-252098,-246747,-242069,-238054,-234699,-231992,-229963,-228539,-227712,-227523,-227921,-228916,-230482,-232617,-235326,-238609,-242453,-246825,-251728,-257138,-263073,-269483,-276291,-283616,-291362,-299437,-307948,,,,,,,,,,,,,,,,,,,,,,,,,,,,,,,,,,,,,,,,,,,,,,,,,,,,,,,,,,,,,,,,,,,,
RECAL 3 0 9999 9999 64 4 80,-930,-239823,-238566,-237420,-236357,-235385,-234516,-233720,-233001,-232375,-231834,-231373,-230985,-230664,-230427,-230260,-230171,-230150,-230203,-230315,-230507,-230752,-231082,-231475,-231928,-232437,-233005,-233641,-234344,-235100,-235911,-236785,-237717,-238706,,,,,,,,,,,,,,,,,,,,,,,,,,,,,,,,,,,,,,,,,,,,,,,,,,,,,,,,,,,,,,,,,,,,
RECAL 3 1 9999 -867 64 4 80,-2286,-430765,-405079,-379307,-355040,-332614,-312333,-294260,-278489,-264867,-253419,-244104,-236851,-231688,-228430,-227091,-227667,-230109,-234372,-240461,-248252,-257706,-268773,-281387,-295313,-310587,-326963,-344290,-362272,-380700,-399750,-419107,-438330,-457604,,,,,,,,,,,,,,,,,,,,,,,,,,,,,,,,,,,,,,,,,,,,,,,,,,,,,,,,,,,,,,,,,,,,
RECAL 3 0 9999 9999 64 4 80,-814,-239796,-238948,-238166,-237453,-236793,-236198,-235671,-235182,-234740,-234369,-234042,-233766,-233537,-233351,-233216,-233126,-233085,-233085,-233124,-233222,-233363,-233538,-233751,-234012,-234308,-234633,-235019,-235428,-235861,-236346,-236867,-237416,-238001,,,,,,,,,,,,,,,,,,,,,,,,,,,,,,,,,,,,,,,,,,,,,,,,,,,,,,,,,,,,,,,,,,,,
RECAL 3 1 9999 -748 64 4 80,-2945,-512168,-510508,-505269,-490732,-459251,-419880,-382322,-349637,-321538,-297705,-277929,-261802,-249345,-240340,-234686,-232277,-233036,-236808,-243644,-253372,-265922,-281128,-298747,-318651,-340407,-363551,-387961,-413105,-438569,-463377,-486167,-502028,-511108,,,,,,,,,,,,,,,,,,,,,,,,,,,,,,,,,,,,,,,,,,,,,,,,,,,,,,,,,,,,,,,,,,,,
RECAL 3 0 9999 9999 64 4 80,-2626,-312078,-301831,-292276,-283493,-275495,-268254,-261775,-256003,-250984,-246700,-243123,-240244,-238040,-236509,-235654,-235475,-235947,-237072,-238847,-241291,-244397,-248139,-252549,-257631,-263390,-269854,-277039,-284954,-293571,-302947,-313112,-324062,-335864,,,,,,,,,,,,,,,,,,,,,,,,,,,,,,,,,,,,,,,,,,,,,,,,,,,,,,,,,,,,,,,,,,,,
RECAL 3 1 9999 -2567 64 4 80,-2970,-514605,-513960,-511992,-503701,-478150,-437343,-397350,-362872,-333360,-308349,-287456,-270288,-256683,-246514,-239640,-235948,-235420,-237984,-243592,-252140,-263593,-277837,-294716,-313825,-335399,-358881,-383899,-409894,-436348,-461693,-484559,-500700,-510050,,,,,,,,,,,,,,,,,,,,,,,,,,,,,,,,,,,,,,,,,,,,,,,,,,,,,,,,,,,,,,,,,,,,
RECAL 3 0 9999 9999 64 4 80,-2661,-323325,-311559,-300668,-290702,-281577,-273297,-265868,-259219,-253386,-248358,-244151,-240637,-237858,-235816,-234517,-233938,-234089,-234940,-236498,-238750,-241693,-245326,-249651,-254670,-260404,-266860,-273903,-281786,-290417,-299739,-309912,-320896,-332691,,,,,,,,,,,,,,,,,,,,,,,,,,,,,,,,,,,,,,,,,,,,,,,,,,,,,,,,,,,,,,,,,,,,
RECAL 3 1 9999 -2600 64 4 80,-2329,-490727,-472779,-447782,-419942,-392260,-366352,-342990,-322269,-303712,-287536,-273561,-261783,-252144,-244593,-239053,-235506,-233919,-234269,-236530,-240697,-246693,-254499,-264101,-275248,-288180,-302614,-318459,-335557,-353779,-372735,-392413,-412285,-432260,,,,,,,,,,,,,,,,,,,,,,,,,,,,,,,,,,,,,,,,,,,,,,,,,,,,,,,,,,,,,,,,,,,,
RECAL 3 0 9999 9999 64 4 80,-2672,-319159,-307261,-296314,-286345,-277173,-268799,-261271,-254571,-248706,-243633,-239345,-235829,-233082,-231118,-229871,-229354,-229562,-230501,-232157,-234525,-237636,-241417,-245890,-251076,-256982,-263615,-271002,-279117,-287969,-297408,-307840,-319106,-331198,,,,,,,,,,,,,,,,,,,,,,,,,,,,,,,,,,,,,,,,,,,,,,,,,,,,,,,,,,,,,,,,,,,,
RECAL 3 1 9999 -2611 64 4 80,-1386,-315408,-304326,-294094,-284647,-275938,-267987,-260828,-254420,-248777,-243868,-239692,-236254,-233499,-231435,-230062,-229374,-229349,-229993,-231278,-233202,-235750,-238934,-242714,-247091,-252061,-257611,-263750,-270343,-277532,-285230,-293378,-301986,-311032,,,,,,,,,,,,,,,,,,,,,,,,,,,,,,,,,,,,,,,,,,,,,,,,,,,,,,,,,,,,,,,,,,,,
RECAL 3 0 9999 9999 64 4 80,-2568,-310447,-299679,-289847,-280893,-272566,-265018,-258220,-252167,-246840,-242221,-238288,-235016,-232451,-230567,-229359,-228817,-228929,-229709,-231125,-233161,-235882,-239264,-243289,-247962,-253300,-259301,-265995,-273279,-281231,-289917,-299245,-309344,-320240,,,,,,,,,,,,,,,,,,,,,,,,,,,,,,,,,,,,,,,,,,,,,,,,,,,,,,,,,,,,,,,,,,,,
RECAL 3 1 9999 -2507 64 4 80,1258,-310063,-300375,-291339,-282844,-274952,-267648,-261033,-254943,-249513,-244710,-240517,-236959,-234037,-231762,-230124,-229112,-228776,-229089,-230086,-231747,-234092,-237133,-240812,-245219,-250311,-256104,-262605,-269802,-277669,-286200,-295311,-305036,-315387,,,,,,,,,,,,,,,,,,,,,,,,,,,,,,,,,,,,,,,,,,,,,,,,,,,,,,,,,,,,,,,,,,,,
RECAL 3 0 9999 9999 64 4 80,-2567,-308026,-297867,-288697,-280136,-272281,-265185,-258777,-253081,-248087,-243770,-240089,-237060,-234702,-232991,-231937,-231541,-231765,-232642,-234123,-236232,-239007,-242412,-246437,-251108,-256417,-262389,-269010,-276239,-284134,-292680,-301952,-311964,-322708,,,,,,,,,,,,,,,,,,,,,,,,,,,,,,,,,,,,,,,,,,,,,,,,,,,,,,,,,,,,,,,,,,,,
RECAL 3 1 9999 -2506 64 4 80,2199,-440016,-415118,-390395,-366802,-345023,-325036,-306967,-290892,-276681,-264387,-253966,-245587,-238973,-234253,-231433,-230529,-231534,-234478,-239373,-246174,-254897,-265604,-278245,-292799,-309205,-327407,-347322,-368253,-390622,-413404,-435806,-457036,-476280,,,,,,,,,,,,,,,,,,,,,,,,,,,,,,,,,,,,,,,,,,,,,,,,,,,,,,,,,,,,,,,,,,,,
RECAL 3 0 9999 9999 64 4 80,-2566,-309872,-300115,-291313,-283051,-275474,-268597,-262367,-256771,-251819,-247509,-243789,-240654,-238149,-236251,-234957,-234267,-234185,-234676,-235755,-237448,-239728,-242628,-246104,-250182,-254872,-260176,-266101,-272586,-279715,-287490,-295849,-304948,-314768,,,,,,,,,,,,,,,,,,,,,,,,,,,,,,,,,,,,,,,,,,,,,,,,,,,,,,,,,,,,,,,,,,,,
RECAL 3 1 9999 -2503 64 4 80,2839,-515463,-511238,-504025,-490051,-463250,-429992,-396317,-365182,-337675,-313627,-292929,-275660,-261257,-249917,-241625,-236345,-234110,-234954,-238889,-245916,-256056,-269427,-286045,-305898,-329078,-355569,-385076,-416610,-448353,-476407,-495667,-505835,-513087,,,,,,,,,,,,,,,,,,,,,,,,,,,,,,,,,,,,,,,,,,,,,,,,,,,,,,,,,,,,,,,,,,,,
RECAL 3 0 9999 9999 64 4 80,2218,-349020,-334988,-322088,-310248,-299417,-289568,-280701,-272582,-265309,-258856,-253207,-248385,-244362,-241106,-238662,-236997,-236097,-235954,-236570,-237987,-240163,-243119,-246826,-251390,-256758,-263004,-270110,-278092,-287021,-296853,-307866,-320061,-333426,,,,,,,,,,,,,,,,,,,,,,,,,,,,,,,,,,,,,,,,,,,,,,,,,,,,,,,,,,,,,,,,,,,,
RECAL 3 1 9999 2285 64 4 80,-2774,-493545,-474714,-448994,-419048,-387122,-355993,-327717,-302188,-280335,-262096,-247625,-236795,-229598,-225926,-225732,-229003,-235699,-245833,-259381,-276383,-296836,-320760,-347653,-378194,-411246,-444126,-472960,-493262,-505247,-512779,-515722,-518325,-519593,,,,,,,,,,,,,,,,,,,,,,,,,,,,,,,,,,,,,,,,,,,,,,,,,,,,,,,,,,,,,,,,,,,,
RECAL 3 0 9999 9999 64 4 80,2163,-339222,-325612,-312912,-301095,-290363,-280270,-271034,-262631,-255043,-248286,-242324,-237131,-232694,-229063,-226236,-224216,-222994,-222591,-222994,-224208,-226194,-229039,-232718,-237266,-242701,-249012,-256240,-264445,-273498,-283549,-294582,-306771,-320151,,,,,,,,,,,,,,,,,,,,,,,,,,,,,,,,,,,,,,,,,,,,,,,,,,,,,,,,,,,,,,,,,,,,
RECAL 3 1 9999 2231 64 4 80,-2172,-442300,-419617,-396235,-372724,-349987,-328144,-307902,-289463,-273168,-259035,-247118,-237466,-230080,-224913,-221963,-221205,-222587,-226124,-231786,-239598,-249526,-261545,-275694,-291868,-310279,-330632,-352815,-376404,-400863,-425472,-448505,-469062,-485816,,,,,,,,,,,,,,,,,,,,,,,,,,,,,,,,,,,,,,,,,,,,,,,,,,,,,,,,,,,,,,,,,,,,
RECAL 3 0 9999 9999 64 4 80,2216,-347280,-332683,-318955,-306150,-294278,-283344,-273410,-264232,-255914,-248509,-241949,-236251,-231442,-227512,-224458,-222300,-221000,-220558,-220971,-222258,-224424,-227475,-231373,-236228,-242029,-248772,-256481,-265229,-274995,-285881,-297858,-311326,-326124,,,,,,,,,,,,,,,,,,,,,,,,,,,,,,,,,,,,,,,,,,,,,,,,,,,,,,,,,,,,,,,,,,,,
RECAL 3 1 9999 2284 64 4 80,-1301,-327869,-315797,-304257,-293344,-283119,-273576,-264937,-256900,-249661,-243221,-237560,-232721,-228701,-225477,-223057,-221416,-220548,-220442,-221077,-222462,-224584,-227449,-230973,-235285,-240322,-246056,-252499,-259659,-267523,-276063,-285346,-295278,-305883,,,,,,,,,,,,,,,,,,,,,,,,,,,,,,,,,,,,,,,,,,,,,,,,,,,,,,,,,,,,,,,,,,,,
RECAL 3 0 9999 9999 64 4 80,2193,-340279,-326451,-313570,-301492,-290264,-279763,-270139,-261393,-253521,-246537,-240422,-235159,-230836,-227290,-224617,-222782,-221807,-221705,-222485,-224141,-226674,-230072,-234351,-239533,-245654,-252721,-260771,-269839,-279823,-291034,-303353,-316957,-331849,,,,,,,,,,,,,,,,,,,,,,,,,,,,,,,,,,,,,,,,,,,,,,,,,,,,,,,,,,,,,,,,,,,,
RECAL 3 1 9999 2260 64 4 80,1182,-310991,-300971,-291465,-282399,-273832,-265827,-258397,-251619,-245479,-240065,-235261,-231163,-227779,-225120,-223203,-222040,-221655,-222039,-223249,-225264,-228116,-231798,-236339,-241746,-247998,-254989,-263039,-272005,-281916,-292744,-304480,-317153,-330714,,,,,,,,,,,,,,,,,,,,,,,,,,,,,,,,,,,,,,,,,,,,,,,,,,,,,,,,,,,,,,,,,,,,
RECAL 3 0 9999 9999 64 4 80,2170,-336478,-323327,-311129,-299599,-288935,-279071,-270023,-261792,-254381,-247798,-241972,-236918,-232707,-229328,-226781,-225062,-224178,-224115,-224871,-226475,-228929,-232249,-236444,-241554,-247569,-254491,-262337,-271099,-280853,-291660,-303544,-316647,-330992,,,,,,,,,,,,,,,,,,,,,,,,,,,,,,,,,,,,,,,,,,,,,,,,,,,,,,,,,,,,,,,,,,,,
RECAL 3 1 9999 2236 64 4 80,2051,-459228,-438336,-417191,-396110,-375406,-355381,-335965,-317381,-300083,-284226,-269861,-257218,-246494,-237731,-231027,-226432,-224021,-223760,-225732,-229983,-236584,-245599,-257034,-270986,-287659,-306906,-328800,-353245,-379712,-407572,-434890,-459024,-478462,,,,,,,,,,,,,,,,,,,,,,,,,,,,,,,,,,,,,,,,,,,,,,,,,,,,,,,,,,,,,,,,,,,,
RECAL 3 0 9999 9999 64 4 80,2162,-335037,-322437,-310691,-299782,-289851,-280549,-272026,-264314,-257361,-251207,-245814,-241180,-237257,-234101,-231729,-230139,-229335,-229305,-230075,-231627,-233952,-237086,-241054,-245871,-251529,-258066,-265531,-273903,-283151,-293329,-304499,-316794,-330275,,,,,,,,,,,,,,,,,,,,,,,,,,,,,,,,,,,,,,,,,,,,,,,,,,,,,,,,,,,,,,,,,,,,
RECAL 3 1 9999 2228 64 4 80,2662,-515076,-508043,-493229,-470646,-443834,-416785,-390292,-365173,-340695,-317580,-296443,-277706,-261648,-248615,-238740,-232232,-229173,-229603,-233628,-241357,-252878,-268386,-288091,-311744,-340502,-374376,-413877,-456148,-490200,-503828,-510576,-513835,-515624,,,,,,,,,,,,,,,,,,,,,,,,,,,,,,,,,,,,,,,,,,,,,,,,,,,,,,,,,,,,,,,,,,,,
RECAL 3 0 9999 9999 64 4 80,104,-233019,-232988,-232972,-232956,-232934,-232918,-232904,-232882,-232863,-232856,-232837,-232837,-232832,-232824,-232814,-232814,-232823,-232825,-232839,-232849,-232868,-232889,-232907,-232948,-232971,-233019,-233058,-233113,-233167,-233228,-233300,-233369,-233454,,,,,,,,,,,,,,,,,,,,,,,,,,,,,,,,,,,,,,,,,,,,,,,,,,,,,,,,,,,,,,,,,,,,
RECAL 3 1 9999 162 64 4 80,2644,-518180,-515195,-508450,-496080,-474431,-447488,-420063,-392735,-366407,-341505,-318237,-297393,-278652,-262533,-249408,-239449,-232802,-229584,-229897,-233848,-241465,-252843,-268213,-287746,-311607,-340246,-374002,-412597,-453775,-487095,-502523,-508673,-512375,,,,,,,,,,,,,,,,,,,,,,,,,,,,,,,,,,,,,,,,,,,,,,,,,,,,,,,,,,,,,,,,,,,,
RECAL 3 0 9999 9999 64 4 80,230,-226457,-226366,-226278,-226186,-226110,-226038,-225969,-225903,-225850,-225797,-225752,-225717,-225687,-225673,-225661,-225658,-225673,-225696,-225726,-225771,-225826,-225894,-225974,-226066,-226169,-226287,-226425,-226580,-226744,-226934,-227135,-227350,-227588,,,,,,,,,,,,,,,,,,,,,,,,,,,,,,,,,,,,,,,,,,,,,,,,,,,,,,,,,,,,,,,,,,,,
RECAL 3 1 9999 288 64 4 80,2030,-477739,-457026,-435793,-414195,-393172,-372868,-353025,-333804,-315509,-298343,-282564,-268325,-255793,-245239,-236657,-230133,-225698,-223407,-223305,-225435,-229832,-236425,-245466,-256865,-270773,-287216,-306142,-327631,-351550,-377622,-405267,-432264,-456718,,,,,,,,,,,,,,,,,,,,,,,,,,,,,,,,,,,,,,,,,,,,,,,,,,,,,,,,,,,,,,,,,,,,
RECAL 3 0 9999 9999 64 4 80,358,-225252,-224997,-224757,-224534,-224321,-224121,-223948,-223784,-223641,-223516,-223401,-223312,-223240,-223190,-223165,-223160,-223180,-223222,-223289,-223384,-223497,-223648,-223812,-224014,-224247,-224500,-224793,-225118,-225469,-225860,-226281,-226734,-227222,,,,,,,,,,,,,,,,,,,,,,,,,,,,,,,,,,,,,,,,,,,,,,,,,,,,,,,,,,,,,,,,,,,,
RECAL 3 1 9999 417 64 4 80,1156,-305090,-295588,-286546,-277936,-269844,-262314,-255362,-249047,-243431,-238439,-234131,-230511,-227600,-225396,-223919,-223178,-223168,-223912,-225418,-227708,-230792,-234676,-239387,-244945,-251386,-258675,-266858,-275897,-285806,-296524,-308121,-320315,-333519,,,,,,,,,,,,,,,,,,,,,,,,,,,,,,,,,,,,,,,,,,,,,,,,,,,,,,,,,,,,,,,,,,,,
RECAL 3 0 9999 9999 64 4 80,508,-225519,-224972,-224444,-223947,-223492,-223066,-222676,-222322,-222006,-221721,-221475,-221272,-221106,-220983,-220903,-220867,-220877,-220929,-221030,-221182,-221376,-221628,-221926,-222286,-222694,-223159,-223671,-224247,-224864,-225548,-226298,-227101,-227975,,,,,,,,,,,,,,,,,,,,,,,,,,,,,,,,,,,,,,,,,,,,,,,,,,,,,,,,,,,,,,,,,,,,
RECAL 3 1 9999 569 64 4 80,-1328,-329290,-316944,-305171,-294064,-283679,-273891,-264888,-256696,-249331,-242826,-237136,-232314,-228346,-225271,-222976,-221502,-220867,-221044,-222034,-223825,-226413,-229760,-233866,-238752,-244383,-250740,-257844,-265713,-274304,-283445,-293393,-304006,-315278,,,,,,,,,,,,,,,,,,,,,,,,,,,,,,,,,,,,,,,,,,,,,,,,,,,,,,,,,,,,,,,,,,,,
RECAL 3 0 9999 9999 64 4 80,202,-222238,-222158,-222080,-222006,-221934,-221872,-221809,-221754,-221707,-221663,-221626,-221592,-221565,-221544,-221538,-221528,-221532,-221541,-221559,-221592,-221629,-221677,-221735,-221801,-221883,-221976,-222074,-222191,-222323,-222468,-222617,-222787,-222972,,,,,,,,,,,,,,,,,,,,,,,,,,,,,,,,,,,,,,,,,,,,,,,,,,,,,,,,,,,,,,,,,,,,
RECAL 3 1 9999 262 64 4 80,-2194,-478144,-456947,-434466,-410978,-387324,-364365,-341831,-320406,-300649,-282875,-267178,-253749,-242669,-233903,-227508,-223394,-221515,-221874,-224440,-229193,-236132,-245103,-256345,-269756,-285267,-302839,-322457,-344024,-367184,-391825,-416950,-441411,-463982,,,,,,,,,,,,,,,,,,,,,,,,,,,,,,,,,,,,,,,,,,,,,,,,,,,,,,,,,,,,,,,,,,,,
RECAL 3 0 9999 9999 64 4 80,537,-235828,-235358,-234918,-234508,-234130,-233787,-233462,-233181,-232924,-232720,-232535,-232393,-232284,-232215,-232182,-232187,-232234,-232320,-232452,-232624,-232832,-233090,-233393,-233739,-234131,-234581,-235062,-235603,-236190,-236832,-237532,-238285,-239091,,,,,,,,,,,,,,,,,,,,,,,,,,,,,,,,,,,,,,,,,,,,,,,,,,,,,,,,,,,,,,,,,,,,
RECAL 3 1 9999 594 64 4 80,-2796,-515748,-512845,-504980,-492063,-473283,-446862,-415743,-383544,-352937,-325039,-300686,-279989,-263265,-250044,-240492,-234547,-232144,-233212,-237720,-245642,-257056,-271962,-290368,-312278,-337719,-366685,-398818,-432602,-464109,-488810,-503440,-511551,-515597,,,,,,,,,,,,,,,,,,,,,,,,,,,,,,,,,,,,,,,,,,,,,,,,,,,,,,,,,,,,,,,,,,,,
RECAL 3 0 9999 9999 64 4 80,-2218,-309405,-298793,-289087,-280067,-271778,-264289,-257535,-251540,-246266,-241710,-237858,-234766,-232296,-230523,-229425,-229014,-229278,-230216,-231813,-234089,-236984,-240552,-244764,-249634,-255165,-261402,-268329,-275809,-284142,-293195,-303017,-313599,-325018,,,,,,,,,,,,,,,,,,,,,,,,,,,,,,,,,,,,,,,,,,,,,,,,,,,,,,,,,,,,,,,,,,,,
RECAL 3 1 9999 -2158 64 4 80,-2774,-516633,-513026,-504553,-492251,-472591,-445099,-414197,-381654,-351102,-323420,-299164,-278502,-261418,-247988,-238114,-231778,-228986,-229680,-233807,-241334,-252280,-266623,-284110,-305344,-330385,-359173,-391880,-427416,-462450,-489700,-503610,-509485,-515288,,,,,,,,,,,,,,,,,,,,,,,,,,,,,,,,,,,,,,,,,,,,,,,,,,,,,,,,,,,,,,,,,,,,
RECAL 3 0 9999 9999 64 4 80,-2271,-312084,-300433,-289768,-279990,-271091,-263046,-255824,-249435,-243926,-239090,-235024,-231727,-229186,-227390,-226320,-225989,-226380,-227517,-229383,-231987,-235339,-239436,-244270,-249838,-256046,-263145,-271025,-279712,-289206,-299491,-310690,-322784,-335794,,,,,,,,,,,,,,,,,,,,,,,,,,,,,,,,,,,,,,,,,,,,,,,,,,,,,,,,,,,,,,,,,,,,
RECAL 3 1 9999 -2211 64 4 80,-2155,-437967,-414894,-391166,-367409,-344919,-323649,-304124,-286584,-271112,-257796,-246694,-237925,-231200,-226688,-224336,-224113,-226013,-230021,-236113,-244336,-254734,-267301,-282028,-298887,-317958,-339260,-362644,-387562,-414351,-440861,-465446,-485079,-497800,,,,,,,,,,,,,,,,,,,,,,,,,,,,,,,,,,,,,,,,,,,,,,,,,,,,,,,,,,,,,,,,,,,,
RECAL 3 0 9999 9999 64 4 80,-2213,-316365,-304497,-293473,-283363,-274106,-265712,-258155,-251450,-245556,-240465,-236212,-232669,-229901,-227887,-226622,-226098,-226308,-227246,-228893,-231227,-234267,-238002,-242449,-247583,-253432,-259992,-267167,-275203,-283982,-293503,-303801,-314946,-326932,,,,,,,,,,,,,,,,,,,,,,,,,,,,,,,,,,,,,,,,,,,,,,,,,,,,,,,,,,,,,,,,,,,,
RECAL 3 1 9999 -2152 64 4 80,-1276,-318394,-306929,-296144,-286121,-276807,-268263,-260501,-253532,-247430,-242097,-237533,-233754,-230729,-228459,-226932,-226144,-226075,-226735,-228111,-230192,-232981,-236477,-240688,-245581,-251220,-257563,-264633,-272390,-280832,-289960,-299706,-310177,-321075,,,,,,,,,,,,,,,,,,,,,,,,,,,,,,,,,,,,,,,,,,,,,,,,,,,,,,,,,,,,,,,,,,,,
RECAL 3 0 9999 9999 64 4 80,-2244,-314081,-302053,-291190,-281028,-271748,-263357,-255817,-249121,-243245,-238167,-233829,-230318,-227596,-225654,-224495,-224100,-224469,-225590,-227422,-230033,-233399,-237514,-242392,-247999,-254362,-261506,-269338,-277935,-287295,-297396,-308399,-320279,-333019,,,,,,,,,,,,,,,,,,,,,,,,,,,,,,,,,,,,,,,,,,,,,,,,,,,,,,,,,,,,,,,,,,,,
RECAL 3 1 9999 -2184 64 4 80,1201,-317184,-306551,-296444,-286918,-278003,-269615,-261872,-254795,-248423,-242752,-237792,-233587,-230141,-227432,-225519,-224401,-224099,-224606,-225934,-228086,-231017,-234846,-239567,-245186,-251689,-259127,-267518,-276865,-287159,-298276,-310418,-323531,-337622,,,,,,,,,,,,,,,,,,,,,,,,,,,,,,,,,,,,,,,,,,,,,,,,,,,,,,,,,,,,,,,,,,,,
RECAL 3 0 9999 9999 64 4 80,-2267,-323429,-311452,-300408,-290321,-281063,-272652,-265108,-258488,-252578,-247481,-243176,-239658,-236913,-234947,-233734,-233286,-233598,-234670,-236504,-239117,-242472,-246588,-251447,-256974,-263378,-270578,-278564,-287368,-296943,-307419,-318750,-330935,-343959,,,,,,,,,,,,,,,,,,,,,,,,,,,,,,,,,,,,,,,,,,,,,,,,,,,,,,,,,,,,,,,,,,,,
RECAL 3 1 9999 -2207 64 4 80,2055,-498710,-484467,-465507,-444425,-422814,-401177,-379471,-358507,-338391,-319299,-301518,-285395,-270973,-258456,-247925,-239582,-233238,-229066,-227071,-227302,-229790,-234573,-241698,-251298,-263402,-278051,-295233,-315142,-337724,-363020,-390838,-420060,-449418,,,,,,,,,,,,,,,,,,,,,,,,,,,,,,,,,,,,,,,,,,,,,,,,,,,,,,,,,,,,,,,,,,,,
RECAL 3 0 9999 9999 64 4 80,-2280,-316275,-304631,-293949,-284302,-275516,-267552,-260416,-254082,-248548,-243789,-239795,-236597,-234111,-232363,-231355,-231088,-231527,-232706,-234607,-237264,-240674,-244827,-249722,-255369,-261805,-269002,-276971,-285600,-295173,-305624,-316992,-329254,-342510,,,,,,,,,,,,,,,,,,,,,,,,,,,,,,,,,,,,,,,,,,,,,,,,,,,,,,,,,,,,,,,,,,,,
RECAL 3 1 9999 -2221 64 4 80,2668,-514144,-506722,-490023,-467610,-440812,-413861,-386347,-359821,-334674,-311479,-290763,-272750,-257753,-245977,-237611,-232604,-231037,-232987,-238534,-247737,-260708,-277337,-298303,-323612,-353929,-389843,-431799,-475156,-502385,-511691,-512988,-515437,-515867,,,,,,,,,,,,,,,,,,,,,,,,,,,,,,,,,,,,,,,,,,,,,,,,,,,,,,,,,,,,,,,,,,,,
RECAL 3 0 9999 9999 64 4 80,2101,-336216,-325135,-314801,-305244,-296260,-288010,-280352,-273396,-267103,-261473,-256536,-252304,-248761,-245879,-243684,-242147,-241287,-241102,-241609,-242789,-244684,-247285,-250590,-254626,-259398,-264945,-271224,-278324,-286315,-295119,-304840,-315495,-327125,,,,,,,,,,,,,,,,,,,,,,,,,,,,,,,,,,,,,,,,,,,,,,,,,,,,,,,,,,,,,,,,,,,,
RECAL 3 1 9999 2168 64 4 80,-2797,-512827,-509368,-500861,-479437,-443655,-405655,-370434,-339826,-313450,-291291,-273085,-258695,-248159,-241094,-237585,-237547,-240955,-247687,-257691,-270902,-287329,-306626,-328716,-353263,-379656,-407623,-436088,-464106,-487750,-503818,-513303,-517085,-519869,,,,,,,,,,,,,,,,,,,,,,,,,,,,,,,,,,,,,,,,,,,,,,,,,,,,,,,,,,,,,,,,,,,,
RECAL 3 0 9999 9999 64 4 80,2009,-319656,-309479,-299932,-291110,-282866,-275234,-268196,-261796,-255998,-250857,-246372,-242485,-239209,-236579,-234597,-233269,-232592,-232569,-233210,-234531,-236543,-239270,-242673,-246795,-251634,-257202,-263439,-270523,-278379,-287080,-296544,-306941,-318266,,,,,,,,,,,,,,,,,,,,,,,,,,,,,,,,,,,,,,,,,,,,,,,,,,,,,,,,,,,,,,,,,,,,
RECAL 3 1 9999 2075 64 4 80,-2188,-468831,-444615,-417077,-389283,-363330,-339162,-317301,-297913,-281076,-266669,-254740,-245240,-238136,-233370,-230869,-230578,-232491,-236568,-242791,-251092,-261274,-273606,-287842,-303791,-321460,-340571,-360819,-382119,-404309,-426638,-448719,-470099,-487974,,,,,,,,,,,,,,,,,,,,,,,,,,,,,,,,,,,,,,,,,,,,,,,,,,,,,,,,,,,,,,,,,,,,
RECAL 3 0 9999 9999 64 4 80,2112,-328668,-317332,-306666,-296624,-287336,-278647,-270684,-263418,-256859,-251110,-246047,-241686,-238023,-235056,-232827,-231310,-230518,-230456,-231114,-232512,-234663,-237571,-241242,-245683,-250900,-257020,-263985,-271804,-280514,-290159,-300699,-312290,-324751,,,,,,,,,,,,,,,,,,,,,,,,,,,,,,,,,,,,,,,,,,,,,,,,,,,,,,,,,,,,,,,,,,,,
RECAL 3 1 9999 2179 64 4 80,-1319,-314601,-302778,-291846,-281740,-272548,-264264,-256856,-250383,-244779,-240056,-236227,-233201,-231017,-229653,-229099,-229355,-230402,-232224,-234811,-238129,-242188,-246950,-252426,-258595,-265466,-272966,-281012,-289765,-299072,-308975,-319385,-330278,-341588,,,,,,,,,,,,,,,,,,,,,,,,,,,,,,,,,,,,,,,,,,,,,,,,,,,,,,,,,,,,,,,,,,,,
RECAL 3 0 9999 9999 64 4 80,2098,-331460,-319819,-308865,-298609,-289206,-280344,-272154,-264684,-257901,-251832,-246500,-241846,-237936,-234765,-232291,-230530,-229467,-229123,-229484,-230572,-232354,-234910,-238212,-242263,-247071,-252658,-259035,-266244,-274333,-283364,-293258,-304144,-316049,,,,,,,,,,,,,,,,,,,,,,,,,,,,,,,,,,,,,,,,,,,,,,,,,,,,,,,,,,,,,,,,,,,,
RECAL 3 1 9999 2166 64 4 80,1155,-319509,-308732,-298572,-289129,-280297,-272119,-264658,-257858,-251845,-246540,-241922,-238008,-234801,-232302,-230513,-229449,-229114,-229493,-230613,-232473,-235091,-238472,-242616,-247529,-253243,-259781,-267119,-275229,-284099,-293716,-304056,-315134,-326659,,,,,,,,,,,,,,,,,,,,,,,,,,,,,,,,,,,,,,,,,,,,,,,,,,,,,,,,,,,,,,,,,,,,
RECAL 3 0 9999 9999 64 4 80,2105,-325282,-313867,-303278,-293301,-283993,-275391,-267455,-260239,-253712,-247900,-242799,-238421,-234728,-231720,-229417,-227779,-226843,-226594,-227035,-228205,-230064,-232644,-235971,-240021,-244827,-250375,-256714,-263963,-272023,-280965,-290810,-301548,-313317,,,,,,,,,,,,,,,,,,,,,,,,,,,,,,,,,,,,,,,,,,,,,,,,,,,,,,,,,,,,,,,,,,,,
RECAL 3 1 9999 2173 64 4 80,2040,-481821,-460552,-435438,-408845,-382618,-358022,-335289,-314642,-296121,-279820,-265631,-253768,-244073,-236475,-231029,-227732,-226581,-227591,-230713,-236045,-243581,-253272,-265200,-279261,-295384,-313505,-333539,-355423,-378592,-402676,-426959,-450448,-472337,,,,,,,,,,,,,,,,,,,,,,,,,,,,,,,,,,,,,,,,,,,,,,,,,,,,,,,,,,,,,,,,,,,,
RECAL 3 0 9999 9999 64 4 80,2136,-332358,-320833,-310108,-300245,-291160,-282703,-274950,-267863,-261456,-255720,-250716,-246289,-242536,-239450,-237021,-235264,-234170,-233750,-234007,-234959,-236600,-238956,-242018,-245812,-250308,-255559,-261484,-268253,-275790,-284170,-293352,-303455,-314501,,,,,,,,,,,,,,,,,,,,,,,,,,,,,,,,,,,,,,,,,,,,,,,,,,,,,,,,,,,,,,,,,,,,
RECAL 3 1 9999 2204 64 4 80,2650,-516309,-515504,-512045,-503456,-486627,-456663,-421424,-386804,-355522,-327879,-304285,-283909,-266975,-253482,-243446,-236847,-233723,-234068,-237924,-245239,-256024,-270361,-288217,-309462,-334089,-361775,-391684,-423312,-453670,-480498,-498907,-508521,-514157,,,,,,,,,,,,,,,,,,,,,,,,,,,,,,,,,,,,,,,,,,,,,,,,,,,,,,,,,,,,,,,,,,,,
RECAL 3 0 9999 9999 64 4 80,-491,-240603,-240265,-239960,-239680,-239426,-239196,-238994,-238804,-238630,-238491,-238367,-238277,-238198,-238145,-238091,-238078,-238074,-238077,-238112,-238165,-238224,-238296,-238391,-238513,-238636,-238768,-238923,-239083,-239250,-239433,-239628,-239842,-240057,,,,,,,,,,,,,,,,,,,,,,,,,,,,,,,,,,,,,,,,,,,,,,,,,,,,,,,,,,,,,,,,,,,,
RECAL 3 1 9999 -428 64 4 80,2684,-518021,-517696,-516225,-512130,-503859,-484561,-452814,-416643,-381826,-350909,-324088,-301016,-281542,-265494,-252909,-243760,-238020,-235735,-236858,-241440,-249500,-261088,-276205,-294761,-316768,-342122,-370855,-402204,-434529,-464851,-489413,-504509,-512487,,,,,,,,,,,,,,,,,,,,,,,,,,,,,,,,,,,,,,,,,,,,,,,,,,,,,,,,,,,,,,,,,,,,
RECAL 3 0 9999 9999 64 4 80,-661,-239482,-238742,-238067,-237450,-236870,-236365,-235911,-235518,-235163,-234853,-234614,-234412,-234242,-234143,-234088,-234053,-234077,-234142,-234247,-234383,-234567,-234784,-235047,-235332,-235661,-236026,-236416,-236845,-237315,-237806,-238329,-238889,-239478,,,,,,,,,,,,,,,,,,,,,,,,,,,,,,,,,,,,,,,,,,,,,,,,,,,,,,,,,,,,,,,,,,,,
RECAL 3 1 9999 -601 64 4 80,2089,-497168,-479403,-454490,-427152,-399828,-373938,-350580,-329000,-309644,-292529,-277577,-264811,-254225,-245874,-239703,-235736,-234058,-234685,-237615,-242882,-250459,-260370,-272418,-286970,-303705,-322642,-343561,-366155,-390195,-415025,-439560,-462800,-482979,,,,,,,,,,,,,,,,,,,,,,,,,,,,,,,,,,,,,,,,,,,,,,,,,,,,,,,,,,,,,,,,,,,,
RECAL 3 0 9999 9999 64 4 80,-670,-238970,-238143,-237399,-236714,-236099,-235545,-235043,-234611,-234237,-233927,-233665,-233460,-233280,-233180,-233125,-233123,-233166,-233256,-233391,-233574,-233796,-234067,-234370,-234716,-235099,-235528,-235992,-236493,-237030,-237607,-238208,-238849,-239527,,,,,,,,,,,,,,,,,,,,,,,,,,,,,,,,,,,,,,,,,,,,,,,,,,,,,,,,,,,,,,,,,,,,
RECAL 3 1 9999 -612 64 4 80,1238,-329956,-318233,-307212,-296814,-287191,-278266,-270128,-262766,-256209,-250449,-245519,-241422,-238091,-235586,-233913,-233078,-233099,-233987,-235725,-238322,-241752,-246042,-251184,-257208,-264104,-271862,-280500,-289857,-300109,-311262,-323175,-335887,-349245,,,,,,,,,,,,,,,,,,,,,,,,,,,,,,,,,,,,,,,,,,,,,,,,,,,,,,,,,,,,,,,,,,,,
RECAL 3 0 9999 9999 64 4 80,-603,-233719,-233045,-232426,-231857,-231333,-230864,-230443,-230073,-229738,-229458,-229206,-229013,-228856,-228731,-228655,-228619,-228616,-228649,-228726,-228835,-228988,-229161,-229368,-229599,-229869,-230180,-230513,-230872,-231266,-231688,-232130,-232599,-233089,,,,,,,,,,,,,,,,,,,,,,,,,,,,,,,,,,,,,,,,,,,,,,,,,,,,,,,,,,,,,,,,,,,,
RECAL 3 1 9999 -541 64 4 80,-1240,-311865,-300988,-290929,-281604,-273066,-265303,-258292,-252115,-246613,-241846,-237814,-234506,-231919,-230055,-228876,-228394,-228605,-229502,-231078,-233334,-236245,-239823,-244047,-248804,-254244,-260300,-266950,-274176,-281955,-290260,-299031,-308286,-317956,,,,,,,,,,,,,,,,,,,,,,,,,,,,,,,,,,,,,,,,,,,,,,,,,,,,,,,,,,,,,,,,,,,,
RECAL 3 0 9999 9999 64 4 80,-957,-245674,-243804,-242077,-240487,-239039,-237738,-236561,-235525,-234608,-233823,-233167,-232641,-232241,-231971,-231811,-231777,-231856,-232049,-232355,-232777,-233306,-233941,-234683,-235544,-236485,-237525,-238668,-239909,-241243,-242662,-244177,-245788,-247455,,,,,,,,,,,,,,,,,,,,,,,,,,,,,,,,,,,,,,,,,,,,,,,,,,,,,,,,,,,,,,,,,,,,
RECAL 3 1 9999 -898 64 4 80,-2140,-467730,-444066,-417950,-391593,-366404,-343189,-321989,-303032,-286565,-272032,-259724,-249664,-241783,-236068,-232504,-231066,-231739,-234528,-239409,-246381,-255368,-266415,-279396,-294205,-310586,-328780,-348438,-369186,-391035,-413438,-435751,-457344,-477102,,,,,,,,,,,,,,,,,,,,,,,,,,,,,,,,,,,,,,,,,,,,,,,,,,,,,,,,,,,,,,,,,,,,
RECAL 3 0 9999 9999 64 4 80,-723,-249206,-248297,-247485,-246733,-246035,-245422,-244850,-244349,-243902,-243514,-243192,-242911,-242697,-242542,-242431,-242374,-242373,-242416,-242506,-242654,-242841,-243076,-243358,-243680,-244055,-244453,-244909,-245403,-245921,-246495,-247109,-247737,-248399,,,,,,,,,,,,,,,,,,,,,,,,,,,,,,,,,,,,,,,,,,,,,,,,,,,,,,,,,,,,,,,,,,,,
RECAL 3 1 9999 -661 64 4 80,-2754,-511663,-506368,-493649,-468642,-433606,-397879,-364763,-335650,-310490,-289159,-271570,-257706,-247504,-240931,-237895,-238379,-242299,-249449,-259980,-273770,-290653,-310437,-333030,-357971,-384918,-413287,-441895,-469128,-491759,-505462,-514332,-516786,-518800,,,,,,,,,,,,,,,,,,,,,,,,,,,,,,,,,,,,,,,,,,,,,,,,,,,,,,,,,,,,,,,,,,,,
RECAL 3 0 9999 9999 64 4 80,-2378,-330485,-318530,-307514,-297502,-288257,-279788,-272180,-265420,-259450,-254306,-249978,-246422,-243639,-241674,-240504,-240141,-240565,-241783,-243791,-246520,-250057,-254395,-259530,-265473,-272178,-279749,-288145,-297285,-307236,-318090,-329853,-342583,-356315,,,,,,,,,,,,,,,,,,,,,,,,,,,,,,,,,,,,,,,,,,,,,,,,,,,,,,,,,,,,,,,,,,,,
RECAL 3 1 9999 -2318 64 4 80,-2793,-517588,-516017,-513380,-508398,-495509,-464999,-426459,-389462,-357031,-329086,-305338,-285730,-269490,-256860,-247797,-242235,-240097,-241382,-246014,-254033,-265444,-280096,-297918,-318906,-342782,-369198,-398010,-427585,-457137,-483449,-501918,-511173,-515624,,,,,,,,,,,,,,,,,,,,,,,,,,,,,,,,,,,,,,,,,,,,,,,,,,,,,,,,,,,,,,,,,,,,
RECAL 3 0 9999 9999 64 4 80,-2454,-337319,-323836,-311409,-299976,-289595,-280154,-271748,-264160,-257468,-251703,-246836,-242865,-239771,-237578,-236278,-235850,-236268,-237558,-239683,-242661,-246498,-251160,-256619,-263037,-270348,-278538,-287618,-297608,-308593,-320579,-333694,-348051,-363550,,,,,,,,,,,,,,,,,,,,,,,,,,,,,,,,,,,,,,,,,,,,,,,,,,,,,,,,,,,,,,,,,,,,
RECAL 3 1 9999 -2394 64 4 80,-2177,-449253,-420591,-391907,-365249,-341108,-319471,-300298,-283613,-269255,-257279,-247629,-240209,-234989,-231972,-231128,-232430,-235870,-241344,-248970,-258680,-270426,-284189,-299790,-317294,-336486,-357358,-379566,-402777,-426452,-449464,-470956,-489182,-502176,,,,,,,,,,,,,,,,,,,,,,,,,,,,,,,,,,,,,,,,,,,,,,,,,,,,,,,,,,,,,,,,,,,,
RECAL 3 0 9999 9999 64 4 80,-2355,-322889,-310768,-299591,-289363,-279982,-271424,-263693,-256817,-250832,-245716,-241428,-237984,-235375,-233622,-232642,-232494,-233143,-234611,-236876,-239958,-243831,-248487,-253874,-260087,-267070,-274877,-283496,-292947,-303259,-314350,-326481,-339646,-353849,,,,,,,,,,,,,,,,,,,,,,,,,,,,,,,,,,,,,,,,,,,,,,,,,,,,,,,,,,,,,,,,,,,,
RECAL 3 1 9999 -2296 64 4 80,-1309,-316091,-304508,-293831,-284016,-275066,-266962,-259710,-253314,-247846,-243120,-239198,-236109,-233805,-232306,-231594,-231647,-232465,-234024,-236310,-239352,-243116,-247570,-252727,-258577,-265054,-272256,-280133,-288642,-297712,-307438,-317736,-328543,-339967,,,,,,,,,,,,,,,,,,,,,,,,,,,,,,,,,,,,,,,,,,,,,,,,,,,,,,,,,,,,,,,,,,,,
RECAL 3 0 9999 9999 64 4 80,-2370,-319140,-307328,-296262,-286147,-276882,-268491,-260939,-254253,-248429,-243387,-239174,-235783,-233241,-231528,-230639,-230560,-231279,-232796,-235112,-238242,-242167,-246888,-252410,-258758,-265938,-273895,-282623,-292165,-302558,-313893,-326137,-339416,-353759,,,,,,,,,,,,,,,,,,,,,,,,,,,,,,,,,,,,,,,,,,,,,,,,,,,,,,,,,,,,,,,,,,,,
RECAL 3 1 9999 -2311 64 4 80,1175,-297152,-287826,-279101,-271141,-263869,-257252,-251336,-246106,-241538,-237666,-234497,-232052,-230299,-229254,-228935,-229361,-230511,-232419,-235073,-238546,-242815,-247862,-253713,-260368,-267824,-276081,-285122,-294760,-305334,-316675,-328742,-341493,-354890,,,,,,,,,,,,,,,,,,,,,,,,,,,,,,,,,,,,,,,,,,,,,,,,,,,,,,,,,,,,,,,,,,,,
RECAL 3 0 9999 9999 64 4 80,-2360,-322436,-310672,-299859,-289988,-280925,-272723,-265352,-258693,-252859,-247867,-243662,-240250,-237640,-235818,-234767,-234490,-234971,-236218,-238237,-241016,-244556,-248868,-253934,-259714,-266249,-273540,-281627,-290475,-300116,-310641,-322008,-334133,-347390,,,,,,,,,,,,,,,,,,,,,,,,,,,,,,,,,,,,,,,,,,,,,,,,,,,,,,,,,,,,,,,,,,,,
RECAL 3 1 9999 -2300 64 4 80,2044,-496994,-478716,-452755,-424270,-396557,-370704,-347409,-326325,-307510,-290910,-276624,-264404,-254252,-246192,-240199,-236278,-234473,-234751,-237139,-241665,-248323,-257110,-268080,-281132,-296257,-313492,-332877,-354174,-377037,-401274,-426262,-450514,-473280,,,,,,,,,,,,,,,,,,,,,,,,,,,,,,,,,,,,,,,,,,,,,,,,,,,,,,,,,,,,,,,,,,,,
RECAL 3 0 9999 9999 64 4 80,-2333,-320683,-309551,-299321,-290016,-281503,-273795,-266859,-260688,-255341,-250656,-246708,-243488,-240961,-239168,-238091,-237724,-238061,-239088,-240808,-243213,-246298,-250076,-254530,-259706,-265516,-272064,-279375,-287395,-296106,-305608,-315891,-326942,-338994,,,,,,,,,,,,,,,,,,,,,,,,,,,,,,,,,,,,,,,,,,,,,,,,,,,,,,,,,,,,,,,,,,,,
RECAL 3 1 9999 -2273 64 4 80,2649,-517864,-517303,-515398,-511243,-499187,-471891,-434549,-397815,-364867,-336343,-312055,-291110,-273639,-259578,-248914,-241618,-237667,-237137,-240003,-246227,-255796,-268772,-285123,-304753,-327718,-353973,-382760,-414514,-446915,-476670,-497629,-508924,-514685,,,,,,,,,,,,,,,,,,,,,,,,,,,,,,,,,,,,,,,,,,,,,,,,,,,,,,,,,,,,,,,,,,,,
RECAL 3 0 9999 9999 64 4 80,2218,-344486,-332393,-321247,-311005,-301592,-293010,-285324,-278251,-271908,-266328,-261434,-257275,-253836,-251108,-249110,-247822,-247233,-247349,-248176,-249716,-251991,-254991,-258720,-263243,-268527,-274609,-281485,-289204,-297753,-307210,-317657,-329192,-341788,,,,,,,,,,,,,,,,,,,,,,,,,,,,,,,,,,,,,,,,,,,,,,,,,,,,,,,,,,,,,,,,,,,,
RECAL 3 1 9999 2283 64 4 80,-2771,-517715,-513481,-509846,-502423,-486053,-457676,-422170,-387217,-355792,-328530,-305408,-286312,-271031,-259546,-251703,-247577,-247068,-250113,-256640,-266617,-279910,-296119,-315596,-337818,-362330,-388825,-416264,-443906,-469710,-491526,-505417,-512990,-516855,,,,,,,,,,,,,,,,,,,,,,,,,,,,,,,,,,,,,,,,,,,,,,,,,,,,,,,,,,,,,,,,,,,,
RECAL 3 0 9999 9999 64 4 80,2130,-331747,-320350,-309765,-299955,-291036,-282844,-275370,-268612,-262533,-257172,-252498,-248529,-245248,-242627,-240690,-239452,-238907,-239071,-239941,-241507,-243821,-246881,-250696,-255268,-260623,-266783,-273736,-281501,-290008,-299413,-309790,-321096,-333408,,,,,,,,,,,,,,,,,,,,,,,,,,,,,,,,,,,,,,,,,,,,,,,,,,,,,,,,,,,,,,,,,,,,
RECAL 3 1 9999 2195 64 4 80,-2161,-474327,-453624,-430430,-405466,-380291,-356586,-334654,-314826,-297179,-281935,-268934,-258240,-249877,-243842,-239977,-238327,-238875,-241590,-246435,-253387,-262420,-273582,-286745,-301718,-318433,-336673,-356161,-376515,-397621,-418658,-439691,-460192,-479461,,,,,,,,,,,,,,,,,,,,,,,,,,,,,,,,,,,,,,,,,,,,,,,,,,,,,,,,,,,,,,,,,,,,
RECAL 3 0 9999 9999 64 4 80,2219,-345115,-332428,-320680,-309812,-299786,-290655,-282389,-274848,-268049,-262041,-256823,-252383,-248732,-245861,-243788,-242464,-241925,-242158,-243187,-245010,-247622,-251049,-255242,-260355,-266314,-273129,-280837,-289454,-298959,-309481,-321056,-333744,-347524,,,,,,,,,,,,,,,,,,,,,,,,,,,,,,,,,,,,,,,,,,,,,,,,,,,,,,,,,,,,,,,,,,,,
RECAL 3 1 9999 2284 64 4 80,-1271,-318891,-308101,-298075,-288894,-280479,-272866,-266108,-260190,-255091,-250789,-247246,-244491,-242488,-241240,-240729,-240957,-241906,-243568,-245948,-249028,-252784,-257247,-262384,-268244,-274755,-281897,-289655,-297934,-306820,-316228,-325930,-336210,-346854,,,,,,,,,,,,,,,,,,,,,,,,,,,,,,,,,,,,,,,,,,,,,,,,,,,,,,,,,,,,,,,,,,,,
RECAL 3 0 9999 9999 64 4 80,2112,-330659,-319360,-308857,-299112,-290167,-281914,-274386,-267575,-261519,-256191,-251583,-247666,-244444,-241911,-240073,-238931,-238513,-238781,-239788,-241510,-243957,-247142,-251084,-255772,-261260,-267615,-274784,-282791,-291655,-301351,-312019,-323575,-335973,,,,,,,,,,,,,,,,,,,,,,,,,,,,,,,,,,,,,,,,,,,,,,,,,,,,,,,,,,,,,,,,,,,,
RECAL 3 1 9999 2176 64 4 80,1184,-331813,-321150,-310985,-301407,-292439,-284067,-276343,-269290,-263017,-257356,-252435,-248232,-244776,-242057,-240111,-238922,-238505,-238908,-240101,-242120,-244970,-248656,-253187,-258555,-264712,-271789,-279713,-288457,-297978,-308313,-319380,-331137,-343533,,,,,,,,,,,,,,,,,,,,,,,,,,,,,,,,,,,,,,,,,,,,,,,,,,,,,,,,,,,,,,,,,,,,
RECAL 3 0 9999 9999 64 4 80,2198,-340505,-328239,-316840,-306232,-296396,-287451,-279249,-271825,-265173,-259298,-254190,-249892,-246298,-243433,-241313,-239945,-239344,-239489,-240411,-242109,-244569,-247787,-251811,-256649,-262312,-268827,-276182,-284341,-293472,-303558,-314625,-326710,-339869,,,,,,,,,,,,,,,,,,,,,,,,,,,,,,,,,,,,,,,,,,,,,,,,,,,,,,,,,,,,,,,,,,,,
RECAL 3 1 9999 2263 64 4 80,2050,-485932,-467652,-447087,-425771,-403686,-381577,-360222,-339940,-321126,-304008,-288736,-275296,-263885,-254507,-247276,-242194,-239287,-238554,-240057,-243828,-249912,-258323,-269103,-282230,-297767,-315681,-335711,-357497,-380679,-404540,-428265,-450800,-471477,,,,,,,,,,,,,,,,,,,,,,,,,,,,,,,,,,,,,,,,,,,,,,,,,,,,,,,,,,,,,,,,,,,,
RECAL 3 0 9999 9999 64 4 80,2193,-345355,-333644,-322814,-312855,-303631,-295158,-287483,-280510,-274286,-268799,-264059,-260038,-256747,-254149,-252237,-251056,-250574,-250812,-251753,-253452,-255866,-258995,-262876,-267501,-272908,-279103,-286085,-293867,-302428,-311981,-322444,-333898,-346413,,,,,,,,,,,,,,,,,,,,,,,,,,,,,,,,,,,,,,,,,,,,,,,,,,,,,,,,,,,,,,,,,,,,
RECAL 3 1 9999 2258 64 4 80,2650,-519410,-518206,-515766,-509096,-498231,-478704,-453283,-425181,-396125,-367996,-342423,-319064,-298745,-281669,-267886,-257443,-250485,-247055,-247184,-250893,-258285,-269506,-284625,-303664,-326775,-353874,-383975,-416979,-449159,-476292,-494816,-506222,-512280,,,,,,,,,,,,,,,,,,,,,,,,,,,,,,,,,,,,,,,,,,,,,,,,,,,,,,,,,,,,,,,,,,,,
RECAL 3 0 9999 9999 64 4 80,-263,-242218,-242175,-242142,-242113,-242103,-242086,-242082,-242087,-242090,-242096,-242108,-242137,-242161,-242180,-242202,-242238,-242277,-242314,-242363,-242408,-242460,-242507,-242562,-242610,-242660,-242720,-242781,-242836,-242893,-242957,-243015,-243086,-243135,,,,,,,,,,,,,,,,,,,,,,,,,,,,,,,,,,,,,,,,,,,,,,,,,,,,,,,,,,,,,,,,,,,,
RECAL 3 1 9999 -237 64 4 80,2615,-516371,-512731,-504866,-490388,-469105,-442375,-413628,-384766,-357366,-332200,-309796,-290282,-273883,-260780,-251089,-244831,-242065,-242862,-247276,-255269,-267193,-283016,-302760,-326502,-354084,-384968,-417873,-449201,-475831,-493734,-506165,-512794,-516556,,,,,,,,,,,,,,,,,,,,,,,,,,,,,,,,,,,,,,,,,,,,,,,,,,,,,,,,,,,,,,,,,,,,
RECAL 3 0 9999 9999 64 4 80,-169,-236627,-236646,-236640,-236664,-236670,-236686,-236703,-236707,-236740,-236759,-236781,-236804,-236834,-236854,-236865,-236902,-236930,-236955,-236986,-237003,-237028,-237053,-237089,-237110,-237136,-237158,-237172,-237207,-237220,-237255,-237265,-237280,-237302,,,,,,,,,,,,,,,,,,,,,,,,,,,,,,,,,,,,,,,,,,,,,,,,,,,,,,,,,,,,,,,,,,,,
RECAL 3 0 9999 -127 64 4 80,-191,-236729,-236704,-236695,-236688,-236672,-236676,-236681,-236676,-236687,-236696,-236704,-236720,-236731,-236745,-236758,-236778,-236808,-236836,-236858,-236878,-236909,-236921,-236956,-236974,-237006,-237026,-237048,-237084,-237102,-237126,-237159,-237176,-237207,,,,,,,,,,,,,,,,,,,,,,,,,,,,,,,,,,,,,,,,,,,,,,,,,,,,,,,,,,,,,,,,,,,,
RECAL 3 1 9999 -172 64 4 80,1996,-479896,-461272,-440945,-419172,-397176,-375481,-354447,-334512,-316083,-299283,-284339,-271255,-260177,-251229,-244252,-239393,-236677,-236136,-237813,-241713,-247848,-256244,-266798,-279553,-294433,-311408,-330303,-350842,-372603,-394882,-417667,-439738,-460764,,,,,,,,,,,,,,,,,,,,,,,,,,,,,,,,,,,,,,,,,,,,,,,,,,,,,,,,,,,,,,,,,,,,
RECAL 3 0 9999 9999 64 4 80,-732,-241873,-240979,-240176,-239447,-238795,-238213,-237689,-237253,-236883,-236576,-236342,-236180,-236070,-236023,-236045,-236115,-236260,-236449,-236708,-237029,-237385,-237810,-238281,-238804,-239379,-239997,-240671,-241396,-242162,-242973,-243835,-244725,-245653,,,,,,,,,,,,,,,,,,,,,,,,,,,,,,,,,,,,,,,,,,,,,,,,,,,,,,,,,,,,,,,,,,,,
RECAL 3 1 9999 -679 64 4 80,1096,-324946,-315164,-305828,-297021,-288800,-281059,-273876,-267226,-261172,-255757,-250977,-246830,-243336,-240512,-238349,-236839,-236020,-235893,-236460,-237750,-239756,-242469,-245929,-250042,-254888,-260483,-266800,-273850,-281615,-290099,-299095,-308947,-319422,,,,,,,,,,,,,,,,,,,,,,,,,,,,,,,,,,,,,,,,,,,,,,,,,,,,,,,,,,,,,,,,,,,,
RECAL 3 0 9999 9999 64 4 80,261,-236096,-236045,-235995,-235951,-235915,-235898,-235886,-235884,-235889,-235895,-235937,-235979,-236022,-236081,-236157,-236248,-236354,-236470,-236601,-236754,-236911,-237096,-237285,-237504,-237738,-237983,-238243,-238533,-238828,-239167,-239516,-239880,-240269,,,,,,,,,,,,,,,,,,,,,,,,,,,,,,,,,,,,,,,,,,,,,,,,,,,,,,,,,,,,,,,,,,,,
RECAL 3 1 9999 288 64 4 80,-1367,-354962,-341095,-327937,-315587,-304086,-293443,-283806,-274935,-266954,-259896,-253776,-248563,-244249,-240831,-238293,-236636,-235884,-236009,-237015,-238885,-241628,-245194,-249528,-254714,-260697,-267483,-274996,-283256,-292170,-301721,-311918,-322519,-333642,,,,,,,,,,,,,,,,,,,,,,,,,,,,,,,,,,,,,,,,,,,,,,,,,,,,,,,,,,,,,,,,,,,,
RECAL 3 0 9999 9999 64 4 80,-659,-244690,-244101,-243561,-243079,-242655,-242297,-241965,-241694,-241487,-241318,-241197,-241116,-241088,-241102,-241165,-241265,-241407,-241598,-241812,-242092,-242402,-242727,-243097,-243502,-243939,-244404,-244916,-245447,-246026,-246619,-247261,-247923,-248618,,,,,,,,,,,,,,,,,,,,,,,,,,,,,,,,,,,,,,,,,,,,,,,,,,,,,,,,,,,,,,,,,,,,
RECAL 3 1 9999 -610 64 4 80,-2205,-458998,-434516,-408011,-381475,-356364,-333285,-312514,-294240,-278705,-265412,-254635,-246371,-240533,-237126,-236083,-237415,-241035,-246873,-254892,-265092,-277375,-291627,-307773,-325655,-344778,-365317,-386750,-408731,-430523,-451434,-471810,-488652,-501298,,,,,,,,,,,,,,,,,,,,,,,,,,,,,,,,,,,,,,,,,,,,,,,,,,,,,,,,,,,,,,,,,,,,
RECAL 3 0 9999 9999 64 4 80,204,-241986,-241918,-241865,-241831,-241785,-241772,-241731,-241723,-241707,-241703,-241703,-241707,-241704,-241724,-241738,-241779,-241806,-241852,-241898,-241969,-242030,-242114,-242200,-242289,-242410,-242521,-242651,-242790,-242931,-243096,-243270,-243462,-243661,,,,,,,,,,,,,,,,,,,,,,,,,,,,,,,,,,,,,,,,,,,,,,,,,,,,,,,,,,,,,,,,,,,,
RECAL 3 1 9999 241 64 4 80,-2808,-517506,-513747,-510190,-503546,-489060,-460670,-423998,-387633,-354983,-326766,-302901,-283227,-267449,-255462,-247241,-242692,-241647,-244088,-249989,-259313,-271965,-287910,-306894,-329210,-354132,-381190,-409807,-438543,-466191,-489865,-504836,-513290,-517139,,,,,,,,,,,,,,,,,,,,,,,,,,,,,,,,,,,,,,,,,,,,,,,,,,,,,,,,,,,,,,,,,,,,
RECAL 3 0 9999 9999 64 4 80,-2307,-325835,-315152,-305243,-296248,-288169,-280853,-274338,-268619,-263652,-259434,-255999,-253271,-251271,-249973,-249389,-249484,-250295,-251787,-253971,-256883,-260485,-264815,-269853,-275603,-282086,-289324,-297325,-306190,-315846,-326309,-337714,-349988,-363133,,,,,,,,,,,,,,,,,,,,,,,,,,,,,,,,,,,,,,,,,,,,,,,,,,,,,,,,,,,,,,,,,,,,
RECAL 3 1 9999 -2250 64 4 80,-2764,-514337,-511246,-502780,-482094,-446907,-409226,-374569,-344514,-318834,-297236,-279534,-265570,-255069,-248289,-245096,-245433,-249277,-256541,-267259,-281314,-298288,-318675,-342040,-368044,-396280,-425605,-454263,-480205,-498229,-508476,-515169,-517230,-519766,,,,,,,,,,,,,,,,,,,,,,,,,,,,,,,,,,,,,,,,,,,,,,,,,,,,,,,,,,,,,,,,,,,,
RECAL 3 0 9999 9999 64 4 80,-2381,-326814,-314752,-303730,-293730,-284782,-276639,-269379,-263007,-257479,-252807,-248969,-245951,-243713,-242295,-241682,-241890,-242905,-244721,-247326,-250729,-254873,-259860,-265685,-272279,-279751,-288039,-297133,-307167,-318007,-329752,-342469,-356098,-370754,,,,,,,,,,,,,,,,,,,,,,,,,,,,,,,,,,,,,,,,,,,,,,,,,,,,,,,,,,,,,,,,,,,,
RECAL 3 1 9999 -2324 64 4 80,-2164,-500883,-487395,-467247,-441930,-414620,-387657,-362775,-340167,-319938,-302079,-286645,-273478,-262610,-254018,-247758,-243606,-241660,-241879,-244262,-248766,-255372,-264101,-275030,-288020,-302929,-319767,-338352,-358417,-379712,-401936,-423896,-445997,-466007,,,,,,,,,,,,,,,,,,,,,,,,,,,,,,,,,,,,,,,,,,,,,,,,,,,,,,,,,,,,,,,,,,,,
RECAL 3 0 9999 9999 64 4 80,-2304,-322285,-310816,-300199,-290598,-281858,-274038,-267082,-260943,-255654,-251227,-247594,-244766,-242685,-241381,-240854,-241068,-242056,-243775,-246253,-249488,-253469,-258222,-263744,-270012,-277045,-284940,-293606,-303075,-313417,-324562,-336591,-349536,-363302,,,,,,,,,,,,,,,,,,,,,,,,,,,,,,,,,,,,,,,,,,,,,,,,,,,,,,,,,,,,,,,,,,,,
RECAL 3 1 9999 -2247 64 4 80,-1277,-329914,-318170,-307257,-297157,-287966,-279560,-271980,-265261,-259403,-254375,-250146,-246701,-244038,-242111,-240955,-240531,-240839,-241883,-243646,-246135,-249303,-253193,-257769,-263044,-269050,-275746,-283084,-291084,-299662,-308872,-318646,-328910,-339544,,,,,,,,,,,,,,,,,,,,,,,,,,,,,,,,,,,,,,,,,,,,,,,,,,,,,,,,,,,,,,,,,,,,
RECAL 3 0 9999 9999 64 4 80,-2402,-329428,-316448,-304658,-293979,-284335,-275641,-267911,-261097,-255192,-250232,-246064,-242787,-240351,-238753,-238001,-238105,-239041,-240813,-243440,-246909,-251217,-256358,-262364,-269221,-276950,-285409,-294825,-305188,-316453,-328676,-341917,-356129,-371361,,,,,,,,,,,,,,,,,,,,,,,,,,,,,,,,,,,,,,,,,,,,,,,,,,,,,,,,,,,,,,,,,,,,
RECAL 3 1 9999 -2345 64 4 80,1178,-337548,-326127,-315419,-305353,-295972,-287278,-279199,-271809,-265140,-259166,-253979,-249460,-245669,-242607,-240287,-238735,-237948,-237943,-238715,-240322,-242735,-245978,-250059,-254997,-260779,-267452,-274853,-283235,-292426,-302480,-313357,-325030,-337432,,,,,,,,,,,,,,,,,,,,,,,,,,,,,,,,,,,,,,,,,,,,,,,,,,,,,,,,,,,,,,,,,,,,
RECAL 3 0 9999 9999 64 4 80,-2326,-330711,-318444,-307219,-297010,-287816,-279477,-272121,-265548,-259814,-254912,-250819,-247537,-245039,-243333,-242405,-242257,-242866,-244234,-246355,-249223,-252860,-257248,-262348,-268289,-275004,-282488,-290793,-299852,-309795,-320584,-332298,-345016,-358689,,,,,,,,,,,,,,,,,,,,,,,,,,,,,,,,,,,,,,,,,,,,,,,,,,,,,,,,,,,,,,,,,,,,
RECAL 3 1 9999 -2267 64 4 80,2042,-499684,-486595,-469401,-447682,-424293,-400317,-376812,-354589,-333945,-315203,-298482,-283921,-271371,-260874,-252502,-246271,-242189,-240262,-240534,-243041,-247787,-254810,-264186,-275904,-289976,-306313,-325117,-346185,-369031,-393447,-418498,-442673,-464659,,,,,,,,,,,,,,,,,,,,,,,,,,,,,,,,,,,,,,,,,,,,,,,,,,,,,,,,,,,,,,,,,,,,
RECAL 3 0 9999 9999 64 4 80,-2327,-328675,-317491,-307312,-298044,-289735,-282244,-275659,-269835,-264775,-260495,-257003,-254266,-252295,-251056,-250584,-250822,-251809,-253521,-255942,-259110,-263006,-267651,-272952,-279085,-285990,-293661,-302110,-311410,-321545,-332539,-344491,-357489,-371425,,,,,,,,,,,,,,,,,,,,,,,,,,,,,,,,,,,,,,,,,,,,,,,,,,,,,,,,,,,,,,,,,,,,
RECAL 3 1 9999 -2270 64 4 80,2645,-519497,-518048,-515970,-509834,-501903,-486085,-460998,-430746,-399287,-369423,-342466,-318935,-298410,-281334,-267645,-257338,-250503,-247143,-247341,-251129,-258527,-269655,-284571,-303362,-326146,-352947,-383326,-416329,-449847,-478536,-496676,-506753,-512159,,,,,,,,,,,,,,,,,,,,,,,,,,,,,,,,,,,,,,,,,,,,,,,,,,,,,,,,,,,,,,,,,,,,
RECAL 3 0 9999 9999 64 4 80,2344,-371576,-357160,-343714,-331173,-319597,-308885,-299192,-290261,-282136,-274850,-268358,-262704,-257843,-253832,-250640,-248282,-246715,-245963,-246022,-246878,-248569,-251068,-254355,-258532,-263576,-269488,-276268,-283969,-292568,-302115,-312690,-324457,-337360,,,,,,,,,,,,,,,,,,,,,,,,,,,,,,,,,,,,,,,,,,,,,,,,,,,,,,,,,,,,,,,,,,,,
RECAL 3 1 9999 2414 64 4 80,-2733,-515908,-513508,-508058,-489951,-455690,-416055,-379727,-348300,-321350,-298673,-280039,-265212,-254306,-246903,-243057,-242696,-245753,-252149,-261818,-274732,-290607,-309353,-331050,-355490,-382381,-411250,-440833,-468980,-492236,-506157,-513151,-516058,-518597,,,,,,,,,,,,,,,,,,,,,,,,,,,,,,,,,,,,,,,,,,,,,,,,,,,,,,,,,,,,,,,,,,,,
RECAL 3 0 9999 9999 64 4 80,2269,-354363,-340377,-327373,-315241,-303965,-293581,-284023,-275273,-267323,-260302,-253987,-248496,-243826,-239964,-236921,-234712,-233330,-232770,-233055,-234197,-236196,-239078,-242826,-247454,-252971,-259334,-266724,-275078,-284412,-294783,-306266,-318936,-332850,,,,,,,,,,,,,,,,,,,,,,,,,,,,,,,,,,,,,,,,,,,,,,,,,,,,,,,,,,,,,,,,,,,,
RECAL 3 1 9999 2338 64 4 80,-2128,-485455,-463867,-437079,-408660,-381088,-355957,-332862,-312203,-293996,-278254,-264884,-253863,-245195,-238698,-234491,-232520,-232752,-235145,-239689,-246329,-255044,-265651,-278329,-292856,-309174,-327137,-346658,-367373,-389190,-411531,-433882,-455625,-475484,,,,,,,,,,,,,,,,,,,,,,,,,,,,,,,,,,,,,,,,,,,,,,,,,,,,,,,,,,,,,,,,,,,,
RECAL 3 0 9999 9999 64 4 80,2338,-366082,-350825,-336359,-322882,-310327,-298694,-288032,-278240,-269468,-261492,-254420,-248263,-243020,-238668,-235226,-232707,-231112,-230419,-230644,-231772,-233816,-236774,-240695,-245542,-251273,-258083,-265922,-274794,-284722,-295728,-307995,-321504,-336494,,,,,,,,,,,,,,,,,,,,,,,,,,,,,,,,,,,,,,,,,,,,,,,,,,,,,,,,,,,,,,,,,,,,
RECAL 3 1 9999 2407 64 4 80,-1244,-338992,-325923,-313728,-302390,-291947,-282352,-273583,-265684,-258648,-252352,-246880,-242199,-238293,-235183,-232831,-231246,-230390,-230281,-230916,-232266,-234339,-237116,-240611,-244798,-249558,-255055,-261196,-267963,-275349,-283326,-291862,-300924,-310462,,,,,,,,,,,,,,,,,,,,,,,,,,,,,,,,,,,,,,,,,,,,,,,,,,,,,,,,,,,,,,,,,,,,
RECAL 3 0 9999 9999 64 4 80,2249,-354511,-340570,-327444,-315215,-303812,-293274,-283600,-274811,-266838,-259670,-253330,-247822,-243129,-239242,-236211,-233957,-232533,-231943,-232173,-233244,-235165,-237934,-241585,-246138,-251591,-257964,-265299,-273577,-282866,-293151,-304363,-316895,-330636,,,,,,,,,,,,,,,,,,,,,,,,,,,,,,,,,,,,,,,,,,,,,,,,,,,,,,,,,,,,,,,,,,,,
RECAL 3 1 9999 2318 64 4 80,1182,-326485,-314872,-304010,-293905,-284530,-275876,-267988,-260838,-254479,-248978,-244174,-240143,-236908,-234461,-232806,-231954,-231919,-232691,-234304,-236749,-240052,-244208,-249200,-255054,-261786,-269268,-277719,-287032,-297097,-308042,-319776,-332252,-345465,,,,,,,,,,,,,,,,,,,,,,,,,,,,,,,,,,,,,,,,,,,,,,,,,,,,,,,,,,,,,,,,,,,,
RECAL 3 0 9999 9999 64 4 80,2326,-364856,-350100,-336216,-323218,-311114,-299930,-289743,-280366,-271857,-264235,-257466,-251662,-246645,-242463,-239137,-236662,-235062,-234339,-234481,-235482,-237338,-240080,-243692,-248179,-253568,-259884,-267146,-275284,-284522,-294755,-306127,-318646,-332384,,,,,,,,,,,,,,,,,,,,,,,,,,,,,,,,,,,,,,,,,,,,,,,,,,,,,,,,,,,,,,,,,,,,
RECAL 3 1 9999 2395 64 4 80,2037,-495029,-478556,-455337,-429596,-402762,-376798,-352980,-331105,-311427,-293996,-278790,-265768,-255078,-246583,-240264,-236166,-234272,-234614,-237176,-241938,-248958,-258252,-269814,-283603,-299557,-317738,-337920,-359976,-383967,-409075,-434295,-458568,-479749,,,,,,,,,,,,,,,,,,,,,,,,,,,,,,,,,,,,,,,,,,,,,,,,,,,,,,,,,,,,,,,,,,,,
RECAL 3 0 9999 9999 64 4 80,2310,-360047,-346319,-333542,-321748,-310887,-300888,-291766,-283408,-275809,-269030,-263046,-257863,-253474,-249864,-247044,-245013,-243743,-243231,-243514,-244565,-246415,-249059,-252510,-256741,-261768,-267620,-274320,-281861,-290295,-299594,-309901,-321068,-333421,,,,,,,,,,,,,,,,,,,,,,,,,,,,,,,,,,,,,,,,,,,,,,,,,,,,,,,,,,,,,,,,,,,,
RECAL 3 1 9999 2379 64 4 80,2633,-518445,-517724,-515375,-511448,-503370,-485028,-454978,-419947,-385975,-355662,-329005,-306013,-286620,-270625,-258203,-248983,-243169,-240785,-241869,-246462,-254577,-266294,-281559,-300231,-322485,-348336,-377527,-410005,-443889,-475017,-496808,-508657,-514076,,,,,,,,,,,,,,,,,,,,,,,,,,,,,,,,,,,,,,,,,,,,,,,,,,,,,,,,,,,,,,,,,,,,
RECAL 3 0 9999 9999 64 4 80,830,-259354,-257949,-256599,-255331,-254139,-253013,-251992,-251036,-250158,-249377,-248697,-248093,-247583,-247162,-246824,-246597,-246441,-246388,-246440,-246594,-246845,-247201,-247668,-248236,-248915,-249703,-250617,-251655,-252790,-254062,-255458,-256967,-258615,,,,,,,,,,,,,,,,,,,,,,,,,,,,,,,,,,,,,,,,,,,,,,,,,,,,,,,,,,,,,,,,,,,,
RECAL 3 1 9999 898 64 4 80,2591,-518884,-518768,-516578,-513869,-509640,-498254,-474598,-441072,-406324,-374197,-345552,-320463,-298910,-280817,-266032,-254545,-246393,-241487,-239965,-241869,-247214,-256014,-268351,-284220,-303549,-326126,-352501,-382174,-414709,-447949,-477633,-498514,-509996,,,,,,,,,,,,,,,,,,,,,,,,,,,,,,,,,,,,,,,,,,,,,,,,,,,,,,,,,,,,,,,,,,,,
RECAL 3 0 9999 9999 64 4 80,876,-250141,-248417,-246780,-245249,-243827,-242517,-241291,-240179,-239175,-238285,-237510,-236845,-236301,-235885,-235575,-235391,-235338,-235419,-235635,-235973,-236438,-237043,-237794,-238686,-239708,-240889,-242213,-243693,-245317,-247098,-249002,-251076,-253308,,,,,,,,,,,,,,,,,,,,,,,,,,,,,,,,,,,,,,,,,,,,,,,,,,,,,,,,,,,,,,,,,,,,
RECAL 3 1 9999 940 64 4 80,1983,-504324,-493576,-476563,-452811,-426762,-400268,-375100,-351900,-330614,-311299,-294093,-278988,-266026,-255150,-246434,-239830,-235368,-233062,-232870,-234863,-239034,-245407,-253954,-264763,-277754,-292767,-309818,-328914,-349911,-372512,-396544,-421269,-445442,,,,,,,,,,,,,,,,,,,,,,,,,,,,,,,,,,,,,,,,,,,,,,,,,,,,,,,,,,,,,,,,,,,,
RECAL 3 0 9999 9999 64 4 80,614,-241544,-240686,-239861,-239092,-238362,-237676,-237044,-236472,-235941,-235468,-235040,-234674,-234352,-234103,-233909,-233764,-233684,-233666,-233719,-233830,-234015,-234263,-234578,-234964,-235418,-235951,-236561,-237246,-238012,-238862,-239787,-240788,-241870,,,,,,,,,,,,,,,,,,,,,,,,,,,,,,,,,,,,,,,,,,,,,,,,,,,,,,,,,,,,,,,,,,,,
RECAL 3 1 9999 681 64 4 80,1108,-319953,-309620,-299919,-290867,-282365,-274508,-267335,-260827,-255018,-249890,-245460,-241773,-238720,-236369,-234744,-233847,-233667,-234235,-235523,-237562,-240332,-243833,-248079,-253069,-258827,-265358,-272626,-280553,-289300,-298748,-308955,-319872,-331445,,,,,,,,,,,,,,,,,,,,,,,,,,,,,,,,,,,,,,,,,,,,,,,,,,,,,,,,,,,,,,,,,,,,
RECAL 3 0 9999 9999 64 4 80,886,-255246,-253236,-251344,-249576,-247890,-246334,-244888,-243565,-242360,-241274,-240312,-239476,-238765,-238183,-237745,-237433,-237267,-237233,-237347,-237604,-238004,-238543,-239237,-240086,-241083,-242241,-243548,-245011,-246626,-248395,-250334,-252437,-254710,,,,,,,,,,,,,,,,,,,,,,,,,,,,,,,,,,,,,,,,,,,,,,,,,,,,,,,,,,,,,,,,,,,,
RECAL 3 1 9999 953 64 4 80,-1326,-349731,-335581,-322440,-310294,-299054,-288795,-279464,-271092,-263685,-257208,-251665,-247044,-243372,-240531,-238565,-237470,-237235,-237840,-239282,-241540,-244604,-248414,-252999,-258365,-264478,-271316,-278887,-287133,-295902,-305498,-315719,-326529,-337960,,,,,,,,,,,,,,,,,,,,,,,,,,,,,,,,,,,,,,,,,,,,,,,,,,,,,,,,,,,,,,,,,,,,
RECAL 3 0 9999 9999 64 4 80,650,-244352,-243427,-242547,-241704,-240920,-240185,-239500,-238865,-238283,-237766,-237307,-236892,-236555,-236271,-236054,-235902,-235808,-235796,-235835,-235950,-236131,-236385,-236709,-237115,-237584,-238139,-238762,-239477,-240269,-241137,-242080,-243121,-244241,,,,,,,,,,,,,,,,,,,,,,,,,,,,,,,,,,,,,,,,,,,,,,,,,,,,,,,,,,,,,,,,,,,,
RECAL 3 1 9999 717 64 4 80,-2175,-499680,-482615,-456778,-426799,-397325,-369792,-345006,-322799,-303279,-286546,-272196,-260272,-250754,-243594,-238725,-236130,-235766,-237593,-241607,-247764,-256051,-266434,-278864,-293205,-309490,-327749,-347647,-368987,-391631,-415070,-438364,-461064,-481266,,,,,,,,,,,,,,,,,,,,,,,,,,,,,,,,,,,,,,,,,,,,,,,,,,,,,,,,,,,,,,,,,,,,
RECAL 3 0 9999 9999 64 4 80,917,-262630,-260697,-258877,-257143,-255509,-253976,-252564,-251258,-250060,-248979,-248015,-247171,-246444,-245830,-245340,-244968,-244719,-244607,-244616,-244764,-245036,-245445,-245993,-246672,-247495,-248460,-249561,-250798,-252195,-253749,-255449,-257314,-259340,,,,,,,,,,,,,,,,,,,,,,,,,,,,,,,,,,,,,,,,,,,,,,,,,,,,,,,,,,,,,,,,,,,,
RECAL 3 1 9999 987 64 4 80,-2767,-516927,-516016,-511203,-500661,-474192,-435250,-397123,-363481,-334686,-310145,-289694,-273088,-260179,-250850,-245204,-243115,-244542,-249417,-257697,-269343,-284044,-302057,-323179,-347291,-374031,-403227,-433842,-463213,-488674,-504242,-513342,-516347,-518145,,,,,,,,,,,,,,,,,,,,,,,,,,,,,,,,,,,,,,,,,,,,,,,,,,,,,,,,,,,,,,,,,,,,
RECAL 3 0 9999 9999 64 4 80,-2094,-310024,-301152,-293001,-285478,-278531,-272174,-266482,-261385,-256896,-253042,-249795,-247136,-245091,-243620,-242748,-242436,-242708,-243555,-244982,-246979,-249543,-252634,-256282,-260527,-265321,-270668,-276600,-283105,-290115,-297773,-306079,-315013,-324547,,,,,,,,,,,,,,,,,,,,,,,,,,,,,,,,,,,,,,,,,,,,,,,,,,,,,,,,,,,,,,,,,,,,
RECAL 3 1 9999 -2034 64 4 80,-2736,-517981,-517964,-515484,-511489,-500018,-468742,-428212,-390418,-357731,-329705,-306027,-286313,-270318,-258154,-249408,-244180,-242399,-244017,-248986,-257248,-268818,-283451,-301114,-321906,-345739,-372399,-401780,-432452,-462664,-487615,-504047,-511668,-516223,,,,,,,,,,,,,,,,,,,,,,,,,,,,,,,,,,,,,,,,,,,,,,,,,,,,,,,,,,,,,,,,,,,,
RECAL 3 0 9999 9999 64 4 80,-2185,-314245,-304332,-295184,-286925,-279239,-272261,-265998,-260382,-255455,-251211,-247634,-244743,-242501,-240890,-239919,-239583,-239866,-240789,-242329,-244454,-247239,-250638,-254664,-259322,-264612,-270526,-277070,-284352,-292257,-300853,-310167,-320188,-330945,,,,,,,,,,,,,,,,,,,,,,,,,,,,,,,,,,,,,,,,,,,,,,,,,,,,,,,,,,,,,,,,,,,,
RECAL 3 1 9999 -2125 64 4 80,-2127,-492766,-471293,-443282,-414341,-387211,-362042,-339464,-319266,-301486,-286044,-272834,-261861,-253084,-246447,-241995,-239715,-239580,-241558,-245645,-251787,-259893,-270126,-282298,-296368,-312379,-330170,-349720,-370826,-393437,-416730,-440155,-462937,-482675,,,,,,,,,,,,,,,,,,,,,,,,,,,,,,,,,,,,,,,,,,,,,,,,,,,,,,,,,,,,,,,,,,,,
RECAL 3 0 9999 9999 64 4 80,-2086,-309127,-299742,-291052,-282945,-275523,-268761,-262660,-257218,-252413,-248239,-244733,-241808,-239484,-237780,-236675,-236182,-236263,-236943,-238215,-240041,-242445,-245407,-248931,-253023,-257693,-262932,-268695,-275112,-282116,-289720,-297874,-306705,-316181,,,,,,,,,,,,,,,,,,,,,,,,,,,,,,,,,,,,,,,,,,,,,,,,,,,,,,,,,,,,,,,,,,,,
RECAL 3 1 9999 -2025 64 4 80,-1245,-321235,-309882,-299341,-289693,-280837,-272822,-265629,-259212,-253666,-248824,-244770,-241467,-238927,-237123,-236067,-235749,-236157,-237283,-239145,-241706,-244965,-248901,-253536,-258835,-264730,-271324,-278551,-286394,-294781,-303786,-313358,-323472,-334033,,,,,,,,,,,,,,,,,,,,,,,,,,,,,,,,,,,,,,,,,,,,,,,,,,,,,,,,,,,,,,,,,,,,
RECAL 3 0 9999 9999 64 4 80,-2192,-312503,-302287,-292896,-284250,-276296,-269193,-262712,-256931,-251837,-247458,-243739,-240676,-238288,-236577,-235520,-235099,-235321,-236167,-237650,-239752,-242474,-245787,-249767,-254371,-259613,-265510,-272013,-279187,-287013,-295555,-304842,-314860,-325582,,,,,,,,,,,,,,,,,,,,,,,,,,,,,,,,,,,,,,,,,,,,,,,,,,,,,,,,,,,,,,,,,,,,
RECAL 3 1 9999 -2131 64 4 80,1185,-322214,-311197,-300887,-291337,-282497,-274390,-267013,-260375,-254550,-249445,-245082,-241482,-238645,-236575,-235297,-234802,-235096,-236199,-238146,-240901,-244501,-248921,-254195,-260321,-267204,-275054,-283744,-293260,-303623,-314851,-326908,-339787,-353382,,,,,,,,,,,,,,,,,,,,,,,,,,,,,,,,,,,,,,,,,,,,,,,,,,,,,,,,,,,,,,,,,,,,
RECAL 3 0 9999 9999 64 4 80,-2098,-309322,-299995,-291418,-283488,-276223,-269554,-263489,-258079,-253306,-249163,-245645,-242729,-240404,-238713,-237594,-237061,-237118,-237757,-238973,-240761,-243132,-246054,-249519,-253542,-258126,-263301,-269033,-275347,-282222,-289615,-297660,-306362,-315710,,,,,,,,,,,,,,,,,,,,,,,,,,,,,,,,,,,,,,,,,,,,,,,,,,,,,,,,,,,,,,,,,,,,
RECAL 3 1 9999 -2036 64 4 80,2028,-500590,-485831,-461806,-433998,-405980,-379899,-355681,-333823,-314276,-296942,-281876,-268951,-258191,-249607,-243276,-239057,-236990,-237086,-239360,-243817,-250450,-259154,-270127,-283293,-298571,-316063,-335640,-357241,-380708,-405950,-432141,-457485,-480390,,,,,,,,,,,,,,,,,,,,,,,,,,,,,,,,,,,,,,,,,,,,,,,,,,,,,,,,,,,,,,,,,,,,
RECAL 3 0 9999 9999 64 4 80,-2124,-313708,-304810,-296561,-289046,-282175,-275838,-270116,-265002,-260493,-256576,-253254,-250509,-248325,-246725,-245718,-245277,-245423,-246118,-247402,-249244,-251614,-254566,-258090,-262175,-266853,-272074,-277893,-284288,-291201,-298640,-306721,-315415,-324719,,,,,,,,,,,,,,,,,,,,,,,,,,,,,,,,,,,,,,,,,,,,,,,,,,,,,,,,,,,,,,,,,,,,
RECAL 3 1 9999 -2063 64 4 80,2628,-518306,-517548,-516746,-513088,-507093,-488177,-455866,-419435,-385050,-354784,-328532,-306010,-287120,-271560,-259412,-250719,-245195,-243038,-244277,-248914,-256985,-268538,-283574,-302066,-323879,-349236,-378187,-410732,-445323,-477317,-499492,-509790,-514982,,,,,,,,,,,,,,,,,,,,,,,,,,,,,,,,,,,,,,,,,,,,,,,,,,,,,,,,,,,,,,,,,,,,
RECAL 3 0 9999 9999 64 4 80,2242,-353878,-340285,-327630,-315921,-305108,-295190,-286148,-277923,-270536,-264005,-258302,-253412,-249348,-246082,-243627,-241986,-241142,-241116,-241903,-243520,-245971,-249272,-253438,-258473,-264443,-271318,-279138,-287924,-297649,-308496,-320482,-333645,-347865,,,,,,,,,,,,,,,,,,,,,,,,,,,,,,,,,,,,,,,,,,,,,,,,,,,,,,,,,,,,,,,,,,,,
RECAL 3 1 9999 2308 64 4 80,-2773,-515257,-509193,-498756,-481611,-457152,-428708,-398327,-368012,-340104,-315156,-293693,-275841,-261675,-251177,-244247,-240846,-240948,-244505,-251472,-261798,-275500,-292521,-312410,-335659,-361688,-389892,-419239,-447817,-473483,-493243,-505763,-512719,-516365,,,,,,,,,,,,,,,,,,,,,,,,,,,,,,,,,,,,,,,,,,,,,,,,,,,,,,,,,,,,,,,,,,,,
RECAL 3 0 9999 9999 64 4 80,2152,-346160,-333331,-321315,-310108,-299684,-290120,-281446,-273422,-266190,-259719,-254060,-249221,-245167,-241907,-239442,-237791,-236956,-236941,-237751,-239409,-241907,-245263,-249401,-254462,-260437,-267356,-275211,-284057,-293882,-304799,-316902,-330128,-344672,,,,,,,,,,,,,,,,,,,,,,,,,,,,,,,,,,,,,,,,,,,,,,,,,,,,,,,,,,,,,,,,,,,,
RECAL 3 1 9999 2218 64 4 80,-2163,-470400,-449538,-427286,-404542,-381935,-360047,-339374,-319913,-302171,-286392,-272630,-261050,-251698,-244673,-239817,-237209,-236847,-238684,-242717,-248924,-257259,-267710,-280313,-294907,-311501,-329871,-349831,-370982,-393151,-415296,-437160,-457890,-476778,,,,,,,,,,,,,,,,,,,,,,,,,,,,,,,,,,,,,,,,,,,,,,,,,,,,,,,,,,,,,,,,,,,,
RECAL 3 0 9999 9999 64 4 80,2152,-351478,-338470,-326172,-314726,-304008,-294126,-285191,-276874,-269349,-262610,-256691,-251591,-247303,-243841,-241177,-239336,-238333,-238178,-238869,-240412,-242824,-246111,-250204,-255224,-261202,-268131,-276021,-284900,-294802,-305789,-317968,-331277,-345905,,,,,,,,,,,,,,,,,,,,,,,,,,,,,,,,,,,,,,,,,,,,,,,,,,,,,,,,,,,,,,,,,,,,
RECAL 3 1 9999 2219 64 4 80,-1298,-338964,-327260,-316174,-305655,-295805,-286824,-278399,-270750,-263912,-257858,-252627,-248211,-244590,-241782,-239771,-238562,-238136,-238495,-239656,-241582,-244285,-247713,-251931,-256892,-262610,-269062,-276219,-284059,-292548,-301676,-311506,-321919,-332876,,,,,,,,,,,,,,,,,,,,,,,,,,,,,,,,,,,,,,,,,,,,,,,,,,,,,,,,,,,,,,,,,,,,
RECAL 3 0 9999 9999 64 4 80,2177,-353831,-340924,-328709,-317271,-306649,-296826,-287861,-279666,-272242,-265672,-259908,-254978,-250893,-247645,-245215,-243639,-242912,-243015,-243982,-245818,-248522,-252118,-256623,-262064,-268474,-275815,-284133,-293466,-303853,-315378,-328054,-341992,-356945,,,,,,,,,,,,,,,,,,,,,,,,,,,,,,,,,,,,,,,,,,,,,,,,,,,,,,,,,,,,,,,,,,,,
RECAL 3 1 9999 2243 64 4 80,1151,-348915,-338493,-328260,-318468,-309108,-300200,-291849,-284022,-276778,-270174,-264198,-258875,-254250,-250322,-247103,-244606,-242854,-241871,-241649,-242208,-243560,-245716,-248696,-252491,-257108,-262629,-269010,-276290,-284416,-293395,-303251,-313986,-325579,,,,,,,,,,,,,,,,,,,,,,,,,,,,,,,,,,,,,,,,,,,,,,,,,,,,,,,,,,,,,,,,,,,,
RECAL 3 0 9999 9999 64 4 80,2235,-355321,-341945,-329545,-317744,-306805,-296688,-287455,-279021,-271401,-264638,-258685,-253623,-249399,-246004,-243457,-241772,-240927,-240957,-241824,-243591,-246249,-249806,-254279,-259712,-266118,-273486,-281896,-291361,-301880,-313610,-326514,-340791,-356453,,,,,,,,,,,,,,,,,,,,,,,,,,,,,,,,,,,,,,,,,,,,,,,,,,,,,,,,,,,,,,,,,,,,
RECAL 3 1 9999 2301 64 4 80,2023,-489031,-471272,-451031,-430608,-409903,-389411,-369357,-350352,-331880,-314665,-298764,-284480,-271854,-261067,-252260,-245496,-240807,-238225,-237823,-239628,-243724,-250127,-258929,-270025,-283668,-299728,-318233,-339178,-362262,-387203,-413104,-438451,-461286,,,,,,,,,,,,,,,,,,,,,,,,,,,,,,,,,,,,,,,,,,,,,,,,,,,,,,,,,,,,,,,,,,,,
RECAL 3 0 9999 9999 64 4 80,2264,-364744,-351450,-338946,-327342,-316693,-306865,-297882,-289801,-282491,-275997,-270391,-265514,-261412,-258113,-255634,-253961,-253087,-253043,-253804,-255418,-257859,-261135,-265306,-270307,-276212,-283023,-290637,-299241,-308924,-319655,-331461,-344456,-358708,,,,,,,,,,,,,,,,,,,,,,,,,,,,,,,,,,,,,,,,,,,,,,,,,,,,,,,,,,,,,,,,,,,,
RECAL 3 1 9999 2330 64 4 80,2634,-518568,-516891,-512337,-504106,-489815,-467164,-441601,-415238,-389051,-364066,-340704,-319316,-300289,-283941,-270597,-260141,-252898,-248955,-248376,-251268,-257761,-267952,-281965,-299843,-321949,-348461,-379623,-415486,-453745,-486796,-503490,-510521,-513883,,,,,,,,,,,,,,,,,,,,,,,,,,,,,,,,,,,,,,,,,,,,,,,,,,,,,,,,,,,,,,,,,,,,
RECAL 3 0 9999 9999 64 4 80,722,-255789,-254764,-253807,-252892,-252056,-251281,-250564,-249907,-249335,-248817,-248369,-247994,-247705,-247478,-247324,-247240,-247243,-247327,-247495,-247736,-248069,-248481,-248980,-249569,-250258,-251035,-251912,-252872,-253931,-255100,-256366,-257741,-259226,,,,,,,,,,,,,,,,,,,,,,,,,,,,,,,,,,,,,,,,,,,,,,,,,,,,,,,,,,,,,,,,,,,,
RECAL 3 1 9999 784 64 4 80,2672,-516535,-511898,-503182,-487433,-464385,-438225,-411245,-384734,-359461,-335927,-314561,-295704,-279719,-266768,-256937,-250390,-247216,-247494,-251302,-258810,-269964,-285170,-304428,-328001,-356163,-389163,-426819,-465463,-494349,-506631,-511603,-514350,-517253,,,,,,,,,,,,,,,,,,,,,,,,,,,,,,,,,,,,,,,,,,,,,,,,,,,,,,,,,,,,,,,,,,,,
RECAL 3 0 9999 9999 64 4 80,618,-246816,-246017,-245259,-244548,-243888,-243267,-242722,-242219,-241757,-241350,-241009,-240716,-240488,-240331,-240231,-240184,-240202,-240299,-240454,-240677,-240981,-241346,-241780,-242292,-242885,-243561,-244306,-245140,-246049,-247047,-248131,-249293,-250550,,,,,,,,,,,,,,,,,,,,,,,,,,,,,,,,,,,,,,,,,,,,,,,,,,,,,,,,,,,,,,,,,,,,
RECAL 3 1 9999 679 64 4 80,2068,-485968,-468569,-447737,-426729,-405931,-385122,-364910,-345497,-327024,-309826,-294139,-280316,-268130,-257956,-249881,-243957,-240214,-238702,-239479,-242586,-248091,-256035,-266526,-279550,-295124,-313373,-334247,-357367,-383022,-410119,-436784,-461451,-481174,,,,,,,,,,,,,,,,,,,,,,,,,,,,,,,,,,,,,,,,,,,,,,,,,,,,,,,,,,,,,,,,,,,,
RECAL 3 0 9999 9999 64 4 80,321,-240568,-240368,-240167,-239985,-239806,-239646,-239502,-239371,-239260,-239157,-239069,-239003,-238952,-238914,-238902,-238909,-238925,-238967,-239030,-239119,-239233,-239360,-239511,-239695,-239895,-240129,-240387,-240672,-240991,-241336,-241707,-242112,-242543,,,,,,,,,,,,,,,,,,,,,,,,,,,,,,,,,,,,,,,,,,,,,,,,,,,,,,,,,,,,,,,,,,,,
RECAL 3 1 9999 378 64 4 80,1234,-349856,-338454,-327468,-316956,-306856,-297329,-288401,-280058,-272393,-265469,-259246,-253796,-249195,-245346,-242348,-240191,-238909,-238504,-239000,-240413,-242745,-246002,-250209,-255361,-261514,-268652,-276790,-285945,-295922,-307043,-319095,-332053,-345872,,,,,,,,,,,,,,,,,,,,,,,,,,,,,,,,,,,,,,,,,,,,,,,,,,,,,,,,,,,,,,,,,,,,
RECAL 3 0 9999 9999 64 4 80,200,-237332,-237247,-237178,-237105,-237037,-236979,-236928,-236878,-236836,-236799,-236768,-236761,-236739,-236731,-236733,-236734,-236757,-236785,-236836,-236881,-236934,-237010,-237099,-237197,-237304,-237424,-237568,-237724,-237884,-238061,-238254,-238470,-238700,,,,,,,,,,,,,,,,,,,,,,,,,,,,,,,,,,,,,,,,,,,,,,,,,,,,,,,,,,,,,,,,,,,,
RECAL 3 1 9999 253 64 4 80,-1214,-327656,-317194,-307255,-297906,-289194,-281058,-273581,-266788,-260652,-255198,-250459,-246418,-243069,-240434,-238503,-237263,-236728,-236897,-237746,-239280,-241499,-244394,-247943,-252141,-256978,-262453,-268570,-275306,-282638,-290562,-299022,-308085,-317549,,,,,,,,,,,,,,,,,,,,,,,,,,,,,,,,,,,,,,,,,,,,,,,,,,,,,,,,,,,,,,,,,,,,
RECAL 3 0 9999 9999 64 4 80,140,-241223,-241176,-241142,-241093,-241063,-241027,-241006,-240972,-240949,-240928,-240908,-240903,-240897,-240894,-240890,-240904,-240916,-240930,-240958,-240985,-241022,-241059,-241113,-241175,-241231,-241313,-241396,-241492,-241590,-241690,-241812,-241947,-242083,,,,,,,,,,,,,,,,,,,,,,,,,,,,,,,,,,,,,,,,,,,,,,,,,,,,,,,,,,,,,,,,,,,,
RECAL 3 1 9999 193 64 4 80,-2110,-436462,-414449,-392622,-371138,-350612,-331087,-313028,-296648,-282153,-269553,-258987,-250572,-244322,-240219,-238269,-238498,-240854,-245369,-252015,-260743,-271546,-284399,-299157,-315833,-334191,-353989,-374968,-396845,-418986,-440488,-460757,-479578,-493902,,,,,,,,,,,,,,,,,,,,,,,,,,,,,,,,,,,,,,,,,,,,,,,,,,,,,,,,,,,,,,,,,,,,
RECAL 3 0 9999 9999 64 4 80,642,-247890,-247097,-246334,-245635,-244977,-244378,-243824,-243316,-242874,-242471,-242135,-241855,-241631,-241472,-241371,-241317,-241341,-241416,-241573,-241783,-242073,-242426,-242855,-243351,-243913,-244573,-245289,-246098,-246969,-247934,-248978,-250102,-251301,,,,,,,,,,,,,,,,,,,,,,,,,,,,,,,,,,,,,,,,,,,,,,,,,,,,,,,,,,,,,,,,,,,,
RECAL 3 1 9999 703 64 4 80,-2735,-517496,-513699,-506442,-494156,-475205,-450754,-422403,-392670,-363488,-336477,-312285,-291494,-274431,-260703,-250661,-244216,-241303,-241860,-245839,-253216,-263923,-277898,-295078,-315479,-338942,-365115,-393606,-423285,-451300,-476978,-495471,-507773,-513166,,,,,,,,,,,,,,,,,,,,,,,,,,,,,,,,,,,,,,,,,,,,,,,,,,,,,,,,,,,,,,,,,,,,
RECAL 3 0 9999 9999 64 4 80,-2173,-320123,-309716,-300108,-291372,-283385,-276158,-269679,-263925,-258922,-254650,-251100,-248252,-246094,-244610,-243798,-243668,-244196,-245376,-247217,-249725,-252906,-256754,-261285,-266498,-272407,-279029,-286350,-294340,-303082,-312599,-322892,-333942,-345712,,,,,,,,,,,,,,,,,,,,,,,,,,,,,,,,,,,,,,,,,,,,,,,,,,,,,,,,,,,,,,,,,,,,
RECAL 3 1 9999 -2114 64 4 80,-2759,-514067,-506091,-494310,-475147,-449455,-419782,-388687,-359002,-332021,-308366,-288327,-271772,-258928,-249744,-244169,-242126,-243581,-248496,-256706,-268455,-283548,-301936,-323612,-348543,-376298,-406450,-436853,-465590,-488620,-502753,-511523,-515376,-517879,,,,,,,,,,,,,,,,,,,,,,,,,,,,,,,,,,,,,,,,,,,,,,,,,,,,,,,,,,,,,,,,,,,,
RECAL 3 0 9999 9999 64 4 80,-2261,-323828,-312354,-301775,-292152,-283364,-275419,-268405,-262100,-256585,-251894,-247991,-244862,-242518,-240931,-240109,-240059,-240773,-242246,-244475,-247434,-251155,-255614,-260725,-266694,-273423,-280945,-289258,-298307,-308263,-319089,-330774,-343323,-356815,,,,,,,,,,,,,,,,,,,,,,,,,,,,,,,,,,,,,,,,,,,,,,,,,,,,,,,,,,,,,,,,,,,,
RECAL 3 1 9999 -2203 64 4 80,-2153,-475692,-455518,-433735,-410990,-387967,-365620,-344270,-324372,-306345,-290318,-276375,-264802,-255314,-248138,-243198,-240487,-239989,-241692,-245555,-251596,-259807,-270198,-282709,-297253,-313912,-332524,-353039,-374760,-397931,-421611,-444293,-465298,-483108,,,,,,,,,,,,,,,,,,,,,,,,,,,,,,,,,,,,,,,,,,,,,,,,,,,,,,,,,,,,,,,,,,,,
RECAL 3 0 9999 9999 64 4 80,-2260,-327263,-315499,-304634,-294716,-285705,-277541,-270309,-263797,-258106,-253237,-249184,-245922,-243459,-241770,-240858,-240739,-241396,-242823,-245010,-247952,-251669,-256119,-261251,-267239,-274002,-281556,-289914,-299040,-309017,-319889,-331598,-344212,-357703,,,,,,,,,,,,,,,,,,,,,,,,,,,,,,,,,,,,,,,,,,,,,,,,,,,,,,,,,,,,,,,,,,,,
RECAL 3 1 9999 -2201 64 4 80,-1274,-326110,-315067,-304680,-295038,-286169,-278020,-270667,-264115,-258361,-253390,-249232,-245855,-243266,-241463,-240425,-240184,-240697,-241978,-244013,-246797,-250318,-254563,-259542,-265271,-271686,-278850,-286707,-295201,-304400,-314295,-324792,-335765,-347418,,,,,,,,,,,,,,,,,,,,,,,,,,,,,,,,,,,,,,,,,,,,,,,,,,,,,,,,,,,,,,,,,,,,
RECAL 3 0 9999 9999 64 4 80,-2239,-322685,-311383,-300947,-291439,-282729,-274852,-267816,-261595,-256158,-251531,-247717,-244686,-242444,-240965,-240257,-240314,-241108,-242647,-244933,-247980,-251750,-256295,-261576,-267633,-274466,-282000,-290332,-299368,-309267,-319988,-331542,-343971,-357073,,,,,,,,,,,,,,,,,,,,,,,,,,,,,,,,,,,,,,,,,,,,,,,,,,,,,,,,,,,,,,,,,,,,
RECAL 3 1 9999 -2181 64 4 80,1167,-335797,-325271,-315208,-305593,-296562,-288172,-280338,-273133,-266602,-260728,-255567,-251110,-247405,-244470,-242263,-240834,-240180,-240322,-241276,-243048,-245637,-249083,-253373,-258557,-264625,-271566,-279419,-288189,-297863,-308341,-319851,-332248,-345465,,,,,,,,,,,,,,,,,,,,,,,,,,,,,,,,,,,,,,,,,,,,,,,,,,,,,,,,,,,,,,,,,,,,
RECAL 3 0 9999 9999 64 4 80,-2172,-328134,-317618,-307932,-299022,-290928,-283581,-276996,-271155,-266086,-261747,-258134,-255258,-253090,-251639,-250874,-250806,-251416,-252702,-254689,-257358,-260713,-264767,-269500,-274959,-281130,-288023,-295586,-303918,-313019,-322853,-333491,-344932,-356994,,,,,,,,,,,,,,,,,,,,,,,,,,,,,,,,,,,,,,,,,,,,,,,,,,,,,,,,,,,,,,,,,,,,
RECAL 3 1 9999 -2113 64 4 80,2023,-504963,-493576,-478035,-458439,-437906,-416920,-395790,-375208,-355300,-336444,-318925,-302917,-288636,-276148,-265619,-257106,-250714,-246406,-244251,-244295,-246573,-251138,-258033,-267210,-278850,-292922,-309447,-328477,-350076,-373805,-399760,-426663,-452796,,,,,,,,,,,,,,,,,,,,,,,,,,,,,,,,,,,,,,,,,,,,,,,,,,,,,,,,,,,,,,,,,,,,
RECAL 3 0 9999 9999 64 4 80,-2151,-333035,-323204,-314190,-305945,-298458,-291748,-285714,-280369,-275733,-271760,-268524,-265899,-263934,-262625,-261978,-261999,-262666,-263984,-265970,-268612,-271909,-275860,-280495,-285795,-291749,-298330,-305553,-313539,-322272,-331737,-342023,-353113,-364976,,,,,,,,,,,,,,,,,,,,,,,,,,,,,,,,,,,,,,,,,,,,,,,,,,,,,,,,,,,,,,,,,,,,
RECAL 3 1 9999 -2093 64 4 80,2633,-519230,-517710,-515693,-511257,-502067,-486196,-463432,-437303,-410341,-383679,-358596,-335567,-315000,-297077,-282356,-270454,-261800,-256439,-254449,-255915,-260907,-269528,-281891,-297966,-318105,-342485,-371360,-405054,-442405,-478617,-501544,-510272,-513564,,,,,,,,,,,,,,,,,,,,,,,,,,,,,,,,,,,,,,,,,,,,,,,,,,,,,,,,,,,,,,,,,,,,
RECAL 3 0 9999 9999 64 4 80,2345,-363594,-348556,-334559,-321652,-309767,-298894,-289145,-280162,-272113,-264996,-258741,-253401,-248952,-245382,-242675,-240850,-239891,-239821,-240612,-242306,-244884,-248366,-252687,-257987,-264247,-271439,-279620,-288784,-298948,-310207,-322597,-336166,-350967,,,,,,,,,,,,,,,,,,,,,,,,,,,,,,,,,,,,,,,,,,,,,,,,,,,,,,,,,,,,,,,,,,,,
RECAL 3 1 9999 2411 64 4 80,-2718,-512970,-506463,-496451,-477697,-449075,-415134,-380252,-348298,-320426,-296393,-276584,-260798,-249042,-241145,-237005,-236509,-239578,-246104,-255989,-269206,-285598,-304995,-327280,-352177,-378789,-407253,-436018,-464183,-488284,-504444,-513121,-516911,-519206,,,,,,,,,,,,,,,,,,,,,,,,,,,,,,,,,,,,,,,,,,,,,,,,,,,,,,,,,,,,,,,,,,,,
RECAL 3 0 9999 9999 64 4 80,2265,-364659,-349857,-335921,-322988,-311013,-299983,-289935,-280743,-272444,-265042,-258589,-252954,-248208,-244339,-241338,-239219,-237967,-237627,-238161,-239607,-241955,-245205,-249387,-254490,-260555,-267582,-275495,-284464,-294402,-305403,-317471,-330600,-344826,,,,,,,,,,,,,,,,,,,,,,,,,,,,,,,,,,,,,,,,,,,,,,,,,,,,,,,,,,,,,,,,,,,,
RECAL 3 1 9999 2333 64 4 80,-2123,-452412,-428663,-403254,-378000,-353648,-330960,-310462,-292367,-276639,-263372,-252581,-244228,-238238,-234626,-233341,-234352,-237631,-243156,-250864,-260627,-272570,-286472,-302183,-319583,-338487,-358578,-379691,-401437,-423496,-445322,-466524,-485965,-500022,,,,,,,,,,,,,,,,,,,,,,,,,,,,,,,,,,,,,,,,,,,,,,,,,,,,,,,,,,,,,,,,,,,,
RECAL 3 0 9999 9999 64 4 80,2266,-368673,-353264,-338682,-325117,-312548,-300938,-290338,-280628,-271838,-263991,-257105,-251093,-245979,-241768,-238466,-236060,-234584,-234015,-234364,-235633,-237839,-240991,-245086,-250128,-256145,-263164,-271059,-280060,-290067,-301083,-313195,-326328,-340584,,,,,,,,,,,,,,,,,,,,,,,,,,,,,,,,,,,,,,,,,,,,,,,,,,,,,,,,,,,,,,,,,,,,
RECAL 3 1 9999 2334 64 4 80,-1273,-323349,-311269,-300010,-289673,-280163,-271545,-263834,-257005,-251068,-246007,-241786,-238407,-235882,-234183,-233319,-233263,-234018,-235564,-237877,-240953,-244778,-249322,-254566,-260528,-267196,-274534,-282500,-291079,-300212,-309960,-320232,-330818,-341922,,,,,,,,,,,,,,,,,,,,,,,,,,,,,,,,,,,,,,,,,,,,,,,,,,,,,,,,,,,,,,,,,,,,
RECAL 3 0 9999 9999 64 4 80,2269,-357432,-342371,-328321,-315304,-303234,-292186,-282069,-272874,-264613,-257343,-250926,-245430,-240830,-237141,-234365,-232508,-231548,-231513,-232401,-234222,-236971,-240686,-245345,-250959,-257551,-265084,-273666,-283286,-293902,-305613,-318406,-332274,-347248,,,,,,,,,,,,,,,,,,,,,,,,,,,,,,,,,,,,,,,,,,,,,,,,,,,,,,,,,,,,,,,,,,,,
RECAL 3 1 9999 2335 64 4 80,1149,-327513,-316444,-305793,-295787,-286493,-277833,-269871,-262645,-256153,-250397,-245406,-241153,-237648,-234915,-232966,-231800,-231423,-231842,-233077,-235127,-237992,-241670,-246164,-251460,-257563,-264501,-272236,-280791,-290121,-300178,-311021,-322534,-334734,,,,,,,,,,,,,,,,,,,,,,,,,,,,,,,,,,,,,,,,,,,,,,,,,,,,,,,,,,,,,,,,,,,,
RECAL 3 0 9999 9999 64 4 80,2346,-370106,-353969,-338799,-324739,-311815,-299871,-289138,-279219,-270287,-262330,-255331,-249303,-244208,-240056,-236849,-234590,-233284,-232909,-233488,-235014,-237504,-240978,-245372,-250797,-257247,-264738,-273258,-282862,-293536,-305351,-318401,-332637,-348151,,,,,,,,,,,,,,,,,,,,,,,,,,,,,,,,,,,,,,,,,,,,,,,,,,,,,,,,,,,,,,,,,,,,
RECAL 3 1 9999 2414 64 4 80,2000,-488596,-472308,-451291,-429176,-406180,-382897,-360377,-339012,-319110,-300937,-284779,-270574,-258625,-248788,-241221,-235914,-232881,-232138,-233658,-237463,-243561,-251907,-262560,-275501,-290644,-307877,-327179,-348266,-370417,-394048,-417721,-441306,-463193,,,,,,,,,,,,,,,,,,,,,,,,,,,,,,,,,,,,,,,,,,,,,,,,,,,,,,,,,,,,,,,,,,,,
RECAL 3 0 9999 9999 64 4 80,2341,-366858,-351772,-337628,-324608,-312645,-301647,-291665,-282666,-274485,-267199,-260810,-255290,-250666,-246903,-243999,-241963,-240788,-240478,-241039,-242470,-244780,-247965,-252047,-256980,-262902,-269765,-277589,-286404,-296164,-307041,-319033,-332164,-346551,,,,,,,,,,,,,,,,,,,,,,,,,,,,,,,,,,,,,,,,,,,,,,,,,,,,,,,,,,,,,,,,,,,,
RECAL 3 1 9999 2409 64 4 80,2593,-519003,-517308,-514245,-506903,-494169,-472248,-444750,-414275,-383983,-355082,-328838,-305630,-285749,-269186,-256095,-246506,-240419,-237865,-238894,-243559,-251894,-263974,-279800,-299385,-322336,-349038,-378522,-410122,-441401,-469332,-491295,-504324,-513391,,,,,,,,,,,,,,,,,,,,,,,,,,,,,,,,,,,,,,,,,,,,,,,,,,,,,,,,,,,,,,,,,,,,
RECAL 3 0 9999 9999 64 4 80,949,-250286,-248303,-246428,-244687,-243044,-241533,-240155,-238893,-237764,-236762,-235903,-235176,-234594,-234147,-233853,-233695,-233690,-233828,-234121,-234564,-235167,-235929,-236848,-237943,-239214,-240640,-242250,-244038,-246002,-248161,-250493,-253016,-255742,,,,,,,,,,,,,,,,,,,,,,,,,,,,,,,,,,,,,,,,,,,,,,,,,,,,,,,,,,,,,,,,,,,,
RECAL 3 1 9999 1011 64 4 80,2623,-518291,-516766,-512978,-504028,-489566,-465133,-434875,-402937,-371565,-342569,-316576,-293904,-274677,-258965,-246873,-238425,-233672,-232641,-235330,-241779,-252028,-266088,-283933,-305514,-330907,-359742,-391673,-425296,-457511,-484106,-500420,-509855,-515224,,,,,,,,,,,,,,,,,,,,,,,,,,,,,,,,,,,,,,,,,,,,,,,,,,,,,,,,,,,,,,,,,,,,
RECAL 3 0 9999 9999 64 4 80,953,-256403,-254193,-252132,-250199,-248403,-246753,-245256,-243896,-242690,-241631,-240727,-239993,-239401,-238980,-238718,-238620,-238694,-238936,-239340,-239920,-240693,-241636,-242756,-244067,-245566,-247253,-249136,-251217,-253495,-255983,-258684,-261595,-264731,,,,,,,,,,,,,,,,,,,,,,,,,,,,,,,,,,,,,,,,,,,,,,,,,,,,,,,,,,,,,,,,,,,,
RECAL 3 1 9999 1013 64 4 80,2032,-506066,-497154,-481893,-462256,-439996,-415587,-390892,-366839,-344303,-323434,-304586,-287941,-273450,-261275,-251415,-243879,-238689,-235862,-235424,-237403,-241768,-248620,-257890,-269626,-283736,-300141,-318880,-339684,-362281,-386439,-411556,-436351,-459998,,,,,,,,,,,,,,,,,,,,,,,,,,,,,,,,,,,,,,,,,,,,,,,,,,,,,,,,,,,,,,,,,,,,
RECAL 3 0 9999 9999 64 4 80,728,-241272,-240031,-238866,-237771,-236764,-235840,-234994,-234237,-233555,-232966,-232464,-232051,-231723,-231492,-231352,-231313,-231369,-231520,-231768,-232127,-232593,-233158,-233835,-234622,-235521,-236534,-237650,-238909,-240280,-241771,-243385,-245130,-247005,,,,,,,,,,,,,,,,,,,,,,,,,,,,,,,,,,,,,,,,,,,,,,,,,,,,,,,,,,,,,,,,,,,,
RECAL 3 1 9999 788 64 4 80,1211,-337500,-324893,-313065,-301834,-291417,-281778,-272930,-264925,-257743,-251428,-245955,-241330,-237564,-234668,-232655,-231537,-231309,-231995,-233569,-236073,-239502,-243847,-249109,-255284,-262386,-270414,-279339,-289159,-299835,-311407,-323812,-337027,-350936,,,,,,,,,,,,,,,,,,,,,,,,,,,,,,,,,,,,,,,,,,,,,,,,,,,,,,,,,,,,,,,,,,,,
RECAL 3 0 9999 9999 64 4 80,721,-246069,-244883,-243784,-242755,-241802,-240934,-240152,-239448,-238823,-238280,-237833,-237468,-237196,-237010,-236915,-236922,-237020,-237220,-237517,-237917,-238422,-239030,-239741,-240569,-241502,-242554,-243717,-244987,-246366,-247894,-249530,-251288,-253176,,,,,,,,,,,,,,,,,,,,,,,,,,,,,,,,,,,,,,,,,,,,,,,,,,,,,,,,,,,,,,,,,,,,
RECAL 3 1 9999 779 64 4 80,-1198,-303431,-293336,-284059,-275589,-267920,-261051,-254995,-249744,-245277,-241594,-238677,-236522,-235142,-234487,-234566,-235370,-236888,-239104,-242004,-245569,-249787,-254644,-260168,-266332,-273090,-280471,-288434,-296935,-305925,-315520,-325527,-335967,-346776,,,,,,,,,,,,,,,,,,,,,,,,,,,,,,,,,,,,,,,,,,,,,,,,,,,,,,,,,,,,,,,,,,,,
RECAL 3 0 9999 9999 64 4 80,738,-247719,-246515,-245399,-244352,-243389,-242505,-241691,-240962,-240325,-239765,-239288,-238901,-238605,-238397,-238283,-238261,-238336,-238508,-238779,-239159,-239630,-240208,-240903,-241703,-242600,-243620,-244752,-246002,-247371,-248861,-250465,-252205,-254066,,,,,,,,,,,,,,,,,,,,,,,,,,,,,,,,,,,,,,,,,,,,,,,,,,,,,,,,,,,,,,,,,,,,
RECAL 3 1 9999 797 64 4 80,-2088,-480705,-461758,-438968,-413911,-388520,-363927,-341058,-320160,-301504,-285288,-271385,-260026,-250988,-244337,-240021,-237990,-238226,-240690,-245303,-252064,-260960,-271916,-284942,-299862,-316728,-335327,-355519,-376699,-399181,-421819,-444059,-465281,-484026,,,,,,,,,,,,,,,,,,,,,,,,,,,,,,,,,,,,,,,,,,,,,,,,,,,,,,,,,,,,,,,,,,,,
RECAL 3 0 9999 9999 64 4 80,941,-262979,-260936,-259027,-257259,-255628,-254123,-252757,-251510,-250393,-249438,-248597,-247894,-247338,-246925,-246659,-246536,-246559,-246740,-247082,-247568,-248219,-249030,-249999,-251145,-252452,-253943,-255592,-257435,-259462,-261687,-264098,-266686,-269483,,,,,,,,,,,,,,,,,,,,,,,,,,,,,,,,,,,,,,,,,,,,,,,,,,,,,,,,,,,,,,,,,,,,
RECAL 3 1 9999 1002 64 4 80,-2682,-509447,-501635,-488598,-464282,-431402,-396496,-363566,-334232,-308887,-287621,-270278,-256873,-247369,-241628,-239588,-241191,-246387,-255067,-267185,-282614,-301201,-322869,-347366,-374374,-403467,-433226,-462089,-486802,-503076,-512592,-517080,-519369,-519233,,,,,,,,,,,,,,,,,,,,,,,,,,,,,,,,,,,,,,,,,,,,,,,,,,,,,,,,,,,,,,,,,,,,
RECAL 3 0 9999 9999 64 4 80,-2052,-315423,-306223,-297828,-290106,-283046,-276672,-270947,-265902,-261478,-257699,-254558,-252055,-250158,-248871,-248207,-248133,-248671,-249797,-251504,-253828,-256764,-260298,-264447,-269180,-274543,-280529,-287155,-294381,-302287,-310857,-320117,-330071,-340736,,,,,,,,,,,,,,,,,,,,,,,,,,,,,,,,,,,,,,,,,,,,,,,,,,,,,,,,,,,,,,,,,,,,
RECAL 3 1 9999 -1993 64 4 80,-2706,-506901,-495502,-471950,-437251,-400440,-366484,-336335,-310311,-288424,-270437,-256308,-245974,-239323,-236261,-236731,-240669,-247998,-258714,-272736,-290118,-310691,-334141,-360745,-389880,-420545,-451123,-477992,-497487,-509586,-514744,-517567,-518005,-519556,,,,,,,,,,,,,,,,,,,,,,,,,,,,,,,,,,,,,,,,,,,,,,,,,,,,,,,,,,,,,,,,,,,,
RECAL 3 0 9999 9999 64 4 80,-2132,-306228,-296411,-287438,-279210,-271735,-265013,-259090,-253822,-249283,-245433,-242275,-239799,-238016,-236905,-236467,-236708,-237624,-239201,-241439,-244359,-247917,-252141,-256984,-262539,-268779,-275687,-283272,-291542,-300476,-310200,-320612,-331758,-343696,,,,,,,,,,,,,,,,,,,,,,,,,,,,,,,,,,,,,,,,,,,,,,,,,,,,,,,,,,,,,,,,,,,,
RECAL 3 1 9999 -2075 64 4 80,-2121,-462506,-437709,-410859,-384288,-359067,-335982,-315156,-296669,-280637,-266962,-255660,-246730,-240113,-235788,-233766,-234006,-236494,-241217,-248133,-257112,-268312,-281577,-296792,-313985,-332977,-353720,-375818,-399101,-422995,-446390,-468862,-487411,-500840,,,,,,,,,,,,,,,,,,,,,,,,,,,,,,,,,,,,,,,,,,,,,,,,,,,,,,,,,,,,,,,,,,,,
RECAL 3 0 9999 9999 64 4 80,-2132,-304348,-294133,-284797,-276236,-268469,-261457,-255272,-249766,-244989,-240914,-237552,-234897,-232936,-231665,-231072,-231175,-231959,-233404,-235529,-238329,-241797,-245939,-250678,-256133,-262270,-269088,-276588,-284783,-293639,-303216,-313516,-324524,-336288,,,,,,,,,,,,,,,,,,,,,,,,,,,,,,,,,,,,,,,,,,,,,,,,,,,,,,,,,,,,,,,,,,,,
RECAL 3 1 9999 -2075 64 4 80,-1275,-347859,-334037,-321066,-308977,-297751,-287481,-278041,-269497,-261841,-255046,-249120,-244034,-239786,-236360,-233769,-232010,-231037,-230870,-231496,-232879,-235035,-237931,-241559,-245912,-250973,-256749,-263226,-270413,-278235,-286732,-295804,-305423,-315725,,,,,,,,,,,,,,,,,,,,,,,,,,,,,,,,,,,,,,,,,,,,,,,,,,,,,,,,,,,,,,,,,,,,
RECAL 3 0 9999 9999 64 4 80,-2131,-300797,-290815,-281624,-273251,-265648,-258884,-252794,-247449,-242826,-238911,-235701,-233199,-231387,-230259,-229819,-230052,-230962,-232547,-234805,-237721,-241326,-245537,-250444,-256023,-262282,-269228,-276849,-285159,-294145,-303847,-314286,-325424,-337350,,,,,,,,,,,,,,,,,,,,,,,,,,,,,,,,,,,,,,,,,,,,,,,,,,,,,,,,,,,,,,,,,,,,
RECAL 3 1 9999 -2074 64 4 80,1144,-343045,-330750,-319182,-308102,-297712,-288092,-279114,-270846,-263316,-256519,-250455,-245143,-240563,-236725,-233652,-231340,-229806,-229041,-229067,-229891,-231516,-233954,-237190,-241248,-246116,-251788,-258268,-265605,-273753,-282720,-292511,-303084,-314489,,,,,,,,,,,,,,,,,,,,,,,,,,,,,,,,,,,,,,,,,,,,,,,,,,,,,,,,,,,,,,,,,,,,
RECAL 3 0 9999 9999 64 4 80,-2037,-298351,-289427,-281205,-273713,-266919,-260801,-255356,-250595,-246481,-243008,-240143,-237911,-236299,-235310,-234926,-235148,-235972,-237396,-239434,-242054,-245277,-249083,-253515,-258553,-264213,-270488,-277387,-284890,-293029,-301807,-311210,-321360,-332233,,,,,,,,,,,,,,,,,,,,,,,,,,,,,,,,,,,,,,,,,,,,,,,,,,,,,,,,,,,,,,,,,,,,
RECAL 3 1 9999 -1980 64 4 80,1994,-505753,-496662,-481591,-461530,-437694,-412520,-387105,-363029,-340630,-320002,-301392,-284900,-270497,-258229,-248276,-240457,-234880,-231548,-230457,-231599,-234972,-240588,-248448,-258515,-270861,-285444,-302146,-321066,-342008,-364725,-388807,-414041,-438945,,,,,,,,,,,,,,,,,,,,,,,,,,,,,,,,,,,,,,,,,,,,,,,,,,,,,,,,,,,,,,,,,,,,
RECAL 3 0 9999 9999 64 4 80,-2050,-311339,-302358,-294055,-286518,-279629,-273430,-267889,-263006,-258765,-255140,-252173,-249796,-248040,-246888,-246317,-246354,-246975,-248191,-250000,-252401,-255406,-259005,-263200,-268012,-273427,-279480,-286169,-293456,-301413,-310065,-319414,-329493,-340310,,,,,,,,,,,,,,,,,,,,,,,,,,,,,,,,,,,,,,,,,,,,,,,,,,,,,,,,,,,,,,,,,,,,
RECAL 3 1 9999 -1992 64 4 80,2585,-520410,-519957,-518683,-516441,-513205,-505234,-490579,-464613,-432243,-398193,-366377,-337516,-312200,-290464,-272196,-257424,-246136,-238307,-233942,-233054,-235681,-241854,-251603,-264975,-281983,-302662,-326677,-354586,-385776,-419406,-452691,-481219,-499068,,,,,,,,,,,,,,,,,,,,,,,,,,,,,,,,,,,,,,,,,,,,,,,,,,,,,,,,,,,,,,,,,,,,
RECAL 3 0 9999 9999 64 4 80,2258,-357497,-344375,-332126,-320727,-310166,-300448,-291606,-283509,-276206,-269690,-263948,-259003,-254864,-251479,-248880,-247060,-246019,-245781,-246338,-247706,-249892,-252900,-256727,-261423,-267006,-273445,-280786,-289077,-298172,-308420,-319743,-332177,-345863,,,,,,,,,,,,,,,,,,,,,,,,,,,,,,,,,,,,,,,,,,,,,,,,,,,,,,,,,,,,,,,,,,,,
RECAL 3 1 9999 2325 64 4 80,-2751,-509914,-501645,-485524,-458397,-425060,-390457,-358323,-329808,-305209,-284554,-267745,-254775,-245648,-240241,-238467,-240299,-245598,-254429,-266663,-282178,-300750,-322297,-346489,-372795,-400779,-429032,-456332,-481285,-499881,-510529,-515626,-519147,-519179,,,,,,,,,,,,,,,,,,,,,,,,,,,,,,,,,,,,,,,,,,,,,,,,,,,,,,,,,,,,,,,,,,,,
RECAL 3 0 9999 9999 64 4 80,2258,-359100,-345620,-332881,-320897,-309725,-299376,-289885,-281158,-273236,-266148,-259847,-254378,-249793,-245977,-242987,-240825,-239499,-239031,-239410,-240639,-242756,-245739,-249618,-254397,-260131,-266789,-274426,-283074,-292624,-303352,-315295,-328403,-342912,,,,,,,,,,,,,,,,,,,,,,,,,,,,,,,,,,,,,,,,,,,,,,,,,,,,,,,,,,,,,,,,,,,,
RECAL 3 1 9999 2326 64 4 80,-2147,-455244,-431576,-406947,-382077,-358339,-336129,-315834,-297659,-281768,-268315,-257115,-248323,-241903,-237799,-235973,-236383,-239026,-243837,-250815,-259949,-271199,-284481,-299664,-316747,-335484,-355388,-376582,-398550,-420628,-442325,-462988,-481758,-496598,,,,,,,,,,,,,,,,,,,,,,,,,,,,,,,,,,,,,,,,,,,,,,,,,,,,,,,,,,,,,,,,,,,,
RECAL 3 0 9999 9999 64 4 80,2264,-358453,-344593,-331423,-319075,-307520,-296788,-286927,-277838,-269597,-262173,-255680,-249963,-245098,-241075,-237915,-235613,-234181,-233627,-233947,-235160,-237264,-240289,-244234,-249115,-254922,-261744,-269479,-278336,-288255,-299235,-311485,-324998,-339905,,,,,,,,,,,,,,,,,,,,,,,,,,,,,,,,,,,,,,,,,,,,,,,,,,,,,,,,,,,,,,,,,,,,
RECAL 3 1 9999 2333 64 4 80,-1282,-338833,-326372,-314481,-303363,-293076,-283620,-274969,-267144,-260155,-254010,-248711,-244210,-240509,-237599,-235486,-234166,-233618,-233852,-234862,-236614,-239121,-242354,-246296,-250941,-256279,-262334,-269059,-276463,-284510,-293135,-302385,-312220,-322564,,,,,,,,,,,,,,,,,,,,,,,,,,,,,,,,,,,,,,,,,,,,,,,,,,,,,,,,,,,,,,,,,,,,
RECAL 3 0 9999 9999 64 4 80,2210,-350978,-337767,-325319,-313650,-302755,-292690,-283411,-274913,-267312,-260411,-254341,-249096,-244641,-241001,-238193,-236193,-235030,-234700,-235202,-236542,-238737,-241789,-245710,-250508,-256142,-262777,-270356,-278913,-288484,-299059,-310794,-323754,-338047,,,,,,,,,,,,,,,,,,,,,,,,,,,,,,,,,,,,,,,,,,,,,,,,,,,,,,,,,,,,,,,,,,,,
RECAL 3 1 9999 2278 64 4 80,1175,-321085,-310638,-300775,-291564,-282949,-274958,-267641,-261002,-255070,-249860,-245386,-241701,-238735,-236546,-235143,-234530,-234698,-235667,-237432,-240020,-243444,-247685,-252772,-258725,-265557,-273248,-281842,-291131,-301314,-312327,-324063,-336473,-349591,,,,,,,,,,,,,,,,,,,,,,,,,,,,,,,,,,,,,,,,,,,,,,,,,,,,,,,,,,,,,,,,,,,,
RECAL 3 0 9999 9999 64 4 80,2255,-351274,-337908,-325337,-313623,-302716,-292671,-283453,-275041,-267437,-260633,-254658,-249489,-245145,-241649,-238908,-237003,-235932,-235687,-236281,-237724,-240022,-243196,-247243,-252180,-258020,-264819,-272564,-281313,-291099,-301801,-313799,-326980,-341539,,,,,,,,,,,,,,,,,,,,,,,,,,,,,,,,,,,,,,,,,,,,,,,,,,,,,,,,,,,,,,,,,,,,
RECAL 3 1 9999 2322 64 4 80,2036,-477226,-456958,-435297,-412777,-389903,-367669,-346589,-326862,-308806,-292549,-278205,-265843,-255560,-247370,-241295,-237374,-235657,-236181,-239011,-244080,-251534,-261392,-273594,-288163,-304993,-324081,-345240,-368112,-392324,-417247,-441291,-463423,-482131,,,,,,,,,,,,,,,,,,,,,,,,,,,,,,,,,,,,,,,,,,,,,,,,,,,,,,,,,,,,,,,,,,,,
RECAL 3 0 9999 9999 64 4 80,2267,-350299,-337235,-325143,-313941,-303580,-294053,-285345,-277390,-270220,-263829,-258252,-253399,-249318,-246001,-243456,-241674,-240660,-240434,-240981,-242325,-244471,-247409,-251158,-255738,-261165,-267452,-274530,-282585,-291545,-301453,-312427,-324485,-337694,,,,,,,,,,,,,,,,,,,,,,,,,,,,,,,,,,,,,,,,,,,,,,,,,,,,,,,,,,,,,,,,,,,,
RECAL 3 1 9999 2334 64 4 80,2640,-515777,-512274,-504082,-489376,-465549,-437281,-407331,-377837,-350393,-325445,-303468,-284625,-269142,-256769,-247847,-242374,-240381,-241931,-247077,-255879,-268467,-284813,-305050,-329336,-357608,-389885,-424983,-459153,-486183,-501674,-509880,-513820,-517694,,,,,,,,,,,,,,,,,,,,,,,,,,,,,,,,,,,,,,,,,,,,,,,,,,,,,,,,,,,,,,,,,,,,
RECAL 3 0 9999 9999 64 4 80,704,-250240,-249326,-248457,-247645,-246888,-246183,-245540,-244947,-244420,-243973,-243567,-243237,-242966,-242759,-242626,-242557,-242563,-242634,-242777,-243004,-243299,-243676,-244125,-244664,-245281,-245979,-246766,-247635,-248597,-249656,-250795,-252040,-253357,,,,,,,,,,,,,,,,,,,,,,,,,,,,,,,,,,,,,,,,,,,,,,,,,,,,,,,,,,,,,,,,,,,,
RECAL 3 1 9999 766 64 4 80,2667,-517510,-515626,-509258,-499969,-481182,-454190,-423666,-392330,-362864,-336347,-312890,-292734,-275886,-262382,-252326,-245696,-242545,-242934,-246957,-254701,-266304,-281850,-301113,-324718,-352466,-384176,-419389,-455178,-485174,-501597,-510367,-515114,-517442,,,,,,,,,,,,,,,,,,,,,,,,,,,,,,,,,,,,,,,,,,,,,,,,,,,,,,,,,,,,,,,,,,,,
RECAL 3 0 9999 9999 64 4 80,660,-243601,-242704,-241862,-241069,-240338,-239667,-239052,-238502,-238012,-237577,-237205,-236907,-236668,-236493,-236393,-236370,-236406,-236519,-236709,-236981,-237326,-237746,-238255,-238838,-239509,-240266,-241097,-242017,-243028,-244143,-245345,-246638,-248031,,,,,,,,,,,,,,,,,,,,,,,,,,,,,,,,,,,,,,,,,,,,,,,,,,,,,,,,,,,,,,,,,,,,
RECAL 3 1 9999 720 64 4 80,2077,-479830,-459454,-436660,-412889,-388936,-365793,-344025,-323781,-305400,-289232,-274940,-262838,-252997,-245435,-240121,-237090,-236368,-237979,-241939,-248302,-257072,-268363,-282131,-298369,-317153,-337993,-361163,-386010,-411800,-436890,-460023,-479671,-494643,,,,,,,,,,,,,,,,,,,,,,,,,,,,,,,,,,,,,,,,,,,,,,,,,,,,,,,,,,,,,,,,,,,,
RECAL 3 0 9999 9999 64 4 80,479,-239332,-238895,-238489,-238104,-237755,-237438,-237145,-236887,-236669,-236481,-236322,-236209,-236131,-236089,-236083,-236122,-236199,-236314,-236472,-236672,-236922,-237225,-237566,-237954,-238396,-238880,-239423,-240018,-240663,-241372,-242133,-242946,-243825,,,,,,,,,,,,,,,,,,,,,,,,,,,,,,,,,,,,,,,,,,,,,,,,,,,,,,,,,,,,,,,,,,,,
RECAL 3 1 9999 533 64 4 80,1233,-362593,-349590,-336978,-325020,-313695,-302973,-292970,-283678,-275128,-267347,-260352,-254170,-248888,-244395,-240759,-237986,-236097,-235075,-234946,-235697,-237348,-239900,-243374,-247767,-253089,-259384,-266656,-274905,-284012,-294151,-305218,-317180,-329961,,,,,,,,,,,,,,,,,,,,,,,,,,,,,,,,,,,,,,,,,,,,,,,,,,,,,,,,,,,,,,,,,,,,
RECAL 3 0 9999 9999 64 4 80,680,-244304,-243221,-242196,-241234,-240339,-239508,-238761,-238074,-237457,-236913,-236437,-236054,-235745,-235511,-235363,-235291,-235309,-235403,-235581,-235852,-236213,-236669,-237210,-237849,-238590,-239420,-240355,-241382,-242521,-243762,-245120,-246586,-248157,,,,,,,,,,,,,,,,,,,,,,,,,,,,,,,,,,,,,,,,,,,,,,,,,,,,,,,,,,,,,,,,,,,,
RECAL 3 1 9999 741 64 4 80,-1199,-306153,-296291,-287205,-278816,-271153,-264209,-257982,-252505,-247764,-243737,-240424,-237812,-235940,-234741,-234238,-234416,-235269,-236787,-238964,-241790,-245232,-249292,-253973,-259280,-265211,-271706,-278829,-286533,-294679,-303455,-312718,-322421,-332555,,,,,,,,,,,,,,,,,,,,,,,,,,,,,,,,,,,,,,,,,,,,,,,,,,,,,,,,,,,,,,,,,,,,
RECAL 3 0 9999 9999 64 4 80,665,-252968,-251973,-251030,-250143,-249312,-248551,-247842,-247194,-246618,-246100,-245661,-245277,-244961,-244726,-244556,-244465,-244445,-244501,-244637,-244853,-245146,-245527,-245986,-246535,-247171,-247892,-248691,-249599,-250598,-251688,-252881,-254173,-255563,,,,,,,,,,,,,,,,,,,,,,,,,,,,,,,,,,,,,,,,,,,,,,,,,,,,,,,,,,,,,,,,,,,,
RECAL 3 1 9999 728 64 4 80,-2100,-439476,-415299,-390833,-367071,-344957,-324610,-306254,-290044,-276036,-264282,-254763,-247532,-242502,-239693,-239099,-240687,-244433,-250283,-258227,-268262,-280325,-294268,-310081,-327630,-346811,-367234,-388820,-410900,-432850,-453965,-473364,-490246,-501013,,,,,,,,,,,,,,,,,,,,,,,,,,,,,,,,,,,,,,,,,,,,,,,,,,,,,,,,,,,,,,,,,,,,
RECAL 3 0 9999 9999 64 4 80,677,-249897,-249024,-248203,-247445,-246731,-246086,-245504,-244960,-244493,-244067,-243715,-243424,-243195,-243026,-242932,-242914,-242946,-243057,-243241,-243492,-243828,-244239,-244715,-245270,-245907,-246634,-247436,-248340,-249315,-250375,-251535,-252782,-254127,,,,,,,,,,,,,,,,,,,,,,,,,,,,,,,,,,,,,,,,,,,,,,,,,,,,,,,,,,,,,,,,,,,,
RECAL 3 1 9999 737 64 4 80,-2721,-518145,-513505,-507703,-497720,-479247,-450882,-417575,-383929,-353041,-326074,-302662,-283255,-267712,-255983,-247987,-243634,-242838,-245540,-251679,-261211,-274110,-290292,-309616,-332013,-357248,-384381,-413325,-442205,-468828,-490900,-504806,-512871,-516552,,,,,,,,,,,,,,,,,,,,,,,,,,,,,,,,,,,,,,,,,,,,,,,,,,,,,,,,,,,,,,,,,,,,
RECAL 3 0 9999 9999 64 4 80,-2164,-329266,-318730,-309001,-300085,-292016,-284674,-278117,-272291,-267214,-262846,-259173,-256226,-253964,-252402,-251542,-251342,-251815,-252989,-254814,-257336,-260523,-264407,-268990,-274246,-280228,-286909,-294279,-302423,-311319,-321010,-331394,-342769,-355013,,,,,,,,,,,,,,,,,,,,,,,,,,,,,,,,,,,,,,,,,,,,,,,,,,,,,,,,,,,,,,,,,,,,
RECAL 3 1 9999 -2105 64 4 80,-2747,-509989,-502131,-485767,-456748,-421610,-386883,-355429,-327848,-304264,-284551,-268681,-256618,-248279,-243618,-242605,-245142,-251242,-260860,-273926,-290360,-310005,-332893,-358662,-386924,-416854,-446444,-473600,-494084,-506322,-513962,-517306,-518781,-518168,,,,,,,,,,,,,,,,,,,,,,,,,,,,,,,,,,,,,,,,,,,,,,,,,,,,,,,,,,,,,,,,,,,,
RECAL 3 0 9999 9999 64 4 80,-2157,-321882,-311007,-300961,-291790,-283419,-275853,-269063,-263031,-257753,-253226,-249449,-246385,-244077,-242440,-241512,-241286,-241759,-242923,-244778,-247320,-250563,-254494,-259130,-264474,-270510,-277273,-284746,-292942,-301786,-311563,-322125,-333534,-345876,,,,,,,,,,,,,,,,,,,,,,,,,,,,,,,,,,,,,,,,,,,,,,,,,,,,,,,,,,,,,,,,,,,,
RECAL 3 1 9999 -2098 64 4 80,-2157,-501303,-488430,-469864,-446886,-421712,-395791,-371016,-347912,-326801,-307920,-291336,-277042,-265264,-255724,-248609,-243802,-241286,-241028,-242996,-247177,-253551,-262137,-272892,-285799,-300759,-317781,-336752,-357548,-379498,-402853,-426374,-449171,-470651,,,,,,,,,,,,,,,,,,,,,,,,,,,,,,,,,,,,,,,,,,,,,,,,,,,,,,,,,,,,,,,,,,,,
RECAL 3 0 9999 9999 64 4 80,-2151,-320026,-309162,-299133,-290017,-281677,-274123,-267342,-261316,-256062,-251553,-247834,-244777,-242448,-240833,-239925,-239727,-240229,-241423,-243308,-245897,-249178,-253144,-257809,-263187,-269268,-276056,-283460,-291701,-300649,-310425,-321000,-332423,-344743,,,,,,,,,,,,,,,,,,,,,,,,,,,,,,,,,,,,,,,,,,,,,,,,,,,,,,,,,,,,,,,,,,,,
RECAL 3 1 9999 -2092 64 4 80,-1284,-338680,-326163,-314656,-303809,-293861,-284779,-276532,-269123,-262575,-256878,-252017,-247981,-244738,-242300,-240652,-239792,-239714,-240428,-241902,-244149,-247146,-250873,-255320,-260509,-266414,-272986,-280281,-288268,-296884,-306187,-316152,-326699,-337864,,,,,,,,,,,,,,,,,,,,,,,,,,,,,,,,,,,,,,,,,,,,,,,,,,,,,,,,,,,,,,,,,,,,
RECAL 3 0 9999 9999 64 4 80,-2207,-327282,-315999,-305615,-296122,-287542,-279731,-272757,-266591,-261303,-256719,-252929,-249912,-247656,-246158,-245404,-245385,-246120,-247585,-249768,-252671,-256297,-260657,-265752,-271563,-278033,-285328,-293349,-302154,-311785,-322250,-333575,-345850,-359061,,,,,,,,,,,,,,,,,,,,,,,,,,,,,,,,,,,,,,,,,,,,,,,,,,,,,,,,,,,,,,,,,,,,
RECAL 3 1 9999 -2149 64 4 80,1164,-352131,-340448,-329316,-318818,-308965,-299763,-291317,-283478,-276323,-269863,-264120,-259085,-254797,-251304,-248519,-246517,-245305,-244867,-245221,-246372,-248316,-251066,-254647,-259068,-264356,-270477,-277480,-285362,-294105,-303625,-314162,-325482,-337643,,,,,,,,,,,,,,,,,,,,,,,,,,,,,,,,,,,,,,,,,,,,,,,,,,,,,,,,,,,,,,,,,,,,
RECAL 3 0 9999 9999 64 4 80,-2160,-320821,-310503,-301011,-292357,-284475,-277385,-271050,-265463,-260604,-256462,-253052,-250347,-248350,-247068,-246441,-246509,-247256,-248685,-250782,-253552,-257007,-261166,-266015,-271530,-277756,-284683,-292295,-300648,-309768,-319555,-330245,-341799,-354284,,,,,,,,,,,,,,,,,,,,,,,,,,,,,,,,,,,,,,,,,,,,,,,,,,,,,,,,,,,,,,,,,,,,
RECAL 3 1 9999 -2102 64 4 80,2033,-481770,-461081,-437940,-413405,-389483,-366543,-345341,-326043,-308746,-293531,-280402,-269351,-260434,-253676,-249058,-246619,-246380,-248368,-252635,-259224,-268050,-279337,-292942,-308868,-327103,-347579,-370045,-394371,-419840,-444717,-467571,-486127,-498879,,,,,,,,,,,,,,,,,,,,,,,,,,,,,,,,,,,,,,,,,,,,,,,,,,,,,,,,,,,,,,,,,,,,
RECAL 3 0 9999 9999 64 4 80,-2155,-328571,-318530,-309274,-300808,-293169,-286262,-280047,-274533,-269714,-265573,-262089,-259316,-257182,-255698,-254876,-254702,-255170,-256289,-258058,-260482,-263565,-267294,-271690,-276756,-282473,-288866,-295917,-303599,-312140,-321361,-331395,-342214,-353893,,,,,,,,,,,,,,,,,,,,,,,,,,,,,,,,,,,,,,,,,,,,,,,,,,,,,,,,,,,,,,,,,,,,
RECAL 3 1 9999 -2096 64 4 80,2625,-518990,-517527,-516044,-513423,-507068,-495483,-474614,-445458,-414312,-383682,-355575,-330462,-308656,-290137,-274891,-262995,-254596,-249530,-247967,-249918,-255426,-264568,-277388,-293899,-314224,-338384,-366597,-399103,-434807,-469840,-495390,-507668,-513056,,,,,,,,,,,,,,,,,,,,,,,,,,,,,,,,,,,,,,,,,,,,,,,,,,,,,,,,,,,,,,,,,,,,
RECAL 3 0 9999 9999 64 4 80,2137,-343281,-331978,-321369,-311521,-302395,-294047,-286451,-279591,-273474,-268147,-263675,-259920,-256976,-254860,-253571,-253118,-253539,-254819,-256980,-260039,-264023,-268893,-274718,-281498,-289238,-297903,-307471,-318189,-329905,-342715,-356567,-371455,-387483,,,,,,,,,,,,,,,,,,,,,,,,,,,,,,,,,,,,,,,,,,,,,,,,,,,,,,,,,,,,,,,,,,,,
RECAL 3 1 9999 2197 64 4 80,-2649,-514403,-507399,-493959,-471689,-444502,-414262,-383961,-355832,-330018,-307445,-288397,-272992,-261383,-253556,-249540,-249305,-252869,-260271,-271520,-286661,-305555,-328211,-354535,-383479,-415270,-447563,-477213,-498637,-510082,-515323,-517975,-519233,-520015,,,,,,,,,,,,,,,,,,,,,,,,,,,,,,,,,,,,,,,,,,,,,,,,,,,,,,,,,,,,,,,,,,,,
RECAL 3 0 9999 9999 64 4 80,2138,-346285,-334502,-323382,-313008,-303366,-294465,-286351,-278965,-272342,-266526,-261552,-257314,-253907,-251338,-249605,-248728,-248707,-249570,-251316,-253981,-257562,-262079,-267553,-273964,-281338,-289729,-298909,-309276,-320655,-333076,-346536,-360981,-376514,,,,,,,,,,,,,,,,,,,,,,,,,,,,,,,,,,,,,,,,,,,,,,,,,,,,,,,,,,,,,,,,,,,,
RECAL 3 1 9999 2200 64 4 80,-2062,-484230,-464265,-441672,-417493,-393678,-370333,-348656,-328622,-310659,-294819,-281243,-269955,-260976,-254347,-250068,-248138,-248567,-251387,-256591,-264263,-274180,-286573,-301215,-318161,-337269,-358301,-381134,-405502,-430360,-454918,-477083,-494391,-505511,,,,,,,,,,,,,,,,,,,,,,,,,,,,,,,,,,,,,,,,,,,,,,,,,,,,,,,,,,,,,,,,,,,,
RECAL 3 0 9999 9999 64 4 80,2145,-340710,-328803,-317640,-307184,-297482,-288601,-280442,-273056,-266548,-260735,-255739,-251588,-248269,-245796,-244171,-243409,-243534,-244546,-246463,-249286,-253041,-257731,-263381,-270005,-277485,-286036,-295549,-306110,-317730,-330303,-343957,-358532,-374186,,,,,,,,,,,,,,,,,,,,,,,,,,,,,,,,,,,,,,,,,,,,,,,,,,,,,,,,,,,,,,,,,,,,
RECAL 3 1 9999 2206 64 4 80,-1206,-349178,-336507,-324620,-313553,-303267,-293810,-285180,-277324,-270269,-264065,-258647,-254067,-250302,-247351,-245222,-243879,-243328,-243576,-244598,-246393,-248943,-252229,-256269,-261037,-266554,-272788,-279766,-287450,-295797,-304890,-314495,-324822,-335738,,,,,,,,,,,,,,,,,,,,,,,,,,,,,,,,,,,,,,,,,,,,,,,,,,,,,,,,,,,,,,,,,,,,
RECAL 3 0 9999 9999 64 4 80,2057,-330729,-319852,-309655,-300103,-291327,-283183,-275758,-269033,-263034,-257779,-253276,-249527,-246530,-244302,-242868,-242178,-242298,-243224,-244965,-247518,-250929,-255181,-260323,-266346,-273227,-281019,-289720,-299289,-309846,-321347,-333609,-347005,-361311,,,,,,,,,,,,,,,,,,,,,,,,,,,,,,,,,,,,,,,,,,,,,,,,,,,,,,,,,,,,,,,,,,,,
RECAL 3 1 9999 2118 64 4 80,1153,-358313,-345291,-332881,-321213,-310280,-300082,-290697,-282077,-274256,-267268,-261086,-255749,-251269,-247667,-244922,-243068,-242116,-242064,-242943,-244733,-247442,-251065,-255642,-261146,-267609,-275018,-283386,-292690,-302934,-314118,-326226,-339236,-352940,,,,,,,,,,,,,,,,,,,,,,,,,,,,,,,,,,,,,,,,,,,,,,,,,,,,,,,,,,,,,,,,,,,,
RECAL 3 0 9999 9999 64 4 80,2121,-340059,-328522,-317759,-307688,-298380,-289869,-282020,-274946,-268641,-263082,-258323,-254324,-251126,-248722,-247132,-246330,-246352,-247213,-248935,-251508,-254963,-259320,-264594,-270792,-277926,-285993,-294973,-304976,-315982,-327984,-340892,-354938,-369976,,,,,,,,,,,,,,,,,,,,,,,,,,,,,,,,,,,,,,,,,,,,,,,,,,,,,,,,,,,,,,,,,,,,
RECAL 3 1 9999 2183 64 4 80,1974,-510881,-504251,-491354,-471806,-447433,-421140,-394969,-370001,-347160,-326318,-307787,-291564,-277688,-266165,-257062,-250417,-246205,-244453,-245166,-248334,-253993,-262168,-272784,-285821,-301158,-318812,-338614,-360263,-383618,-408371,-433365,-458181,-479983,,,,,,,,,,,,,,,,,,,,,,,,,,,,,,,,,,,,,,,,,,,,,,,,,,,,,,,,,,,,,,,,,,,,
RECAL 3 0 9999 9999 64 4 80,2115,-342210,-331097,-320764,-311184,-302355,-294268,-286923,-280271,-274352,-269182,-264752,-261053,-258107,-255924,-254507,-253856,-253993,-254912,-256639,-259194,-262574,-266794,-271874,-277825,-284685,-292390,-301015,-310605,-321141,-332657,-345194,-358726,-373203,,,,,,,,,,,,,,,,,,,,,,,,,,,,,,,,,,,,,,,,,,,,,,,,,,,,,,,,,,,,,,,,,,,,
RECAL 3 1 9999 2176 64 4 80,2553,-520104,-519766,-517863,-516703,-512838,-503716,-484849,-454716,-420842,-387614,-357362,-330713,-307719,-288551,-273121,-261520,-253756,-249854,-249803,-253610,-261262,-272752,-287998,-306848,-329286,-355018,-383629,-414601,-446192,-475440,-497095,-508801,-515456,,,,,,,,,,,,,,,,,,,,,,,,,,,,,,,,,,,,,,,,,,,,,,,,,,,,,,,,,,,,,,,,,,,,
RECAL 3 0 9999 9999 64 4 80,-210,-253913,-254040,-254165,-254296,-254425,-254572,-254701,-254840,-254972,-255123,-255255,-255400,-255532,-255671,-255807,-255950,-256091,-256222,-256361,-256478,-256611,-256741,-256862,-256981,-257101,-257221,-257342,-257444,-257549,-257673,-257773,-257878,-257973,,,,,,,,,,,,,,,,,,,,,,,,,,,,,,,,,,,,,,,,,,,,,,,,,,,,,,,,,,,,,,,,,,,,
RECAL 3 0 9999 -168 64 4 80,-232,-253225,-253345,-253447,-253568,-253683,-253816,-253946,-254072,-254212,-254344,-254473,-254596,-254744,-254884,-255019,-255162,-255296,-255433,-255574,-255714,-255859,-255987,-256126,-256255,-256394,-256529,-256653,-256784,-256912,-257024,-257141,-257267,-257374,,,,,,,,,,,,,,,,,,,,,,,,,,,,,,,,,,,,,,,,,,,,,,,,,,,,,,,,,,,,,,,,,,,,
RECAL 3 0 9999 -190 64 4 80,-254,-252687,-252760,-252854,-252958,-253045,-253165,-253263,-253380,-253489,-253610,-253737,-253869,-253991,-254124,-254254,-254386,-254524,-254651,-254791,-254925,-255061,-255210,-255349,-255481,-255623,-255761,-255900,-256039,-256171,-256308,-256442,-256581,-256708,,,,,,,,,,,,,,,,,,,,,,,,,,,,,,,,,,,,,,,,,,,,,,,,,,,,,,,,,,,,,,,,,,,,
RECAL 3 0 9999 -212 64 4 80,-276,-252319,-252354,-252413,-252473,-252537,-252618,-252700,-252800,-252893,-252987,-253087,-253198,-253310,-253423,-253537,-253667,-253786,-253923,-254047,-254178,-254310,-254436,-254585,-254706,-254845,-254987,-255123,-255264,-255403,-255548,-255679,-255818,-255957,,,,,,,,,,,,,,,,,,,,,,,,,,,,,,,,,,,,,,,,,,,,,,,,,,,,,,,,,,,,,,,,,,,,
RECAL 3 0 9999 -234 64 4 80,-298,-252179,-252182,-252186,-252218,-252230,-252268,-252327,-252362,-252423,-252492,-252574,-252652,-252732,-252827,-252908,-253022,-253124,-253228,-253338,-253454,-253576,-253706,-253828,-253961,-254081,-254220,-254353,-254474,-254608,-254760,-254896,-255029,-255170,,,,,,,,,,,,,,,,,,,,,,,,,,,,,,,,,,,,,,,,,,,,,,,,,,,,,,,,,,,,,,,,,,,,
RECAL 3 0 9999 -256 64 4 80,-320,-252337,-252271,-252231,-252199,-252164,-252156,-252152,-252159,-252181,-252192,-252230,-252271,-252320,-252385,-252433,-252517,-252586,-252667,-252752,-252842,-252950,-253056,-253167,-253278,-253392,-253498,-253629,-253740,-253877,-254007,-254135,-254264,-254397,,,,,,,,,,,,,,,,,,,,,,,,,,,,,,,,,,,,,,,,,,,,,,,,,,,,,,,,,,,,,,,,,,,,
RECAL 3 1 9999 -297 64 4 80,2521,-519745,-519425,-517836,-515867,-512744,-503614,-483658,-451668,-416396,-382714,-353008,-326503,-303992,-285371,-270525,-259448,-252148,-248602,-248766,-252621,-260191,-271452,-286355,-304716,-326603,-351913,-379748,-410479,-442060,-472236,-494842,-508010,-514207,,,,,,,,,,,,,,,,,,,,,,,,,,,,,,,,,,,,,,,,,,,,,,,,,,,,,,,,,,,,,,,,,,,,
RECAL 3 0 9999 9999 64 4 80,-39,-250270,-250319,-250342,-250380,-250406,-250431,-250455,-250467,-250493,-250504,-250518,-250526,-250531,-250550,-250566,-250580,-250612,-250638,-250668,-250713,-250746,-250785,-250840,-250892,-250950,-251007,-251067,-251147,-251206,-251295,-251379,-251467,-251550,,,,,,,,,,,,,,,,,,,,,,,,,,,,,,,,,,,,,,,,,,,,,,,,,,,,,,,,,,,,,,,,,,,,
RECAL 3 0 9999 3 64 4 80,-61,-250056,-250108,-250159,-250201,-250250,-250293,-250332,-250351,-250385,-250417,-250442,-250458,-250486,-250501,-250514,-250529,-250536,-250546,-250556,-250574,-250590,-250616,-250629,-250667,-250702,-250744,-250786,-250825,-250881,-250939,-250989,-251063,-251115,,,,,,,,,,,,,,,,,,,,,,,,,,,,,,,,,,,,,,,,,,,,,,,,,,,,,,,,,,,,,,,,,,,,
RECAL 3 0 9999 -19 64 4 80,-83,-249720,-249797,-249850,-249915,-249981,-250036,-250078,-250141,-250177,-250212,-250258,-250311,-250330,-250376,-250403,-250427,-250451,-250480,-250489,-250504,-250522,-250540,-250540,-250549,-250557,-250579,-250591,-250627,-250655,-250679,-250719,-250752,-250799,,,,,,,,,,,,,,,,,,,,,,,,,,,,,,,,,,,,,,,,,,,,,,,,,,,,,,,,,,,,,,,,,,,,
RECAL 3 0 9999 -41 64 4 80,-105,-249332,-249400,-249473,-249548,-249617,-249682,-249744,-249815,-249880,-249945,-250002,-250051,-250106,-250162,-250208,-250243,-250282,-250323,-250358,-250389,-250420,-250446,-250463,-250484,-250494,-250517,-250532,-250536,-250540,-250549,-250563,-250579,-250607,,,,,,,,,,,,,,,,,,,,,,,,,,,,,,,,,,,,,,,,,,,,,,,,,,,,,,,,,,,,,,,,,,,,
RECAL 3 0 9999 -63 64 4 80,-127,-248893,-248965,-249049,-249120,-249210,-249277,-249361,-249433,-249504,-249579,-249644,-249721,-249784,-249850,-249911,-249966,-250021,-250082,-250124,-250176,-250221,-250261,-250296,-250325,-250372,-250404,-250422,-250448,-250468,-250467,-250496,-250511,-250529,,,,,,,,,,,,,,,,,,,,,,,,,,,,,,,,,,,,,,,,,,,,,,,,,,,,,,,,,,,,,,,,,,,,
RECAL 3 0 9999 -85 64 4 80,-149,-248422,-248501,-248580,-248658,-248742,-248826,-248917,-248985,-249079,-249154,-249238,-249318,-249391,-249463,-249533,-249613,-249680,-249743,-249813,-249874,-249931,-249987,-250042,-250096,-250146,-250190,-250241,-250276,-250316,-250353,-250377,-250400,-250429,,,,,,,,,,,,,,,,,,,,,,,,,,,,,,,,,,,,,,,,,,,,,,,,,,,,,,,,,,,,,,,,,,,,
RECAL 3 0 9999 -107 64 4 80,-171,-247989,-248057,-248132,-248210,-248297,-248388,-248463,-248534,-248623,-248710,-248793,-248868,-248953,-249042,-249123,-249186,-249269,-249346,-249419,-249495,-249576,-249637,-249712,-249777,-249841,-249904,-249961,-250009,-250065,-250116,-250162,-250212,-250267,,,,,,,,,,,,,,,,,,,,,,,,,,,,,,,,,,,,,,,,,,,,,,,,,,,,,,,,,,,,,,,,,,,,
RECAL 3 0 9999 -129 64 4 80,-193,-247614,-247675,-247746,-247805,-247875,-247951,-248017,-248098,-248176,-248253,-248340,-248419,-248505,-248581,-248671,-248745,-248832,-248909,-248996,-249070,-249150,-249230,-249302,-249378,-249458,-249543,-249603,-249673,-249739,-249809,-249871,-249933,-249986,,,,,,,,,,,,,,,,,,,,,,,,,,,,,,,,,,,,,,,,,,,,,,,,,,,,,,,,,,,,,,,,,,,,
RECAL 3 0 9999 -151 64 4 80,-215,-247349,-247388,-247431,-247482,-247525,-247583,-247642,-247702,-247775,-247841,-247910,-247983,-248056,-248134,-248216,-248281,-248375,-248455,-248528,-248603,-248694,-248786,-248858,-248931,-249025,-249112,-249193,-249263,-249343,-249425,-249494,-249565,-249640,,,,,,,,,,,,,,,,,,,,,,,,,,,,,,,,,,,,,,,,,,,,,,,,,,,,,,,,,,,,,,,,,,,,
RECAL 3 0 9999 -173 64 4 80,-237,-247223,-247236,-247249,-247259,-247285,-247320,-247352,-247394,-247446,-247499,-247556,-247611,-247668,-247727,-247794,-247872,-247935,-248019,-248098,-248167,-248259,-248333,-248418,-248500,-248579,-248661,-248744,-248824,-248906,-248972,-249070,-249140,-249213,,,,,,,,,,,,,,,,,,,,,,,,,,,,,,,,,,,,,,,,,,,,,,,,,,,,,,,,,,,,,,,,,,,,
RECAL 3 0 9999 9999 64 4 80,-617,-248390,-248068,-247811,-247603,-247450,-247362,-247326,-247344,-247405,-247524,-247682,-247895,-248170,-248480,-248830,-249223,-249664,-250149,-250670,-251244,-251838,-252490,-253178,-253895,-254652,-255440,-256269,-257111,-258001,-258920,-259875,-260857,-261869,,,,,,,,,,,,,,,,,,,,,,,,,,,,,,,,,,,,,,,,,,,,,,,,,,,,,,,,,,,,,,,,,,,,
RECAL 3 1 9999 -592 64 4 80,1085,-349932,-338465,-327492,-317180,-307530,-298562,-290315,-282723,-275832,-269685,-264223,-259496,-255529,-252320,-249876,-248208,-247329,-247246,-247969,-249511,-251849,-255030,-259034,-263882,-269568,-276068,-283414,-291600,-300626,-310537,-321277,-332832,-345243,,,,,,,,,,,,,,,,,,,,,,,,,,,,,,,,,,,,,,,,,,,,,,,,,,,,,,,,,,,,,,,,,,,,
RECAL 3 0 9999 9999 64 4 80,281,-247985,-248061,-248163,-248258,-248377,-248516,-248670,-248825,-248999,-249199,-249403,-249639,-249879,-250140,-250423,-250732,-251057,-251409,-251775,-252170,-252582,-253012,-253482,-253963,-254479,-255019,-255570,-256163,-256781,-257436,-258118,-258842,-259583,,,,,,,,,,,,,,,,,,,,,,,,,,,,,,,,,,,,,,,,,,,,,,,,,,,,,,,,,,,,,,,,,,,,
RECAL 3 0 9999 323 64 4 80,259,-247737,-247752,-247786,-247832,-247881,-247934,-248016,-248095,-248189,-248310,-248437,-248584,-248731,-248904,-249086,-249298,-249510,-249751,-250006,-250282,-250575,-250882,-251228,-251574,-251969,-252361,-252788,-253241,-253707,-254201,-254740,-255289,-255861,,,,,,,,,,,,,,,,,,,,,,,,,,,,,,,,,,,,,,,,,,,,,,,,,,,,,,,,,,,,,,,,,,,,
RECAL 3 0 9999 301 64 4 80,237,-247778,-247754,-247731,-247727,-247726,-247735,-247738,-247774,-247812,-247851,-247911,-247977,-248058,-248142,-248246,-248382,-248513,-248658,-248821,-249001,-249197,-249396,-249626,-249867,-250139,-250419,-250715,-251052,-251402,-251771,-252152,-252573,-253005,,,,,,,,,,,,,,,,,,,,,,,,,,,,,,,,,,,,,,,,,,,,,,,,,,,,,,,,,,,,,,,,,,,,
RECAL 3 1 9999 252 64 4 80,-1277,-363351,-349636,-336649,-324501,-313255,-302857,-293360,-284745,-277059,-270240,-264297,-259280,-255153,-251931,-249612,-248201,-247714,-248105,-249393,-251556,-254579,-258445,-263163,-268679,-275031,-282192,-290141,-298836,-308329,-318583,-329555,-341236,-353393,,,,,,,,,,,,,,,,,,,,,,,,,,,,,,,,,,,,,,,,,,,,,,,,,,,,,,,,,,,,,,,,,,,,
RECAL 3 0 9999 9999 64 4 80,242,-250766,-250871,-250986,-251121,-251265,-251415,-251593,-251765,-251956,-252167,-252387,-252608,-252861,-253134,-253400,-253706,-254004,-254336,-254683,-255034,-255413,-255821,-256232,-256688,-257136,-257625,-258141,-258667,-259217,-259792,-260402,-261019,-261687,,,,,,,,,,,,,,,,,,,,,,,,,,,,,,,,,,,,,,,,,,,,,,,,,,,,,,,,,,,,,,,,,,,,
RECAL 3 0 9999 284 64 4 80,220,-250226,-250288,-250370,-250444,-250542,-250630,-250756,-250876,-251004,-251141,-251293,-251463,-251635,-251824,-252020,-252237,-252464,-252694,-252949,-253232,-253517,-253825,-254140,-254468,-254828,-255203,-255588,-256003,-256427,-256883,-257354,-257855,-258374,,,,,,,,,,,,,,,,,,,,,,,,,,,,,,,,,,,,,,,,,,,,,,,,,,,,,,,,,,,,,,,,,,,,
RECAL 3 0 9999 262 64 4 80,198,-249971,-249999,-250038,-250078,-250121,-250179,-250240,-250309,-250389,-250484,-250562,-250681,-250798,-250916,-251053,-251195,-251351,-251520,-251703,-251898,-252102,-252327,-252558,-252809,-253069,-253345,-253630,-253953,-254277,-254618,-254988,-255375,-255772,,,,,,,,,,,,,,,,,,,,,,,,,,,,,,,,,,,,,,,,,,,,,,,,,,,,,,,,,,,,,,,,,,,,
RECAL 3 0 9999 240 64 4 80,176,-249869,-249868,-249875,-249887,-249897,-249931,-249953,-249993,-250018,-250069,-250112,-250179,-250238,-250322,-250403,-250494,-250598,-250722,-250837,-250962,-251102,-251256,-251413,-251597,-251785,-251983,-252197,-252425,-252660,-252918,-253185,-253473,-253777,,,,,,,,,,,,,,,,,,,,,,,,,,,,,,,,,,,,,,,,,,,,,,,,,,,,,,,,,,,,,,,,,,,,
RECAL 3 0 9999 218 64 4 80,154,-249895,-249884,-249870,-249854,-249839,-249851,-249852,-249854,-249869,-249877,-249893,-249919,-249943,-249976,-250033,-250080,-250149,-250206,-250275,-250356,-250441,-250546,-250643,-250761,-250887,-251023,-251173,-251322,-251491,-251679,-251875,-252079,-252299,,,,,,,,,,,,,,,,,,,,,,,,,,,,,,,,,,,,,,,,,,,,,,,,,,,,,,,,,,,,,,,,,,,,
RECAL 3 1 9999 174 64 4 80,-2103,-489166,-469741,-446272,-421701,-397011,-373436,-351484,-331194,-312956,-296827,-282987,-271402,-262179,-255379,-251085,-249211,-249827,-252939,-258531,-266574,-277087,-290012,-305242,-322791,-342660,-364598,-388585,-414185,-440422,-466219,-487787,-502533,-511269,,,,,,,,,,,,,,,,,,,,,,,,,,,,,,,,,,,,,,,,,,,,,,,,,,,,,,,,,,,,,,,,,,,,
RECAL 3 0 9999 9999 64 4 80,209,-256233,-256335,-256428,-256530,-256651,-256781,-256901,-257050,-257209,-257374,-257548,-257733,-257922,-258126,-258345,-258578,-258830,-259095,-259362,-259646,-259944,-260272,-260586,-260930,-261300,-261676,-262067,-262483,-262895,-263350,-263826,-264313,-264812,,,,,,,,,,,,,,,,,,,,,,,,,,,,,,,,,,,,,,,,,,,,,,,,,,,,,,,,,,,,,,,,,,,,
RECAL 3 0 9999 251 64 4 80,187,-255679,-255737,-255801,-255882,-255957,-256051,-256149,-256247,-256356,-256471,-256608,-256741,-256884,-257034,-257196,-257361,-257548,-257744,-257949,-258162,-258384,-258637,-258898,-259154,-259446,-259722,-260033,-260354,-260708,-261035,-261426,-261799,-262206,,,,,,,,,,,,,,,,,,,,,,,,,,,,,,,,,,,,,,,,,,,,,,,,,,,,,,,,,,,,,,,,,,,,
RECAL 3 0 9999 229 64 4 80,165,-255363,-255394,-255438,-255490,-255530,-255588,-255647,-255716,-255780,-255854,-255953,-256034,-256145,-256249,-256360,-256494,-256616,-256755,-256914,-257063,-257239,-257414,-257605,-257804,-258003,-258229,-258466,-258718,-258974,-259249,-259541,-259850,-260170,,,,,,,,,,,,,,,,,,,,,,,,,,,,,,,,,,,,,,,,,,,,,,,,,,,,,,,,,,,,,,,,,,,,
RECAL 3 0 9999 207 64 4 80,143,-255186,-255199,-255227,-255236,-255259,-255287,-255327,-255373,-255416,-255473,-255527,-255582,-255649,-255729,-255810,-255892,-255970,-256063,-256165,-256286,-256395,-256525,-256651,-256813,-256953,-257116,-257293,-257486,-257671,-257875,-258090,-258306,-258568,,,,,,,,,,,,,,,,,,,,,,,,,,,,,,,,,,,,,,,,,,,,,,,,,,,,,,,,,,,,,,,,,,,,
RECAL 3 0 9999 185 64 4 80,121,-255109,-255108,-255118,-255110,-255136,-255133,-255154,-255175,-255190,-255219,-255247,-255284,-255323,-255373,-255414,-255462,-255513,-255591,-255656,-255733,-255806,-255894,-255989,-256089,-256184,-256311,-256434,-256555,-256703,-256864,-257011,-257189,-257362,,,,,,,,,,,,,,,,,,,,,,,,,,,,,,,,,,,,,,,,,,,,,,,,,,,,,,,,,,,,,,,,,,,,
RECAL 3 0 9999 163 64 4 80,99,-255081,-255078,-255071,-255073,-255069,-255080,-255085,-255073,-255089,-255106,-255109,-255123,-255149,-255172,-255183,-255210,-255244,-255277,-255327,-255361,-255422,-255476,-255526,-255598,-255669,-255742,-255824,-255915,-256022,-256119,-256229,-256349,-256474,,,,,,,,,,,,,,,,,,,,,,,,,,,,,,,,,,,,,,,,,,,,,,,,,,,,,,,,,,,,,,,,,,,,
RECAL 3 1 9999 114 64 4 80,-2681,-514915,-508537,-497299,-476158,-449054,-418982,-388657,-360347,-334622,-311877,-292510,-276659,-264531,-256236,-251872,-251478,-255033,-262574,-274105,-289532,-308762,-331858,-358458,-388520,-421390,-454884,-484374,-503103,-512106,-517100,-519281,-519985,-520172,,,,,,,,,,,,,,,,,,,,,,,,,,,,,,,,,,,,,,,,,,,,,,,,,,,,,,,,,,,,,,,,,,,,
RECAL 3 0 9999 9999 64 4 80,-2239,-328790,-318674,-309346,-300820,-293082,-286130,-279903,-274444,-269740,-265782,-262601,-260206,-258581,-257753,-257709,-258459,-259966,-262304,-265450,-269382,-274148,-279709,-286112,-293285,-301317,-310191,-319898,-330444,-341906,-354241,-367471,-381783,-396955,,,,,,,,,,,,,,,,,,,,,,,,,,,,,,,,,,,,,,,,,,,,,,,,,,,,,,,,,,,,,,,,,,,,
RECAL 3 1 9999 -2185 64 4 80,-2669,-515173,-508143,-496097,-474546,-445864,-414482,-383829,-355803,-330667,-308840,-290403,-275538,-264495,-257048,-253418,-253583,-257581,-265410,-277069,-292509,-311831,-334985,-361943,-392525,-426129,-460449,-489624,-506451,-515241,-517568,-518670,-520057,-519759,,,,,,,,,,,,,,,,,,,,,,,,,,,,,,,,,,,,,,,,,,,,,,,,,,,,,,,,,,,,,,,,,,,,
RECAL 3 0 9999 9999 64 4 80,-2235,-321296,-311075,-301642,-293040,-285241,-278180,-271896,-266395,-261627,-257658,-254478,-252090,-250466,-249632,-249595,-250345,-251884,-254237,-257385,-261369,-266152,-271730,-278148,-285390,-293406,-302265,-311947,-322476,-333885,-346201,-359357,-373294,-388495,,,,,,,,,,,,,,,,,,,,,,,,,,,,,,,,,,,,,,,,,,,,,,,,,,,,,,,,,,,,,,,,,,,,
RECAL 3 1 9999 -2181 64 4 80,-2093,-499999,-485430,-465104,-440286,-414843,-389939,-366630,-345187,-325628,-308220,-292968,-279908,-269222,-260733,-254618,-250880,-249511,-250510,-253863,-259617,-267700,-278152,-290982,-306131,-323694,-343561,-365654,-389934,-415804,-442596,-468517,-490246,-503593,,,,,,,,,,,,,,,,,,,,,,,,,,,,,,,,,,,,,,,,,,,,,,,,,,,,,,,,,,,,,,,,,,,,
RECAL 3 0 9999 9999 64 4 80,-2228,-321242,-310998,-301561,-292916,-285085,-277974,-271618,-266052,-261227,-257202,-253930,-251441,-249729,-248790,-248640,-249255,-250660,-252866,-255858,-259654,-264260,-269668,-275869,-282875,-290676,-299229,-308674,-318950,-330074,-342091,-354792,-368512,-383287,,,,,,,,,,,,,,,,,,,,,,,,,,,,,,,,,,,,,,,,,,,,,,,,,,,,,,,,,,,,,,,,,,,,
RECAL 3 1 9999 -2173 64 4 80,-1257,-369063,-355402,-342456,-330330,-319031,-308508,-298833,-290019,-281996,-274815,-268454,-263042,-258435,-254690,-251818,-249787,-248587,-248233,-248677,-249934,-251979,-254844,-258506,-262954,-268204,-274225,-281032,-288485,-296698,-305671,-315337,-325599,-336542,,,,,,,,,,,,,,,,,,,,,,,,,,,,,,,,,,,,,,,,,,,,,,,,,,,,,,,,,,,,,,,,,,,,
RECAL 3 0 9999 9999 64 4 80,-2311,-322845,-311951,-302084,-292906,-284610,-277120,-270439,-264581,-259524,-255303,-251898,-249311,-247545,-246590,-246462,-247171,-248701,-251072,-254249,-258300,-263227,-269002,-275639,-283111,-291483,-300675,-310826,-321916,-333899,-346891,-360767,-375817,-392047,,,,,,,,,,,,,,,,,,,,,,,,,,,,,,,,,,,,,,,,,,,,,,,,,,,,,,,,,,,,,,,,,,,,
RECAL 3 1 9999 -2256 64 4 80,1108,-337953,-327033,-316801,-307211,-298230,-289995,-282367,-275449,-269206,-263699,-258899,-254924,-251654,-249158,-247461,-246537,-246414,-247096,-248578,-250876,-253971,-257899,-262685,-268315,-274779,-282093,-290277,-299131,-308987,-319657,-331090,-343329,-356280,,,,,,,,,,,,,,,,,,,,,,,,,,,,,,,,,,,,,,,,,,,,,,,,,,,,,,,,,,,,,,,,,,,,
RECAL 3 0 9999 9999 64 4 80,-2251,-323685,-313691,-304513,-296230,-288661,-281829,-275769,-270450,-265909,-262107,-259042,-256754,-255209,-254433,-254438,-255180,-256712,-259034,-262140,-265947,-270584,-276020,-282235,-289249,-296988,-305612,-315019,-325254,-336325,-348259,-361042,-374740,-389603,,,,,,,,,,,,,,,,,,,,,,,,,,,,,,,,,,,,,,,,,,,,,,,,,,,,,,,,,,,,,,,,,,,,
RECAL 3 1 9999 -2197 64 4 80,1942,-514232,-510021,-500282,-482486,-458133,-431239,-404805,-379976,-357255,-336680,-318213,-302134,-288091,-276253,-266688,-259355,-254292,-251502,-250971,-252701,-256693,-262980,-271515,-282296,-295264,-310453,-327779,-346998,-368297,-391570,-416404,-441923,-466869,,,,,,,,,,,,,,,,,,,,,,,,,,,,,,,,,,,,,,,,,,,,,,,,,,,,,,,,,,,,,,,,,,,,
RECAL 3 0 9999 9999 64 4 80,-2257,-316128,-306795,-298261,-290560,-283538,-277358,-271801,-266997,-262908,-259527,-256871,-254936,-253716,-253226,-253466,-254430,-256141,-258586,-261786,-265740,-270418,-275762,-281924,-288860,-296491,-304931,-314157,-324153,-334998,-346683,-359171,-372641,-387084,,,,,,,,,,,,,,,,,,,,,,,,,,,,,,,,,,,,,,,,,,,,,,,,,,,,,,,,,,,,,,,,,,,,
RECAL 3 1 9999 -2204 64 4 80,2532,-520094,-518360,-517954,-514322,-506753,-486941,-454644,-418979,-385140,-355547,-329838,-307916,-289775,-275193,-264238,-256881,-253182,-253049,-256521,-263589,-274213,-288358,-305944,-326652,-350927,-378331,-408845,-441107,-472582,-496389,-508820,-514599,-517889,,,,,,,,,,,,,,,,,,,,,,,,,,,,,,,,,,,,,,,,,,,,,,,,,,,,,,,,,,,,,,,,,,,,
RECAL 3 0 9999 9999 64 4 80,2096,-345707,-333561,-322296,-311903,-302467,-293730,-285789,-278607,-272157,-266481,-261540,-257326,-253865,-251150,-249180,-247950,-247460,-247715,-248722,-250480,-252984,-256270,-260374,-265286,-270998,-277563,-284969,-293238,-302456,-312661,-323814,-336044,-349431,,,,,,,,,,,,,,,,,,,,,,,,,,,,,,,,,,,,,,,,,,,,,,,,,,,,,,,,,,,,,,,,,,,,
RECAL 3 1 9999 2161 64 4 80,-2694,-515102,-510396,-506562,-495680,-470134,-432674,-394191,-359848,-330520,-305891,-285735,-269644,-257564,-249359,-244946,-244292,-247331,-254007,-264131,-277855,-294865,-314924,-337591,-362186,-388190,-414809,-441343,-466758,-488841,-504472,-512713,-516772,-519027,,,,,,,,,,,,,,,,,,,,,,,,,,,,,,,,,,,,,,,,,,,,,,,,,,,,,,,,,,,,,,,,,,,,
RECAL 3 0 9999 9999 64 4 80,2018,-340554,-328893,-318047,-308009,-298752,-290295,-282539,-275532,-269287,-263714,-258852,-254731,-251319,-248622,-246640,-245371,-244825,-245008,-245937,-247578,-249971,-253113,-257010,-261694,-267086,-273325,-280389,-288286,-297002,-306648,-317205,-328751,-341343,,,,,,,,,,,,,,,,,,,,,,,,,,,,,,,,,,,,,,,,,,,,,,,,,,,,,,,,,,,,,,,,,,,,
RECAL 3 1 9999 2083 64 4 80,-2098,-471723,-449805,-424840,-398414,-372728,-348935,-327271,-308105,-291424,-277146,-265357,-255968,-249032,-244525,-242299,-242405,-244809,-249479,-256368,-265463,-276658,-289881,-304964,-321772,-340152,-359692,-380189,-401416,-422866,-443774,-464589,-483025,-497415,,,,,,,,,,,,,,,,,,,,,,,,,,,,,,,,,,,,,,,,,,,,,,,,,,,,,,,,,,,,,,,,,,,,
RECAL 3 0 9999 9999 64 4 80,2011,-340256,-328259,-317129,-306816,-297300,-288614,-280619,-273376,-266880,-261110,-256099,-251775,-248169,-245274,-243093,-241637,-240889,-240877,-241596,-243058,-245258,-248203,-251903,-256372,-261636,-267689,-274475,-282163,-290708,-300082,-310448,-321732,-334039,,,,,,,,,,,,,,,,,,,,,,,,,,,,,,,,,,,,,,,,,,,,,,,,,,,,,,,,,,,,,,,,,,,,
RECAL 3 1 9999 2077 64 4 80,-1247,-333507,-321454,-310200,-299777,-290229,-281473,-273577,-266547,-260442,-255099,-250598,-246944,-244089,-242070,-240852,-240431,-240790,-241935,-243860,-246545,-249988,-254186,-259139,-264836,-271117,-278184,-285947,-294282,-303241,-312760,-322760,-333228,-344148,,,,,,,,,,,,,,,,,,,,,,,,,,,,,,,,,,,,,,,,,,,,,,,,,,,,,,,,,,,,,,,,,,,,
RECAL 3 0 9999 9999 64 4 80,2108,-347069,-334443,-322555,-311601,-301503,-292279,-283884,-276291,-269487,-263477,-258255,-253827,-250194,-247325,-245239,-243923,-243392,-243630,-244656,-246479,-249098,-252535,-256801,-261932,-267910,-274777,-282545,-291244,-300834,-311500,-323183,-335974,-349958,,,,,,,,,,,,,,,,,,,,,,,,,,,,,,,,,,,,,,,,,,,,,,,,,,,,,,,,,,,,,,,,,,,,
RECAL 3 1 9999 2173 64 4 80,1148,-341330,-330084,-319301,-309130,-299626,-290883,-282809,-275457,-268823,-262929,-257774,-253414,-249817,-246997,-244979,-243763,-243372,-243801,-245082,-247221,-250221,-254089,-258860,-264548,-271084,-278600,-286990,-296202,-306312,-317302,-329099,-341662,-354885,,,,,,,,,,,,,,,,,,,,,,,,,,,,,,,,,,,,,,,,,,,,,,,,,,,,,,,,,,,,,,,,,,,,
RECAL 3 0 9999 9999 64 4 80,2110,-345334,-332997,-321442,-310807,-301036,-292165,-284086,-276793,-270279,-264517,-259549,-255327,-251889,-249190,-247236,-246012,-245548,-245824,-246854,-248650,-251209,-254554,-258690,-263651,-269432,-276080,-283585,-291964,-301249,-311543,-322851,-335224,-348805,,,,,,,,,,,,,,,,,,,,,,,,,,,,,,,,,,,,,,,,,,,,,,,,,,,,,,,,,,,,,,,,,,,,
RECAL 3 1 9999 2175 64 4 80,1987,-490790,-475524,-455440,-433262,-409630,-386056,-363575,-342587,-323402,-306300,-291257,-278262,-267354,-258597,-252010,-247644,-245525,-245661,-248139,-252996,-260310,-270132,-282493,-297397,-314959,-334894,-357071,-381115,-406467,-431769,-455752,-476506,-493455,,,,,,,,,,,,,,,,,,,,,,,,,,,,,,,,,,,,,,,,,,,,,,,,,,,,,,,,,,,,,,,,,,,,
RECAL 3 0 9999 9999 64 4 80,2110,-343309,-331743,-320912,-310981,-301897,-293608,-286141,-279388,-273365,-268087,-263531,-259695,-256566,-254139,-252402,-251364,-251028,-251351,-252402,-254141,-256592,-259779,-263685,-268340,-273739,-279950,-286943,-294694,-303337,-312881,-323313,-334783,-347300,,,,,,,,,,,,,,,,,,,,,,,,,,,,,,,,,,,,,,,,,,,,,,,,,,,,,,,,,,,,,,,,,,,,
RECAL 3 1 9999 2174 64 4 80,2574,-518751,-516500,-513784,-508212,-496852,-477347,-449687,-418188,-386776,-357893,-332220,-310035,-291336,-276320,-264435,-255971,-250959,-249424,-251450,-257133,-266685,-280268,-297960,-320108,-346732,-377811,-412757,-448638,-478804,-497693,-507333,-512755,-517309,,,,,,,,,,,,,,,,,,,,,,,,,,,,,,,,,,,,,,,,,,,,,,,,,,,,,,,,,,,,,,,,,,,,
RECAL 3 0 9999 9999 64 4 80,-380,-250524,-250368,-250217,-250088,-249971,-249870,-249786,-249715,-249654,-249607,-249576,-249556,-249543,-249546,-249558,-249576,-249601,-249644,-249697,-249758,-249819,-249897,-249982,-250074,-250171,-250270,-250380,-250501,-250622,-250741,-250873,-251006,-251145,,,,,,,,,,,,,,,,,,,,,,,,,,,,,,,,,,,,,,,,,,,,,,,,,,,,,,,,,,,,,,,,,,,,
RECAL 3 1 9999 -330 64 4 80,2600,-516937,-513287,-507159,-495602,-474042,-444476,-412374,-381080,-352753,-327642,-306056,-288029,-273419,-262251,-254491,-250247,-249531,-252423,-259037,-269564,-284199,-303053,-326079,-354100,-386822,-423500,-460355,-488879,-503394,-510568,-515679,-517466,-519293,,,,,,,,,,,,,,,,,,,,,,,,,,,,,,,,,,,,,,,,,,,,,,,,,,,,,,,,,,,,,,,,,,,,
RECAL 3 0 9999 9999 64 4 80,-421,-244969,-244745,-244554,-244387,-244230,-244102,-243992,-243900,-243833,-243780,-243758,-243739,-243739,-243763,-243784,-243840,-243909,-243978,-244071,-244181,-244300,-244428,-244571,-244721,-244891,-245063,-245241,-245430,-245637,-245846,-246062,-246295,-246523,,,,,,,,,,,,,,,,,,,,,,,,,,,,,,,,,,,,,,,,,,,,,,,,,,,,,,,,,,,,,,,,,,,,
RECAL 3 1 9999 -375 64 4 80,2019,-490935,-473944,-452212,-428236,-403293,-379008,-356200,-335255,-316535,-299646,-284992,-272480,-262212,-254172,-248412,-244920,-243764,-244991,-248646,-254806,-263561,-274968,-289083,-305858,-325045,-347083,-371325,-397327,-423739,-449043,-471595,-489536,-501782,,,,,,,,,,,,,,,,,,,,,,,,,,,,,,,,,,,,,,,,,,,,,,,,,,,,,,,,,,,,,,,,,,,,
RECAL 3 0 9999 9999 64 4 80,-388,-244323,-244139,-243974,-243836,-243711,-243618,-243528,-243467,-243420,-243393,-243385,-243385,-243411,-243437,-243477,-243547,-243624,-243710,-243800,-243909,-244030,-244160,-244304,-244447,-244608,-244777,-244958,-245142,-245343,-245540,-245752,-245957,-246175,,,,,,,,,,,,,,,,,,,,,,,,,,,,,,,,,,,,,,,,,,,,,,,,,,,,,,,,,,,,,,,,,,,,
RECAL 3 1 9999 -347 64 4 80,1204,-320112,-309285,-299208,-290066,-281512,-273714,-266738,-260558,-255216,-250708,-247057,-244232,-242271,-241193,-241002,-241718,-243355,-245932,-249465,-253880,-259359,-265856,-273332,-281812,-291259,-301664,-313043,-325362,-338581,-352551,-367020,-382195,-397750,,,,,,,,,,,,,,,,,,,,,,,,,,,,,,,,,,,,,,,,,,,,,,,,,,,,,,,,,,,,,,,,,,,,
RECAL 3 0 9999 9999 64 4 80,-792,-247967,-246697,-245534,-244479,-243522,-242668,-241917,-241266,-240707,-240236,-239867,-239585,-239391,-239292,-239268,-239331,-239483,-239707,-240019,-240409,-240866,-241399,-242015,-242686,-243428,-244250,-245145,-246094,-247105,-248189,-249339,-250548,-251811,,,,,,,,,,,,,,,,,,,,,,,,,,,,,,,,,,,,,,,,,,,,,,,,,,,,,,,,,,,,,,,,,,,,
RECAL 3 1 9999 -737 64 4 80,-1194,-330239,-318731,-307987,-298034,-288935,-280594,-273017,-266232,-260198,-254934,-250456,-246796,-243810,-241570,-240071,-239309,-239257,-239920,-241297,-243372,-246128,-249573,-253697,-258510,-264018,-270169,-276960,-284267,-292266,-300850,-310021,-319683,-329788,,,,,,,,,,,,,,,,,,,,,,,,,,,,,,,,,,,,,,,,,,,,,,,,,,,,,,,,,,,,,,,,,,,,
RECAL 3 0 9999 9999 64 4 80,-805,-246113,-244818,-243638,-242564,-241590,-240724,-239961,-239296,-238719,-238239,-237859,-237557,-237349,-237232,-237201,-237240,-237369,-237579,-237869,-238237,-238681,-239203,-239792,-240448,-241175,-241980,-242827,-243761,-244756,-245808,-246931,-248109,-249354,,,,,,,,,,,,,,,,,,,,,,,,,,,,,,,,,,,,,,,,,,,,,,,,,,,,,,,,,,,,,,,,,,,,
RECAL 3 1 9999 -749 64 4 80,-2071,-481201,-461971,-438270,-411629,-384819,-359573,-336815,-316205,-297953,-282187,-268828,-257839,-249191,-242827,-238705,-236822,-237168,-239727,-244484,-251456,-260609,-271926,-285108,-300374,-317540,-336300,-356343,-377250,-398776,-420405,-441677,-462114,-480426,,,,,,,,,,,,,,,,,,,,,,,,,,,,,,,,,,,,,,,,,,,,,,,,,,,,,,,,,,,,,,,,,,,,
RECAL 3 0 9999 9999 64 4 80,-507,-243812,-243444,-243119,-242815,-242551,-242322,-242116,-241948,-241809,-241687,-241601,-241537,-241507,-241492,-241505,-241542,-241596,-241681,-241788,-241900,-242043,-242211,-242391,-242594,-242811,-243044,-243295,-243557,-243841,-244130,-244446,-244769,-245105,,,,,,,,,,,,,,,,,,,,,,,,,,,,,,,,,,,,,,,,,,,,,,,,,,,,,,,,,,,,,,,,,,,,
RECAL 3 1 9999 -455 64 4 80,-2668,-515438,-511607,-506115,-495407,-471825,-435633,-397427,-362660,-332515,-306981,-285809,-268791,-255880,-246646,-241179,-239454,-241417,-246999,-256133,-268844,-284919,-304172,-326365,-350991,-377301,-404881,-432450,-459145,-482718,-500660,-511547,-515746,-518120,,,,,,,,,,,,,,,,,,,,,,,,,,,,,,,,,,,,,,,,,,,,,,,,,,,,,,,,,,,,,,,,,,,,
RECAL 3 0 9999 9999 64 4 80,-2286,-328243,-316674,-306095,-296485,-287862,-280093,-273237,-267240,-262082,-257757,-254256,-251564,-249688,-248557,-248224,-248675,-249896,-251903,-254669,-258256,-262609,-267765,-273687,-280437,-287995,-296297,-305529,-315639,-326513,-338447,-351420,-365291,-380340,,,,,,,,,,,,,,,,,,,,,,,,,,,,,,,,,,,,,,,,,,,,,,,,,,,,,,,,,,,,,,,,,,,,
RECAL 3 1 9999 -2230 64 4 80,-2694,-515106,-514087,-510424,-499537,-467137,-426473,-388123,-355112,-327221,-303908,-284760,-269476,-257946,-250082,-245837,-245207,-248160,-254715,-264694,-278334,-295450,-315887,-339372,-365262,-393158,-421570,-449540,-474776,-495097,-507491,-514895,-517918,-518933,,,,,,,,,,,,,,,,,,,,,,,,,,,,,,,,,,,,,,,,,,,,,,,,,,,,,,,,,,,,,,,,,,,,
RECAL 3 0 9999 9999 64 4 80,-2353,-334833,-321688,-309761,-298947,-289242,-280509,-272808,-266088,-260289,-255427,-251470,-248401,-246210,-244899,-244418,-244796,-246011,-248075,-250975,-254732,-259332,-264824,-271160,-278352,-286438,-295352,-305225,-316042,-327826,-340475,-354383,-369193,-385304,,,,,,,,,,,,,,,,,,,,,,,,,,,,,,,,,,,,,,,,,,,,,,,,,,,,,,,,,,,,,,,,,,,,
RECAL 3 1 9999 -2297 64 4 80,-2109,-501029,-488210,-465314,-437270,-408192,-380553,-355608,-333390,-313819,-296836,-282370,-270242,-260445,-252995,-247841,-244998,-244424,-246114,-250070,-256289,-264786,-275491,-288373,-303343,-320360,-339207,-359617,-381258,-403788,-426217,-447792,-468132,-484769,,,,,,,,,,,,,,,,,,,,,,,,,,,,,,,,,,,,,,,,,,,,,,,,,,,,,,,,,,,,,,,,,,,,
RECAL 3 0 9999 9999 64 4 80,-2355,-339068,-325576,-313346,-302263,-292326,-283394,-275510,-268622,-262700,-257692,-253633,-250493,-248215,-246836,-246297,-246623,-247798,-249821,-252690,-256419,-261008,-266486,-272807,-280011,-288089,-297001,-306912,-317713,-329538,-342178,-356052,-370955,-387062,,,,,,,,,,,,,,,,,,,,,,,,,,,,,,,,,,,,,,,,,,,,,,,,,,,,,,,,,,,,,,,,,,,,
RECAL 3 1 9999 -2299 64 4 80,-1264,-366324,-352163,-338849,-326567,-315218,-304745,-295219,-286592,-278784,-271804,-265683,-260393,-255940,-252356,-249535,-247511,-246289,-245865,-246222,-247371,-249283,-251972,-255432,-259666,-264685,-270457,-277002,-284294,-292293,-300852,-310269,-320332,-331013,,,,,,,,,,,,,,,,,,,,,,,,,,,,,,,,,,,,,,,,,,,,,,,,,,,,,,,,,,,,,,,,,,,,
RECAL 3 0 9999 9999 64 4 80,-2271,-333804,-321289,-309919,-299595,-290359,-282030,-274622,-268105,-262516,-257715,-253747,-250627,-248307,-246782,-246071,-246151,-247016,-248672,-251102,-254314,-258305,-263088,-268648,-275015,-282051,-290010,-298740,-308358,-318862,-330297,-342669,-356042,-370400,,,,,,,,,,,,,,,,,,,,,,,,,,,,,,,,,,,,,,,,,,,,,,,,,,,,,,,,,,,,,,,,,,,,
RECAL 3 1 9999 -2214 64 4 80,1134,-334818,-323924,-313740,-304212,-295389,-287446,-280008,-273301,-267316,-262050,-257507,-253709,-250652,-248321,-246785,-246003,-246011,-246820,-248448,-250909,-254222,-258328,-263392,-269342,-276199,-283965,-292620,-302175,-312706,-324161,-336442,-349586,-363426,,,,,,,,,,,,,,,,,,,,,,,,,,,,,,,,,,,,,,,,,,,,,,,,,,,,,,,,,,,,,,,,,,,,
RECAL 3 0 9999 9999 64 4 80,-2271,-333047,-321062,-310176,-300298,-291447,-283468,-276365,-270128,-264783,-260172,-256362,-253350,-251102,-249641,-248929,-248980,-249791,-251351,-253665,-256718,-260537,-265102,-270413,-276503,-283257,-290890,-299278,-308542,-318653,-329655,-341628,-354529,-368417,,,,,,,,,,,,,,,,,,,,,,,,,,,,,,,,,,,,,,,,,,,,,,,,,,,,,,,,,,,,,,,,,,,,
RECAL 3 1 9999 -2213 64 4 80,1976,-501258,-488097,-468379,-443533,-417203,-391684,-367797,-346215,-326856,-309684,-294642,-281768,-270987,-262278,-255677,-251184,-248843,-248691,-250745,-255134,-261929,-271163,-282919,-297180,-314122,-333609,-355768,-380202,-406449,-433081,-458251,-479401,-494412,,,,,,,,,,,,,,,,,,,,,,,,,,,,,,,,,,,,,,,,,,,,,,,,,,,,,,,,,,,,,,,,,,,,
RECAL 3 0 9999 9999 64 4 80,-2268,-330515,-319738,-309959,-301102,-293155,-286038,-279693,-274151,-269428,-265388,-262081,-259490,-257619,-256464,-256019,-256281,-257253,-258925,-261285,-264374,-268140,-272614,-277813,-283752,-290315,-297663,-305822,-314763,-324552,-335187,-346704,-359171,-372668,,,,,,,,,,,,,,,,,,,,,,,,,,,,,,,,,,,,,,,,,,,,,,,,,,,,,,,,,,,,,,,,,,,,
RECAL 3 1 9999 -2212 64 4 80,2561,-518757,-519130,-516251,-514047,-508100,-495899,-472061,-438775,-404450,-373064,-345667,-322016,-301936,-285414,-272213,-262371,-255935,-252764,-252973,-256686,-264031,-275112,-290082,-309117,-332612,-360489,-392828,-429001,-464762,-492679,-506368,-512459,-515046,,,,,,,,,,,,,,,,,,,,,,,,,,,,,,,,,,,,,,,,,,,,,,,,,,,,,,,,,,,,,,,,,,,,
RECAL 3 0 9999 9999 64 4 80,2135,-326131,-314850,-304421,-294841,-286085,-278123,-270947,-264575,-258920,-254068,-249965,-246657,-244028,-242147,-241014,-240618,-240982,-242104,-243970,-246586,-249943,-254050,-258932,-264585,-270979,-278144,-286083,-294614,-304014,-314179,-325046,-336647,-348925,,,,,,,,,,,,,,,,,,,,,,,,,,,,,,,,,,,,,,,,,,,,,,,,,,,,,,,,,,,,,,,,,,,,
RECAL 3 1 9999 2195 64 4 80,-2818,-507120,-494460,-474395,-448615,-419752,-389798,-360770,-333761,-309490,-288425,-270704,-256560,-246109,-239280,-236077,-236474,-240434,-247844,-258783,-273228,-290958,-311781,-335359,-361300,-388876,-417304,-445232,-471568,-493383,-506790,-514323,-518539,-517652,,,,,,,,,,,,,,,,,,,,,,,,,,,,,,,,,,,,,,,,,,,,,,,,,,,,,,,,,,,,,,,,,,,,
RECAL 3 0 9999 9999 64 4 80,2065,-319863,-308711,-298392,-288941,-280284,-272433,-265333,-258961,-253318,-248416,-244210,-240707,-237946,-235851,-234456,-233772,-233786,-234511,-235933,-238078,-240935,-244534,-248853,-253882,-259651,-266167,-273362,-281275,-289765,-299016,-308983,-319602,-330813,,,,,,,,,,,,,,,,,,,,,,,,,,,,,,,,,,,,,,,,,,,,,,,,,,,,,,,,,,,,,,,,,,,,
RECAL 3 1 9999 2127 64 4 80,-2212,-452622,-429906,-406847,-383810,-361447,-340255,-320401,-302266,-286054,-271816,-259898,-250016,-242350,-236865,-233604,-232544,-233681,-236996,-242565,-250272,-260175,-272178,-286239,-302163,-319871,-339165,-359476,-381055,-403357,-425924,-447915,-468989,-487424,,,,,,,,,,,,,,,,,,,,,,,,,,,,,,,,,,,,,,,,,,,,,,,,,,,,,,,,,,,,,,,,,,,,
RECAL 3 0 9999 9999 64 4 80,2156,-333717,-321023,-309287,-298493,-288659,-279799,-271630,-264298,-257752,-252051,-247157,-243055,-239732,-237216,-235496,-234554,-234387,-234999,-236383,-238560,-241514,-245199,-249702,-254967,-261030,-267856,-275472,-283813,-292885,-302681,-313254,-324516,-336385,,,,,,,,,,,,,,,,,,,,,,,,,,,,,,,,,,,,,,,,,,,,,,,,,,,,,,,,,,,,,,,,,,,,
RECAL 3 1 9999 2219 64 4 80,-1343,-325942,-314371,-303450,-293279,-283889,-275243,-267413,-260393,-254206,-248900,-244406,-240718,-237833,-235768,-234505,-234042,-234362,-235467,-237352,-240011,-243429,-247609,-252521,-258172,-264574,-271728,-279594,-288137,-297249,-307052,-317408,-328282,-339505,,,,,,,,,,,,,,,,,,,,,,,,,,,,,,,,,,,,,,,,,,,,,,,,,,,,,,,,,,,,,,,,,,,,
RECAL 3 0 9999 9999 64 4 80,2164,-322479,-310310,-299099,-289006,-279579,-270997,-263242,-256319,-250236,-244943,-240427,-236712,-233814,-231691,-230339,-229759,-229952,-230913,-232654,-235141,-238430,-242509,-247351,-252965,-259376,-266562,-274504,-283226,-292721,-302960,-313908,-325478,-337729,,,,,,,,,,,,,,,,,,,,,,,,,,,,,,,,,,,,,,,,,,,,,,,,,,,,,,,,,,,,,,,,,,,,
RECAL 3 1 9999 2225 64 4 80,1153,-315410,-305736,-296503,-287847,-279667,-272037,-264985,-258531,-252679,-247455,-242876,-238950,-235702,-233153,-231295,-230152,-229728,-230022,-231040,-232809,-235333,-238609,-242672,-247505,-253104,-259456,-266611,-274526,-283203,-292632,-302785,-313671,-325100,,,,,,,,,,,,,,,,,,,,,,,,,,,,,,,,,,,,,,,,,,,,,,,,,,,,,,,,,,,,,,,,,,,,
RECAL 3 0 9999 9999 64 4 80,2168,-324639,-312748,-301942,-291882,-282656,-274261,-266698,-259921,-253946,-248762,-244374,-240758,-237902,-235805,-234475,-233892,-234070,-235012,-236688,-239149,-242375,-246374,-251125,-256670,-262999,-270109,-278005,-286732,-296183,-306469,-317498,-329248,-341714,,,,,,,,,,,,,,,,,,,,,,,,,,,,,,,,,,,,,,,,,,,,,,,,,,,,,,,,,,,,,,,,,,,,
RECAL 3 1 9999 2229 64 4 80,2046,-476604,-456570,-435188,-413186,-391249,-369697,-349217,-329806,-311871,-295453,-280771,-267906,-256980,-248105,-241254,-236479,-233845,-233373,-235037,-238930,-245038,-253385,-264041,-276969,-292137,-309361,-328596,-349636,-372031,-395408,-418981,-442127,-463313,,,,,,,,,,,,,,,,,,,,,,,,,,,,,,,,,,,,,,,,,,,,,,,,,,,,,,,,,,,,,,,,,,,,
RECAL 3 0 9999 9999 64 4 80,2180,-320371,-309258,-299005,-289670,-281099,-273316,-266312,-260063,-254618,-249916,-245941,-242691,-240142,-238327,-237220,-236855,-237199,-238276,-240078,-242623,-245910,-249926,-254704,-260253,-266627,-273775,-281721,-290450,-299974,-310330,-321507,-333281,-346101,,,,,,,,,,,,,,,,,,,,,,,,,,,,,,,,,,,,,,,,,,,,,,,,,,,,,,,,,,,,,,,,,,,,
RECAL 3 1 9999 2240 64 4 80,2660,-518294,-515896,-509851,-498619,-479047,-452582,-423956,-394827,-366504,-340268,-316468,-295432,-277393,-262385,-250592,-242049,-236799,-234976,-236673,-241943,-250864,-263566,-280103,-300141,-324201,-351919,-382613,-415026,-446608,-473383,-492442,-505067,-512374,,,,,,,,,,,,,,,,,,,,,,,,,,,,,,,,,,,,,,,,,,,,,,,,,,,,,,,,,,,,,,,,,,,,
RECAL 3 0 9999 9999 64 4 80,-279,-243600,-243762,-243931,-244106,-244293,-244483,-244663,-244857,-245046,-245244,-245443,-245651,-245847,-246056,-246253,-246459,-246669,-246875,-247081,-247284,-247497,-247701,-247919,-248119,-248324,-248534,-248730,-248937,-249129,-249328,-249519,-249717,-249908,,,,,,,,,,,,,,,,,,,,,,,,,,,,,,,,,,,,,,,,,,,,,,,,,,,,,,,,,,,,,,,,,,,,
RECAL 3 0 9999 -237 64 4 80,-301,-242709,-242843,-242993,-243144,-243309,-243468,-243630,-243802,-243974,-244160,-244354,-244534,-244724,-244918,-245106,-245306,-245500,-245711,-245920,-246116,-246322,-246529,-246749,-246947,-247156,-247360,-247564,-247779,-247977,-248194,-248403,-248609,-248795,,,,,,,,,,,,,,,,,,,,,,,,,,,,,,,,,,,,,,,,,,,,,,,,,,,,,,,,,,,,,,,,,,,,
RECAL 3 0 9999 -259 64 4 80,-323,-242029,-242123,-242246,-242347,-242483,-242599,-242744,-242890,-243037,-243200,-243348,-243516,-243690,-243873,-244051,-244225,-244422,-244599,-244794,-244992,-245187,-245391,-245586,-245788,-245992,-246197,-246403,-246615,-246828,-247031,-247244,-247446,-247667,,,,,,,,,,,,,,,,,,,,,,,,,,,,,,,,,,,,,,,,,,,,,,,,,,,,,,,,,,,,,,,,,,,,
RECAL 3 0 9999 -281 64 4 80,-345,-241614,-241670,-241723,-241794,-241868,-241966,-242063,-242166,-242284,-242403,-242532,-242667,-242805,-242950,-243107,-243257,-243428,-243594,-243769,-243951,-244127,-244307,-244488,-244681,-244878,-245073,-245272,-245470,-245668,-245873,-246089,-246295,-246500,,,,,,,,,,,,,,,,,,,,,,,,,,,,,,,,,,,,,,,,,,,,,,,,,,,,,,,,,,,,,,,,,,,,
RECAL 3 0 9999 -303 64 4 80,-367,-241526,-241521,-241515,-241517,-241543,-241583,-241618,-241679,-241744,-241814,-241902,-241996,-242093,-242200,-242320,-242444,-242575,-242711,-242856,-243014,-243166,-243332,-243494,-243670,-243842,-244016,-244193,-244377,-244566,-244763,-244958,-245155,-245366,,,,,,,,,,,,,,,,,,,,,,,,,,,,,,,,,,,,,,,,,,,,,,,,,,,,,,,,,,,,,,,,,,,,
RECAL 3 1 9999 -358 64 4 80,2688,-519203,-518392,-514482,-509783,-497646,-477679,-450276,-420114,-389444,-360441,-333997,-310505,-290168,-272988,-259088,-248562,-241495,-237745,-237467,-240718,-247512,-257976,-272155,-290164,-311898,-337410,-366540,-398882,-432646,-464056,-488220,-501872,-511074,,,,,,,,,,,,,,,,,,,,,,,,,,,,,,,,,,,,,,,,,,,,,,,,,,,,,,,,,,,,,,,,,,,,
RECAL 3 0 9999 9999 64 4 80,-407,-236699,-236844,-236994,-237168,-237346,-237537,-237742,-237965,-238198,-238451,-238711,-238981,-239262,-239549,-239853,-240165,-240490,-240819,-241153,-241503,-241855,-242220,-242576,-242948,-243328,-243711,-244100,-244499,-244893,-245291,-245705,-246101,-246511,,,,,,,,,,,,,,,,,,,,,,,,,,,,,,,,,,,,,,,,,,,,,,,,,,,,,,,,,,,,,,,,,,,,
RECAL 3 0 9999 -365 64 4 80,-429,-236336,-236372,-236425,-236501,-236588,-236701,-236823,-236961,-237124,-237293,-237478,-237681,-237895,-238116,-238364,-238618,-238880,-239151,-239434,-239730,-240033,-240361,-240679,-241012,-241356,-241713,-242069,-242433,-242796,-243162,-243553,-243933,-244322,,,,,,,,,,,,,,,,,,,,,,,,,,,,,,,,,,,,,,,,,,,,,,,,,,,,,,,,,,,,,,,,,,,,
RECAL 3 0 9999 -387 64 4 80,-451,-236533,-236458,-236399,-236352,-236331,-236338,-236368,-236413,-236470,-236557,-236652,-236766,-236901,-237052,-237215,-237397,-237592,-237801,-238018,-238252,-238495,-238751,-239027,-239301,-239591,-239891,-240205,-240527,-240849,-241195,-241538,-241896,-242252,,,,,,,,,,,,,,,,,,,,,,,,,,,,,,,,,,,,,,,,,,,,,,,,,,,,,,,,,,,,,,,,,,,,
RECAL 3 1 9999 -434 64 4 80,2084,-493374,-476522,-455671,-432886,-409371,-386008,-363563,-342782,-323272,-305443,-289526,-275497,-263443,-253465,-245609,-239897,-236342,-234996,-235843,-238937,-244300,-251963,-261973,-274218,-288992,-306035,-325393,-346868,-370089,-394863,-420186,-444758,-467292,,,,,,,,,,,,,,,,,,,,,,,,,,,,,,,,,,,,,,,,,,,,,,,,,,,,,,,,,,,,,,,,,,,,
RECAL 3 0 9999 9999 64 4 80,-419,-234006,-234137,-234292,-234467,-234649,-234855,-235080,-235321,-235566,-235833,-236117,-236403,-236715,-237028,-237358,-237700,-238052,-238411,-238784,-239176,-239564,-239968,-240385,-240798,-241222,-241648,-242077,-242523,-242970,-243423,-243874,-244334,-244801,,,,,,,,,,,,,,,,,,,,,,,,,,,,,,,,,,,,,,,,,,,,,,,,,,,,,,,,,,,,,,,,,,,,
RECAL 3 0 9999 -377 64 4 80,-441,-233636,-233654,-233698,-233759,-233847,-233952,-234078,-234220,-234386,-234564,-234760,-234978,-235202,-235447,-235701,-235969,-236257,-236556,-236873,-237196,-237533,-237880,-238232,-238603,-238988,-239379,-239776,-240184,-240600,-241014,-241438,-241872,-242310,,,,,,,,,,,,,,,,,,,,,,,,,,,,,,,,,,,,,,,,,,,,,,,,,,,,,,,,,,,,,,,,,,,,
RECAL 3 0 9999 -399 64 4 80,-463,-233967,-233850,-233762,-233696,-233658,-233639,-233644,-233675,-233732,-233804,-233894,-234011,-234150,-234302,-234477,-234660,-234869,-235090,-235325,-235571,-235837,-236117,-236405,-236714,-237036,-237366,-237709,-238062,-238422,-238799,-239179,-239574,-239977,,,,,,,,,,,,,,,,,,,,,,,,,,,,,,,,,,,,,,,,,,,,,,,,,,,,,,,,,,,,,,,,,,,,
RECAL 3 1 9999 -442 64 4 80,1222,-334794,-323588,-312927,-302847,-293340,-284480,-276237,-268700,-261873,-255733,-250340,-245664,-241733,-238540,-236120,-234493,-233643,-233591,-234357,-235945,-238378,-241657,-245787,-250798,-256719,-263543,-271249,-279866,-289352,-299698,-310971,-322868,-335701,,,,,,,,,,,,,,,,,,,,,,,,,,,,,,,,,,,,,,,,,,,,,,,,,,,,,,,,,,,,,,,,,,,,
RECAL 3 0 9999 9999 64 4 80,-452,-234465,-234592,-234740,-234904,-235101,-235314,-235544,-235798,-236075,-236364,-236670,-236994,-237335,-237693,-238061,-238442,-238842,-239259,-239681,-240112,-240562,-241017,-241484,-241969,-242456,-242947,-243456,-243971,-244495,-245026,-245564,-246103,-246656,,,,,,,,,,,,,,,,,,,,,,,,,,,,,,,,,,,,,,,,,,,,,,,,,,,,,,,,,,,,,,,,,,,,
RECAL 3 0 9999 -410 64 4 80,-474,-234216,-234199,-234208,-234251,-234314,-234404,-234520,-234656,-234815,-234999,-235197,-235418,-235665,-235925,-236215,-236509,-236825,-237162,-237504,-237866,-238246,-238643,-239050,-239461,-239892,-240334,-240790,-241250,-241724,-242206,-242702,-243197,-243712,,,,,,,,,,,,,,,,,,,,,,,,,,,,,,,,,,,,,,,,,,,,,,,,,,,,,,,,,,,,,,,,,,,,
RECAL 3 1 9999 -470 64 4 80,-1277,-324364,-313402,-303107,-293500,-284610,-276393,-268902,-262135,-256072,-250748,-246178,-242342,-239245,-236885,-235259,-234362,-234194,-234724,-235976,-237939,-240608,-243976,-248036,-252777,-258156,-264201,-270877,-278209,-286146,-294641,-303748,-313426,-323493,,,,,,,,,,,,,,,,,,,,,,,,,,,,,,,,,,,,,,,,,,,,,,,,,,,,,,,,,,,,,,,,,,,,
RECAL 3 0 9999 9999 64 4 80,-849,-244156,-243361,-242669,-242078,-241592,-241209,-240914,-240718,-240619,-240610,-240685,-240858,-241118,-241456,-241880,-242384,-242959,-243614,-244346,-245158,-246040,-246973,-247990,-249075,-250231,-251458,-252731,-254076,-255486,-256958,-258505,-260097,-261754,,,,,,,,,,,,,,,,,,,,,,,,,,,,,,,,,,,,,,,,,,,,,,,,,,,,,,,,,,,,,,,,,,,,
RECAL 3 1 9999 -815 64 4 80,-2172,-464437,-443487,-420844,-397954,-375410,-354052,-333995,-315628,-298940,-284286,-271624,-261091,-252701,-246456,-242361,-240399,-240571,-242873,-247308,-253882,-262596,-273449,-286365,-301281,-318021,-336538,-356664,-378026,-400341,-423059,-445045,-465949,-484331,,,,,,,,,,,,,,,,,,,,,,,,,,,,,,,,,,,,,,,,,,,,,,,,,,,,,,,,,,,,,,,,,,,,
RECAL 3 0 9999 9999 64 4 80,-620,-245161,-245015,-244925,-244880,-244881,-244908,-244987,-245105,-245265,-245451,-245683,-245943,-246234,-246566,-246927,-247328,-247747,-248210,-248688,-249203,-249742,-250291,-250880,-251495,-252122,-252793,-253466,-254172,-254877,-255632,-256390,-257171,-257963,,,,,,,,,,,,,,,,,,,,,,,,,,,,,,,,,,,,,,,,,,,,,,,,,,,,,,,,,,,,,,,,,,,,
RECAL 3 1 9999 -606 64 4 80,-2787,-512742,-503948,-489184,-466949,-439814,-410231,-380659,-352774,-327284,-305171,-286032,-270297,-258054,-249393,-244292,-242731,-244718,-250229,-259202,-271616,-287476,-306579,-328842,-354037,-381441,-410278,-439299,-466640,-488747,-504195,-512432,-516939,-518021,,,,,,,,,,,,,,,,,,,,,,,,,,,,,,,,,,,,,,,,,,,,,,,,,,,,,,,,,,,,,,,,,,,,
RECAL 3 0 9999 9999 64 4 80,-2378,-311036,-300326,-290663,-281981,-274051,-266963,-260707,-255284,-250687,-246872,-243856,-241632,-240187,-239505,-239580,-240426,-242028,-244379,-247481,-251287,-255868,-261218,-267315,-274161,-281754,-290130,-299217,-309137,-319917,-331485,-343882,-357006,-370891,,,,,,,,,,,,,,,,,,,,,,,,,,,,,,,,,,,,,,,,,,,,,,,,,,,,,,,,,,,,,,,,,,,,
RECAL 3 1 9999 -2324 64 4 80,-2812,-513256,-507169,-495525,-475431,-446298,-414123,-382273,-352839,-326363,-303273,-283683,-267570,-254939,-245824,-240213,-238077,-239388,-244187,-252469,-264252,-279506,-298156,-320223,-345490,-373399,-403698,-435000,-464251,-488163,-503619,-511992,-515772,-518882,,,,,,,,,,,,,,,,,,,,,,,,,,,,,,,,,,,,,,,,,,,,,,,,,,,,,,,,,,,,,,,,,,,,
RECAL 3 0 9999 9999 64 4 80,-2433,-313497,-302428,-292278,-283118,-274893,-267563,-261142,-255582,-250908,-247066,-244062,-241912,-240605,-240139,-240506,-241708,-243742,-246540,-250207,-254694,-260023,-266166,-273102,-280902,-289481,-298763,-308896,-319836,-331543,-344064,-357334,-371352,-386054,,,,,,,,,,,,,,,,,,,,,,,,,,,,,,,,,,,,,,,,,,,,,,,,,,,,,,,,,,,,,,,,,,,,
RECAL 3 1 9999 -2381 64 4 80,-2198,-430422,-405266,-380605,-357343,-335813,-316177,-298756,-283302,-269931,-258670,-249566,-242621,-237809,-235155,-234649,-236310,-240165,-246196,-254375,-264751,-277249,-291857,-308289,-326929,-347455,-369522,-393066,-417195,-441076,-463197,-482594,-497141,-506270,,,,,,,,,,,,,,,,,,,,,,,,,,,,,,,,,,,,,,,,,,,,,,,,,,,,,,,,,,,,,,,,,,,,
RECAL 3 0 9999 9999 64 4 80,-2354,-305117,-294270,-284439,-275504,-267477,-260354,-254115,-248725,-244145,-240368,-237392,-235211,-233817,-233208,-233368,-234297,-235974,-238426,-241636,-245600,-250311,-255776,-262040,-269076,-276865,-285373,-294609,-304612,-315366,-326673,-338898,-351850,-365429,,,,,,,,,,,,,,,,,,,,,,,,,,,,,,,,,,,,,,,,,,,,,,,,,,,,,,,,,,,,,,,,,,,,
RECAL 3 1 9999 -2301 64 4 80,-1335,-333492,-321228,-309725,-299009,-289134,-280003,-271706,-264279,-257623,-251802,-246769,-242544,-239091,-236431,-234583,-233491,-233172,-233626,-234845,-236819,-239563,-243048,-247282,-252295,-258062,-264584,-271813,-279777,-288439,-297741,-307626,-318286,-329553,,,,,,,,,,,,,,,,,,,,,,,,,,,,,,,,,,,,,,,,,,,,,,,,,,,,,,,,,,,,,,,,,,,,
RECAL 3 0 9999 9999 64 4 80,-2349,-301677,-290970,-281187,-272351,-264455,-257405,-251205,-245832,-241257,-237458,-234466,-232255,-230829,-230147,-230222,-231053,-232638,-234975,-238051,-241886,-246484,-251839,-257959,-264828,-272435,-280815,-289924,-299723,-310188,-321568,-333661,-346542,-360074,,,,,,,,,,,,,,,,,,,,,,,,,,,,,,,,,,,,,,,,,,,,,,,,,,,,,,,,,,,,,,,,,,,,
RECAL 3 1 9999 -2296 64 4 80,1164,-312561,-302820,-293631,-285034,-276978,-269523,-262625,-256350,-250743,-245790,-241477,-237836,-234872,-232635,-231071,-230226,-230094,-230687,-232009,-234096,-236935,-240562,-244929,-250073,-256004,-262754,-270305,-278668,-287860,-297692,-308505,-320099,-332472,,,,,,,,,,,,,,,,,,,,,,,,,,,,,,,,,,,,,,,,,,,,,,,,,,,,,,,,,,,,,,,,,,,,
RECAL 3 0 9999 9999 64 4 80,-2346,-304700,-294449,-285145,-276727,-269173,-262436,-256502,-251354,-246982,-243374,-240497,-238403,-237014,-236371,-236461,-237281,-238839,-241101,-244093,-247819,-252280,-257490,-263434,-270107,-277538,-285708,-294576,-304076,-314499,-325685,-337665,-350427,-363836,,,,,,,,,,,,,,,,,,,,,,,,,,,,,,,,,,,,,,,,,,,,,,,,,,,,,,,,,,,,,,,,,,,,
RECAL 3 1 9999 -2293 64 4 80,2047,-491696,-474044,-451478,-427108,-402713,-379063,-356829,-336292,-317506,-300502,-285416,-272216,-260996,-251783,-244582,-239408,-236294,-235297,-236382,-239635,-245050,-252651,-262502,-274642,-289039,-305543,-324283,-345155,-367994,-392598,-418259,-443875,-467256,,,,,,,,,,,,,,,,,,,,,,,,,,,,,,,,,,,,,,,,,,,,,,,,,,,,,,,,,,,,,,,,,,,,
RECAL 3 0 9999 9999 64 4 80,-2336,-303553,-294120,-285589,-277831,-270815,-264597,-259093,-254327,-250285,-246988,-244342,-242382,-241108,-240517,-240614,-241399,-242854,-244999,-247863,-251391,-255624,-260565,-266228,-272581,-279641,-287369,-295876,-305195,-315293,-326156,-337879,-350454,-363771,,,,,,,,,,,,,,,,,,,,,,,,,,,,,,,,,,,,,,,,,,,,,,,,,,,,,,,,,,,,,,,,,,,,
RECAL 3 1 9999 -2283 64 4 80,2659,-518797,-516730,-514118,-507422,-495255,-473074,-442116,-409693,-378602,-350118,-324769,-302731,-283948,-268286,-255804,-246518,-240408,-237546,-238061,-241942,-249287,-260106,-274562,-292580,-313842,-339165,-368057,-400580,-435239,-468563,-492861,-505202,-511147,,,,,,,,,,,,,,,,,,,,,,,,,,,,,,,,,,,,,,,,,,,,,,,,,,,,,,,,,,,,,,,,,,,,
RECAL 3 0 9999 9999 64 4 80,2274,-325041,-312064,-300194,-289407,-279602,-270753,-262830,-255844,-249866,-244660,-240340,-236879,-234317,-232647,-231831,-231920,-232886,-234732,-237444,-241071,-245591,-251003,-257329,-264595,-272606,-281677,-291633,-302468,-314193,-326782,-340213,-354409,-369274,,,,,,,,,,,,,,,,,,,,,,,,,,,,,,,,,,,,,,,,,,,,,,,,,,,,,,,,,,,,,,,,,,,,
RECAL 3 1 9999 2331 64 4 80,-2763,-513363,-504910,-489449,-466831,-439111,-408947,-378344,-349104,-322120,-298202,-277716,-260834,-247717,-238230,-232397,-230194,-231617,-236621,-245242,-257237,-272818,-291741,-313688,-338379,-365210,-393418,-422265,-450516,-477011,-497639,-510288,-515411,-518061,,,,,,,,,,,,,,,,,,,,,,,,,,,,,,,,,,,,,,,,,,,,,,,,,,,,,,,,,,,,,,,,,,,,
RECAL 3 0 9999 9999 64 4 80,2290,-332626,-318265,-305108,-293151,-282427,-272533,-263655,-255765,-248849,-242900,-237877,-233812,-230694,-228496,-227227,-226866,-227436,-228918,-231337,-234683,-238912,-244128,-250277,-257366,-265425,-274377,-284243,-294972,-306663,-319212,-332501,-346520,-361057,,,,,,,,,,,,,,,,,,,,,,,,,,,,,,,,,,,,,,,,,,,,,,,,,,,,,,,,,,,,,,,,,,,,
RECAL 3 1 9999 2349 64 4 80,-2157,-465437,-442718,-419168,-395428,-371996,-349532,-328182,-308512,-290757,-274974,-261343,-249964,-240894,-233970,-229337,-226968,-226875,-229040,-233449,-240082,-248873,-259761,-272738,-287707,-304454,-322881,-342748,-363647,-385307,-407536,-429644,-451687,-472214,,,,,,,,,,,,,,,,,,,,,,,,,,,,,,,,,,,,,,,,,,,,,,,,,,,,,,,,,,,,,,,,,,,,
RECAL 3 0 9999 9999 64 4 80,2198,-317003,-304547,-293173,-282843,-273470,-265024,-257470,-250808,-245021,-240081,-235987,-232801,-230403,-228864,-228173,-228331,-229342,-231217,-233955,-237584,-242117,-247538,-253818,-261009,-269090,-278023,-287818,-298189,-309562,-321674,-334516,-347922,-361829,,,,,,,,,,,,,,,,,,,,,,,,,,,,,,,,,,,,,,,,,,,,,,,,,,,,,,,,,,,,,,,,,,,,
RECAL 3 1 9999 2255 64 4 80,-1278,-320326,-309017,-298367,-288471,-279232,-270742,-263005,-256043,-249860,-244408,-239742,-235854,-232765,-230461,-228926,-228153,-228136,-228865,-230342,-232548,-235505,-239195,-243609,-248716,-254488,-260925,-268026,-275763,-284111,-293032,-302508,-312527,-322901,,,,,,,,,,,,,,,,,,,,,,,,,,,,,,,,,,,,,,,,,,,,,,,,,,,,,,,,,,,,,,,,,,,,
RECAL 3 0 9999 9999 64 4 80,2273,-330083,-316205,-303486,-291923,-281390,-271866,-263348,-255804,-249331,-243676,-238945,-235142,-232272,-230339,-229322,-229237,-230078,-231822,-234497,-238098,-242645,-248110,-254489,-261825,-269990,-279136,-289176,-300049,-311803,-324307,-337558,-351498,-365918,,,,,,,,,,,,,,,,,,,,,,,,,,,,,,,,,,,,,,,,,,,,,,,,,,,,,,,,,,,,,,,,,,,,
RECAL 3 1 9999 2331 64 4 80,1184,-328382,-317461,-307049,-297158,-287875,-279167,-271054,-263603,-256915,-250855,-245516,-240888,-237008,-233887,-231536,-229957,-229164,-229163,-229954,-231555,-233963,-237203,-241289,-246192,-251893,-258486,-265973,-274294,-283425,-293369,-304094,-315597,-327755,,,,,,,,,,,,,,,,,,,,,,,,,,,,,,,,,,,,,,,,,,,,,,,,,,,,,,,,,,,,,,,,,,,,
RECAL 3 0 9999 9999 64 4 80,2261,-325708,-312763,-300874,-290075,-280163,-271189,-263167,-256068,-249897,-244618,-240232,-236774,-234155,-232422,-231577,-231630,-232580,-234430,-237193,-240870,-245430,-250887,-257277,-264601,-272825,-281978,-292025,-302795,-314582,-327178,-340627,-354794,-369475,,,,,,,,,,,,,,,,,,,,,,,,,,,,,,,,,,,,,,,,,,,,,,,,,,,,,,,,,,,,,,,,,,,,
RECAL 3 1 9999 2319 64 4 80,2052,-475627,-454530,-432870,-410368,-387884,-366042,-345154,-325519,-307262,-290707,-276003,-263252,-252576,-244001,-237595,-233440,-231474,-231788,-234411,-239379,-246721,-256450,-268610,-283141,-299876,-318819,-339737,-362250,-386033,-410335,-434126,-456723,-477161,,,,,,,,,,,,,,,,,,,,,,,,,,,,,,,,,,,,,,,,,,,,,,,,,,,,,,,,,,,,,,,,,,,,
RECAL 3 0 9999 9999 64 4 80,2248,-323437,-311615,-300745,-290887,-281887,-273761,-266483,-259994,-254354,-249554,-245585,-242432,-240096,-238588,-237914,-238054,-239032,-240851,-243527,-247045,-251427,-256688,-262835,-269803,-277667,-286405,-295977,-306499,-317918,-330237,-343279,-357306,-372120,,,,,,,,,,,,,,,,,,,,,,,,,,,,,,,,,,,,,,,,,,,,,,,,,,,,,,,,,,,,,,,,,,,,
RECAL 3 1 9999 2305 64 4 80,2654,-517971,-515355,-509452,-498339,-478768,-452396,-423523,-394012,-365451,-339286,-315374,-294338,-276434,-261724,-250341,-242361,-237820,-236819,-239474,-245870,-256081,-270262,-288445,-310679,-336778,-365985,-398028,-430477,-459929,-483387,-499039,-509560,-514736,,,,,,,,,,,,,,,,,,,,,,,,,,,,,,,,,,,,,,,,,,,,,,,,,,,,,,,,,,,,,,,,,,,,
RECAL 3 0 9999 9999 64 4 80,607,-236164,-236211,-236305,-236440,-236628,-236849,-237126,-237453,-237828,-238244,-238706,-239229,-239803,-240436,-241118,-241858,-242658,-243503,-244413,-245374,-246396,-247497,-248640,-249862,-251141,-252477,-253895,-255383,-256950,-258585,-260290,-262084,-263940,,,,,,,,,,,,,,,,,,,,,,,,,,,,,,,,,,,,,,,,,,,,,,,,,,,,,,,,,,,,,,,,,,,,
RECAL 3 0 9999 649 64 4 80,585,-236554,-236386,-236264,-236172,-236130,-236115,-236141,-236217,-236332,-236491,-236698,-236948,-237247,-237596,-237983,-238431,-238924,-239471,-240074,-240728,-241445,-242209,-243038,-243913,-244852,-245848,-246900,-248025,-249210,-250449,-251758,-253139,-254583,,,,,,,,,,,,,,,,,,,,,,,,,,,,,,,,,,,,,,,,,,,,,,,,,,,,,,,,,,,,,,,,,,,,
RECAL 3 1 9999 604 64 4 80,2676,-518465,-517863,-513874,-507133,-493417,-470557,-441355,-410097,-379429,-350905,-324999,-302086,-282219,-265584,-252295,-242453,-236088,-233293,-234139,-238654,-246972,-259191,-275395,-295545,-319760,-347819,-379187,-412773,-445172,-472862,-492157,-504734,-512038,,,,,,,,,,,,,,,,,,,,,,,,,,,,,,,,,,,,,,,,,,,,,,,,,,,,,,,,,,,,,,,,,,,,
RECAL 3 0 9999 9999 64 4 80,645,-228307,-228215,-228176,-228200,-228265,-228402,-228593,-228849,-229168,-229541,-229991,-230487,-231063,-231704,-232417,-233186,-234046,-234976,-235982,-237066,-238228,-239475,-240797,-242198,-243699,-245288,-246962,-248726,-250580,-252538,-254570,-256677,-258909,,,,,,,,,,,,,,,,,,,,,,,,,,,,,,,,,,,,,,,,,,,,,,,,,,,,,,,,,,,,,,,,,,,,
RECAL 3 1 9999 653 64 4 80,2081,-490630,-473474,-451611,-428257,-404078,-380042,-357014,-335310,-315515,-297234,-280953,-266682,-254556,-244608,-236866,-231388,-228207,-227327,-228773,-232573,-238783,-247417,-258492,-272053,-287874,-306184,-326790,-349461,-373585,-398816,-423961,-447932,-469580,,,,,,,,,,,,,,,,,,,,,,,,,,,,,,,,,,,,,,,,,,,,,,,,,,,,,,,,,,,,,,,,,,,,
RECAL 3 0 9999 9999 64 4 80,684,-227416,-227168,-226995,-226885,-226846,-226882,-226986,-227167,-227421,-227752,-228168,-228652,-229225,-229874,-230614,-231447,-232365,-233378,-234482,-235678,-236964,-238338,-239825,-241404,-243102,-244889,-246784,-248779,-250885,-253099,-255405,-257823,-260355,,,,,,,,,,,,,,,,,,,,,,,,,,,,,,,,,,,,,,,,,,,,,,,,,,,,,,,,,,,,,,,,,,,,
RECAL 3 1 9999 700 64 4 80,1240,-330665,-318808,-307564,-296978,-287098,-277845,-269301,-261482,-254430,-248163,-242725,-238010,-234104,-231030,-228792,-227395,-226854,-227173,-228373,-230477,-233485,-237419,-242295,-248100,-254857,-262598,-271190,-280811,-291384,-302838,-315181,-328331,-342294,,,,,,,,,,,,,,,,,,,,,,,,,,,,,,,,,,,,,,,,,,,,,,,,,,,,,,,,,,,,,,,,,,,,
RECAL 3 0 9999 9999 64 4 80,380,-226546,-226728,-226940,-227173,-227429,-227708,-228013,-228340,-228688,-229071,-229472,-229901,-230356,-230846,-231362,-231905,-232480,-233079,-233721,-234392,-235098,-235836,-236607,-237420,-238275,-239165,-240092,-241070,-242090,-243148,-244249,-245393,-246578,,,,,,,,,,,,,,,,,,,,,,,,,,,,,,,,,,,,,,,,,,,,,,,,,,,,,,,,,,,,,,,,,,,,
RECAL 3 0 9999 422 64 4 80,358,-225841,-225919,-226024,-226142,-226277,-226441,-226621,-226816,-227041,-227286,-227555,-227847,-228165,-228508,-228872,-229265,-229683,-230128,-230597,-231095,-231622,-232180,-232772,-233387,-234044,-234729,-235454,-236213,-237003,-237834,-238704,-239619,-240576,,,,,,,,,,,,,,,,,,,,,,,,,,,,,,,,,,,,,,,,,,,,,,,,,,,,,,,,,,,,,,,,,,,,
RECAL 3 0 9999 400 64 4 80,336,-225674,-225669,-225675,-225704,-225746,-225798,-225879,-225970,-226083,-226209,-226364,-226528,-226718,-226932,-227163,-227422,-227699,-227997,-228332,-228681,-229059,-229462,-229890,-230352,-230833,-231348,-231891,-232469,-233066,-233705,-234378,-235090,-235820,,,,,,,,,,,,,,,,,,,,,,,,,,,,,,,,,,,,,,,,,,,,,,,,,,,,,,,,,,,,,,,,,,,,
RECAL 3 1 9999 339 64 4 80,-1223,-315027,-304242,-294224,-284770,-275960,-267835,-260398,-253685,-247704,-242434,-237887,-234097,-231010,-228633,-226947,-225965,-225664,-226057,-227118,-228858,-231275,-234357,-238107,-242504,-247544,-253202,-259493,-266458,-274022,-282166,-290852,-300035,-309748,,,,,,,,,,,,,,,,,,,,,,,,,,,,,,,,,,,,,,,,,,,,,,,,,,,,,,,,,,,,,,,,,,,,
RECAL 3 0 9999 9999 64 4 80,740,-228410,-228039,-227757,-227546,-227422,-227385,-227426,-227551,-227760,-228062,-228464,-228946,-229525,-230193,-230963,-231838,-232791,-233861,-235028,-236292,-237664,-239147,-240742,-242421,-244235,-246160,-248205,-250362,-252630,-255032,-257556,-260211,-263008,,,,,,,,,,,,,,,,,,,,,,,,,,,,,,,,,,,,,,,,,,,,,,,,,,,,,,,,,,,,,,,,,,,,
RECAL 3 1 9999 760 64 4 80,-2123,-462521,-440620,-417429,-394047,-370656,-348383,-327296,-307882,-290385,-274847,-261442,-250270,-241341,-234558,-229986,-227568,-227329,-229255,-233329,-239523,-247890,-258371,-270964,-285591,-302077,-320397,-340316,-361432,-383629,-406242,-428594,-449945,-469914,,,,,,,,,,,,,,,,,,,,,,,,,,,,,,,,,,,,,,,,,,,,,,,,,,,,,,,,,,,,,,,,,,,,
RECAL 3 0 9999 9999 64 4 80,702,-233325,-233049,-232827,-232683,-232600,-232578,-232621,-232733,-232922,-233171,-233506,-233898,-234373,-234927,-235553,-236256,-237044,-237896,-238866,-239898,-241025,-242244,-243546,-244934,-246424,-247996,-249649,-251400,-253251,-255209,-257261,-259422,-261688,,,,,,,,,,,,,,,,,,,,,,,,,,,,,,,,,,,,,,,,,,,,,,,,,,,,,,,,,,,,,,,,,,,,
RECAL 3 1 9999 721 64 4 80,-2734,-508729,-497302,-477612,-451444,-421486,-390367,-360179,-332234,-307162,-285409,-267098,-252326,-241270,-233661,-229681,-229278,-232441,-239188,-249468,-263264,-280591,-301349,-325340,-352096,-380797,-410641,-439862,-466628,-489293,-504195,-512872,-517555,-518670,,,,,,,,,,,,,,,,,,,,,,,,,,,,,,,,,,,,,,,,,,,,,,,,,,,,,,,,,,,,,,,,,,,,
RECAL 3 0 9999 9999 64 4 80,-2187,-289991,-281322,-273463,-266436,-260059,-254413,-249497,-245281,-241753,-238924,-236769,-235305,-234524,-234427,-235011,-236289,-238259,-240905,-244219,-248172,-252842,-258186,-264229,-270959,-278373,-286463,-295186,-304608,-314652,-325365,-336776,-348902,-361595,,,,,,,,,,,,,,,,,,,,,,,,,,,,,,,,,,,,,,,,,,,,,,,,,,,,,,,,,,,,,,,,,,,,
RECAL 3 1 9999 -2136 64 4 80,-2764,-516235,-510395,-502404,-484650,-458109,-425914,-392443,-360988,-332687,-307735,-286410,-268672,-254660,-244229,-237357,-234057,-234328,-238162,-245563,-256510,-270895,-288901,-310252,-334853,-362361,-392233,-423298,-453247,-479620,-499576,-509566,-514893,-518941,,,,,,,,,,,,,,,,,,,,,,,,,,,,,,,,,,,,,,,,,,,,,,,,,,,,,,,,,,,,,,,,,,,,
RECAL 3 0 9999 9999 64 4 80,-2167,-290270,-281425,-273373,-266116,-259600,-253834,-248796,-244451,-240817,-237895,-235681,-234181,-233374,-233270,-233838,-235106,-237065,-239720,-243063,-247086,-251774,-257148,-263196,-269876,-277197,-285205,-293814,-303084,-313019,-323584,-334701,-346508,-358899,,,,,,,,,,,,,,,,,,,,,,,,,,,,,,,,,,,,,,,,,,,,,,,,,,,,,,,,,,,,,,,,,,,,
RECAL 3 1 9999 -2116 64 4 80,-2157,-460286,-436424,-411243,-386257,-362320,-339869,-319258,-300685,-284298,-270070,-258043,-248303,-240854,-235561,-232535,-231758,-233240,-237003,-243047,-251316,-261764,-274422,-289228,-306071,-324976,-345683,-367888,-391359,-415310,-438777,-460940,-479887,-495312,,,,,,,,,,,,,,,,,,,,,,,,,,,,,,,,,,,,,,,,,,,,,,,,,,,,,,,,,,,,,,,,,,,,
RECAL 3 0 9999 9999 64 4 80,-2264,-294045,-284240,-275312,-267263,-260066,-253704,-248159,-243461,-239492,-236292,-233882,-232243,-231372,-231269,-231932,-233338,-235490,-238393,-242039,-246421,-251522,-257361,-263971,-271195,-279225,-287959,-297351,-307500,-318398,-329928,-342159,-355150,-368679,,,,,,,,,,,,,,,,,,,,,,,,,,,,,,,,,,,,,,,,,,,,,,,,,,,,,,,,,,,,,,,,,,,,
RECAL 3 1 9999 -2213 64 4 80,-1285,-323530,-311915,-301181,-291149,-281847,-273327,-265598,-258646,-252488,-247139,-242538,-238696,-235641,-233381,-231894,-231184,-231235,-232058,-233603,-235911,-238985,-242791,-247338,-252617,-258625,-265373,-272739,-280801,-289531,-298853,-308867,-319473,-330658,,,,,,,,,,,,,,,,,,,,,,,,,,,,,,,,,,,,,,,,,,,,,,,,,,,,,,,,,,,,,,,,,,,,
RECAL 3 0 9999 9999 64 4 80,-2182,-286762,-278193,-270503,-263524,-257293,-251821,-247087,-243076,-239766,-237161,-235271,-234075,-233581,-233798,-234712,-236330,-238642,-241650,-245301,-249676,-254738,-260501,-266961,-274099,-281913,-290395,-299459,-309202,-319606,-330656,-342313,-354628,-367458,,,,,,,,,,,,,,,,,,,,,,,,,,,,,,,,,,,,,,,,,,,,,,,,,,,,,,,,,,,,,,,,,,,,
RECAL 3 1 9999 -2133 64 4 80,1177,-328252,-317396,-307130,-297403,-288380,-279928,-272167,-265070,-258634,-252930,-248003,-243719,-240181,-237380,-235339,-234066,-233570,-233851,-234930,-236806,-239483,-243002,-247326,-252491,-258531,-265424,-273062,-281677,-291166,-301455,-312649,-324632,-337401,,,,,,,,,,,,,,,,,,,,,,,,,,,,,,,,,,,,,,,,,,,,,,,,,,,,,,,,,,,,,,,,,,,,
RECAL 3 0 9999 9999 64 4 80,-2197,-284488,-275939,-268183,-261194,-254954,-249472,-244768,-240712,-237357,-234707,-232751,-231494,-230916,-231029,-231825,-233318,-235505,-238382,-241955,-246216,-251145,-256760,-262993,-269990,-277665,-286043,-295062,-304808,-315257,-326340,-338092,-350500,-363458,,,,,,,,,,,,,,,,,,,,,,,,,,,,,,,,,,,,,,,,,,,,,,,,,,,,,,,,,,,,,,,,,,,,
RECAL 3 1 9999 -2148 64 4 80,2045,-485906,-466935,-444184,-419739,-395028,-371208,-348916,-328208,-309364,-292415,-277372,-264316,-253356,-244516,-237797,-233224,-230867,-230728,-232830,-237233,-243985,-253073,-264574,-278490,-294768,-313425,-334203,-357093,-381650,-407351,-432964,-456781,-477743,,,,,,,,,,,,,,,,,,,,,,,,,,,,,,,,,,,,,,,,,,,,,,,,,,,,,,,,,,,,,,,,,,,,
RECAL 3 0 9999 9999 64 4 80,-2219,-290158,-281713,-274048,-267172,-261064,-255680,-251003,-247023,-243715,-241090,-239146,-237879,-237259,-237321,-238038,-239431,-241489,-244211,-247588,-251638,-256388,-261828,-267974,-274802,-282311,-290528,-299374,-308881,-319248,-330349,-342223,-354918,-368242,,,,,,,,,,,,,,,,,,,,,,,,,,,,,,,,,,,,,,,,,,,,,,,,,,,,,,,,,,,,,,,,,,,,
RECAL 3 1 9999 -2169 64 4 80,2650,-517264,-515095,-508064,-496445,-474600,-444947,-412758,-381024,-352012,-326142,-303690,-284334,-268224,-255420,-245983,-239866,-237159,-237904,-242205,-250147,-261819,-277323,-296592,-319817,-346975,-377846,-411206,-445720,-476075,-495961,-506657,-513061,-516716,,,,,,,,,,,,,,,,,,,,,,,,,,,,,,,,,,,,,,,,,,,,,,,,,,,,,,,,,,,,,,,,,,,,
RECAL 3 0 9999 9999 64 4 80,2114,-352756,-340395,-328745,-317844,-307654,-298208,-289540,-281540,-274220,-267629,-261778,-256705,-252399,-248873,-246116,-244153,-242934,-242539,-242862,-244044,-246015,-248777,-252346,-256746,-261972,-267944,-274857,-282548,-291167,-300673,-311149,-322657,-335040,,,,,,,,,,,,,,,,,,,,,,,,,,,,,,,,,,,,,,,,,,,,,,,,,,,,,,,,,,,,,,,,,,,,
RECAL 3 1 9999 2182 64 4 80,-2791,-515904,-511861,-505364,-488357,-457617,-420624,-384705,-352712,-324816,-301099,-281650,-265719,-253595,-245266,-240635,-239700,-242406,-248724,-258619,-271936,-288623,-308621,-331656,-357553,-385763,-415370,-444770,-472143,-494066,-507603,-514323,-518201,-519261,,,,,,,,,,,,,,,,,,,,,,,,,,,,,,,,,,,,,,,,,,,,,,,,,,,,,,,,,,,,,,,,,,,,
RECAL 3 0 9999 9999 64 4 80,2106,-356166,-343400,-331363,-319772,-308892,-298663,-289204,-280448,-272407,-265156,-258599,-252829,-247871,-243738,-240391,-237886,-236224,-235374,-235375,-236203,-237888,-240438,-243849,-248147,-253320,-259423,-266439,-274301,-283142,-292979,-303854,-315872,-329039,,,,,,,,,,,,,,,,,,,,,,,,,,,,,,,,,,,,,,,,,,,,,,,,,,,,,,,,,,,,,,,,,,,,
RECAL 3 1 9999 2176 64 4 80,-2196,-472128,-449654,-424687,-398832,-373557,-349916,-328307,-308641,-291293,-276196,-263402,-252942,-244821,-238985,-235406,-234172,-235265,-238675,-244401,-252408,-262676,-275221,-289776,-306526,-325248,-345775,-367627,-390707,-414192,-437637,-459741,-479613,-495568,,,,,,,,,,,,,,,,,,,,,,,,,,,,,,,,,,,,,,,,,,,,,,,,,,,,,,,,,,,,,,,,,,,,
RECAL 3 0 9999 9999 64 4 80,2003,-344274,-332575,-321412,-310792,-300663,-291208,-282374,-274240,-266806,-260094,-254110,-248878,-244442,-240685,-237696,-235462,-234003,-233315,-233398,-234267,-235893,-238303,-241502,-245493,-250295,-255910,-262388,-269736,-277875,-287045,-297114,-308286,-320535,,,,,,,,,,,,,,,,,,,,,,,,,,,,,,,,,,,,,,,,,,,,,,,,,,,,,,,,,,,,,,,,,,,,
RECAL 3 1 9999 2073 64 4 80,-1354,-351361,-337544,-324541,-312489,-301088,-290623,-280969,-272194,-264336,-257352,-251284,-246117,-241842,-238419,-235846,-234123,-233244,-233187,-233964,-235552,-237958,-241165,-245200,-249970,-255560,-261917,-269062,-276967,-285659,-295043,-305105,-315859,-327169,,,,,,,,,,,,,,,,,,,,,,,,,,,,,,,,,,,,,,,,,,,,,,,,,,,,,,,,,,,,,,,,,,,,
RECAL 3 0 9999 9999 64 4 80,1997,-342789,-331093,-319907,-309262,-299213,-289773,-280853,-272627,-265105,-258271,-252187,-246848,-242243,-238411,-235295,-232939,-231352,-230529,-230484,-231207,-232720,-235033,-238114,-241978,-246659,-252140,-258479,-265704,-273795,-282713,-292679,-303657,-315724,,,,,,,,,,,,,,,,,,,,,,,,,,,,,,,,,,,,,,,,,,,,,,,,,,,,,,,,,,,,,,,,,,,,
RECAL 3 1 9999 2067 64 4 80,1119,-314069,-304561,-295568,-287102,-279118,-271677,-264822,-258533,-252849,-247829,-243380,-239572,-236393,-233881,-232040,-230875,-230407,-230634,-231604,-233293,-235751,-238973,-242959,-247743,-253329,-259634,-266833,-274835,-283604,-293163,-303523,-314660,-326513,,,,,,,,,,,,,,,,,,,,,,,,,,,,,,,,,,,,,,,,,,,,,,,,,,,,,,,,,,,,,,,,,,,,
RECAL 3 0 9999 9999 64 4 80,2007,-347925,-335982,-324555,-313602,-303200,-293459,-284395,-275980,-268274,-261263,-254991,-249527,-244725,-240663,-237346,-234795,-232999,-231977,-231726,-232226,-233506,-235545,-238368,-241993,-246404,-251624,-257676,-264515,-272305,-281012,-290670,-301286,-313009,,,,,,,,,,,,,,,,,,,,,,,,,,,,,,,,,,,,,,,,,,,,,,,,,,,,,,,,,,,,,,,,,,,,
RECAL 3 1 9999 2079 64 4 80,2007,-474129,-454320,-432838,-411095,-389251,-367787,-347407,-328077,-310160,-293851,-279253,-266499,-255529,-246549,-239551,-234586,-231704,-230948,-232338,-235996,-241961,-250266,-260976,-274089,-289649,-307627,-327908,-350111,-374067,-399429,-425039,-449284,-471968,,,,,,,,,,,,,,,,,,,,,,,,,,,,,,,,,,,,,,,,,,,,,,,,,,,,,,,,,,,,,,,,,,,,
RECAL 3 0 9999 9999 64 4 80,2074,-357315,-345010,-333317,-322371,-312092,-302454,-293518,-285275,-277751,-270894,-264873,-259461,-254793,-250885,-247701,-245258,-243572,-242629,-242469,-243083,-244490,-246711,-249716,-253555,-258220,-263761,-270078,-277349,-285545,-294659,-304779,-315965,-328207,,,,,,,,,,,,,,,,,,,,,,,,,,,,,,,,,,,,,,,,,,,,,,,,,,,,,,,,,,,,,,,,,,,,
RECAL 3 1 9999 2145 64 4 80,2610,-519636,-519077,-516433,-510673,-501563,-483934,-459903,-431388,-401618,-372430,-345179,-320361,-298515,-279810,-264140,-251624,-242381,-236410,-233846,-234734,-239154,-247304,-259263,-275226,-295258,-319556,-348037,-380353,-415967,-451226,-480480,-498847,-508227,,,,,,,,,,,,,,,,,,,,,,,,,,,,,,,,,,,,,,,,,,,,,,,,,,,,,,,,,,,,,,,,,,,,
RECAL 3 0 9999 9999 64 4 80,-560,-239057,-238375,-237740,-237146,-236588,-236090,-235616,-235196,-234809,-234456,-234136,-233858,-233608,-233397,-233210,-233062,-232943,-232852,-232792,-232758,-232750,-232780,-232818,-232905,-233001,-233134,-233279,-233459,-233656,-233868,-234114,-234366,-234642,,,,,,,,,,,,,,,,,,,,,,,,,,,,,,,,,,,,,,,,,,,,,,,,,,,,,,,,,,,,,,,,,,,,
RECAL 3 1 9999 -481 64 4 80,2649,-513774,-506732,-492707,-470461,-442651,-413552,-384244,-356434,-330730,-307612,-287532,-270166,-255964,-245042,-237450,-233324,-232747,-235830,-242726,-253668,-268803,-288209,-311954,-340122,-372348,-407705,-442621,-473425,-494966,-507585,-514983,-518165,-520508,,,,,,,,,,,,,,,,,,,,,,,,,,,,,,,,,,,,,,,,,,,,,,,,,,,,,,,,,,,,,,,,,,,,
RECAL 3 0 9999 9999 64 4 80,-827,-248115,-246352,-244703,-243170,-241752,-240447,-239255,-238178,-237216,-236358,-235610,-234957,-234408,-233943,-233580,-233317,-233134,-233040,-233039,-233123,-233291,-233543,-233871,-234287,-234784,-235358,-236014,-236740,-237546,-238429,-239375,-240387,-241473,,,,,,,,,,,,,,,,,,,,,,,,,,,,,,,,,,,,,,,,,,,,,,,,,,,,,,,,,,,,,,,,,,,,
RECAL 3 1 9999 -757 64 4 80,2047,-484350,-466794,-446633,-425055,-402992,-380857,-359383,-338947,-319753,-301961,-285965,-271863,-259789,-249835,-242036,-236412,-233044,-231961,-233164,-236728,-242663,-251037,-261876,-275228,-291102,-309136,-329469,-351825,-375786,-400771,-425843,-449738,-471374,,,,,,,,,,,,,,,,,,,,,,,,,,,,,,,,,,,,,,,,,,,,,,,,,,,,,,,,,,,,,,,,,,,,
RECAL 3 0 9999 9999 64 4 80,-815,-249959,-248161,-246486,-244922,-243481,-242160,-240967,-239873,-238882,-238006,-237218,-236546,-235975,-235492,-235119,-234828,-234626,-234534,-234516,-234588,-234748,-234995,-235326,-235745,-236240,-236817,-237477,-238218,-239023,-239905,-240865,-241897,-243000,,,,,,,,,,,,,,,,,,,,,,,,,,,,,,,,,,,,,,,,,,,,,,,,,,,,,,,,,,,,,,,,,,,,
RECAL 3 1 9999 -744 64 4 80,1183,-350972,-339260,-327904,-317065,-306716,-296942,-287822,-279267,-271375,-264261,-257753,-252005,-246993,-242727,-239216,-236473,-234517,-233370,-232999,-233435,-234682,-236727,-239651,-243384,-247960,-253347,-259667,-266867,-274940,-283906,-293680,-304321,-315820,,,,,,,,,,,,,,,,,,,,,,,,,,,,,,,,,,,,,,,,,,,,,,,,,,,,,,,,,,,,,,,,,,,,
RECAL 3 0 9999 9999 64 4 80,-790,-246615,-244994,-243484,-242064,-240776,-239584,-238505,-237520,-236621,-235836,-235150,-234555,-234045,-233640,-233316,-233072,-232926,-232862,-232889,-232990,-233183,-233460,-233799,-234223,-234717,-235287,-235929,-236645,-237428,-238291,-239210,-240177,-241208,,,,,,,,,,,,,,,,,,,,,,,,,,,,,,,,,,,,,,,,,,,,,,,,,,,,,,,,,,,,,,,,,,,,
RECAL 3 1 9999 -721 64 4 80,-1281,-325427,-314026,-303204,-293171,-283883,-275348,-267596,-260614,-254426,-248998,-244353,-240487,-237396,-235101,-233586,-232839,-232855,-233627,-235152,-237432,-240477,-244242,-248726,-253924,-259854,-266440,-273677,-281546,-290073,-299174,-308873,-319145,-329923,,,,,,,,,,,,,,,,,,,,,,,,,,,,,,,,,,,,,,,,,,,,,,,,,,,,,,,,,,,,,,,,,,,,
RECAL 3 0 9999 9999 64 4 80,-306,-239750,-239492,-239257,-239033,-238823,-238633,-238442,-238280,-238123,-237976,-237849,-237723,-237612,-237510,-237418,-237334,-237260,-237195,-237140,-237091,-237049,-237008,-236980,-236960,-236942,-236930,-236924,-236920,-236922,-236933,-236939,-236959,-236976,,,,,,,,,,,,,,,,,,,,,,,,,,,,,,,,,,,,,,,,,,,,,,,,,,,,,,,,,,,,,,,,,,,,
RECAL 3 1 9999 -198 64 4 80,-2154,-474682,-452815,-429165,-404521,-379871,-356595,-334867,-315049,-297291,-281811,-268519,-257628,-248902,-242473,-238324,-236477,-236903,-239616,-244529,-251690,-260949,-272346,-285819,-301199,-318490,-337456,-357915,-379281,-401695,-424396,-446637,-467550,-486775,,,,,,,,,,,,,,,,,,,,,,,,,,,,,,,,,,,,,,,,,,,,,,,,,,,,,,,,,,,,,,,,,,,,
RECAL 3 0 9999 9999 64 4 80,-260,-242468,-242280,-242121,-241973,-241825,-241696,-241578,-241457,-241350,-241261,-241162,-241076,-241008,-240924,-240867,-240804,-240743,-240696,-240649,-240609,-240580,-240543,-240519,-240493,-240474,-240454,-240447,-240441,-240436,-240428,-240429,-240418,-240430,,,,,,,,,,,,,,,,,,,,,,,,,,,,,,,,,,,,,,,,,,,,,,,,,,,,,,,,,,,,,,,,,,,,
RECAL 3 0 9999 -174 64 4 80,-238,-241592,-241477,-241370,-241269,-241175,-241092,-241009,-240933,-240857,-240799,-240742,-240690,-240649,-240602,-240568,-240537,-240510,-240483,-240463,-240456,-240436,-240421,-240408,-240402,-240403,-240397,-240393,-240409,-240410,-240411,-240428,-240420,-240445,,,,,,,,,,,,,,,,,,,,,,,,,,,,,,,,,,,,,,,,,,,,,,,,,,,,,,,,,,,,,,,,,,,,
RECAL 3 1 9999 -137 64 4 80,-2759,-516772,-513726,-507267,-496528,-475288,-443486,-408314,-374433,-344048,-317630,-295183,-276816,-262166,-251253,-244025,-240403,-240383,-243952,-250931,-261495,-275508,-292798,-313380,-336917,-363140,-391488,-421063,-450586,-477646,-498267,-509642,-516381,-518552,,,,,,,,,,,,,,,,,,,,,,,,,,,,,,,,,,,,,,,,,,,,,,,,,,,,,,,,,,,,,,,,,,,,
RECAL 3 0 9999 9999 64 4 80,-2249,-352715,-339891,-327948,-317031,-306834,-297507,-289116,-281541,-274845,-269020,-264038,-259947,-256710,-254300,-252690,-251894,-251888,-252674,-254256,-256578,-259702,-263622,-268323,-273816,-280090,-287167,-295034,-303821,-313554,-324189,-335811,-348411,-362020,,,,,,,,,,,,,,,,,,,,,,,,,,,,,,,,,,,,,,,,,,,,,,,,,,,,,,,,,,,,,,,,,,,,
RECAL 3 1 9999 -2187 64 4 80,-2785,-507714,-497200,-474921,-441386,-404878,-370689,-340379,-314158,-292015,-273941,-259472,-248837,-241965,-238849,-239451,-243761,-251704,-263261,-278344,-296802,-318732,-343784,-371446,-401570,-432231,-461669,-487341,-503631,-513149,-516952,-519404,-520839,-520062,,,,,,,,,,,,,,,,,,,,,,,,,,,,,,,,,,,,,,,,,,,,,,,,,,,,,,,,,,,,,,,,,,,,
RECAL 3 0 9999 9999 64 4 80,-2251,-342720,-329568,-317321,-306109,-295667,-286174,-277566,-269890,-263127,-257271,-252335,-248324,-245210,-242970,-241564,-241000,-241286,-242390,-244307,-247013,-250544,-254909,-260076,-266102,-272912,-280573,-289100,-298460,-308906,-320306,-332716,-346204,-360757,,,,,,,,,,,,,,,,,,,,,,,,,,,,,,,,,,,,,,,,,,,,,,,,,,,,,,,,,,,,,,,,,,,,
RECAL 3 1 9999 -2190 64 4 80,-2191,-442683,-417280,-391549,-366642,-343726,-322553,-303575,-286972,-272565,-260505,-250790,-243387,-238276,-235448,-234975,-236823,-241033,-247533,-256356,-267499,-280708,-296278,-313988,-333614,-355067,-377750,-401586,-425573,-448945,-470327,-488778,-501712,-511391,,,,,,,,,,,,,,,,,,,,,,,,,,,,,,,,,,,,,,,,,,,,,,,,,,,,,,,,,,,,,,,,,,,,
RECAL 3 0 9999 9999 64 4 80,-2348,-351615,-336903,-323163,-310355,-298719,-288124,-278479,-269849,-262187,-255547,-249920,-245263,-241617,-238871,-237077,-236225,-236297,-237297,-239219,-242039,-245815,-250531,-256180,-262780,-270327,-278835,-288333,-298782,-310201,-322848,-336639,-351667,-367926,,,,,,,,,,,,,,,,,,,,,,,,,,,,,,,,,,,,,,,,,,,,,,,,,,,,,,,,,,,,,,,,,,,,
RECAL 3 1 9999 -2286 64 4 80,-1358,-349772,-336155,-323361,-311384,-300371,-290157,-280762,-272285,-264709,-258016,-252238,-247374,-243394,-240295,-238062,-236674,-236144,-236445,-237589,-239573,-242358,-245976,-250398,-255621,-261678,-268521,-276136,-284524,-293679,-303633,-314306,-325645,-337644,,,,,,,,,,,,,,,,,,,,,,,,,,,,,,,,,,,,,,,,,,,,,,,,,,,,,,,,,,,,,,,,,,,,
RECAL 3 0 9999 9999 64 4 80,-2356,-353491,-338369,-324170,-310935,-298720,-287543,-277494,-268471,-260451,-253461,-247479,-242482,-238468,-235435,-233388,-232267,-232088,-232840,-234525,-237128,-240659,-245113,-250544,-256928,-264302,-272642,-281970,-292310,-303681,-316206,-329687,-344594,-360736,,,,,,,,,,,,,,,,,,,,,,,,,,,,,,,,,,,,,,,,,,,,,,,,,,,,,,,,,,,,,,,,,,,,
RECAL 3 1 9999 -2293 64 4 80,1107,-319828,-310005,-300666,-291877,-283686,-276059,-268982,-262500,-256603,-251311,-246640,-242585,-239200,-236410,-234293,-232832,-232045,-231936,-232532,-233830,-235866,-238660,-242213,-246519,-251608,-257487,-264180,-271675,-279887,-288970,-298784,-309417,-320788,,,,,,,,,,,,,,,,,,,,,,,,,,,,,,,,,,,,,,,,,,,,,,,,,,,,,,,,,,,,,,,,,,,,
RECAL 3 0 9999 9999 64 4 80,-2354,-348945,-334477,-320955,-308398,-296844,-286427,-277040,-268646,-261249,-254838,-249421,-244990,-241515,-239013,-237425,-236764,-237040,-238230,-240335,-243354,-247264,-252106,-257931,-264716,-272438,-281131,-290815,-301483,-313270,-325975,-340049,-355355,-371944,,,,,,,,,,,,,,,,,,,,,,,,,,,,,,,,,,,,,,,,,,,,,,,,,,,,,,,,,,,,,,,,,,,,
RECAL 3 1 9999 -2293 64 4 80,2001,-475029,-454995,-433493,-411013,-388525,-366909,-346441,-327264,-309683,-293805,-279777,-267599,-257429,-249162,-242953,-238790,-236736,-236825,-239089,-243572,-250332,-259503,-271092,-285065,-301410,-320153,-341137,-364074,-388336,-413632,-438697,-461880,-482499,,,,,,,,,,,,,,,,,,,,,,,,,,,,,,,,,,,,,,,,,,,,,,,,,,,,,,,,,,,,,,,,,,,,
RECAL 3 0 9999 9999 64 4 80,-2290,-345359,-331770,-319111,-307302,-296405,-286408,-277204,-268947,-261628,-255254,-249829,-245300,-241689,-239003,-237171,-236229,-236162,-236970,-238643,-241185,-244577,-248783,-253804,-259660,-266385,-273952,-282399,-291720,-301948,-313013,-325170,-338398,-352782,,,,,,,,,,,,,,,,,,,,,,,,,,,,,,,,,,,,,,,,,,,,,,,,,,,,,,,,,,,,,,,,,,,,
RECAL 3 1 9999 -2227 64 4 80,2610,-513887,-506386,-493728,-472964,-446078,-416650,-386784,-358316,-332173,-308824,-288538,-271351,-257534,-247115,-240012,-236310,-236092,-239449,-246490,-257306,-271905,-290669,-313462,-340422,-371025,-404780,-438845,-469206,-490991,-505271,-512713,-517456,-519589,,,,,,,,,,,,,,,,,,,,,,,,,,,,,,,,,,,,,,,,,,,,,,,,,,,,,,,,,,,,,,,,,,,,
RECAL 3 0 9999 9999 64 4 80,1978,-336042,-324795,-314503,-304830,-295927,-287793,-280305,-273531,-267441,-262052,-257308,-253255,-249904,-247254,-245293,-244027,-243463,-243608,-244428,-246001,-248277,-251274,-255033,-259553,-264867,-270955,-277843,-285520,-294017,-303425,-313778,-325096,-337498,,,,,,,,,,,,,,,,,,,,,,,,,,,,,,,,,,,,,,,,,,,,,,,,,,,,,,,,,,,,,,,,,,,,
RECAL 3 1 9999 2043 64 4 80,-2658,-515389,-509513,-499261,-480349,-453754,-423896,-393211,-364182,-337726,-314452,-294020,-276962,-263314,-253107,-246379,-243087,-243256,-246851,-253811,-264235,-278060,-295338,-316153,-340608,-368695,-400269,-434940,-468224,-493772,-506770,-513254,-516346,-517970,,,,,,,,,,,,,,,,,,,,,,,,,,,,,,,,,,,,,,,,,,,,,,,,,,,,,,,,,,,,,,,,,,,,
RECAL 3 0 9999 9999 64 4 80,1942,-337286,-326054,-315561,-305829,-296835,-288605,-280997,-274094,-267866,-262314,-257456,-253337,-249863,-247060,-244956,-243524,-242800,-242777,-243462,-244859,-247018,-249899,-253522,-257909,-263102,-269071,-275860,-283376,-291859,-301229,-311578,-322930,-335397,,,,,,,,,,,,,,,,,,,,,,,,,,,,,,,,,,,,,,,,,,,,,,,,,,,,,,,,,,,,,,,,,,,,
RECAL 3 1 9999 2008 64 4 80,-2037,-462558,-441121,-419231,-397146,-375523,-355108,-335816,-318003,-301896,-287684,-275288,-264833,-256354,-249905,-245519,-243085,-242683,-244334,-248013,-253739,-261550,-271428,-283317,-297204,-313239,-331296,-351486,-373599,-397736,-423090,-448109,-471795,-489641,,,,,,,,,,,,,,,,,,,,,,,,,,,,,,,,,,,,,,,,,,,,,,,,,,,,,,,,,,,,,,,,,,,,
RECAL 3 0 9999 9999 64 4 80,1985,-339271,-327694,-316864,-306709,-297263,-288595,-280596,-273298,-266698,-260783,-255614,-251187,-247507,-244551,-242343,-240886,-240174,-240215,-241023,-242600,-244956,-248101,-252062,-256830,-262455,-268885,-276172,-284367,-293451,-303536,-314664,-326864,-340092,,,,,,,,,,,,,,,,,,,,,,,,,,,,,,,,,,,,,,,,,,,,,,,,,,,,,,,,,,,,,,,,,,,,
RECAL 3 1 9999 2051 64 4 80,-1090,-313539,-304932,-296721,-289100,-281983,-275421,-269416,-263942,-259047,-254737,-250998,-247818,-245176,-243086,-241544,-240547,-240087,-240168,-240757,-241904,-243555,-245719,-248393,-251614,-255277,-259535,-264298,-269528,-275337,-281572,-288337,-295512,-303241,,,,,,,,,,,,,,,,,,,,,,,,,,,,,,,,,,,,,,,,,,,,,,,,,,,,,,,,,,,,,,,,,,,,
RECAL 3 0 9999 9999 64 4 80,1850,-331288,-321046,-311550,-302559,-294177,-286443,-279300,-272756,-266850,-261569,-256878,-252816,-249399,-246617,-244506,-243009,-242208,-242013,-242494,-243647,-245465,-247989,-251171,-255082,-259709,-265091,-271193,-278016,-285623,-294042,-303274,-313462,-324524,,,,,,,,,,,,,,,,,,,,,,,,,,,,,,,,,,,,,,,,,,,,,,,,,,,,,,,,,,,,,,,,,,,,
RECAL 3 1 9999 1917 64 4 80,1321,-360936,-348109,-335732,-323898,-312709,-302236,-292635,-283638,-275459,-268061,-261546,-255916,-251232,-247474,-244668,-242831,-241989,-242152,-243323,-245549,-248844,-253215,-258635,-265296,-273080,-282070,-292263,-303684,-316406,-330429,-345802,-362528,-380588,,,,,,,,,,,,,,,,,,,,,,,,,,,,,,,,,,,,,,,,,,,,,,,,,,,,,,,,,,,,,,,,,,,,
RECAL 3 0 9999 9999 64 4 80,1898,-341598,-331220,-321507,-312423,-303989,-296155,-289108,-282566,-276629,-271338,-266682,-262674,-259290,-256568,-254517,-253118,-252371,-252284,-252870,-254122,-256055,-258682,-261966,-265999,-270737,-276216,-282455,-289482,-297274,-305924,-315547,-326116,-337676,,,,,,,,,,,,,,,,,,,,,,,,,,,,,,,,,,,,,,,,,,,,,,,,,,,,,,,,,,,,,,,,,,,,
RECAL 3 1 9999 1965 64 4 80,2109,-511612,-503720,-490396,-472536,-451082,-428250,-405361,-383036,-361686,-341689,-323238,-306486,-291571,-278574,-267616,-258789,-252203,-247941,-245965,-246395,-249333,-254823,-262979,-273856,-287584,-304218,-324066,-347215,-373813,-404107,-437348,-470146,-495196,,,,,,,,,,,,,,,,,,,,,,,,,,,,,,,,,,,,,,,,,,,,,,,,,,,,,,,,,,,,,,,,,,,,
RECAL 3 0 9999 9999 64 4 80,1865,-344193,-334223,-324921,-316283,-308265,-300865,-294082,-287878,-282258,-277261,-272847,-269067,-265894,-263314,-261351,-259981,-259214,-259075,-259555,-260664,-262417,-264813,-267844,-271514,-275859,-280874,-286581,-292982,-300094,-308004,-316609,-326088,-336437,,,,,,,,,,,,,,,,,,,,,,,,,,,,,,,,,,,,,,,,,,,,,,,,,,,,,,,,,,,,,,,,,,,,
RECAL 3 1 9999 1932 64 4 80,2688,-519233,-517731,-516113,-511637,-501895,-485498,-460738,-432253,-403408,-375561,-350089,-327196,-307230,-290358,-276637,-266138,-258995,-255161,-254809,-258060,-265052,-275884,-290727,-309676,-333146,-361365,-395393,-435650,-479343,-509481,-516904,-519183,-518221,,,,,,,,,,,,,,,,,,,,,,,,,,,,,,,,,,,,,,,,,,,,,,,,,,,,,,,,,,,,,,,,,,,,
RECAL 3 0 9999 9999 64 4 80,-1102,-265411,-262752,-260289,-258037,-256008,-254150,-252493,-251034,-249758,-248679,-247776,-247069,-246527,-246165,-245983,-245959,-246110,-246420,-246912,-247557,-248340,-249290,-250404,-251660,-253071,-254625,-256325,-258190,-260174,-262342,-264640,-267082,-269665,,,,,,,,,,,,,,,,,,,,,,,,,,,,,,,,,,,,,,,,,,,,,,,,,,,,,,,,,,,,,,,,,,,,
RECAL 3 1 9999 -1044 64 4 80,2667,-517890,-514917,-508893,-498239,-478281,-451293,-422597,-393386,-365782,-340534,-317850,-298040,-281254,-267564,-256992,-249749,-245924,-245593,-248867,-255881,-266730,-281573,-300275,-323616,-351959,-385971,-426603,-472732,-507013,-516793,-517183,-517229,-518227,,,,,,,,,,,,,,,,,,,,,,,,,,,,,,,,,,,,,,,,,,,,,,,,,,,,,,,,,,,,,,,,,,,,
RECAL 3 0 9999 9999 64 4 80,-1012,-258423,-255990,-253752,-251701,-249816,-248122,-246586,-245227,-244043,-243006,-242146,-241444,-240916,-240541,-240317,-240262,-240336,-240577,-240963,-241488,-242153,-242968,-243908,-244997,-246197,-247553,-249021,-250607,-252356,-254191,-256141,-258227,-260450,,,,,,,,,,,,,,,,,,,,,,,,,,,,,,,,,,,,,,,,,,,,,,,,,,,,,,,,,,,,,,,,,,,,
RECAL 3 1 9999 -952 64 4 80,2089,-481096,-460852,-438349,-415127,-392121,-369971,-349357,-329785,-311840,-295620,-281322,-269012,-258815,-250764,-244968,-241450,-240247,-241429,-245042,-251138,-259805,-271152,-285049,-301904,-321786,-344835,-371104,-401085,-433939,-467061,-493400,-506203,-512609,,,,,,,,,,,,,,,,,,,,,,,,,,,,,,,,,,,,,,,,,,,,,,,,,,,,,,,,,,,,,,,,,,,,
RECAL 3 0 9999 9999 64 4 80,-1093,-262374,-259349,-256590,-254035,-251699,-249586,-247687,-246012,-244534,-243273,-242222,-241380,-240738,-240281,-240027,-239974,-240103,-240407,-240891,-241579,-242429,-243454,-244668,-246043,-247607,-249322,-251212,-253280,-255517,-257929,-260499,-263236,-266148,,,,,,,,,,,,,,,,,,,,,,,,,,,,,,,,,,,,,,,,,,,,,,,,,,,,,,,,,,,,,,,,,,,,
RECAL 3 1 9999 -1034 64 4 80,1281,-339079,-327372,-316239,-305734,-295890,-286795,-278364,-270712,-263830,-257756,-252512,-248158,-244670,-242092,-240437,-239725,-239952,-241148,-243329,-246523,-250736,-255991,-262330,-269759,-278272,-287887,-298589,-310515,-323609,-337955,-353613,-370357,-388229,,,,,,,,,,,,,,,,,,,,,,,,,,,,,,,,,,,,,,,,,,,,,,,,,,,,,,,,,,,,,,,,,,,,
RECAL 3 0 9999 9999 64 4 80,-780,-245865,-244527,-243312,-242194,-241199,-240285,-239472,-238756,-238118,-237595,-237167,-236820,-236558,-236381,-236304,-236302,-236388,-236549,-236796,-237128,-237523,-238000,-238550,-239173,-239853,-240620,-241449,-242347,-243302,-244311,-245388,-246532,-247722,,,,,,,,,,,,,,,,,,,,,,,,,,,,,,,,,,,,,,,,,,,,,,,,,,,,,,,,,,,,,,,,,,,,
RECAL 3 1 9999 -722 64 4 80,-1147,-320490,-310716,-301495,-292880,-284862,-277424,-270586,-264364,-258725,-253738,-249372,-245648,-242536,-240041,-238171,-236930,-236279,-236245,-236810,-237989,-239767,-242132,-245104,-248643,-252742,-257425,-262681,-268527,-274926,-281888,-289439,-297381,-306017,,,,,,,,,,,,,,,,,,,,,,,,,,,,,,,,,,,,,,,,,,,,,,,,,,,,,,,,,,,,,,,,,,,,
RECAL 3 0 9999 9999 64 4 80,-904,-254720,-252898,-251232,-249723,-248338,-247078,-245949,-244962,-244106,-243376,-242765,-242281,-241910,-241682,-241553,-241549,-241646,-241883,-242213,-242643,-243194,-243844,-244597,-245454,-246409,-247464,-248629,-249860,-251189,-252615,-254127,-255719,-257417,,,,,,,,,,,,,,,,,,,,,,,,,,,,,,,,,,,,,,,,,,,,,,,,,,,,,,,,,,,,,,,,,,,,
RECAL 3 1 9999 -846 64 4 80,-2061,-441083,-418631,-395931,-373842,-353182,-333566,-315562,-299290,-284892,-272376,-261826,-253317,-246815,-242363,-239985,-239694,-241489,-245369,-251345,-259427,-269533,-281856,-296280,-312917,-331648,-352634,-375659,-400745,-426925,-452860,-476625,-494022,-504328,,,,,,,,,,,,,,,,,,,,,,,,,,,,,,,,,,,,,,,,,,,,,,,,,,,,,,,,,,,,,,,,,,,,
RECAL 3 0 9999 9999 64 4 80,-831,-249051,-247729,-246534,-245414,-244425,-243519,-242713,-241998,-241382,-240872,-240435,-240087,-239832,-239655,-239568,-239570,-239630,-239783,-240004,-240301,-240679,-241123,-241637,-242223,-242877,-243611,-244398,-245254,-246178,-247155,-248207,-249311,-250468,,,,,,,,,,,,,,,,,,,,,,,,,,,,,,,,,,,,,,,,,,,,,,,,,,,,,,,,,,,,,,,,,,,,
RECAL 3 1 9999 -773 64 4 80,-2680,-516262,-512827,-504954,-490359,-466850,-437753,-406823,-376299,-348054,-322675,-300537,-281734,-266316,-254355,-245922,-240995,-239483,-241483,-246954,-255899,-268421,-284525,-304172,-327437,-354620,-385859,-420939,-457218,-488147,-503941,-512019,-515452,-516331,,,,,,,,,,,,,,,,,,,,,,,,,,,,,,,,,,,,,,,,,,,,,,,,,,,,,,,,,,,,,,,,,,,,
RECAL 3 0 9999 9999 64 4 80,-2339,-338688,-326209,-314937,-304669,-295355,-287002,-279489,-272855,-267093,-262216,-258100,-254832,-252358,-250698,-249843,-249778,-250513,-252050,-254390,-257541,-261495,-266302,-271876,-278343,-285618,-293634,-302642,-312637,-323557,-335455,-348397,-362407,-377689,,,,,,,,,,,,,,,,,,,,,,,,,,,,,,,,,,,,,,,,,,,,,,,,,,,,,,,,,,,,,,,,,,,,
RECAL 3 1 9999 -2281 64 4 80,-2654,-506890,-494570,-472073,-442542,-410836,-380005,-351879,-326679,-304944,-286285,-270873,-258856,-250257,-245036,-243194,-244730,-249619,-257841,-269440,-284396,-302776,-324770,-350595,-380424,-414204,-451049,-485500,-505406,-513140,-516619,-517909,-518481,-519423,,,,,,,,,,,,,,,,,,,,,,,,,,,,,,,,,,,,,,,,,,,,,,,,,,,,,,,,,,,,,,,,,,,,
RECAL 3 0 9999 9999 64 4 80,-2369,-339736,-326638,-314537,-303463,-293471,-284502,-276483,-269397,-263237,-258047,-253794,-250424,-247943,-246343,-245617,-245761,-246762,-248601,-251321,-254867,-259312,-264628,-270809,-277892,-285871,-294791,-304714,-315653,-327561,-340650,-354873,-370262,-387163,,,,,,,,,,,,,,,,,,,,,,,,,,,,,,,,,,,,,,,,,,,,,,,,,,,,,,,,,,,,,,,,,,,,
RECAL 3 1 9999 -2312 64 4 80,-2037,-441262,-418323,-395473,-373286,-352711,-333513,-315957,-300145,-286252,-274258,-264206,-256109,-250015,-245914,-243825,-243710,-245590,-249467,-255350,-263271,-273217,-285216,-299122,-315098,-333222,-353502,-375958,-400883,-427432,-454758,-479967,-497700,-507753,,,,,,,,,,,,,,,,,,,,,,,,,,,,,,,,,,,,,,,,,,,,,,,,,,,,,,,,,,,,,,,,,,,,
RECAL 3 0 9999 9999 64 4 80,-2332,-337526,-324345,-312230,-301103,-291024,-281846,-273646,-266370,-260049,-254593,-250036,-246348,-243558,-241623,-240567,-240368,-241036,-242566,-244957,-248190,-252291,-257278,-263128,-269866,-277411,-285966,-295411,-305842,-317269,-329717,-343353,-358106,-373970,,,,,,,,,,,,,,,,,,,,,,,,,,,,,,,,,,,,,,,,,,,,,,,,,,,,,,,,,,,,,,,,,,,,
RECAL 3 1 9999 -2273 64 4 80,-1112,-328211,-318477,-309285,-300628,-292558,-285046,-278079,-271762,-265958,-260722,-256071,-252019,-248544,-245628,-243295,-241531,-240322,-239671,-239564,-240004,-240983,-242511,-244559,-247103,-250189,-253780,-257892,-262535,-267673,-273304,-279446,-286115,-293280,,,,,,,,,,,,,,,,,,,,,,,,,,,,,,,,,,,,,,,,,,,,,,,,,,,,,,,,,,,,,,,,,,,,
RECAL 3 0 9999 9999 64 4 80,-2445,-344906,-330890,-318036,-306345,-295865,-286364,-277814,-270300,-263778,-258230,-253672,-250096,-247460,-245770,-245058,-245288,-246482,-248613,-251686,-255709,-260639,-266600,-273529,-281449,-290382,-300274,-311335,-323475,-336727,-351177,-366850,-384029,-402807,,,,,,,,,,,,,,,,,,,,,,,,,,,,,,,,,,,,,,,,,,,,,,,,,,,,,,,,,,,,,,,,,,,,
RECAL 3 1 9999 -2388 64 4 80,1310,-356549,-343751,-331539,-320040,-309226,-299151,-289900,-281422,-273792,-267100,-261186,-256164,-252053,-248874,-246628,-245341,-245025,-245683,-247331,-250000,-253679,-258406,-264213,-271089,-279092,-288122,-298351,-309826,-322465,-336426,-351691,-368195,-386240,,,,,,,,,,,,,,,,,,,,,,,,,,,,,,,,,,,,,,,,,,,,,,,,,,,,,,,,,,,,,,,,,,,,
RECAL 3 0 9999 9999 64 4 80,-2408,-351149,-337872,-325630,-314370,-304125,-294841,-286582,-279238,-272804,-267316,-262749,-259126,-256381,-254559,-253644,-253630,-254526,-256316,-259024,-262593,-267058,-272425,-278715,-285922,-294041,-303114,-313201,-324115,-336265,-349545,-363922,-379592,-396587,,,,,,,,,,,,,,,,,,,,,,,,,,,,,,,,,,,,,,,,,,,,,,,,,,,,,,,,,,,,,,,,,,,,
RECAL 3 1 9999 -2350 64 4 80,2100,-508031,-498476,-483594,-463622,-440996,-417319,-393901,-371520,-350675,-331447,-314107,-298694,-285432,-274178,-265065,-258143,-253471,-251100,-251056,-253361,-258138,-265450,-275318,-287810,-303003,-321033,-342107,-366311,-394339,-425923,-459499,-489837,-506759,,,,,,,,,,,,,,,,,,,,,,,,,,,,,,,,,,,,,,,,,,,,,,,,,,,,,,,,,,,,,,,,,,,,
RECAL 3 0 9999 9999 64 4 80,-2441,-356936,-344163,-332439,-321835,-312051,-303180,-295211,-288156,-281909,-276520,-271992,-268290,-265448,-263467,-262315,-262032,-262604,-264054,-266364,-269495,-273549,-278492,-284311,-291068,-298695,-307341,-316953,-327521,-339112,-351815,-365556,-380609,-396902,,,,,,,,,,,,,,,,,,,,,,,,,,,,,,,,,,,,,,,,,,,,,,,,,,,,,,,,,,,,,,,,,,,,
RECAL 3 1 9999 -2382 64 4 80,2673,-519234,-519207,-517379,-515119,-511510,-501545,-484889,-459010,-429176,-399406,-370931,-345224,-322311,-302389,-285688,-272151,-261895,-254967,-251440,-251363,-254741,-261764,-272478,-287040,-305515,-328208,-355502,-388265,-427442,-471983,-506433,-518573,-519021,,,,,,,,,,,,,,,,,,,,,,,,,,,,,,,,,,,,,,,,,,,,,,,,,,,,,,,,,,,,,,,,,,,,
RECAL 3 0 9999 9999 64 4 80,1976,-352672,-341650,-331411,-321755,-312734,-304394,-296695,-289686,-283266,-277500,-272334,-267806,-263895,-260631,-258037,-256095,-254806,-254151,-254176,-254838,-256174,-258178,-260881,-264274,-268363,-273153,-278664,-284861,-291773,-299435,-307898,-317186,-327277,,,,,,,,,,,,,,,,,,,,,,,,,,,,,,,,,,,,,,,,,,,,,,,,,,,,,,,,,,,,,,,,,,,,
RECAL 3 1 9999 2046 64 4 80,-2718,-513162,-506544,-490795,-459844,-423722,-389010,-358074,-331219,-308530,-289434,-273947,-262018,-253605,-248631,-247059,-248828,-253903,-262350,-274044,-289019,-307121,-328309,-352571,-379401,-408233,-438371,-466532,-489515,-504217,-512884,-517611,-518206,-519348,,,,,,,,,,,,,,,,,,,,,,,,,,,,,,,,,,,,,,,,,,,,,,,,,,,,,,,,,,,,,,,,,,,,
RECAL 3 0 9999 9999 64 4 80,1979,-356554,-345353,-334863,-324826,-315433,-306618,-298450,-290949,-284052,-277801,-272138,-267162,-262847,-259203,-256272,-254016,-252443,-251593,-251415,-251948,-253186,-255150,-257835,-261275,-265478,-270435,-276110,-282575,-289839,-297863,-306803,-316653,-327403,,,,,,,,,,,,,,,,,,,,,,,,,,,,,,,,,,,,,,,,,,,,,,,,,,,,,,,,,,,,,,,,,,,,
RECAL 3 1 9999 2050 64 4 80,-2095,-425822,-400357,-375895,-353270,-332638,-314173,-297862,-283779,-271785,-261938,-254214,-248617,-245116,-243634,-244203,-246796,-251380,-257962,-266548,-277045,-289480,-303723,-319829,-337576,-356789,-377170,-398524,-420300,-441481,-461634,-479921,-494346,-503992,,,,,,,,,,,,,,,,,,,,,,,,,,,,,,,,,,,,,,,,,,,,,,,,,,,,,,,,,,,,,,,,,,,,
RECAL 3 0 9999 9999 64 4 80,1901,-349402,-338428,-327999,-318135,-308812,-300180,-292078,-284537,-277588,-271232,-265528,-260430,-255954,-252179,-249043,-246555,-244706,-243509,-242959,-243101,-243872,-245317,-247451,-250276,-253798,-258028,-263000,-268684,-275117,-282358,-290459,-299349,-309146,,,,,,,,,,,,,,,,,,,,,,,,,,,,,,,,,,,,,,,,,,,,,,,,,,,,,,,,,,,,,,,,,,,,
RECAL 3 1 9999 1974 64 4 80,-1179,-314148,-304666,-295877,-287822,-280381,-273614,-267536,-262185,-257432,-253368,-249966,-247207,-245095,-243601,-242756,-242526,-242915,-243941,-245568,-247796,-250624,-254049,-258083,-262621,-267811,-273559,-279867,-286696,-294040,-301907,-310264,-319088,-328319,,,,,,,,,,,,,,,,,,,,,,,,,,,,,,,,,,,,,,,,,,,,,,,,,,,,,,,,,,,,,,,,,,,,
RECAL 3 0 9999 9999 64 4 80,1994,-354433,-342776,-331643,-321097,-311136,-301824,-293097,-284996,-277537,-270785,-264722,-259349,-254688,-250751,-247565,-245044,-243259,-242198,-241857,-242281,-243449,-245389,-248083,-251523,-255736,-260760,-266591,-273236,-280736,-289115,-298211,-308427,-319642,,,,,,,,,,,,,,,,,,,,,,,,,,,,,,,,,,,,,,,,,,,,,,,,,,,,,,,,,,,,,,,,,,,,
RECAL 3 1 9999 2066 64 4 80,1278,-353139,-340802,-328913,-317655,-307102,-297265,-288180,-279855,-272290,-265543,-259575,-254442,-250170,-246763,-244227,-242590,-241851,-242022,-243103,-245144,-248112,-252058,-256974,-262893,-269791,-277656,-286515,-296297,-307145,-318932,-331670,-345312,-359702,,,,,,,,,,,,,,,,,,,,,,,,,,,,,,,,,,,,,,,,,,,,,,,,,,,,,,,,,,,,,,,,,,,,
RECAL 3 0 9999 9999 64 4 80,1916,-349210,-338600,-328432,-318819,-309773,-301317,-293458,-286216,-279566,-273519,-268171,-263428,-259312,-255831,-252991,-250795,-249219,-248321,-248057,-248460,-249515,-251245,-253648,-256758,-260561,-265092,-270371,-276412,-283230,-290814,-299160,-308412,-318541,,,,,,,,,,,,,,,,,,,,,,,,,,,,,,,,,,,,,,,,,,,,,,,,,,,,,,,,,,,,,,,,,,,,
RECAL 3 1 9999 1988 64 4 80,2099,-509509,-500833,-486339,-467098,-445362,-421897,-398213,-375091,-353398,-333169,-314829,-298415,-284118,-271844,-261713,-253759,-248020,-244536,-243326,-244453,-247875,-253778,-262166,-273084,-286569,-302581,-321184,-342313,-365767,-391251,-417825,-444054,-468169,,,,,,,,,,,,,,,,,,,,,,,,,,,,,,,,,,,,,,,,,,,,,,,,,,,,,,,,,,,,,,,,,,,,
RECAL 3 0 9999 9999 64 4 80,1951,-356621,-345377,-334820,-324903,-315623,-306986,-298993,-291643,-284934,-278894,-273423,-268575,-264385,-260825,-257915,-255642,-254027,-253053,-252742,-253083,-254119,-255823,-258200,-261272,-265045,-269463,-274627,-280541,-287198,-294583,-302807,-311841,-321720,,,,,,,,,,,,,,,,,,,,,,,,,,,,,,,,,,,,,,,,,,,,,,,,,,,,,,,,,,,,,,,,,,,,
RECAL 3 1 9999 2023 64 4 80,2694,-519784,-516886,-512118,-505066,-490298,-466294,-437617,-407049,-377625,-350748,-326783,-306051,-288654,-274542,-263803,-256557,-252677,-252347,-255664,-262754,-273689,-288651,-307697,-330933,-358501,-390516,-426348,-462628,-491434,-506688,-513064,-516992,-519094,,,,,,,,,,,,,,,,,,,,,,,,,,,,,,,,,,,,,,,,,,,,,,,,,,,,,,,,,,,,,,,,,,,,
RECAL 3 0 9999 9999 64 4 80,-975,-282468,-280108,-277898,-275827,-273937,-272157,-270529,-269039,-267671,-266460,-265366,-264403,-263587,-262883,-262301,-261846,-261507,-261309,-261187,-261195,-261308,-261543,-261894,-262334,-262869,-263523,-264263,-265123,-266077,-267111,-268252,-269489,-270830,,,,,,,,,,,,,,,,,,,,,,,,,,,,,,,,,,,,,,,,,,,,,,,,,,,,,,,,,,,,,,,,,,,,
RECAL 3 1 9999 -901 64 4 80,2708,-519059,-519480,-519116,-516276,-511486,-503569,-486782,-460840,-431040,-400534,-371392,-345366,-321901,-301650,-284766,-271214,-261153,-254624,-251694,-252411,-256868,-265163,-277442,-293783,-314368,-339407,-368649,-401968,-438140,-472194,-495732,-507159,-512618,,,,,,,,,,,,,,,,,,,,,,,,,,,,,,,,,,,,,,,,,,,,,,,,,,,,,,,,,,,,,,,,,,,,
RECAL 3 0 9999 9999 64 4 80,-1025,-277370,-274476,-271732,-269179,-266796,-264593,-262580,-260722,-259048,-257529,-256185,-254998,-253984,-253142,-252435,-251907,-251534,-251300,-251236,-251293,-251497,-251860,-252371,-252998,-253782,-254695,-255724,-256893,-258184,-259607,-261156,-262822,-264615,,,,,,,,,,,,,,,,,,,,,,,,,,,,,,,,,,,,,,,,,,,,,,,,,,,,,,,,,,,,,,,,,,,,
RECAL 3 1 9999 -953 64 4 80,2127,-510943,-503910,-490871,-473830,-452639,-429308,-405476,-382045,-359752,-339136,-320259,-303345,-288568,-276015,-265489,-257200,-251254,-247639,-246395,-247568,-251184,-257313,-266063,-277426,-291486,-308178,-327586,-349610,-373810,-399551,-426394,-452174,-474803,,,,,,,,,,,,,,,,,,,,,,,,,,,,,,,,,,,,,,,,,,,,,,,,,,,,,,,,,,,,,,,,,,,,
RECAL 3 0 9999 9999 64 4 80,-828,-263439,-261380,-259459,-257654,-255963,-254410,-252962,-251630,-250430,-249328,-248341,-247447,-246665,-245974,-245393,-244904,-244518,-244220,-244020,-243903,-243877,-243942,-244090,-244317,-244636,-245037,-245510,-246075,-246717,-247427,-248213,-249060,-249991,,,,,,,,,,,,,,,,,,,,,,,,,,,,,,,,,,,,,,,,,,,,,,,,,,,,,,,,,,,,,,,,,,,,
RECAL 3 1 9999 -749 64 4 80,1331,-338986,-326676,-315123,-304296,-294404,-285215,-276857,-269356,-262770,-257093,-252353,-248551,-245698,-243790,-242845,-242863,-243869,-245868,-248877,-252892,-257881,-264001,-271156,-279393,-288678,-298975,-310382,-322807,-336228,-350681,-365916,-381819,-398380,,,,,,,,,,,,,,,,,,,,,,,,,,,,,,,,,,,,,,,,,,,,,,,,,,,,,,,,,,,,,,,,,,,,
RECAL 3 0 9999 9999 64 4 80,-1051,-271363,-268153,-265166,-262321,-259706,-257292,-255057,-253062,-251210,-249568,-248096,-246801,-245688,-244760,-243999,-243419,-243001,-242747,-242662,-242743,-243003,-243396,-243972,-244683,-245548,-246573,-247745,-249071,-250540,-252157,-253911,-255801,-257819,,,,,,,,,,,,,,,,,,,,,,,,,,,,,,,,,,,,,,,,,,,,,,,,,,,,,,,,,,,,,,,,,,,,
RECAL 3 1 9999 -979 64 4 80,-1125,-323237,-313740,-304779,-296430,-288709,-281549,-275033,-269093,-263778,-259058,-254987,-251467,-248556,-246207,-244464,-243283,-242670,-242615,-243102,-244151,-245723,-247836,-250463,-253624,-257294,-261472,-266105,-271256,-276896,-283013,-289583,-296555,-304021,,,,,,,,,,,,,,,,,,,,,,,,,,,,,,,,,,,,,,,,,,,,,,,,,,,,,,,,,,,,,,,,,,,,
RECAL 3 0 9999 9999 64 4 80,-871,-271024,-268916,-266944,-265075,-263316,-261707,-260231,-258862,-257615,-256493,-255501,-254602,-253819,-253143,-252586,-252118,-251767,-251508,-251357,-251303,-251338,-251464,-251688,-252008,-252415,-252903,-253475,-254138,-254881,-255707,-256617,-257588,-258654,,,,,,,,,,,,,,,,,,,,,,,,,,,,,,,,,,,,,,,,,,,,,,,,,,,,,,,,,,,,,,,,,,,,
RECAL 3 1 9999 -795 64 4 80,-2061,-422506,-398286,-374864,-353013,-333065,-314956,-298898,-284956,-273051,-263202,-255425,-249695,-245993,-244313,-244620,-246946,-251249,-257535,-265803,-275985,-287976,-301879,-317578,-334956,-353826,-373773,-394734,-416164,-437174,-457284,-475568,-491398,-502175,,,,,,,,,,,,,,,,,,,,,,,,,,,,,,,,,,,,,,,,,,,,,,,,,,,,,,,,,,,,,,,,,,,,
RECAL 3 0 9999 9999 64 4 80,-918,-269860,-267745,-265772,-263926,-262199,-260611,-259177,-257830,-256610,-255512,-254518,-253647,-252879,-252235,-251685,-251230,-250892,-250660,-250527,-250489,-250559,-250718,-250955,-251306,-251740,-252266,-252866,-253559,-254329,-255203,-256145,-257166,-258251,,,,,,,,,,,,,,,,,,,,,,,,,,,,,,,,,,,,,,,,,,,,,,,,,,,,,,,,,,,,,,,,,,,,
RECAL 3 1 9999 -843 64 4 80,-2696,-517448,-514245,-510791,-501304,-481832,-450990,-416063,-382834,-353298,-327576,-305737,-287657,-273140,-262227,-254823,-250920,-250446,-253344,-259610,-269084,-281978,-298012,-317229,-339450,-364339,-391601,-420312,-448733,-474843,-495344,-507647,-515388,-517614,,,,,,,,,,,,,,,,,,,,,,,,,,,,,,,,,,,,,,,,,,,,,,,,,,,,,,,,,,,,,,,,,,,,
RECAL 3 0 9999 9999 64 4 80,-2386,-371126,-356923,-343551,-331190,-319812,-309467,-299945,-291375,-283689,-276893,-271029,-266082,-262023,-258883,-256617,-255223,-254696,-255020,-256195,-258218,-261087,-264740,-269276,-274640,-280846,-287916,-295790,-304586,-314273,-324887,-336539,-349257,-362911,,,,,,,,,,,,,,,,,,,,,,,,,,,,,,,,,,,,,,,,,,,,,,,,,,,,,,,,,,,,,,,,,,,,
RECAL 3 1 9999 -2321 64 4 80,-2721,-517946,-516167,-511932,-503182,-486300,-454731,-419559,-385838,-356122,-330747,-308974,-291031,-276718,-265967,-258724,-254969,-254654,-257740,-264257,-274137,-287410,-303874,-323667,-346676,-372499,-400837,-430896,-460502,-485417,-501617,-511603,-515317,-518846,,,,,,,,,,,,,,,,,,,,,,,,,,,,,,,,,,,,,,,,,,,,,,,,,,,,,,,,,,,,,,,,,,,,
RECAL 3 0 9999 9999 64 4 80,-2373,-374410,-359653,-346007,-333117,-321211,-310265,-300302,-291369,-283378,-276376,-270360,-265308,-261186,-258001,-255745,-254411,-253998,-254464,-255796,-258042,-261183,-265199,-270099,-275880,-282546,-290120,-298601,-308138,-318636,-330136,-342767,-356453,-371323,,,,,,,,,,,,,,,,,,,,,,,,,,,,,,,,,,,,,,,,,,,,,,,,,,,,,,,,,,,,,,,,,,,,
RECAL 3 1 9999 -2309 64 4 80,-2098,-451320,-426431,-401193,-377108,-354910,-334761,-316772,-300920,-287313,-275771,-266392,-259106,-253944,-250894,-249887,-250927,-253998,-259100,-266226,-275342,-286437,-299437,-314452,-331260,-349887,-369931,-391337,-413451,-435791,-456885,-476082,-492340,-503095,,,,,,,,,,,,,,,,,,,,,,,,,,,,,,,,,,,,,,,,,,,,,,,,,,,,,,,,,,,,,,,,,,,,
RECAL 3 0 9999 9999 64 4 80,-2441,-373472,-358091,-343582,-330272,-317824,-306449,-296099,-286865,-278642,-271458,-265332,-260198,-256100,-253033,-250998,-249972,-249946,-250915,-252873,-255778,-259697,-264604,-270507,-277403,-285315,-294226,-304182,-315189,-327259,-340548,-355082,-370800,-388112,,,,,,,,,,,,,,,,,,,,,,,,,,,,,,,,,,,,,,,,,,,,,,,,,,,,,,,,,,,,,,,,,,,,
RECAL 3 1 9999 -2379 64 4 80,-1178,-308379,-299660,-291671,-284353,-277707,-271739,-266479,-261918,-257988,-254722,-252115,-250158,-248823,-248148,-248086,-248659,-249851,-251643,-254057,-257071,-260706,-264929,-269732,-275062,-281017,-287545,-294564,-302149,-310296,-318912,-328004,-337539,-347478,,,,,,,,,,,,,,,,,,,,,,,,,,,,,,,,,,,,,,,,,,,,,,,,,,,,,,,,,,,,,,,,,,,,
RECAL 3 0 9999 9999 64 4 80,-2359,-368110,-353410,-339522,-326562,-314626,-303678,-293768,-284887,-276969,-270024,-264070,-259056,-255030,-251960,-249838,-248632,-248339,-248964,-250503,-252928,-256262,-260492,-265658,-271737,-278777,-286727,-295595,-305505,-316409,-328300,-341203,-355376,-370803,,,,,,,,,,,,,,,,,,,,,,,,,,,,,,,,,,,,,,,,,,,,,,,,,,,,,,,,,,,,,,,,,,,,
RECAL 3 1 9999 -2296 64 4 80,1278,-335307,-324098,-313453,-303527,-294368,-285991,-278372,-271555,-265569,-260375,-256020,-252528,-249901,-248143,-247297,-247352,-248324,-250191,-253012,-256793,-261563,-267312,-274030,-281745,-290453,-300076,-310727,-322330,-334916,-348398,-362667,-377749,-393487,,,,,,,,,,,,,,,,,,,,,,,,,,,,,,,,,,,,,,,,,,,,,,,,,,,,,,,,,,,,,,,,,,,,
RECAL 3 0 9999 9999 64 4 80,-2427,-374060,-359064,-345079,-332013,-319995,-308951,-298941,-289991,-281966,-274940,-268934,-263931,-259941,-256941,-254935,-253901,-253823,-254697,-256533,-259338,-263088,-267802,-273468,-280096,-287637,-296131,-305640,-316229,-327854,-340651,-354623,-369610,-386288,,,,,,,,,,,,,,,,,,,,,,,,,,,,,,,,,,,,,,,,,,,,,,,,,,,,,,,,,,,,,,,,,,,,
RECAL 3 1 9999 -2364 64 4 80,2095,-505529,-494846,-479519,-458783,-435653,-411916,-388423,-365981,-345319,-326477,-309637,-294855,-282273,-271813,-263557,-257503,-253696,-252189,-252985,-256126,-261650,-269526,-279990,-292960,-308477,-326550,-347143,-369914,-394819,-420951,-446780,-470690,-489221,,,,,,,,,,,,,,,,,,,,,,,,,,,,,,,,,,,,,,,,,,,,,,,,,,,,,,,,,,,,,,,,,,,,
RECAL 3 0 9999 9999 64 4 80,-2402,-375086,-360897,-347560,-335187,-323771,-313345,-303830,-295282,-287763,-281148,-275397,-270562,-266641,-263641,-261546,-260361,-260074,-260677,-262164,-264533,-267767,-271865,-276854,-282725,-289510,-297055,-305624,-315160,-325649,-337190,-349824,-363479,-378399,,,,,,,,,,,,,,,,,,,,,,,,,,,,,,,,,,,,,,,,,,,,,,,,,,,,,,,,,,,,,,,,,,,,
RECAL 3 1 9999 -2338 64 4 80,2681,-519925,-519307,-519075,-514640,-509720,-500204,-481330,-455028,-424790,-394342,-365668,-339941,-317200,-297794,-281796,-269167,-260005,-254349,-252287,-253825,-259092,-268235,-281318,-298463,-319857,-345540,-375399,-409194,-445146,-477726,-498340,-508205,-514115,,,,,,,,,,,,,,,,,,,,,,,,,,,,,,,,,,,,,,,,,,,,,,,,,,,,,,,,,,,,,,,,,,,,
RECAL 3 0 9999 9999 64 4 80,2047,-356290,-344119,-332600,-321844,-311922,-302779,-294388,-286852,-280035,-274070,-268879,-264452,-260835,-257998,-255965,-254715,-254286,-254635,-255803,-257797,-260637,-264326,-268873,-274300,-280636,-287951,-296185,-305467,-315799,-327212,-339821,-353686,-368815,,,,,,,,,,,,,,,,,,,,,,,,,,,,,,,,,,,,,,,,,,,,,,,,,,,,,,,,,,,,,,,,,,,,
RECAL 3 1 9999 2111 64 4 80,-2788,-510882,-502067,-486657,-462865,-434703,-404262,-374340,-346435,-321340,-299624,-281778,-267471,-257041,-250509,-247872,-249074,-254104,-262950,-275553,-291945,-312121,-336100,-363865,-395139,-428752,-461478,-487874,-503746,-511687,-516731,-519218,-520119,-520166,,,,,,,,,,,,,,,,,,,,,,,,,,,,,,,,,,,,,,,,,,,,,,,,,,,,,,,,,,,,,,,,,,,,
RECAL 3 0 9999 9999 64 4 80,2081,-360618,-347776,-335491,-323963,-313188,-303182,-293980,-285586,-278051,-271230,-265224,-260034,-255691,-252188,-249536,-247737,-246791,-246742,-247587,-249330,-252005,-255612,-260197,-265748,-272182,-279772,-288451,-298174,-309141,-321338,-334824,-349798,-366220,,,,,,,,,,,,,,,,,,,,,,,,,,,,,,,,,,,,,,,,,,,,,,,,,,,,,,,,,,,,,,,,,,,,
RECAL 3 1 9999 2147 64 4 80,-2210,-470838,-449156,-426179,-402734,-379719,-357675,-336961,-317850,-300692,-285897,-273109,-262650,-254594,-248952,-245758,-244989,-246651,-250758,-257342,-266432,-277993,-292010,-308460,-327361,-348575,-371509,-396604,-422576,-447932,-471510,-489502,-501899,-510103,,,,,,,,,,,,,,,,,,,,,,,,,,,,,,,,,,,,,,,,,,,,,,,,,,,,,,,,,,,,,,,,,,,,
RECAL 3 0 9999 9999 64 4 80,2030,-351195,-338866,-327154,-316158,-305843,-296371,-287569,-279467,-272147,-265621,-259871,-254951,-250853,-247597,-245173,-243595,-242862,-242962,-243950,-245808,-248558,-252128,-256677,-262171,-268620,-276073,-284528,-294025,-304629,-316444,-329560,-343988,-359814,,,,,,,,,,,,,,,,,,,,,,,,,,,,,,,,,,,,,,,,,,,,,,,,,,,,,,,,,,,,,,,,,,,,
RECAL 3 1 9999 2096 64 4 80,-1396,-342560,-329953,-318031,-306848,-296461,-286957,-278244,-270418,-263506,-257542,-252545,-248509,-245433,-243333,-242198,-242020,-242814,-244572,-247305,-250993,-255648,-261252,-267802,-275286,-283701,-293035,-303288,-314448,-326491,-339391,-352925,-367196,-382121,,,,,,,,,,,,,,,,,,,,,,,,,,,,,,,,,,,,,,,,,,,,,,,,,,,,,,,,,,,,,,,,,,,,
RECAL 3 0 9999 9999 64 4 80,2054,-357447,-344974,-333083,-321891,-311375,-301547,-292516,-284268,-276806,-270128,-264255,-259170,-254907,-251490,-248906,-247184,-246283,-246230,-247062,-248770,-251380,-254912,-259376,-264827,-271272,-278749,-287251,-296758,-307427,-319290,-332346,-346542,-362347,,,,,,,,,,,,,,,,,,,,,,,,,,,,,,,,,,,,,,,,,,,,,,,,,,,,,,,,,,,,,,,,,,,,
RECAL 3 1 9999 2120 64 4 80,1025,-323133,-314945,-307066,-299578,-292506,-285863,-279656,-273922,-268670,-263916,-259660,-255951,-252825,-250264,-248288,-246915,-246161,-245996,-246480,-247604,-249382,-251838,-254973,-258805,-263359,-268600,-274576,-281282,-288756,-296932,-305926,-315689,-326089,,,,,,,,,,,,,,,,,,,,,,,,,,,,,,,,,,,,,,,,,,,,,,,,,,,,,,,,,,,,,,,,,,,,
RECAL 3 0 9999 9999 64 4 80,2154,-372577,-358775,-345697,-333324,-321704,-310906,-301003,-291787,-283393,-275845,-269161,-263367,-258479,-254496,-251459,-249353,-248177,-247929,-248650,-250320,-252983,-256638,-261217,-266897,-273622,-281440,-290382,-300442,-311775,-324363,-338474,-354108,-371284,,,,,,,,,,,,,,,,,,,,,,,,,,,,,,,,,,,,,,,,,,,,,,,,,,,,,,,,,,,,,,,,,,,,
RECAL 3 1 9999 2221 64 4 80,1937,-468358,-448999,-429136,-408970,-389270,-369988,-351608,-334106,-317885,-302982,-289667,-278005,-268209,-260188,-254074,-249965,-247910,-247933,-250094,-254434,-261028,-269879,-281071,-294631,-310647,-329122,-350147,-373414,-398726,-425425,-452135,-475745,-493021,,,,,,,,,,,,,,,,,,,,,,,,,,,,,,,,,,,,,,,,,,,,,,,,,,,,,,,,,,,,,,,,,,,,
RECAL 3 0 9999 9999 64 4 80,2140,-368280,-354884,-342034,-330024,-318822,-308487,-298983,-290347,-282511,-275629,-269429,-264069,-259546,-255910,-253128,-251221,-250195,-250075,-250842,-252485,-255058,-258553,-262982,-268370,-274725,-281937,-290244,-299569,-310054,-321697,-334574,-348765,-364347,,,,,,,,,,,,,,,,,,,,,,,,,,,,,,,,,,,,,,,,,,,,,,,,,,,,,,,,,,,,,,,,,,,,
RECAL 3 1 9999 2207 64 4 80,2548,-518882,-515294,-510119,-498949,-480224,-455531,-429174,-402119,-376158,-351712,-329111,-308780,-291002,-276003,-264057,-255338,-249981,-248112,-249834,-255167,-264346,-277521,-294753,-316347,-342525,-373449,-409308,-448271,-483550,-504774,-512281,-515357,-517163,,,,,,,,,,,,,,,,,,,,,,,,,,,,,,,,,,,,,,,,,,,,,,,,,,,,,,,,,,,,,,,,,,,,
RECAL 3 0 9999 9999 64 4 80,466,-249825,-249460,-249116,-248797,-248511,-248236,-247987,-247774,-247597,-247440,-247319,-247234,-247171,-247151,-247158,-247201,-247289,-247398,-247565,-247756,-247995,-248274,-248598,-248965,-249370,-249814,-250311,-250855,-251449,-252087,-252775,-253522,-254310,,,,,,,,,,,,,,,,,,,,,,,,,,,,,,,,,,,,,,,,,,,,,,,,,,,,,,,,,,,,,,,,,,,,
RECAL 3 1 9999 519 64 4 80,2574,-515040,-508179,-494897,-474473,-448355,-421166,-393914,-367657,-343161,-320787,-300896,-283820,-269768,-259052,-251577,-247562,-247128,-250401,-257480,-268528,-283669,-302917,-326660,-355190,-388651,-426749,-465722,-495598,-508459,-513053,-516152,-518658,-519785,,,,,,,,,,,,,,,,,,,,,,,,,,,,,,,,,,,,,,,,,,,,,,,,,,,,,,,,,,,,,,,,,,,,
RECAL 3 0 9999 9999 64 4 80,540,-247297,-246648,-246047,-245483,-244955,-244486,-244039,-243640,-243301,-242994,-242738,-242528,-242360,-242254,-242199,-242194,-242240,-242350,-242519,-242744,-243030,-243378,-243779,-244256,-244802,-245409,-246083,-246836,-247662,-248556,-249528,-250583,-251713,,,,,,,,,,,,,,,,,,,,,,,,,,,,,,,,,,,,,,,,,,,,,,,,,,,,,,,,,,,,,,,,,,,,
RECAL 3 1 9999 598 64 4 80,1966,-466539,-446438,-425655,-404714,-384122,-364423,-345490,-327593,-311023,-295958,-282542,-270911,-261124,-253331,-247558,-243823,-242197,-242727,-245465,-250454,-257740,-267348,-279463,-294042,-311202,-330938,-353364,-378038,-404988,-433115,-459749,-482606,-497253,,,,,,,,,,,,,,,,,,,,,,,,,,,,,,,,,,,,,,,,,,,,,,,,,,,,,,,,,,,,,,,,,,,,
RECAL 3 0 9999 9999 64 4 80,-462,-246456,-245986,-245551,-245171,-244808,-244508,-244213,-243951,-243731,-243530,-243371,-243228,-243114,-243036,-242977,-242957,-242945,-242968,-242999,-243067,-243134,-243243,-243359,-243514,-243668,-243848,-244039,-244257,-244491,-244725,-244999,-245260,-245546,,,,,,,,,,,,,,,,,,,,,,,,,,,,,,,,,,,,,,,,,,,,,,,,,,,,,,,,,,,,,,,,,,,,
RECAL 3 1 9999 -399 64 4 80,1087,-303011,-295105,-287611,-280543,-274005,-268014,-262575,-257733,-253489,-249886,-246900,-244555,-242869,-241842,-241502,-241854,-242924,-244693,-247207,-250476,-254509,-259344,-264977,-271393,-278648,-286754,-295685,-305507,-316202,-327738,-340170,-353412,-367297,,,,,,,,,,,,,,,,,,,,,,,,,,,,,,,,,,,,,,,,,,,,,,,,,,,,,,,,,,,,,,,,,,,,
RECAL 3 0 9999 9999 64 4 80,-575,-245241,-244562,-243928,-243353,-242854,-242363,-241978,-241594,-241303,-241023,-240804,-240661,-240502,-240466,-240427,-240448,-240511,-240590,-240717,-240899,-241090,-241334,-241620,-241915,-242266,-242649,-243060,-243506,-243974,-244468,-245008,-245555,-246116,,,,,,,,,,,,,,,,,,,,,,,,,,,,,,,,,,,,,,,,,,,,,,,,,,,,,,,,,,,,,,,,,,,,
RECAL 3 1 9999 -518 64 4 80,-1353,-342239,-329774,-317985,-307010,-296664,-287183,-278464,-270605,-263642,-257561,-252401,-248158,-244820,-242368,-240826,-240177,-240427,-241576,-243619,-246507,-250311,-254994,-260575,-267042,-274366,-282557,-291613,-301498,-312298,-323923,-336340,-349538,-363400,,,,,,,,,,,,,,,,,,,,,,,,,,,,,,,,,,,,,,,,,,,,,,,,,,,,,,,,,,,,,,,,,,,,
RECAL 3 0 9999 9999 64 4 80,-228,-242374,-242257,-242150,-242055,-241981,-241907,-241831,-241769,-241718,-241670,-241630,-241601,-241565,-241547,-241520,-241502,-241484,-241482,-241476,-241470,-241472,-241484,-241486,-241490,-241505,-241512,-241541,-241544,-241564,-241586,-241614,-241629,-241650,,,,,,,,,,,,,,,,,,,,,,,,,,,,,,,,,,,,,,,,,,,,,,,,,,,,,,,,,,,,,,,,,,,,
RECAL 3 1 9999 -151 64 4 80,-2185,-482445,-461836,-438905,-416115,-393009,-370522,-349258,-329251,-310935,-294446,-280047,-267741,-257707,-250031,-244763,-241881,-241449,-243451,-247908,-254696,-264061,-275875,-290111,-306757,-325744,-347002,-370201,-395172,-421099,-446423,-469879,-489082,-502068,,,,,,,,,,,,,,,,,,,,,,,,,,,,,,,,,,,,,,,,,,,,,,,,,,,,,,,,,,,,,,,,,,,,
RECAL 3 0 9999 9999 64 4 80,-525,-265792,-265365,-264962,-264626,-264333,-264048,-263821,-263631,-263485,-263335,-263252,-263186,-263141,-263137,-263170,-263221,-263281,-263395,-263524,-263665,-263838,-264045,-264251,-264502,-264767,-265051,-265359,-265686,-266029,-266391,-266750,-267156,-267555,,,,,,,,,,,,,,,,,,,,,,,,,,,,,,,,,,,,,,,,,,,,,,,,,,,,,,,,,,,,,,,,,,,,
RECAL 3 1 9999 -474 64 4 80,-2759,-503531,-487707,-463487,-434800,-404390,-374175,-346236,-321090,-299335,-281322,-267118,-256807,-250364,-247753,-248996,-254059,-262945,-275668,-291941,-312115,-336084,-363625,-394723,-428015,-460509,-487601,-504155,-512897,-515950,-518141,-519586,-519958,-520215,,,,,,,,,,,,,,,,,,,,,,,,,,,,,,,,,,,,,,,,,,,,,,,,,,,,,,,,,,,,,,,,,,,,
RECAL 3 0 9999 9999 64 4 80,-2258,-346215,-333412,-321608,-310765,-300873,-292041,-283963,-276766,-270467,-265049,-260497,-256842,-254057,-252144,-251083,-250878,-251523,-252997,-255313,-258472,-262472,-267258,-272906,-279435,-286818,-295017,-304173,-314231,-325252,-337353,-350574,-364877,-380445,,,,,,,,,,,,,,,,,,,,,,,,,,,,,,,,,,,,,,,,,,,,,,,,,,,,,,,,,,,,,,,,,,,,
RECAL 3 1 9999 -2199 64 4 80,-2778,-513894,-506205,-492543,-470300,-442743,-412499,-381909,-353550,-327419,-304581,-285426,-269991,-258416,-250720,-246933,-246963,-250797,-258435,-269892,-285198,-304302,-327346,-354384,-384878,-419008,-454526,-484169,-502459,-511593,-515822,-518747,-519203,-520288,,,,,,,,,,,,,,,,,,,,,,,,,,,,,,,,,,,,,,,,,,,,,,,,,,,,,,,,,,,,,,,,,,,,
RECAL 3 0 9999 9999 64 4 80,-2222,-337808,-325125,-313424,-302639,-292853,-284015,-276080,-269024,-262870,-257597,-253236,-249737,-247143,-245386,-244462,-244410,-245190,-246840,-249314,-252628,-256804,-261862,-267787,-274581,-282258,-290817,-300221,-310625,-321856,-334240,-347726,-362357,-378222,,,,,,,,,,,,,,,,,,,,,,,,,,,,,,,,,,,,,,,,,,,,,,,,,,,,,,,,,,,,,,,,,,,,
RECAL 3 1 9999 -2164 64 4 80,-2202,-483536,-463214,-440887,-417477,-393794,-370723,-348938,-328811,-310342,-293911,-279711,-267799,-258263,-251137,-246451,-244180,-244359,-246985,-252093,-259682,-269767,-282353,-297381,-314737,-334771,-357274,-381957,-408635,-435961,-462236,-483878,-498873,-507755,,,,,,,,,,,,,,,,,,,,,,,,,,,,,,,,,,,,,,,,,,,,,,,,,,,,,,,,,,,,,,,,,,,,
RECAL 3 0 9999 9999 64 4 80,-2269,-344095,-330695,-318273,-306882,-296456,-287058,-278613,-271122,-264665,-259062,-254403,-250693,-247933,-246109,-245210,-245248,-246193,-248061,-250811,-254474,-259057,-264555,-270958,-278290,-286448,-295561,-305713,-316867,-329071,-342372,-356795,-372427,-389549,,,,,,,,,,,,,,,,,,,,,,,,,,,,,,,,,,,,,,,,,,,,,,,,,,,,,,,,,,,,,,,,,,,,
RECAL 3 1 9999 -2211 64 4 80,-1381,-333336,-321188,-309760,-299106,-289347,-280454,-272456,-265419,-259296,-254169,-250028,-246812,-244552,-243257,-242925,-243560,-245139,-247672,-251126,-255521,-260874,-267161,-274384,-282540,-291615,-301591,-312349,-324111,-336789,-350367,-364627,-379648,-395448,,,,,,,,,,,,,,,,,,,,,,,,,,,,,,,,,,,,,,,,,,,,,,,,,,,,,,,,,,,,,,,,,,,,
RECAL 3 0 9999 9999 64 4 80,-2247,-345528,-332480,-320548,-309376,-299151,-289907,-281550,-274147,-267679,-262165,-257575,-253943,-251211,-249386,-248462,-248424,-249267,-251002,-253582,-257077,-261447,-266694,-272827,-279882,-287822,-296635,-306463,-317329,-329199,-342180,-356221,-371471,-387974,,,,,,,,,,,,,,,,,,,,,,,,,,,,,,,,,,,,,,,,,,,,,,,,,,,,,,,,,,,,,,,,,,,,
RECAL 3 1 9999 -2189 64 4 80,1041,-320289,-312027,-304163,-296722,-289816,-283294,-277288,-271779,-266826,-262413,-258575,-255342,-252726,-250687,-249271,-248475,-248326,-248831,-249990,-251838,-254359,-257580,-261507,-266168,-271547,-277683,-284579,-292233,-300524,-309779,-319840,-330715,-342436,,,,,,,,,,,,,,,,,,,,,,,,,,,,,,,,,,,,,,,,,,,,,,,,,,,,,,,,,,,,,,,,,,,,
RECAL 3 0 9999 9999 64 4 80,-2143,-336087,-324413,-313585,-303588,-294450,-286159,-278695,-272066,-266354,-261333,-257156,-253784,-251245,-249511,-248592,-248484,-249174,-250639,-252911,-255959,-259800,-264439,-269860,-276060,-283006,-290787,-299348,-308791,-319123,-330336,-342464,-355599,-369769,,,,,,,,,,,,,,,,,,,,,,,,,,,,,,,,,,,,,,,,,,,,,,,,,,,,,,,,,,,,,,,,,,,,
RECAL 3 1 9999 -2084 64 4 80,1940,-487460,-469760,-450206,-429919,-409058,-388347,-368320,-349305,-331310,-314778,-299751,-286613,-275084,-265456,-257717,-252033,-248413,-246879,-247485,-250250,-255227,-262449,-271995,-283917,-298178,-314971,-334207,-355841,-380025,-406654,-434356,-461202,-484075,,,,,,,,,,,,,,,,,,,,,,,,,,,,,,,,,,,,,,,,,,,,,,,,,,,,,,,,,,,,,,,,,,,,
RECAL 3 0 9999 9999 64 4 80,-2164,-336215,-324810,-314269,-304586,-295738,-287761,-280524,-274086,-268487,-263684,-259699,-256521,-254151,-252575,-251791,-251763,-252539,-254114,-256475,-259629,-263570,-268288,-273780,-280044,-287128,-294954,-303672,-313226,-323614,-334996,-347169,-360370,-374697,,,,,,,,,,,,,,,,,,,,,,,,,,,,,,,,,,,,,,,,,,,,,,,,,,,,,,,,,,,,,,,,,,,,
RECAL 3 1 9999 -2106 64 4 80,2553,-516960,-513092,-505438,-491146,-469882,-443500,-416086,-388908,-363098,-339305,-317822,-298938,-283005,-270134,-260533,-254328,-251647,-252546,-257042,-265357,-277547,-293749,-314176,-339035,-368477,-403049,-441600,-479125,-503993,-512569,-515921,-517411,-519046,,,,,,,,,,,,,,,,,,,,,,,,,,,,,,,,,,,,,,,,,,,,,,,,,,,,,,,,,,,,,,,,,,,,
RECAL 3 0 9999 9999 64 4 80,2363,-357871,-342886,-329248,-316662,-305125,-294627,-285167,-276634,-269045,-262389,-256606,-251723,-247739,-244689,-242503,-241231,-240835,-241349,-242729,-245039,-248250,-252379,-257435,-263443,-270411,-278349,-287223,-297058,-307994,-320023,-333231,-347630,-363296,,,,,,,,,,,,,,,,,,,,,,,,,,,,,,,,,,,,,,,,,,,,,,,,,,,,,,,,,,,,,,,,,,,,
RECAL 3 1 9999 2427 64 4 80,-2672,-511487,-503972,-490290,-467227,-435783,-400670,-366636,-336035,-309407,-286943,-268509,-254120,-243744,-237312,-234625,-235741,-240658,-249280,-261553,-277435,-296630,-318753,-343608,-370451,-398901,-427615,-455686,-481407,-500689,-511503,-517690,-519650,-522629,,,,,,,,,,,,,,,,,,,,,,,,,,,,,,,,,,,,,,,,,,,,,,,,,,,,,,,,,,,,,,,,,,,,
RECAL 3 0 9999 9999 64 4 80,2281,-364679,-348579,-333541,-319736,-307008,-295385,-284991,-275379,-266767,-259096,-252422,-246700,-241912,-238074,-235149,-233184,-232137,-231998,-232779,-234506,-237154,-240758,-245247,-250743,-257203,-264670,-273142,-282646,-293161,-304754,-317511,-331495,-346658,,,,,,,,,,,,,,,,,,,,,,,,,,,,,,,,,,,,,,,,,,,,,,,,,,,,,,,,,,,,,,,,,,,,
RECAL 3 1 9999 2348 64 4 80,-2087,-463718,-441410,-417266,-392556,-368162,-344928,-323216,-303524,-286043,-270838,-258138,-247753,-239782,-234240,-231103,-230346,-231947,-235897,-242195,-250859,-261829,-275061,-290354,-307583,-326560,-347025,-368202,-390499,-413257,-435750,-457612,-478031,-495205,,,,,,,,,,,,,,,,,,,,,,,,,,,,,,,,,,,,,,,,,,,,,,,,,,,,,,,,,,,,,,,,,,,,
RECAL 3 0 9999 9999 64 4 80,2363,-375776,-358201,-342060,-326884,-312929,-300125,-288518,-277967,-268492,-260061,-252650,-246270,-240919,-236590,-233298,-231034,-229796,-229584,-230377,-232211,-235085,-239016,-244009,-250071,-257204,-265475,-274789,-285218,-296758,-309543,-323562,-338822,-355327,,,,,,,,,,,,,,,,,,,,,,,,,,,,,,,,,,,,,,,,,,,,,,,,,,,,,,,,,,,,,,,,,,,,
RECAL 3 1 9999 2430 64 4 80,-1244,-325907,-313623,-302034,-291285,-281335,-272219,-263985,-256621,-250234,-244620,-239871,-235983,-232979,-230843,-229571,-229142,-229547,-230771,-232805,-235647,-239296,-243724,-248934,-254878,-261525,-268947,-277081,-285866,-295252,-305257,-315828,-326880,-338514,,,,,,,,,,,,,,,,,,,,,,,,,,,,,,,,,,,,,,,,,,,,,,,,,,,,,,,,,,,,,,,,,,,,
RECAL 3 0 9999 9999 64 4 80,2280,-359070,-342903,-327836,-314014,-301273,-289665,-279224,-269651,-261060,-253468,-246873,-241247,-236568,-232861,-230112,-228331,-227475,-227564,-228594,-230578,-233520,-237428,-242260,-248116,-254961,-262841,-271763,-281715,-292755,-304861,-318166,-332687,-348443,,,,,,,,,,,,,,,,,,,,,,,,,,,,,,,,,,,,,,,,,,,,,,,,,,,,,,,,,,,,,,,,,,,,
RECAL 3 1 9999 2346 64 4 80,1122,-323681,-312755,-302329,-292490,-283235,-274577,-266594,-259271,-252733,-246861,-241728,-237345,-233754,-230954,-228958,-227763,-227399,-227878,-229227,-231452,-234565,-238576,-243496,-249302,-255922,-263552,-272098,-281561,-291896,-303081,-315089,-327823,-341170,,,,,,,,,,,,,,,,,,,,,,,,,,,,,,,,,,,,,,,,,,,,,,,,,,,,,,,,,,,,,,,,,,,,
RECAL 3 0 9999 9999 64 4 80,2363,-368981,-351882,-336186,-321623,-308243,-296012,-284958,-274928,-265948,-257952,-250952,-244938,-239890,-235824,-232745,-230640,-229508,-229347,-230148,-231921,-234690,-238456,-243223,-249016,-255820,-263702,-272578,-282533,-293584,-305783,-319235,-333883,-349878,,,,,,,,,,,,,,,,,,,,,,,,,,,,,,,,,,,,,,,,,,,,,,,,,,,,,,,,,,,,,,,,,,,,
RECAL 3 1 9999 2430 64 4 80,1960,-479029,-458962,-437492,-415051,-392274,-369956,-348799,-328464,-309534,-292298,-276894,-263445,-252141,-243028,-236144,-231585,-229297,-229332,-231738,-236558,-243864,-253644,-265907,-280828,-298194,-318005,-339977,-363753,-388769,-414174,-438801,-461657,-481884,,,,,,,,,,,,,,,,,,,,,,,,,,,,,,,,,,,,,,,,,,,,,,,,,,,,,,,,,,,,,,,,,,,,
RECAL 3 0 9999 9999 64 4 80,2367,-359157,-343778,-329461,-316347,-304358,-293445,-283593,-274703,-266743,-259673,-253524,-248298,-243947,-240493,-237911,-236205,-235397,-235446,-236364,-238168,-240858,-244425,-248893,-254261,-260564,-267781,-275903,-285021,-295109,-306281,-318563,-331987,-346661,,,,,,,,,,,,,,,,,,,,,,,,,,,,,,,,,,,,,,,,,,,,,,,,,,,,,,,,,,,,,,,,,,,,
RECAL 3 1 9999 2433 64 4 80,2546,-518297,-517527,-512888,-503784,-489235,-466143,-438223,-408201,-378196,-349911,-323970,-300979,-281105,-264409,-251157,-241431,-235271,-232790,-234045,-239141,-248005,-260987,-278226,-299679,-325461,-355444,-388800,-423894,-455982,-481440,-498409,-508486,-513979,,,,,,,,,,,,,,,,,,,,,,,,,,,,,,,,,,,,,,,,,,,,,,,,,,,,,,,,,,,,,,,,,,,,
RECAL 3 0 9999 9999 64 4 80,1035,-254336,-251970,-249754,-247709,-245821,-244106,-242566,-241188,-239981,-238947,-238088,-237402,-236890,-236569,-236431,-236472,-236703,-237132,-237754,-238568,-239591,-240800,-242239,-243896,-245756,-247836,-250152,-252697,-255470,-258496,-261705,-265238,-269012,,,,,,,,,,,,,,,,,,,,,,,,,,,,,,,,,,,,,,,,,,,,,,,,,,,,,,,,,,,,,,,,,,,,
RECAL 3 1 9999 1092 64 4 80,2574,-519229,-518261,-515921,-511223,-502127,-484903,-458928,-427909,-395448,-364310,-335863,-310536,-288654,-270470,-255541,-244185,-236414,-232346,-232016,-235533,-243019,-254432,-269921,-289613,-313494,-341543,-373348,-407995,-442164,-470740,-491243,-503510,-512347,,,,,,,,,,,,,,,,,,,,,,,,,,,,,,,,,,,,,,,,,,,,,,,,,,,,,,,,,,,,,,,,,,,,
RECAL 3 0 9999 9999 64 4 80,1001,-252702,-250130,-247724,-245494,-243425,-241529,-239840,-238296,-236930,-235750,-234760,-233947,-233323,-232888,-232650,-232605,-232743,-233082,-233628,-234364,-235308,-236452,-237795,-239369,-241154,-243153,-245382,-247827,-250490,-253391,-256532,-259942,-263611,,,,,,,,,,,,,,,,,,,,,,,,,,,,,,,,,,,,,,,,,,,,,,,,,,,,,,,,,,,,,,,,,,,,
RECAL 3 1 9999 1060 64 4 80,1999,-478325,-457779,-435399,-412142,-388786,-366176,-344653,-324460,-305911,-289239,-274498,-261848,-251394,-243269,-237336,-233772,-232609,-233911,-237706,-244078,-253031,-264771,-279308,-296550,-316644,-339299,-364165,-390813,-417997,-443943,-467831,-486245,-501046,,,,,,,,,,,,,,,,,,,,,,,,,,,,,,,,,,,,,,,,,,,,,,,,,,,,,,,,,,,,,,,,,,,,
RECAL 3 0 9999 9999 64 4 80,803,-241946,-240398,-238954,-237609,-236364,-235243,-234227,-233320,-232525,-231853,-231281,-230832,-230503,-230293,-230211,-230246,-230406,-230706,-231126,-231689,-232381,-233218,-234198,-235314,-236556,-237966,-239531,-241245,-243112,-245128,-247310,-249651,-252132,,,,,,,,,,,,,,,,,,,,,,,,,,,,,,,,,,,,,,,,,,,,,,,,,,,,,,,,,,,,,,,,,,,,
RECAL 3 1 9999 860 64 4 80,1185,-337574,-325287,-313586,-302484,-292085,-282389,-273436,-265294,-258029,-251503,-245825,-240985,-237007,-233928,-231769,-230519,-230201,-230811,-232353,-234861,-238337,-242803,-248239,-254687,-262070,-270560,-280050,-290551,-301978,-314393,-327700,-341837,-356700,,,,,,,,,,,,,,,,,,,,,,,,,,,,,,,,,,,,,,,,,,,,,,,,,,,,,,,,,,,,,,,,,,,,
RECAL 3 0 9999 9999 64 4 80,994,-253611,-250993,-248549,-246294,-244203,-242296,-240570,-239027,-237694,-236525,-235545,-234755,-234166,-233763,-233564,-233562,-233759,-234152,-234751,-235556,-236569,-237796,-239236,-240892,-242738,-244822,-247131,-249654,-252408,-255397,-258636,-262108,-265850,,,,,,,,,,,,,,,,,,,,,,,,,,,,,,,,,,,,,,,,,,,,,,,,,,,,,,,,,,,,,,,,,,,,
RECAL 3 1 9999 1052 64 4 80,-1177,-322688,-311504,-300980,-291234,-282199,-273904,-266392,-259723,-253745,-248560,-244152,-240496,-237600,-235461,-234078,-233432,-233530,-234369,-235949,-238265,-241302,-245045,-249477,-254525,-260349,-266860,-274014,-281841,-290263,-299240,-308832,-318894,-329371,,,,,,,,,,,,,,,,,,,,,,,,,,,,,,,,,,,,,,,,,,,,,,,,,,,,,,,,,,,,,,,,,,,,
RECAL 3 0 9999 9999 64 4 80,800,-247243,-245690,-244236,-242877,-241613,-240461,-239401,-238453,-237613,-236878,-236252,-235747,-235345,-235063,-234895,-234845,-234912,-235102,-235424,-235872,-236448,-237161,-238009,-238997,-240092,-241358,-242758,-244311,-246003,-247850,-249849,-252003,-254314,,,,,,,,,,,,,,,,,,,,,,,,,,,,,,,,,,,,,,,,,,,,,,,,,,,,,,,,,,,,,,,,,,,,
RECAL 3 1 9999 860 64 4 80,-2043,-462808,-440648,-416994,-392531,-368477,-345805,-324696,-305529,-288400,-273491,-260933,-250744,-242922,-237410,-234253,-233396,-234802,-238514,-244489,-252730,-263215,-275908,-290724,-307417,-325829,-345822,-367007,-389055,-411562,-433838,-455264,-475216,-491735,,,,,,,,,,,,,,,,,,,,,,,,,,,,,,,,,,,,,,,,,,,,,,,,,,,,,,,,,,,,,,,,,,,,
RECAL 3 0 9999 9999 64 4 80,1003,-267096,-264697,-262459,-260384,-258464,-256715,-255161,-253751,-252494,-251413,-250514,-249787,-249224,-248864,-248665,-248648,-248823,-249180,-249729,-250472,-251406,-252542,-253849,-255393,-257139,-259083,-261262,-263657,-266272,-269088,-272164,-275504,-279069,,,,,,,,,,,,,,,,,,,,,,,,,,,,,,,,,,,,,,,,,,,,,,,,,,,,,,,,,,,,,,,,,,,,
RECAL 3 1 9999 1061 64 4 80,-2637,-513417,-506541,-494664,-474141,-445047,-411605,-378204,-347762,-321000,-298200,-279474,-264665,-253855,-246916,-243746,-244296,-248535,-256425,-267972,-283076,-301284,-323074,-347817,-374896,-403937,-433163,-461107,-485036,-502392,-512205,-517512,-518909,-520327,,,,,,,,,,,,,,,,,,,,,,,,,,,,,,,,,,,,,,,,,,,,,,,,,,,,,,,,,,,,,,,,,,,,
RECAL 3 0 9999 9999 64 4 80,-2001,-304280,-295078,-286671,-278960,-271956,-265736,-260080,-255117,-250812,-247147,-244132,-241749,-239991,-238852,-238332,-238410,-239092,-240373,-242254,-244735,-247801,-251420,-255671,-260543,-266025,-272092,-278816,-286147,-294089,-302770,-312163,-322254,-333101,,,,,,,,,,,,,,,,,,,,,,,,,,,,,,,,,,,,,,,,,,,,,,,,,,,,,,,,,,,,,,,,,,,,
RECAL 3 1 9999 -1944 64 4 80,-2676,-516713,-513115,-507943,-498116,-477744,-445045,-408216,-372984,-341945,-315093,-292415,-273748,-259010,-248173,-241182,-237839,-238254,-242417,-250281,-261876,-277131,-295919,-317997,-343311,-371405,-401842,-433049,-462578,-486506,-503297,-512508,-517219,-518399,,,,,,,,,,,,,,,,,,,,,,,,,,,,,,,,,,,,,,,,,,,,,,,,,,,,,,,,,,,,,,,,,,,,
RECAL 3 0 9999 9999 64 4 80,-2083,-303504,-293641,-284709,-276564,-269196,-262611,-256762,-251664,-247300,-243683,-240723,-238465,-236889,-235990,-235778,-236224,-237340,-239129,-241585,-244711,-248490,-252947,-258083,-263907,-270390,-277471,-285339,-293887,-303170,-313200,-323981,-335534,-347890,,,,,,,,,,,,,,,,,,,,,,,,,,,,,,,,,,,,,,,,,,,,,,,,,,,,,,,,,,,,,,,,,,,,
RECAL 3 1 9999 -2028 64 4 80,-2083,-456356,-431158,-404783,-378478,-353816,-331011,-310484,-292327,-276514,-263209,-252166,-243527,-237262,-233381,-231849,-232659,-235800,-241295,-249172,-259391,-271955,-286778,-303721,-322762,-343720,-365869,-389499,-413846,-437840,-460510,-480633,-495969,-506444,,,,,,,,,,,,,,,,,,,,,,,,,,,,,,,,,,,,,,,,,,,,,,,,,,,,,,,,,,,,,,,,,,,,
RECAL 3 0 9999 9999 64 4 80,-1985,-294239,-285087,-276581,-268827,-261804,-255509,-249918,-245019,-240805,-237264,-234386,-232144,-230537,-229558,-229199,-229446,-230302,-231749,-233815,-236472,-239740,-243598,-248046,-253080,-258724,-265021,-271935,-279481,-287666,-296428,-305881,-316009,-326760,,,,,,,,,,,,,,,,,,,,,,,,,,,,,,,,,,,,,,,,,,,,,,,,,,,,,,,,,,,,,,,,,,,,
RECAL 3 1 9999 -1929 64 4 80,-1253,-334816,-321744,-309435,-297902,-287307,-277562,-268718,-260772,-253734,-247612,-242443,-238058,-234555,-231922,-230165,-229257,-229207,-230005,-231636,-234086,-237354,-241436,-246328,-251994,-258459,-265723,-273622,-282369,-291820,-301916,-312719,-324131,-336100,,,,,,,,,,,,,,,,,,,,,,,,,,,,,,,,,,,,,,,,,,,,,,,,,,,,,,,,,,,,,,,,,,,,
RECAL 3 0 9999 9999 64 4 80,-2081,-303101,-292876,-283559,-275040,-267313,-260394,-254224,-248821,-244135,-240207,-236936,-234367,-232494,-231301,-230778,-230915,-231721,-233193,-235328,-238136,-241614,-245744,-250536,-255977,-262107,-268849,-276330,-284500,-293362,-302932,-313235,-324298,-336094,,,,,,,,,,,,,,,,,,,,,,,,,,,,,,,,,,,,,,,,,,,,,,,,,,,,,,,,,,,,,,,,,,,,
RECAL 3 1 9999 -2024 64 4 80,1106,-344908,-332783,-321223,-310243,-299946,-290371,-281388,-273075,-265460,-258523,-252314,-246836,-242127,-238118,-234882,-232417,-230744,-229871,-229805,-230560,-232155,-234632,-237984,-242234,-247391,-253437,-260427,-268329,-277038,-286772,-297394,-308997,-321493,,,,,,,,,,,,,,,,,,,,,,,,,,,,,,,,,,,,,,,,,,,,,,,,,,,,,,,,,,,,,,,,,,,,
RECAL 3 0 9999 9999 64 4 80,-1989,-294926,-285842,-277572,-269920,-262984,-256744,-251204,-246342,-242124,-238550,-235631,-233356,-231691,-230635,-230182,-230332,-231076,-232424,-234338,-236856,-239971,-243686,-247972,-252844,-258320,-264409,-271141,-278516,-286527,-295142,-304464,-314467,-325151,,,,,,,,,,,,,,,,,,,,,,,,,,,,,,,,,,,,,,,,,,,,,,,,,,,,,,,,,,,,,,,,,,,,
RECAL 3 1 9999 -1932 64 4 80,1956,-472517,-450858,-427262,-402683,-378426,-355263,-333674,-314111,-296235,-280423,-266618,-254954,-245491,-238240,-233244,-230550,-230167,-232106,-236415,-243162,-252346,-264058,-278342,-294996,-314380,-336200,-360227,-386165,-413015,-439647,-463565,-483479,-497602,,,,,,,,,,,,,,,,,,,,,,,,,,,,,,,,,,,,,,,,,,,,,,,,,,,,,,,,,,,,,,,,,,,,
RECAL 3 0 9999 9999 64 4 80,-1991,-297686,-289068,-281208,-273985,-267444,-261566,-256337,-251763,-247822,-244493,-241781,-239682,-238168,-237234,-236897,-237131,-237945,-239333,-241276,-243807,-246917,-250588,-254850,-259706,-265168,-271188,-277865,-285181,-293119,-301718,-311007,-320995,-331718,,,,,,,,,,,,,,,,,,,,,,,,,,,,,,,,,,,,,,,,,,,,,,,,,,,,,,,,,,,,,,,,,,,,
RECAL 3 1 9999 -1935 64 4 80,2541,-518914,-516732,-513736,-508564,-498140,-479287,-451318,-419400,-386886,-356517,-329217,-305247,-284761,-267611,-253813,-243550,-236816,-233700,-234254,-238553,-246675,-258504,-274507,-294689,-319162,-348018,-381070,-417579,-453767,-482955,-500565,-508823,-514769,,,,,,,,,,,,,,,,,,,,,,,,,,,,,,,,,,,,,,,,,,,,,,,,,,,,,,,,,,,,,,,,,,,,
RECAL 3 0 9999 9999 64 4 80,1981,-321368,-310272,-299961,-290569,-281932,-274065,-266954,-260596,-254964,-250036,-245818,-242309,-239512,-237450,-236124,-235527,-235658,-236525,-238119,-240466,-243584,-247463,-252114,-257583,-263859,-270954,-278826,-287576,-297151,-307739,-319308,-331891,-345598,,,,,,,,,,,,,,,,,,,,,,,,,,,,,,,,,,,,,,,,,,,,,,,,,,,,,,,,,,,,,,,,,,,,
RECAL 3 1 9999 2042 64 4 80,-2723,-513213,-510296,-502154,-481054,-444095,-403271,-366162,-334105,-306804,-284208,-265568,-250966,-240301,-233465,-230410,-231063,-235349,-243261,-254701,-269629,-287874,-309164,-333251,-359663,-387838,-416621,-445864,-473589,-496047,-509120,-516114,-518896,-519634,,,,,,,,,,,,,,,,,,,,,,,,,,,,,,,,,,,,,,,,,,,,,,,,,,,,,,,,,,,,,,,,,,,,
RECAL 3 0 9999 9999 64 4 80,2029,-332936,-320097,-308231,-297265,-287286,-278230,-269959,-262510,-255867,-250036,-245017,-240802,-237388,-234791,-233021,-232052,-231885,-232529,-233994,-236287,-239428,-243348,-248150,-253803,-260353,-267799,-276162,-285456,-295679,-306991,-319419,-332944,-347602,,,,,,,,,,,,,,,,,,,,,,,,,,,,,,,,,,,,,,,,,,,,,,,,,,,,,,,,,,,,,,,,,,,,
RECAL 3 1 9999 2092 64 4 80,-2131,-463398,-437403,-409306,-381086,-354555,-330585,-308868,-289782,-273296,-259405,-248124,-239365,-233098,-229274,-227820,-228693,-231849,-237266,-244905,-254663,-266547,-280303,-295957,-313291,-332094,-352152,-373036,-394680,-416588,-438631,-460084,-480099,-496234,,,,,,,,,,,,,,,,,,,,,,,,,,,,,,,,,,,,,,,,,,,,,,,,,,,,,,,,,,,,,,,,,,,,
RECAL 3 0 9999 9999 64 4 80,1922,-314539,-303254,-292822,-283185,-274306,-266190,-258837,-252264,-246491,-241470,-237179,-233617,-230801,-228721,-227376,-226778,-226920,-227804,-229441,-231830,-234989,-238927,-243644,-249141,-255501,-262731,-270810,-279772,-289593,-300259,-311877,-324402,-337673,,,,,,,,,,,,,,,,,,,,,,,,,,,,,,,,,,,,,,,,,,,,,,,,,,,,,,,,,,,,,,,,,,,,
RECAL 3 1 9999 1983 64 4 80,-1281,-320691,-308247,-296575,-285875,-276015,-267068,-259013,-251885,-245658,-240281,-235789,-232162,-229399,-227485,-226417,-226176,-226750,-228115,-230278,-233228,-236951,-241433,-246643,-252551,-259149,-266422,-274299,-282792,-291843,-301404,-311482,-321999,-332901,,,,,,,,,,,,,,,,,,,,,,,,,,,,,,,,,,,,,,,,,,,,,,,,,,,,,,,,,,,,,,,,,,,,
RECAL 3 0 9999 9999 64 4 80,1995,-326742,-314318,-302775,-292148,-282356,-273378,-265189,-257794,-251244,-245525,-240632,-236554,-233313,-230893,-229317,-228534,-228569,-229450,-231160,-233732,-237160,-241475,-246621,-252613,-259517,-267344,-276097,-285798,-296404,-308055,-320444,-333972,-348515,,,,,,,,,,,,,,,,,,,,,,,,,,,,,,,,,,,,,,,,,,,,,,,,,,,,,,,,,,,,,,,,,,,,
RECAL 3 1 9999 2057 64 4 80,1154,-322660,-311405,-300772,-290845,-281550,-272970,-265114,-257976,-251597,-245957,-241079,-236975,-233672,-231161,-229452,-228543,-228448,-229159,-230687,-233039,-236229,-240262,-245125,-250803,-257280,-264586,-272679,-281547,-291192,-301511,-312548,-324206,-336374,,,,,,,,,,,,,,,,,,,,,,,,,,,,,,,,,,,,,,,,,,,,,,,,,,,,,,,,,,,,,,,,,,,,
RECAL 3 0 9999 9999 64 4 80,1969,-323613,-311633,-300496,-290276,-280966,-272393,-264636,-257669,-251506,-246109,-241491,-237643,-234559,-232251,-230739,-230028,-230126,-231022,-232748,-235297,-238633,-242835,-247872,-253783,-260585,-268308,-276943,-286507,-296962,-308355,-320714,-334102,-348513,,,,,,,,,,,,,,,,,,,,,,,,,,,,,,,,,,,,,,,,,,,,,,,,,,,,,,,,,,,,,,,,,,,,
RECAL 3 1 9999 2030 64 4 80,2005,-489886,-472702,-451615,-428714,-405021,-381110,-357987,-336075,-315776,-297384,-281067,-266979,-254976,-245272,-237850,-232733,-229959,-229522,-231415,-235681,-242364,-251430,-262878,-276652,-292613,-310613,-330457,-351561,-373891,-397172,-420922,-444380,-467158,,,,,,,,,,,,,,,,,,,,,,,,,,,,,,,,,,,,,,,,,,,,,,,,,,,,,,,,,,,,,,,,,,,,
RECAL 3 0 9999 9999 64 4 80,1949,-326793,-315246,-304632,-294873,-285932,-277748,-270338,-263688,-257808,-252750,-248412,-244804,-241938,-239808,-238430,-237795,-237908,-238792,-240472,-242931,-246199,-250256,-255152,-260892,-267492,-274859,-283152,-292359,-302522,-313689,-325883,-339161,-353549,,,,,,,,,,,,,,,,,,,,,,,,,,,,,,,,,,,,,,,,,,,,,,,,,,,,,,,,,,,,,,,,,,,,
RECAL 3 1 9999 2010 64 4 80,2596,-518465,-517378,-513420,-505119,-491891,-470144,-442131,-411809,-380671,-351334,-324609,-301106,-281100,-264659,-251907,-242929,-237682,-236214,-238567,-244803,-254953,-269136,-287265,-308943,-334501,-363024,-393439,-424287,-453626,-479369,-498510,-509632,-515997,,,,,,,,,,,,,,,,,,,,,,,,,,,,,,,,,,,,,,,,,,,,,,,,,,,,,,,,,,,,,,,,,,,,
RECAL 3 0 9999 9999 64 4 80,-908,-241054,-239701,-238487,-237399,-236459,-235636,-234944,-234371,-233920,-233587,-233379,-233273,-233285,-233403,-233649,-233990,-234443,-235004,-235661,-236423,-237285,-238243,-239305,-240462,-241713,-243051,-244483,-245998,-247595,-249260,-251015,-252856,-254763,,,,,,,,,,,,,,,,,,,,,,,,,,,,,,,,,,,,,,,,,,,,,,,,,,,,,,,,,,,,,,,,,,,,
RECAL 3 1 9999 -863 64 4 80,2622,-518164,-515518,-511844,-502969,-486643,-461580,-431016,-398378,-366711,-337646,-311709,-289360,-270623,-255584,-244344,-236881,-233239,-233443,-237553,-245662,-257775,-273973,-294103,-318014,-345307,-375146,-406276,-436550,-464167,-488274,-503840,-512725,-517653,,,,,,,,,,,,,,,,,,,,,,,,,,,,,,,,,,,,,,,,,,,,,,,,,,,,,,,,,,,,,,,,,,,,
RECAL 3 0 9999 9999 64 4 80,-827,-237460,-236258,-235182,-234217,-233377,-232642,-232025,-231520,-231124,-230840,-230658,-230568,-230583,-230698,-230907,-231204,-231595,-232073,-232639,-233300,-234040,-234860,-235768,-236761,-237837,-238994,-240234,-241547,-242932,-244389,-245908,-247495,-249156,,,,,,,,,,,,,,,,,,,,,,,,,,,,,,,,,,,,,,,,,,,,,,,,,,,,,,,,,,,,,,,,,,,,
RECAL 3 1 9999 -782 64 4 80,2039,-488192,-470866,-449446,-425922,-401041,-376232,-352606,-330420,-310224,-292136,-276285,-262672,-251436,-242582,-236139,-232140,-230586,-231484,-234851,-240606,-248878,-259603,-272791,-288361,-306088,-325875,-347371,-370006,-393661,-417553,-441287,-463570,-484065,,,,,,,,,,,,,,,,,,,,,,,,,,,,,,,,,,,,,,,,,,,,,,,,,,,,,,,,,,,,,,,,,,,,
RECAL 3 0 9999 9999 64 4 80,-743,-233117,-232169,-231319,-230563,-229896,-229324,-228841,-228453,-228149,-227926,-227795,-227747,-227775,-227890,-228078,-228344,-228688,-229095,-229586,-230141,-230757,-231442,-232195,-233007,-233884,-234826,-235808,-236862,-237979,-239148,-240369,-241644,-242975,,,,,,,,,,,,,,,,,,,,,,,,,,,,,,,,,,,,,,,,,,,,,,,,,,,,,,,,,,,,,,,,,,,,
RECAL 3 1 9999 -699 64 4 80,1207,-336338,-323621,-311595,-300413,-289910,-280130,-271146,-262985,-255632,-249146,-243517,-238725,-234805,-231743,-229544,-228210,-227746,-228165,-229471,-231648,-234751,-238767,-243704,-249536,-256284,-263949,-272508,-281984,-292317,-303484,-315448,-328098,-341437,,,,,,,,,,,,,,,,,,,,,,,,,,,,,,,,,,,,,,,,,,,,,,,,,,,,,,,,,,,,,,,,,,,,
RECAL 3 0 9999 9999 64 4 80,-937,-237123,-235403,-233850,-232471,-231261,-230212,-229313,-228566,-227966,-227507,-227204,-227042,-227019,-227131,-227376,-227759,-228268,-228913,-229681,-230576,-231605,-232758,-234038,-235425,-236946,-238583,-240331,-242170,-244131,-246209,-248393,-250679,-253073,,,,,,,,,,,,,,,,,,,,,,,,,,,,,,,,,,,,,,,,,,,,,,,,,,,,,,,,,,,,,,,,,,,,
RECAL 3 1 9999 -890 64 4 80,-1225,-320012,-307960,-296748,-286562,-277042,-268368,-260556,-253588,-247469,-242171,-237679,-233994,-231088,-228950,-227560,-226922,-227004,-227805,-229317,-231503,-234394,-237966,-242223,-247127,-252669,-258845,-265665,-273076,-281072,-289631,-298683,-308265,-318302,,,,,,,,,,,,,,,,,,,,,,,,,,,,,,,,,,,,,,,,,,,,,,,,,,,,,,,,,,,,,,,,,,,,
RECAL 3 0 9999 9999 64 4 80,-612,-238048,-237599,-237209,-236869,-236598,-236377,-236212,-236094,-236024,-236009,-236036,-236116,-236241,-236409,-236626,-236873,-237166,-237506,-237871,-238286,-238734,-239222,-239731,-240274,-240858,-241466,-242099,-242774,-243475,-244205,-244963,-245739,-246544,,,,,,,,,,,,,,,,,,,,,,,,,,,,,,,,,,,,,,,,,,,,,,,,,,,,,,,,,,,,,,,,,,,,
RECAL 3 1 9999 -577 64 4 80,-2094,-431973,-403883,-376414,-350927,-327703,-306931,-288661,-272784,-259366,-248370,-239751,-233457,-229493,-227769,-228280,-231013,-235936,-243042,-252266,-263553,-276883,-292130,-309169,-327825,-347864,-368881,-390789,-412959,-434693,-456057,-476047,-492292,-504271,,,,,,,,,,,,,,,,,,,,,,,,,,,,,,,,,,,,,,,,,,,,,,,,,,,,,,,,,,,,,,,,,,,,
RECAL 3 0 9999 9999 64 4 80,-809,-251255,-250344,-249557,-248862,-248258,-247743,-247332,-246989,-246734,-246552,-246471,-246467,-246532,-246673,-246900,-247187,-247546,-247982,-248477,-249056,-249700,-250419,-251192,-252044,-252942,-253911,-254935,-256017,-257174,-258368,-259633,-260961,-262336,,,,,,,,,,,,,,,,,,,,,,,,,,,,,,,,,,,,,,,,,,,,,,,,,,,,,,,,,,,,,,,,,,,,
RECAL 3 1 9999 -766 64 4 80,-2693,-511055,-502957,-481518,-444834,-404936,-368472,-337002,-310048,-287552,-269047,-254437,-243745,-236816,-233649,-234201,-238428,-246301,-257707,-272433,-290693,-312093,-336395,-363055,-391582,-420959,-449925,-476494,-497487,-509725,-514975,-517782,-518464,-518919,,,,,,,,,,,,,,,,,,,,,,,,,,,,,,,,,,,,,,,,,,,,,,,,,,,,,,,,,,,,,,,,,,,,
RECAL 3 0 9999 9999 64 4 80,-2332,-313369,-302532,-292735,-283889,-275951,-268900,-262711,-257367,-252903,-249224,-246347,-244264,-242976,-242485,-242782,-243871,-245761,-248466,-251981,-256317,-261473,-267480,-274321,-282025,-290523,-299977,-310434,-321879,-334342,-347918,-362557,-378364,-395400,,,,,,,,,,,,,,,,,,,,,,,,,,,,,,,,,,,,,,,,,,,,,,,,,,,,,,,,,,,,,,,,,,,,
RECAL 3 1 9999 -2280 64 4 80,-2730,-515960,-514220,-508267,-486768,-446141,-404579,-368027,-337051,-310883,-289081,-271245,-257355,-247097,-240503,-237533,-238181,-242410,-250167,-261412,-276126,-294221,-315623,-340149,-367443,-397137,-428106,-458433,-484948,-502874,-513428,-516496,-519588,-519532,,,,,,,,,,,,,,,,,,,,,,,,,,,,,,,,,,,,,,,,,,,,,,,,,,,,,,,,,,,,,,,,,,,,
RECAL 3 0 9999 9999 64 4 80,-2284,-312311,-300798,-290414,-280956,-272405,-264803,-258098,-252318,-247431,-243415,-240262,-237971,-236524,-235925,-236170,-237261,-239199,-241964,-245577,-250013,-255257,-261333,-268262,-276035,-284684,-294182,-304605,-315996,-328164,-341498,-355835,-371215,-387818,,,,,,,,,,,,,,,,,,,,,,,,,,,,,,,,,,,,,,,,,,,,,,,,,,,,,,,,,,,,,,,,,,,,
RECAL 3 1 9999 -2231 64 4 80,-2145,-490698,-468710,-439433,-408893,-379761,-353399,-329775,-308963,-290892,-275568,-262540,-252039,-244015,-238419,-235225,-234409,-235933,-239751,-245837,-254152,-264677,-277360,-292064,-308682,-327123,-347062,-368378,-390808,-413700,-436554,-457974,-478579,-494462,,,,,,,,,,,,,,,,,,,,,,,,,,,,,,,,,,,,,,,,,,,,,,,,,,,,,,,,,,,,,,,,,,,,
RECAL 3 0 9999 9999 64 4 80,-2382,-320295,-307062,-295107,-284379,-274796,-266208,-258657,-252151,-246677,-242184,-238687,-236166,-234630,-234044,-234399,-235687,-237913,-241066,-245152,-250163,-256021,-262895,-270698,-279454,-289173,-299829,-311543,-324267,-338131,-353222,-369267,-386683,-405086,,,,,,,,,,,,,,,,,,,,,,,,,,,,,,,,,,,,,,,,,,,,,,,,,,,,,,,,,,,,,,,,,,,,
RECAL 3 1 9999 -2329 64 4 80,-1300,-317678,-305523,-294379,-284215,-274977,-266673,-259366,-252903,-247362,-242695,-238890,-235960,-233898,-232680,-232303,-232765,-234065,-236183,-239133,-242880,-247433,-252745,-258763,-265628,-273205,-281501,-290481,-300043,-310250,-321018,-332258,-343951,-356078,,,,,,,,,,,,,,,,,,,,,,,,,,,,,,,,,,,,,,,,,,,,,,,,,,,,,,,,,,,,,,,,,,,,
RECAL 3 0 9999 9999 64 4 80,-2320,-317634,-304814,-293216,-282718,-273278,-264957,-257544,-251146,-245704,-241200,-237627,-234985,-233259,-232438,-232533,-233545,-235466,-238300,-242043,-246676,-252228,-258618,-266008,-274321,-283591,-293797,-304973,-317157,-330335,-344477,-359570,-375755,-392988,,,,,,,,,,,,,,,,,,,,,,,,,,,,,,,,,,,,,,,,,,,,,,,,,,,,,,,,,,,,,,,,,,,,
RECAL 3 1 9999 -2267 64 4 80,1123,-333092,-321647,-310835,-300681,-291236,-282434,-274313,-266879,-260194,-254155,-248843,-244251,-240386,-237259,-234875,-233245,-232367,-232257,-232930,-234391,-236640,-239704,-243581,-248268,-253678,-259993,-267123,-275085,-283820,-293351,-303632,-314674,-326346,,,,,,,,,,,,,,,,,,,,,,,,,,,,,,,,,,,,,,,,,,,,,,,,,,,,,,,,,,,,,,,,,,,,
RECAL 3 0 9999 9999 64 4 80,-2343,-326093,-312971,-301085,-290465,-280914,-272393,-264912,-258411,-252901,-248352,-244782,-242111,-240365,-239539,-239628,-240613,-242525,-245330,-249033,-253691,-259268,-265814,-273276,-281703,-291081,-301380,-312624,-325010,-338473,-353102,-368692,-385575,-403601,,,,,,,,,,,,,,,,,,,,,,,,,,,,,,,,,,,,,,,,,,,,,,,,,,,,,,,,,,,,,,,,,,,,
RECAL 3 1 9999 -2289 64 4 80,1983,-507046,-499128,-485224,-466216,-442362,-416660,-390806,-366198,-343400,-322695,-304164,-287860,-273695,-261745,-252065,-244617,-239418,-236488,-235830,-237467,-241437,-247740,-256387,-267409,-280757,-296377,-314276,-334167,-355796,-378697,-402654,-426370,-449186,,,,,,,,,,,,,,,,,,,,,,,,,,,,,,,,,,,,,,,,,,,,,,,,,,,,,,,,,,,,,,,,,,,,
RECAL 3 0 9999 9999 64 4 80,-2365,-324856,-311913,-300112,-289508,-279924,-271361,-263832,-257284,-251742,-247159,-243493,-240738,-238883,-237935,-237885,-238737,-240455,-243074,-246572,-250964,-256249,-262451,-269550,-277593,-286636,-296590,-307637,-319747,-332879,-347178,-362557,-379147,-396827,,,,,,,,,,,,,,,,,,,,,,,,,,,,,,,,,,,,,,,,,,,,,,,,,,,,,,,,,,,,,,,,,,,,
RECAL 3 1 9999 -2311 64 4 80,2582,-518684,-516923,-513126,-505834,-493077,-469550,-437957,-403771,-370831,-341292,-315292,-293309,-274773,-259947,-248841,-241431,-237744,-237840,-241766,-249515,-261157,-276751,-296157,-319455,-346225,-375814,-407097,-437709,-465221,-488156,-502977,-511589,-517074,,,,,,,,,,,,,,,,,,,,,,,,,,,,,,,,,,,,,,,,,,,,,,,,,,,,,,,,,,,,,,,,,,,,
RECAL 3 0 9999 9999 64 4 80,2342,-357978,-344040,-331169,-319354,-308507,-298561,-289598,-281599,-274372,-267981,-262411,-257698,-253826,-250782,-248575,-247175,-246616,-246921,-248077,-250107,-252985,-256756,-261422,-266892,-273362,-280763,-289115,-298383,-308712,-320050,-332477,-345979,-360565,,,,,,,,,,,,,,,,,,,,,,,,,,,,,,,,,,,,,,,,,,,,,,,,,,,,,,,,,,,,,,,,,,,,
RECAL 3 1 9999 2406 64 4 80,-2714,-515158,-508693,-494877,-463342,-424077,-386902,-354436,-326918,-303353,-283708,-267762,-255437,-246672,-241384,-239567,-241241,-246442,-255183,-267481,-283198,-302186,-324293,-349183,-375826,-404145,-432700,-459414,-483522,-501145,-511124,-516689,-518607,-519146,,,,,,,,,,,,,,,,,,,,,,,,,,,,,,,,,,,,,,,,,,,,,,,,,,,,,,,,,,,,,,,,,,,,
RECAL 3 0 9999 9999 64 4 80,2278,-348239,-334147,-321070,-309011,-297933,-287838,-278625,-270400,-262943,-256351,-250670,-245855,-241909,-238843,-236636,-235323,-234880,-235291,-236585,-238762,-241827,-245777,-250635,-256298,-262979,-270601,-279174,-288728,-299210,-310779,-323387,-337185,-352174,,,,,,,,,,,,,,,,,,,,,,,,,,,,,,,,,,,,,,,,,,,,,,,,,,,,,,,,,,,,,,,,,,,,
RECAL 3 1 9999 2342 64 4 80,-2107,-462382,-435155,-406474,-378834,-353461,-330538,-310249,-292443,-277108,-264060,-253287,-244742,-238409,-234261,-232305,-232506,-234867,-239399,-246105,-254935,-265936,-278981,-294029,-311021,-329880,-350307,-371839,-394324,-416998,-439304,-460608,-479820,-494671,,,,,,,,,,,,,,,,,,,,,,,,,,,,,,,,,,,,,,,,,,,,,,,,,,,,,,,,,,,,,,,,,,,,
RECAL 3 0 9999 9999 64 4 80,2284,-345561,-331213,-318002,-305784,-294575,-284526,-275181,-266764,-259264,-252682,-247011,-242228,-238345,-235347,-233259,-232050,-231720,-232279,-233732,-236091,-239361,-243492,-248565,-254578,-261561,-269520,-278453,-288390,-299300,-311372,-324554,-338941,-354525,,,,,,,,,,,,,,,,,,,,,,,,,,,,,,,,,,,,,,,,,,,,,,,,,,,,,,,,,,,,,,,,,,,,
RECAL 3 1 9999 2348 64 4 80,-1224,-317319,-305970,-295484,-285981,-277146,-269114,-261887,-255440,-249778,-244903,-240785,-237448,-234850,-232992,-231850,-231427,-231725,-232721,-234432,-236814,-239918,-243707,-248167,-253308,-259118,-265603,-272699,-280512,-288949,-297953,-307568,-317695,-328303,,,,,,,,,,,,,,,,,,,,,,,,,,,,,,,,,,,,,,,,,,,,,,,,,,,,,,,,,,,,,,,,,,,,
RECAL 3 0 9999 9999 64 4 80,2291,-349092,-334348,-320695,-308132,-296745,-286208,-276582,-267902,-260149,-253320,-247412,-242404,-238296,-235065,-232719,-231254,-230658,-230944,-232117,-234185,-237099,-240966,-245745,-251442,-258084,-265704,-274289,-283890,-294513,-306275,-319168,-333202,-348420,,,,,,,,,,,,,,,,,,,,,,,,,,,,,,,,,,,,,,,,,,,,,,,,,,,,,,,,,,,,,,,,,,,,
RECAL 3 1 9999 2356 64 4 80,1203,-337001,-324522,-312812,-301850,-291799,-282376,-273713,-265824,-258699,-252357,-246815,-242064,-238150,-235037,-232747,-231279,-230638,-230838,-231898,-233834,-236613,-240323,-244942,-250486,-256956,-264384,-272754,-282072,-292390,-303655,-315875,-328905,-342731,,,,,,,,,,,,,,,,,,,,,,,,,,,,,,,,,,,,,,,,,,,,,,,,,,,,,,,,,,,,,,,,,,,,
RECAL 3 0 9999 9999 64 4 80,2381,-357513,-341910,-327443,-314204,-302052,-290977,-280800,-271612,-263382,-256103,-249782,-244391,-239905,-236362,-233691,-231920,-231053,-231104,-232072,-233968,-236774,-240510,-245163,-250751,-257288,-264833,-273359,-282933,-293537,-305044,-317861,-331855,-347126,,,,,,,,,,,,,,,,,,,,,,,,,,,,,,,,,,,,,,,,,,,,,,,,,,,,,,,,,,,,,,,,,,,,
RECAL 3 1 9999 2447 64 4 80,2042,-496888,-482210,-460413,-434777,-407493,-381055,-356460,-334043,-313862,-295880,-280049,-266350,-254818,-245543,-238464,-233585,-230958,-230579,-232478,-236755,-243453,-252593,-264262,-278540,-295304,-314629,-336142,-359557,-384561,-410422,-435595,-459286,-479545,,,,,,,,,,,,,,,,,,,,,,,,,,,,,,,,,,,,,,,,,,,,,,,,,,,,,,,,,,,,,,,,,,,,
RECAL 3 0 9999 9999 64 4 80,2314,-341184,-327915,-315702,-304502,-294291,-285008,-276643,-269132,-262451,-256604,-251567,-247325,-243863,-241192,-239327,-238211,-237874,-238321,-239543,-241554,-244366,-247949,-252385,-257660,-263826,-270850,-278783,-287622,-297368,-308151,-319804,-332687,-346782,,,,,,,,,,,,,,,,,,,,,,,,,,,,,,,,,,,,,,,,,,,,,,,,,,,,,,,,,,,,,,,,,,,,
RECAL 3 1 9999 2378 64 4 80,2629,-519000,-516495,-514715,-511410,-503982,-487601,-458082,-422935,-388314,-356923,-329315,-305418,-285123,-268262,-254773,-244717,-237813,-234249,-234090,-237412,-244337,-254941,-269423,-287960,-310731,-337612,-368344,-402060,-436509,-467293,-489567,-502432,-510505,,,,,,,,,,,,,,,,,,,,,,,,,,,,,,,,,,,,,,,,,,,,,,,,,,,,,,,,,,,,,,,,,,,,
RECAL 3 0 9999 9999 64 4 80,845,-247294,-246174,-245140,-244190,-243325,-242544,-241838,-241233,-240728,-240304,-239986,-239760,-239641,-239623,-239705,-239898,-240197,-240604,-241120,-241756,-242514,-243373,-244351,-245446,-246664,-247995,-249471,-251067,-252802,-254640,-256652,-258797,-261091,,,,,,,,,,,,,,,,,,,,,,,,,,,,,,,,,,,,,,,,,,,,,,,,,,,,,,,,,,,,,,,,,,,,
RECAL 3 1 9999 896 64 4 80,2600,-517794,-515695,-514540,-511257,-503340,-485718,-455934,-420395,-386077,-355269,-328257,-304926,-285126,-268734,-255692,-246047,-239612,-236421,-236556,-240091,-247114,-257744,-271961,-290231,-312389,-338526,-368303,-401161,-435023,-465851,-489024,-502244,-511539,,,,,,,,,,,,,,,,,,,,,,,,,,,,,,,,,,,,,,,,,,,,,,,,,,,,,,,,,,,,,,,,,,,,
RECAL 3 0 9999 9999 64 4 80,986,-250712,-248546,-246510,-244612,-242865,-241255,-239806,-238506,-237360,-236378,-235573,-234920,-234422,-234100,-233946,-233961,-234146,-234509,-235054,-235770,-236667,-237754,-239029,-240490,-242139,-243984,-245994,-248232,-250668,-253309,-256168,-259244,-262539,,,,,,,,,,,,,,,,,,,,,,,,,,,,,,,,,,,,,,,,,,,,,,,,,,,,,,,,,,,,,,,,,,,,
RECAL 3 1 9999 1044 64 4 80,2003,-498874,-484533,-462198,-435392,-407997,-381683,-357543,-335575,-315826,-298272,-282897,-269600,-258424,-249211,-242057,-236945,-233951,-233061,-234337,-237813,-243603,-251739,-262283,-275274,-290670,-308460,-328592,-350958,-374584,-399850,-425282,-449332,-470489,,,,,,,,,,,,,,,,,,,,,,,,,,,,,,,,,,,,,,,,,,,,,,,,,,,,,,,,,,,,,,,,,,,,
RECAL 3 0 9999 9999 64 4 80,753,-238109,-237006,-235991,-235057,-234223,-233459,-232774,-232179,-231687,-231271,-230954,-230734,-230607,-230578,-230647,-230818,-231092,-231459,-231936,-232519,-233195,-234007,-234918,-235946,-237090,-238357,-239738,-241247,-242883,-244652,-246558,-248591,-250770,,,,,,,,,,,,,,,,,,,,,,,,,,,,,,,,,,,,,,,,,,,,,,,,,,,,,,,,,,,,,,,,,,,,
RECAL 3 1 9999 804 64 4 80,1143,-330328,-318956,-308289,-298396,-289098,-280431,-272418,-265114,-258471,-252527,-247273,-242684,-238787,-235608,-233180,-231510,-230580,-230415,-231027,-232403,-234595,-237601,-241446,-246136,-251684,-258119,-265452,-273577,-282582,-292431,-303145,-314731,-327109,,,,,,,,,,,,,,,,,,,,,,,,,,,,,,,,,,,,,,,,,,,,,,,,,,,,,,,,,,,,,,,,,,,,
RECAL 3 0 9999 9999 64 4 80,725,-242409,-241356,-240377,-239471,-238646,-237887,-237214,-236620,-236110,-235684,-235352,-235103,-234940,-234868,-234881,-235011,-235219,-235527,-235942,-236448,-237058,-237769,-238588,-239511,-240549,-241696,-242952,-244301,-245788,-247392,-249102,-250956,-252919,,,,,,,,,,,,,,,,,,,,,,,,,,,,,,,,,,,,,,,,,,,,,,,,,,,,,,,,,,,,,,,,,,,,
RECAL 3 1 9999 778 64 4 80,-1286,-326581,-314390,-303234,-292870,-283423,-274812,-267061,-260173,-254115,-248896,-244472,-240845,-238027,-236023,-234837,-234450,-234854,-236042,-238000,-240766,-244311,-248618,-253704,-259584,-266234,-273596,-281679,-290432,-299813,-309925,-320629,-331933,-343804,,,,,,,,,,,,,,,,,,,,,,,,,,,,,,,,,,,,,,,,,,,,,,,,,,,,,,,,,,,,,,,,,,,,
RECAL 3 0 9999 9999 64 4 80,732,-244011,-242982,-242038,-241152,-240350,-239610,-238961,-238386,-237895,-237491,-237163,-236915,-236761,-236693,-236715,-236829,-237035,-237340,-237742,-238232,-238827,-239512,-240307,-241200,-242208,-243302,-244521,-245849,-247283,-248840,-250511,-252302,-254210,,,,,,,,,,,,,,,,,,,,,,,,,,,,,,,,,,,,,,,,,,,,,,,,,,,,,,,,,,,,,,,,,,,,
RECAL 3 1 9999 785 64 4 80,-2141,-467193,-438245,-408214,-379774,-354077,-331047,-310670,-292845,-277609,-264499,-253722,-245263,-239027,-235055,-233349,-233884,-236648,-241644,-248850,-258284,-269956,-283802,-299715,-317704,-337302,-358601,-381156,-404427,-427500,-449809,-470322,-487417,-499726,,,,,,,,,,,,,,,,,,,,,,,,,,,,,,,,,,,,,,,,,,,,,,,,,,,,,,,,,,,,,,,,,,,,
RECAL 3 0 9999 9999 64 4 80,911,-260480,-258805,-257254,-255820,-254492,-253292,-252219,-251263,-250424,-249689,-249084,-248612,-248248,-248028,-247920,-247956,-248132,-248441,-248871,-249459,-250191,-251060,-252093,-253274,-254614,-256122,-257772,-259612,-261616,-263751,-266092,-268610,-271301,,,,,,,,,,,,,,,,,,,,,,,,,,,,,,,,,,,,,,,,,,,,,,,,,,,,,,,,,,,,,,,,,,,,
RECAL 3 1 9999 968 64 4 80,-2736,-513018,-505449,-481315,-441899,-402332,-367301,-337371,-311938,-290557,-272932,-258901,-248431,-241417,-237865,-237714,-241028,-247803,-258052,-271784,-288886,-309200,-332717,-358890,-387003,-416198,-444582,-470486,-492259,-506467,-513293,-518026,-519295,-520090,,,,,,,,,,,,,,,,,,,,,,,,,,,,,,,,,,,,,,,,,,,,,,,,,,,,,,,,,,,,,,,,,,,,
RECAL 3 0 9999 9999 64 4 80,-2085,-305060,-296496,-288716,-281606,-275160,-269357,-264188,-259653,-255727,-252434,-249775,-247684,-246196,-245302,-244999,-245295,-246183,-247650,-249722,-252389,-255664,-259534,-264048,-269138,-274868,-281208,-288138,-295726,-303996,-312973,-322622,-333006,-344128,,,,,,,,,,,,,,,,,,,,,,,,,,,,,,,,,,,,,,,,,,,,,,,,,,,,,,,,,,,,,,,,,,,,
RECAL 3 1 9999 -2029 64 4 80,-2733,-517525,-517126,-512099,-498855,-466748,-426872,-390123,-358302,-331125,-308142,-288950,-273251,-261080,-252081,-246404,-244016,-244955,-249245,-256904,-268006,-282585,-300566,-321945,-346473,-373619,-402976,-432876,-461408,-485074,-500959,-510713,-515807,-518256,,,,,,,,,,,,,,,,,,,,,,,,,,,,,,,,,,,,,,,,,,,,,,,,,,,,,,,,,,,,,,,,,,,,
RECAL 3 0 9999 9999 64 4 80,-2148,-310884,-301506,-292891,-285005,-277842,-271383,-265674,-260635,-256301,-252663,-249730,-247447,-245847,-244897,-244621,-245014,-246063,-247765,-250099,-253080,-256711,-260985,-265928,-271496,-277734,-284644,-292131,-300355,-309297,-318973,-329344,-340520,-352481,,,,,,,,,,,,,,,,,,,,,,,,,,,,,,,,,,,,,,,,,,,,,,,,,,,,,,,,,,,,,,,,,,,,
RECAL 3 1 9999 -2092 64 4 80,-2127,-449540,-418490,-389352,-363092,-340125,-319509,-301465,-285890,-272547,-261449,-252556,-245856,-241330,-238957,-238707,-240606,-244663,-250873,-259276,-269869,-282507,-297323,-314242,-333098,-353763,-375768,-398977,-422463,-445106,-466173,-483536,-497055,-506388,,,,,,,,,,,,,,,,,,,,,,,,,,,,,,,,,,,,,,,,,,,,,,,,,,,,,,,,,,,,,,,,,,,,
RECAL 3 0 9999 9999 64 4 80,-2147,-305416,-295811,-287026,-278948,-271612,-265009,-259142,-253987,-249545,-245832,-242740,-240335,-238608,-237556,-237160,-237447,-238394,-239980,-242218,-245086,-248599,-252754,-257562,-263015,-269132,-275843,-283263,-291356,-300086,-309589,-319785,-330722,-342440,,,,,,,,,,,,,,,,,,,,,,,,,,,,,,,,,,,,,,,,,,,,,,,,,,,,,,,,,,,,,,,,,,,,
RECAL 3 1 9999 -2091 64 4 80,-1262,-313026,-302254,-292379,-283351,-275114,-267645,-260989,-255126,-250073,-245815,-242303,-239565,-237594,-236354,-235883,-236148,-237175,-238951,-241482,-244748,-248734,-253438,-258868,-265037,-271917,-279509,-287803,-296717,-306237,-316501,-327336,-338785,-350756,,,,,,,,,,,,,,,,,,,,,,,,,,,,,,,,,,,,,,,,,,,,,,,,,,,,,,,,,,,,,,,,,,,,
RECAL 3 0 9999 9999 64 4 80,-2135,-297085,-287917,-279486,-271803,-264871,-258647,-253202,-248376,-244245,-240794,-238008,-235893,-234443,-233649,-233513,-234006,-235149,-236914,-239321,-242359,-246031,-250330,-255217,-260789,-266995,-273856,-281371,-289556,-298365,-307921,-318202,-329264,-341146,,,,,,,,,,,,,,,,,,,,,,,,,,,,,,,,,,,,,,,,,,,,,,,,,,,,,,,,,,,,,,,,,,,,
RECAL 3 1 9999 -2080 64 4 80,1170,-308780,-298870,-289692,-281145,-273243,-265999,-259433,-253588,-248457,-244033,-240303,-237295,-235043,-233514,-232729,-232718,-233492,-235069,-237457,-240698,-244756,-249640,-255389,-262039,-269590,-278060,-287438,-297662,-308714,-320781,-333740,-347510,-361980,,,,,,,,,,,,,,,,,,,,,,,,,,,,,,,,,,,,,,,,,,,,,,,,,,,,,,,,,,,,,,,,,,,,
RECAL 3 0 9999 9999 64 4 80,-2032,-293552,-285376,-277869,-271009,-264790,-259158,-254138,-249740,-245942,-242734,-240116,-238091,-236643,-235790,-235503,-235787,-236644,-238085,-240084,-242660,-245783,-249441,-253669,-258454,-263819,-269758,-276269,-283367,-291072,-299247,-308159,-317726,-327918,,,,,,,,,,,,,,,,,,,,,,,,,,,,,,,,,,,,,,,,,,,,,,,,,,,,,,,,,,,,,,,,,,,,
RECAL 3 1 9999 -1976 64 4 80,2020,-473974,-446804,-418448,-391223,-366067,-343454,-323120,-305187,-289292,-275444,-263641,-253859,-246115,-240368,-236655,-235017,-235504,-238190,-243127,-250354,-259923,-271913,-286350,-302963,-322226,-343802,-367373,-392737,-419001,-444740,-467742,-486844,-499039,,,,,,,,,,,,,,,,,,,,,,,,,,,,,,,,,,,,,,,,,,,,,,,,,,,,,,,,,,,,,,,,,,,,
RECAL 3 0 9999 9999 64 4 80,-2112,-295226,-287088,-279519,-272614,-266419,-260846,-255926,-251642,-247980,-244947,-242498,-240630,-239346,-238651,-238527,-238981,-240019,-241609,-243800,-246555,-249881,-253794,-258292,-263405,-269106,-275452,-282431,-290070,-298309,-307283,-316964,-327332,-338540,,,,,,,,,,,,,,,,,,,,,,,,,,,,,,,,,,,,,,,,,,,,,,,,,,,,,,,,,,,,,,,,,,,,
RECAL 3 1 9999 -2057 64 4 80,2613,-516896,-516742,-512501,-504642,-481712,-446608,-409849,-376261,-346839,-321293,-299430,-281127,-266268,-254555,-246053,-240670,-238468,-239511,-243873,-251520,-262779,-277697,-296282,-318641,-344730,-374296,-407257,-441650,-473758,-495783,-507176,-512786,-516907,,,,,,,,,,,,,,,,,,,,,,,,,,,,,,,,,,,,,,,,,,,,,,,,,,,,,,,,,,,,,,,,,,,,
RECAL 3 0 9999 9999 64 4 80,1975,-352332,-340626,-329696,-319654,-310248,-301550,-293604,-286385,-279836,-273939,-268749,-264293,-260506,-257376,-254943,-253150,-252043,-251608,-251847,-252765,-254368,-256685,-259709,-263460,-267928,-273135,-279085,-285900,-293515,-301996,-311356,-321653,-332938,,,,,,,,,,,,,,,,,,,,,,,,,,,,,,,,,,,,,,,,,,,,,,,,,,,,,,,,,,,,,,,,,,,,
RECAL 3 1 9999 2044 64 4 80,-2788,-516661,-512235,-505721,-491612,-465186,-431540,-397000,-365064,-336994,-312919,-293032,-276722,-264253,-255538,-250560,-249215,-251432,-257168,-266538,-279464,-295807,-315670,-338916,-365336,-394644,-425740,-456057,-482464,-500898,-510355,-515015,-518173,-519000,,,,,,,,,,,,,,,,,,,,,,,,,,,,,,,,,,,,,,,,,,,,,,,,,,,,,,,,,,,,,,,,,,,,
RECAL 3 0 9999 9999 64 4 80,1971,-354197,-342299,-331086,-320587,-310875,-301796,-293427,-285792,-278838,-272569,-267032,-262197,-258102,-254732,-252062,-250081,-248800,-248247,-248407,-249271,-250852,-253183,-256269,-260102,-264734,-270132,-276319,-283327,-291256,-300099,-309937,-320723,-332600,,,,,,,,,,,,,,,,,,,,,,,,,,,,,,,,,,,,,,,,,,,,,,,,,,,,,,,,,,,,,,,,,,,,
RECAL 3 1 9999 2040 64 4 80,-2195,-485249,-465911,-442321,-417529,-392278,-368374,-345880,-325366,-307131,-291312,-277878,-266859,-258312,-252216,-248556,-247230,-248194,-251450,-256979,-264758,-274770,-286814,-301057,-317440,-335828,-355949,-377663,-400684,-424072,-447198,-468590,-487439,-499817,,,,,,,,,,,,,,,,,,,,,,,,,,,,,,,,,,,,,,,,,,,,,,,,,,,,,,,,,,,,,,,,,,,,
RECAL 3 0 9999 9999 64 4 80,1879,-336422,-325737,-315703,-306426,-297734,-289734,-282288,-275492,-269325,-263817,-258911,-254715,-251133,-248193,-245915,-244273,-243307,-243010,-243379,-244416,-246168,-248631,-251810,-255703,-260363,-265781,-271961,-278879,-286656,-295261,-304777,-315228,-326646,,,,,,,,,,,,,,,,,,,,,,,,,,,,,,,,,,,,,,,,,,,,,,,,,,,,,,,,,,,,,,,,,,,,
RECAL 3 1 9999 1947 64 4 80,-1355,-354484,-341231,-328637,-316979,-306015,-295884,-286671,-278293,-270801,-264219,-258531,-253717,-249789,-246744,-244618,-243365,-242994,-243498,-244884,-247084,-250172,-254097,-258858,-264469,-270886,-278109,-286127,-294848,-304234,-314327,-325073,-336491,-348480,,,,,,,,,,,,,,,,,,,,,,,,,,,,,,,,,,,,,,,,,,,,,,,,,,,,,,,,,,,,,,,,,,,,
RECAL 3 0 9999 9999 64 4 80,1954,-349860,-338131,-327053,-316700,-306998,-297967,-289686,-282061,-275206,-268990,-263474,-258691,-254632,-251305,-248715,-246854,-245718,-245329,-245657,-246730,-248558,-251121,-254448,-258572,-263452,-269186,-275721,-283134,-291408,-300578,-310742,-321911,-334281,,,,,,,,,,,,,,,,,,,,,,,,,,,,,,,,,,,,,,,,,,,,,,,,,,,,,,,,,,,,,,,,,,,,
RECAL 3 1 9999 2022 64 4 80,1107,-332488,-322904,-313797,-305126,-296862,-289207,-282055,-275506,-269548,-264206,-259504,-255444,-252098,-249376,-247326,-245970,-245320,-245360,-246152,-247655,-249886,-252820,-256511,-260970,-266188,-272142,-278909,-286449,-294576,-303628,-313458,-324031,-335346,,,,,,,,,,,,,,,,,,,,,,,,,,,,,,,,,,,,,,,,,,,,,,,,,,,,,,,,,,,,,,,,,,,,
RECAL 3 0 9999 9999 64 4 80,1934,-353202,-341995,-331465,-321561,-312389,-303768,-295785,-288510,-281872,-275945,-270697,-266136,-262237,-259090,-256612,-254826,-253776,-253414,-253765,-254852,-256665,-259199,-262451,-266462,-271210,-276748,-283051,-290193,-298115,-306915,-316693,-327419,-339187,,,,,,,,,,,,,,,,,,,,,,,,,,,,,,,,,,,,,,,,,,,,,,,,,,,,,,,,,,,,,,,,,,,,
RECAL 3 1 9999 2002 64 4 80,1998,-498613,-483847,-467053,-446702,-425538,-403859,-382474,-362028,-342848,-325091,-309011,-294731,-282375,-272083,-263725,-257472,-253368,-251446,-251709,-254235,-259040,-266146,-275470,-287121,-301082,-317396,-336022,-356884,-379624,-403637,-428366,-452382,-473963,,,,,,,,,,,,,,,,,,,,,,,,,,,,,,,,,,,,,,,,,,,,,,,,,,,,,,,,,,,,,,,,,,,,
RECAL 3 0 9999 9999 64 4 80,1919,-353861,-343403,-333500,-324276,-315730,-307812,-300549,-293969,-288032,-282644,-277895,-273808,-270376,-267595,-265472,-264013,-263216,-263077,-263633,-264863,-266782,-269397,-272699,-276742,-281509,-286957,-293093,-299992,-307741,-316298,-325702,-336033,-347326,,,,,,,,,,,,,,,,,,,,,,,,,,,,,,,,,,,,,,,,,,,,,,,,,,,,,,,,,,,,,,,,,,,,
RECAL 3 1 9999 1986 64 4 80,2603,-519711,-519358,-518478,-514578,-508969,-497914,-479110,-453510,-425765,-397627,-370605,-345724,-323335,-303689,-286944,-273301,-262976,-256048,-252617,-252755,-256546,-264119,-275389,-290779,-310294,-334074,-362257,-394947,-431000,-466112,-493067,-506748,-512988,,,,,,,,,,,,,,,,,,,,,,,,,,,,,,,,,,,,,,,,,,,,,,,,,,,,,,,,,,,,,,,,,,,,
RECAL 3 0 9999 9999 64 4 80,-1018,-284732,-282338,-280111,-278085,-276209,-274510,-272976,-271607,-270425,-269378,-268502,-267751,-267169,-266732,-266434,-266280,-266239,-266391,-266629,-267000,-267520,-268160,-268922,-269839,-270848,-272007,-273283,-274687,-276200,-277830,-279592,-281422,-283403,,,,,,,,,,,,,,,,,,,,,,,,,,,,,,,,,,,,,,,,,,,,,,,,,,,,,,,,,,,,,,,,,,,,
RECAL 3 1 9999 -955 64 4 80,2612,-520045,-519030,-518466,-515679,-510467,-498627,-480444,-455003,-427252,-398841,-371754,-346858,-324370,-304945,-288703,-275764,-266224,-260137,-257621,-258727,-263577,-272255,-284928,-301617,-322565,-347918,-377642,-411616,-447205,-479331,-499937,-510166,-514390,,,,,,,,,,,,,,,,,,,,,,,,,,,,,,,,,,,,,,,,,,,,,,,,,,,,,,,,,,,,,,,,,,,,
RECAL 3 0 9999 9999 64 4 80,-961,-270026,-267712,-265541,-263516,-261671,-259972,-258426,-257040,-255826,-254748,-253804,-253023,-252372,-251875,-251535,-251306,-251218,-251294,-251467,-251778,-252227,-252810,-253502,-254332,-255260,-256314,-257471,-258757,-260133,-261630,-263242,-264963,-266767,,,,,,,,,,,,,,,,,,,,,,,,,,,,,,,,,,,,,,,,,,,,,,,,,,,,,,,,,,,,,,,,,,,,
RECAL 3 1 9999 -897 64 4 80,2010,-503004,-491310,-474871,-454486,-432798,-410552,-388525,-367248,-347235,-328566,-311744,-296576,-283409,-272186,-263067,-256079,-251262,-248647,-248283,-250139,-254216,-260611,-269324,-280407,-293823,-309627,-327515,-347921,-370386,-394740,-420020,-445166,-468284,,,,,,,,,,,,,,,,,,,,,,,,,,,,,,,,,,,,,,,,,,,,,,,,,,,,,,,,,,,,,,,,,,,,
RECAL 3 0 9999 9999 64 4 80,-902,-266531,-264392,-262445,-260608,-258912,-257385,-255985,-254752,-253644,-252672,-251852,-251157,-250599,-250156,-249834,-249653,-249574,-249610,-249775,-250046,-250427,-250927,-251526,-252235,-253051,-253970,-254985,-256127,-257362,-258699,-260131,-261659,-263292,,,,,,,,,,,,,,,,,,,,,,,,,,,,,,,,,,,,,,,,,,,,,,,,,,,,,,,,,,,,,,,,,,,,
RECAL 3 1 9999 -837 64 4 80,1126,-358657,-347679,-337101,-326952,-317319,-308226,-299672,-291838,-284489,-277758,-271677,-266267,-261503,-257462,-254108,-251470,-249584,-248408,-247944,-248223,-249235,-250996,-253523,-256775,-260838,-265709,-271367,-277824,-285094,-293161,-302033,-311851,-322470,,,,,,,,,,,,,,,,,,,,,,,,,,,,,,,,,,,,,,,,,,,,,,,,,,,,,,,,,,,,,,,,,,,,
RECAL 3 0 9999 9999 64 4 80,-1067,-269892,-266869,-264067,-261449,-259055,-256847,-254857,-253083,-251517,-250145,-248986,-248027,-247236,-246658,-246256,-246043,-246018,-246180,-246499,-247009,-247680,-248522,-249511,-250688,-252025,-253489,-255165,-256944,-258911,-261043,-263310,-265735,-268298,,,,,,,,,,,,,,,,,,,,,,,,,,,,,,,,,,,,,,,,,,,,,,,,,,,,,,,,,,,,,,,,,,,,
RECAL 3 1 9999 -1004 64 4 80,-1327,-338627,-326537,-315260,-304766,-295067,-286207,-278151,-270967,-264701,-259306,-254812,-251198,-248482,-246579,-245533,-245340,-245979,-247457,-249768,-252890,-256805,-261493,-266958,-273179,-280170,-287908,-296311,-305476,-315224,-325691,-336828,-348558,-360756,,,,,,,,,,,,,,,,,,,,,,,,,,,,,,,,,,,,,,,,,,,,,,,,,,,,,,,,,,,,,,,,,,,,
RECAL 3 0 9999 9999 64 4 80,-869,-261573,-259743,-258066,-256543,-255128,-253844,-252688,-251635,-250697,-249897,-249207,-248603,-248140,-247767,-247490,-247325,-247271,-247314,-247442,-247683,-248032,-248457,-248987,-249590,-250299,-251096,-251967,-252929,-253978,-255107,-256321,-257608,-258978,,,,,,,,,,,,,,,,,,,,,,,,,,,,,,,,,,,,,,,,,,,,,,,,,,,,,,,,,,,,,,,,,,,,
RECAL 3 1 9999 -805 64 4 80,-2181,-489376,-471345,-450574,-426590,-401950,-377675,-354742,-333601,-314553,-297786,-283565,-271683,-262131,-254933,-250067,-247521,-247256,-249246,-253442,-259942,-268667,-279586,-292670,-307843,-325064,-344173,-365242,-387798,-411407,-434936,-457511,-477659,-493376,,,,,,,,,,,,,,,,,,,,,,,,,,,,,,,,,,,,,,,,,,,,,,,,,,,,,,,,,,,,,,,,,,,,
RECAL 3 0 9999 9999 64 4 80,-884,-264400,-262698,-261128,-259678,-258356,-257134,-256044,-255074,-254202,-253432,-252776,-252209,-251743,-251371,-251093,-250909,-250825,-250834,-250919,-251103,-251354,-251697,-252134,-252644,-253236,-253918,-254677,-255500,-256409,-257398,-258448,-259578,-260777,,,,,,,,,,,,,,,,,,,,,,,,,,,,,,,,,,,,,,,,,,,,,,,,,,,,,,,,,,,,,,,,,,,,
RECAL 3 1 9999 -818 64 4 80,-2809,-518509,-516845,-514233,-508341,-497827,-476972,-445755,-411180,-378126,-348527,-322726,-300941,-283245,-269402,-259405,-253264,-250764,-251932,-256725,-265136,-277099,-292550,-311485,-334132,-360272,-389591,-421091,-452535,-480337,-499558,-509861,-515239,-518469,,,,,,,,,,,,,,,,,,,,,,,,,,,,,,,,,,,,,,,,,,,,,,,,,,,,,,,,,,,,,,,,,,,,
RECAL 3 0 9999 9999 64 4 80,-2365,-359161,-345833,-333547,-322312,-312019,-302686,-294252,-286773,-280065,-274227,-269271,-265220,-262009,-259689,-258211,-257630,-257871,-258965,-260909,-263705,-267340,-271803,-277159,-283347,-290338,-298110,-306834,-316459,-327005,-338561,-351144,-364767,-379416,,,,,,,,,,,,,,,,,,,,,,,,,,,,,,,,,,,,,,,,,,,,,,,,,,,,,,,,,,,,,,,,,,,,
RECAL 3 1 9999 -2304 64 4 80,-2805,-517078,-515183,-511047,-501307,-480581,-447777,-412580,-379439,-350333,-325131,-304039,-286881,-273551,-264005,-258250,-256096,-257558,-262614,-271261,-283422,-299023,-318185,-341070,-367477,-397391,-429417,-461448,-488161,-504318,-513163,-516486,-518399,-520090,,,,,,,,,,,,,,,,,,,,,,,,,,,,,,,,,,,,,,,,,,,,,,,,,,,,,,,,,,,,,,,,,,,,
RECAL 3 0 9999 9999 64 4 80,-2367,-358497,-344528,-331607,-319720,-308888,-299074,-290289,-282430,-275534,-269527,-264465,-260372,-257225,-255009,-253740,-253384,-253918,-255373,-257757,-261030,-265231,-270311,-276305,-283230,-291064,-299675,-309321,-319939,-331589,-344311,-358239,-373320,-389649,,,,,,,,,,,,,,,,,,,,,,,,,,,,,,,,,,,,,,,,,,,,,,,,,,,,,,,,,,,,,,,,,,,,
RECAL 3 1 9999 -2307 64 4 80,-2219,-489530,-470288,-447251,-421871,-396043,-371289,-348525,-327918,-309752,-294053,-280847,-270275,-261999,-256202,-252852,-251914,-253385,-257244,-263488,-272039,-282811,-295771,-311022,-328455,-348033,-369410,-392825,-417050,-441775,-465146,-484948,-498355,-507520,,,,,,,,,,,,,,,,,,,,,,,,,,,,,,,,,,,,,,,,,,,,,,,,,,,,,,,,,,,,,,,,,,,,
RECAL 3 0 9999 9999 64 4 80,-2441,-371852,-356286,-341894,-328841,-316812,-305928,-296156,-287567,-280010,-273532,-268115,-263794,-260508,-258219,-256941,-256648,-257327,-259003,-261649,-265235,-269824,-275391,-281933,-289469,-297971,-307558,-318183,-330012,-343138,-357500,-373185,-390392,-409096,,,,,,,,,,,,,,,,,,,,,,,,,,,,,,,,,,,,,,,,,,,,,,,,,,,,,,,,,,,,,,,,,,,,
RECAL 3 1 9999 -2382 64 4 80,-1392,-350032,-336912,-324734,-313556,-303330,-294220,-286081,-278883,-272622,-267342,-263009,-259629,-257185,-255684,-255090,-255400,-256623,-258750,-261756,-265659,-270417,-276132,-282740,-290214,-298504,-307678,-317691,-328510,-340100,-352266,-365222,-378822,-393056,,,,,,,,,,,,,,,,,,,,,,,,,,,,,,,,,,,,,,,,,,,,,,,,,,,,,,,,,,,,,,,,,,,,
RECAL 3 0 9999 9999 64 4 80,-2379,-369920,-355034,-341117,-328437,-316713,-306077,-296471,-287974,-280449,-273942,-268427,-263901,-260305,-257714,-256100,-255472,-255786,-257074,-259304,-262454,-266578,-271652,-277691,-284680,-292624,-301549,-311536,-322553,-334500,-347579,-361908,-377483,-394529,,,,,,,,,,,,,,,,,,,,,,,,,,,,,,,,,,,,,,,,,,,,,,,,,,,,,,,,,,,,,,,,,,,,
RECAL 3 1 9999 -2318 64 4 80,1054,-336416,-327341,-318839,-310786,-303227,-296179,-289691,-283685,-278235,-273407,-269087,-265327,-262135,-259549,-257570,-256204,-255443,-255313,-255827,-257008,-258853,-261389,-264599,-268509,-273128,-278382,-284437,-291200,-298669,-306925,-315916,-325634,-336095,,,,,,,,,,,,,,,,,,,,,,,,,,,,,,,,,,,,,,,,,,,,,,,,,,,,,,,,,,,,,,,,,,,,
RECAL 3 0 9999 9999 64 4 80,-2395,-370480,-356163,-342915,-330682,-319529,-309359,-300265,-292268,-285181,-279085,-273950,-269802,-266619,-264385,-263098,-262754,-263361,-264910,-267403,-270850,-275239,-280593,-286929,-294056,-302320,-311607,-321923,-333294,-345812,-359509,-374464,-390788,-408265,,,,,,,,,,,,,,,,,,,,,,,,,,,,,,,,,,,,,,,,,,,,,,,,,,,,,,,,,,,,,,,,,,,,
RECAL 3 1 9999 -2335 64 4 80,1960,-509542,-502965,-491597,-475571,-455423,-434258,-412433,-390873,-369971,-350591,-332599,-316349,-301812,-289214,-278434,-269547,-262707,-257943,-255282,-254728,-256321,-260110,-266042,-274289,-284788,-297554,-312688,-330142,-349892,-371640,-395463,-420120,-444858,,,,,,,,,,,,,,,,,,,,,,,,,,,,,,,,,,,,,,,,,,,,,,,,,,,,,,,,,,,,,,,,,,,,
RECAL 3 0 9999 9999 64 4 80,-2413,-374790,-360500,-347411,-335364,-324474,-314647,-305787,-297892,-290981,-284990,-279933,-275791,-272603,-270301,-268910,-268422,-268831,-270137,-272326,-275396,-279405,-284361,-290230,-296993,-304749,-313513,-323253,-334058,-345723,-358719,-372884,-388394,-405236,,,,,,,,,,,,,,,,,,,,,,,,,,,,,,,,,,,,,,,,,,,,,,,,,,,,,,,,,,,,,,,,,,,,
RECAL 3 1 9999 -2353 64 4 80,2579,-520107,-518929,-517498,-512601,-504868,-490996,-468748,-441132,-412409,-384433,-358816,-335972,-316303,-299477,-285853,-275444,-268345,-264612,-264310,-267513,-274387,-285062,-299534,-318073,-340649,-367376,-398366,-432445,-465992,-492749,-505932,-511810,-515242,,,,,,,,,,,,,,,,,,,,,,,,,,,,,,,,,,,,,,,,,,,,,,,,,,,,,,,,,,,,,,,,,,,,
RECAL 3 0 9999 9999 64 4 80,2083,-356907,-345526,-334765,-324694,-315353,-306700,-298764,-291550,-285111,-279326,-274281,-269968,-266405,-263587,-261529,-260244,-259762,-260060,-261185,-263129,-265906,-269516,-273982,-279302,-285422,-292498,-300477,-309427,-319351,-330208,-342096,-355020,-368805,,,,,,,,,,,,,,,,,,,,,,,,,,,,,,,,,,,,,,,,,,,,,,,,,,,,,,,,,,,,,,,,,,,,
RECAL 3 1 9999 2147 64 4 80,-2693,-515572,-512302,-505907,-491727,-461989,-426724,-392514,-362030,-335684,-313167,-294345,-279226,-267788,-260070,-256113,-255937,-259581,-267091,-278341,-293606,-312807,-335828,-362502,-392467,-424559,-456265,-484047,-500977,-511019,-515949,-518647,-519549,-519815,,,,,,,,,,,,,,,,,,,,,,,,,,,,,,,,,,,,,,,,,,,,,,,,,,,,,,,,,,,,,,,,,,,,
RECAL 3 0 9999 9999 64 4 80,2141,-357977,-345782,-334205,-323335,-313208,-303836,-295236,-287465,-280437,-274278,-268814,-264159,-260336,-257340,-255189,-253896,-253463,-253913,-255215,-257380,-260451,-264422,-269303,-275101,-281843,-289418,-297997,-307618,-318225,-329866,-342607,-356338,-371261,,,,,,,,,,,,,,,,,,,,,,,,,,,,,,,,,,,,,,,,,,,,,,,,,,,,,,,,,,,,,,,,,,,,
RECAL 3 1 9999 2205 64 4 80,-2105,-492346,-472277,-445603,-417862,-391108,-366399,-344355,-324731,-307573,-292776,-280256,-270025,-262068,-256421,-253133,-252128,-253451,-257092,-263146,-271533,-282311,-295439,-310989,-328936,-349264,-371653,-396081,-421545,-447045,-470364,-489970,-502116,-509560,,,,,,,,,,,,,,,,,,,,,,,,,,,,,,,,,,,,,,,,,,,,,,,,,,,,,,,,,,,,,,,,,,,,
RECAL 3 0 9999 9999 64 4 80,2131,-354460,-342295,-330856,-320121,-310074,-300745,-292237,-284463,-277474,-271259,-265884,-261283,-257566,-254620,-252512,-251247,-250858,-251317,-252662,-254889,-257989,-261991,-266892,-272708,-279462,-287156,-295752,-305418,-315876,-327492,-340187,-353924,-368643,,,,,,,,,,,,,,,,,,,,,,,,,,,,,,,,,,,,,,,,,,,,,,,,,,,,,,,,,,,,,,,,,,,,
RECAL 3 1 9999 2195 64 4 80,-1264,-346977,-334400,-322706,-311972,-302079,-293070,-284917,-277615,-271194,-265645,-260961,-257151,-254185,-252100,-250846,-250426,-250843,-252114,-254204,-257161,-260936,-265515,-270881,-277070,-284046,-291824,-300336,-309669,-319764,-330419,-341959,-354179,-366886,,,,,,,,,,,,,,,,,,,,,,,,,,,,,,,,,,,,,,,,,,,,,,,,,,,,,,,,,,,,,,,,,,,,
RECAL 3 0 9999 9999 64 4 80,2030,-343965,-332772,-322245,-312409,-303270,-294881,-287151,-280054,-273673,-267982,-263026,-258820,-255364,-252655,-250709,-249489,-249033,-249345,-250404,-252257,-254898,-258273,-262500,-267555,-273427,-280144,-287682,-296049,-305317,-315549,-326787,-338957,-352128,,,,,,,,,,,,,,,,,,,,,,,,,,,,,,,,,,,,,,,,,,,,,,,,,,,,,,,,,,,,,,,,,,,,
RECAL 3 1 9999 2095 64 4 80,1110,-338796,-327884,-317693,-308214,-299434,-291349,-283924,-277180,-271125,-265790,-261143,-257280,-254113,-251692,-250039,-249141,-249021,-249721,-251199,-253513,-256705,-260732,-265653,-271422,-278119,-285693,-294193,-303468,-313792,-324949,-337020,-349977,-363568,,,,,,,,,,,,,,,,,,,,,,,,,,,,,,,,,,,,,,,,,,,,,,,,,,,,,,,,,,,,,,,,,,,,
RECAL 3 0 9999 9999 64 4 80,2104,-351477,-339699,-328809,-318516,-308939,-300100,-292043,-284695,-278061,-272162,-267042,-262622,-258977,-256116,-254048,-252767,-252292,-252634,-253744,-255718,-258530,-262188,-266722,-272125,-278424,-285596,-293664,-302579,-312462,-323312,-335167,-348053,-361967,,,,,,,,,,,,,,,,,,,,,,,,,,,,,,,,,,,,,,,,,,,,,,,,,,,,,,,,,,,,,,,,,,,,
RECAL 3 1 9999 2168 64 4 80,1958,-511453,-501092,-482281,-455815,-427462,-400281,-375173,-352896,-332718,-314871,-299277,-285965,-274767,-265796,-259000,-254523,-252286,-252303,-254627,-259295,-266341,-275752,-287599,-301637,-318220,-337063,-358011,-380796,-405084,-429682,-453751,-475380,-491770,,,,,,,,,,,,,,,,,,,,,,,,,,,,,,,,,,,,,,,,,,,,,,,,,,,,,,,,,,,,,,,,,,,,
RECAL 3 0 9999 9999 64 4 80,2098,-350323,-338962,-328334,-318485,-309509,-301113,-293478,-286534,-280298,-274774,-269991,-265914,-262517,-259868,-257955,-256792,-256391,-256756,-257863,-259772,-262423,-265894,-270185,-275293,-281209,-287992,-295572,-304035,-313364,-323565,-334704,-346831,-359946,,,,,,,,,,,,,,,,,,,,,,,,,,,,,,,,,,,,,,,,,,,,,,,,,,,,,,,,,,,,,,,,,,,,
RECAL 3 1 9999 2162 64 4 80,2546,-518900,-518822,-517556,-516579,-511852,-499873,-472428,-435901,-400659,-369189,-342102,-318858,-299219,-283188,-270686,-261709,-256329,-254559,-256460,-262140,-271482,-284780,-301893,-322825,-347341,-375059,-405323,-436398,-465338,-488616,-503217,-511456,-516211,,,,,,,,,,,,,,,,,,,,,,,,,,,,,,,,,,,,,,,,,,,,,,,,,,,,,,,,,,,,,,,,,,,,
RECAL 3 0 9999 9999 64 4 80,-445,-261277,-261086,-260922,-260775,-260662,-260573,-260477,-260417,-260385,-260361,-260357,-260373,-260409,-260466,-260528,-260603,-260668,-260791,-260915,-261052,-261198,-261354,-261532,-261714,-261918,-262126,-262332,-262556,-262799,-263031,-263310,-263556,-263829,,,,,,,,,,,,,,,,,,,,,,,,,,,,,,,,,,,,,,,,,,,,,,,,,,,,,,,,,,,,,,,,,,,,
RECAL 3 1 9999 -406 64 4 80,2528,-518971,-519115,-518481,-515870,-509572,-493398,-461774,-426336,-393543,-364098,-338648,-316861,-298619,-283912,-272567,-264732,-260334,-259472,-262232,-268647,-278715,-292454,-309839,-330796,-354771,-381898,-411308,-441308,-469440,-492064,-505706,-512393,-516793,,,,,,,,,,,,,,,,,,,,,,,,,,,,,,,,,,,,,,,,,,,,,,,,,,,,,,,,,,,,,,,,,,,,
RECAL 3 0 9999 9999 64 4 80,-376,-257313,-257161,-257028,-256907,-256801,-256705,-256628,-256568,-256527,-256494,-256486,-256487,-256494,-256519,-256573,-256608,-256667,-256739,-256829,-256926,-257037,-257143,-257248,-257383,-257514,-257658,-257815,-257964,-258122,-258302,-258465,-258642,-258832,,,,,,,,,,,,,,,,,,,,,,,,,,,,,,,,,,,,,,,,,,,,,,,,,,,,,,,,,,,,,,,,,,,,
RECAL 3 1 9999 -334 64 4 80,1934,-508854,-497222,-475678,-449426,-422867,-397241,-373640,-352339,-333221,-316282,-301422,-288680,-277980,-269460,-262975,-258639,-256492,-256556,-258851,-263415,-270270,-279373,-290705,-304233,-320002,-337867,-357673,-379172,-402234,-425868,-449350,-471510,-490032,,,,,,,,,,,,,,,,,,,,,,,,,,,,,,,,,,,,,,,,,,,,,,,,,,,,,,,,,,,,,,,,,,,,
RECAL 3 0 9999 9999 64 4 80,-736,-261159,-260232,-259387,-258640,-257965,-257405,-256886,-256459,-256129,-255865,-255676,-255583,-255534,-255573,-255678,-255852,-256089,-256392,-256761,-257193,-257702,-258256,-258874,-259546,-260271,-261042,-261895,-262776,-263729,-264723,-265773,-266853,-268001,,,,,,,,,,,,,,,,,,,,,,,,,,,,,,,,,,,,,,,,,,,,,,,,,,,,,,,,,,,,,,,,,,,,
RECAL 3 1 9999 -688 64 4 80,1068,-348505,-338030,-328166,-318954,-310249,-302305,-294829,-288030,-281803,-276202,-271248,-266946,-263281,-260312,-258031,-256430,-255534,-255356,-255894,-257179,-259196,-261968,-265545,-269905,-275038,-281006,-287802,-295361,-303802,-313062,-323237,-334247,-346073,,,,,,,,,,,,,,,,,,,,,,,,,,,,,,,,,,,,,,,,,,,,,,,,,,,,,,,,,,,,,,,,,,,,
RECAL 3 0 9999 9999 64 4 80,110,-257469,-257459,-257469,-257492,-257492,-257507,-257529,-257553,-257564,-257606,-257618,-257677,-257707,-257763,-257804,-257852,-257901,-257964,-258041,-258125,-258199,-258279,-258378,-258475,-258589,-258713,-258851,-258971,-259121,-259280,-259433,-259617,-259805,,,,,,,,,,,,,,,,,,,,,,,,,,,,,,,,,,,,,,,,,,,,,,,,,,,,,,,,,,,,,,,,,,,,
RECAL 3 0 9999 152 64 4 80,88,-257439,-257429,-257425,-257434,-257429,-257420,-257443,-257450,-257459,-257468,-257471,-257492,-257518,-257542,-257571,-257600,-257627,-257668,-257698,-257761,-257806,-257868,-257926,-257995,-258063,-258136,-258220,-258323,-258421,-258532,-258649,-258760,-258896,,,,,,,,,,,,,,,,,,,,,,,,,,,,,,,,,,,,,,,,,,,,,,,,,,,,,,,,,,,,,,,,,,,,
RECAL 3 1 9999 105 64 4 80,-1303,-361986,-348802,-336422,-324990,-314502,-304888,-296274,-288484,-281515,-275450,-270242,-265926,-262469,-259895,-258184,-257354,-257415,-258360,-260192,-262912,-266509,-270955,-276225,-282398,-289430,-297271,-305965,-315505,-325819,-336904,-348667,-360972,-373955,,,,,,,,,,,,,,,,,,,,,,,,,,,,,,,,,,,,,,,,,,,,,,,,,,,,,,,,,,,,,,,,,,,,
RECAL 3 0 9999 9999 64 4 80,215,-259492,-259458,-259412,-259402,-259377,-259374,-259378,-259385,-259392,-259409,-259441,-259492,-259544,-259600,-259662,-259748,-259840,-259965,-260071,-260204,-260344,-260505,-260679,-260849,-261057,-261277,-261498,-261751,-262012,-262290,-262593,-262918,-263230,,,,,,,,,,,,,,,,,,,,,,,,,,,,,,,,,,,,,,,,,,,,,,,,,,,,,,,,,,,,,,,,,,,,
RECAL 3 1 9999 237 64 4 80,-2125,-486647,-463076,-436263,-409054,-383764,-360493,-339642,-321039,-304853,-290976,-279412,-270186,-263331,-258805,-256619,-256760,-259311,-264236,-271544,-281288,-293253,-307720,-324551,-343688,-364957,-388159,-412893,-438243,-462599,-484129,-498446,-508325,-512972,,,,,,,,,,,,,,,,,,,,,,,,,,,,,,,,,,,,,,,,,,,,,,,,,,,,,,,,,,,,,,,,,,,,
RECAL 3 0 9999 9999 64 4 80,-557,-267395,-266967,-266594,-266269,-265977,-265706,-265498,-265320,-265176,-265051,-264967,-264931,-264914,-264925,-264962,-265052,-265149,-265288,-265443,-265641,-265845,-266087,-266345,-266638,-266936,-267271,-267617,-268009,-268384,-268794,-269237,-269688,-270147,,,,,,,,,,,,,,,,,,,,,,,,,,,,,,,,,,,,,,,,,,,,,,,,,,,,,,,,,,,,,,,,,,,,
RECAL 3 1 9999 -509 64 4 80,-2707,-516833,-514969,-509159,-496486,-471063,-438264,-404951,-374481,-347872,-324859,-305521,-289764,-277496,-268800,-263735,-262375,-264812,-271098,-281273,-295399,-313517,-335332,-361265,-390876,-423372,-456221,-485279,-502985,-511954,-516585,-517567,-518337,-519913,,,,,,,,,,,,,,,,,,,,,,,,,,,,,,,,,,,,,,,,,,,,,,,,,,,,,,,,,,,,,,,,,,,,
RECAL 3 0 9999 9999 64 4 80,-2295,-342977,-331982,-321889,-312638,-304177,-296520,-289695,-283596,-278282,-273754,-270041,-267107,-264988,-263671,-263165,-263449,-264549,-266480,-269191,-272718,-277061,-282214,-288176,-294868,-302384,-310705,-319883,-329878,-340782,-352567,-365042,-378709,-393459,,,,,,,,,,,,,,,,,,,,,,,,,,,,,,,,,,,,,,,,,,,,,,,,,,,,,,,,,,,,,,,,,,,,
RECAL 3 1 9999 -2238 64 4 80,-2678,-516221,-513341,-504982,-487352,-455302,-420417,-387760,-358894,-333983,-312864,-295285,-281229,-270571,-263356,-259719,-259564,-263113,-270412,-281533,-296554,-315556,-338450,-365078,-395076,-427571,-460012,-487686,-504323,-512188,-516630,-519456,-519768,-519655,,,,,,,,,,,,,,,,,,,,,,,,,,,,,,,,,,,,,,,,,,,,,,,,,,,,,,,,,,,,,,,,,,,,
RECAL 3 0 9999 9999 64 4 80,-2236,-333232,-322577,-312751,-303742,-295569,-288203,-281602,-275780,-270781,-266539,-263062,-260332,-258372,-257175,-256735,-257078,-258161,-260000,-262627,-266008,-270135,-275039,-280688,-287124,-294329,-302356,-311177,-320794,-331276,-342596,-354781,-367804,-381685,,,,,,,,,,,,,,,,,,,,,,,,,,,,,,,,,,,,,,,,,,,,,,,,,,,,,,,,,,,,,,,,,,,,
RECAL 3 1 9999 -2180 64 4 80,-2096,-503689,-487870,-462814,-434908,-407619,-382543,-360020,-339968,-322133,-306539,-293092,-281765,-272500,-265417,-260373,-257462,-256745,-258228,-261960,-267949,-276250,-286976,-300048,-315585,-333494,-353722,-375990,-400380,-426006,-451009,-474850,-492637,-504141,,,,,,,,,,,,,,,,,,,,,,,,,,,,,,,,,,,,,,,,,,,,,,,,,,,,,,,,,,,,,,,,,,,,
RECAL 3 0 9999 9999 64 4 80,-2247,-336806,-325904,-315978,-306742,-298290,-290682,-283838,-277771,-272490,-267995,-264301,-261381,-259240,-257876,-257253,-257422,-258351,-260051,-262477,-265723,-269723,-274484,-280010,-286317,-293356,-301197,-309831,-319313,-329619,-340777,-352853,-365722,-379598,,,,,,,,,,,,,,,,,,,,,,,,,,,,,,,,,,,,,,,,,,,,,,,,,,,,,,,,,,,,,,,,,,,,
RECAL 3 1 9999 -2190 64 4 80,-1248,-352364,-340343,-329167,-318868,-309389,-300728,-292922,-285874,-279583,-274126,-269392,-265435,-262242,-259804,-258150,-257299,-257210,-257891,-259346,-261560,-264552,-268296,-272791,-278074,-284094,-290791,-298259,-306499,-315469,-325140,-335499,-346530,-358138,,,,,,,,,,,,,,,,,,,,,,,,,,,,,,,,,,,,,,,,,,,,,,,,,,,,,,,,,,,,,,,,,,,,
RECAL 3 0 9999 9999 64 4 80,-2340,-337855,-326558,-316260,-306797,-298224,-290521,-283607,-277518,-272239,-267794,-264198,-261377,-259374,-258197,-257845,-258313,-259594,-261717,-264675,-268486,-273117,-278590,-284909,-292049,-299999,-308850,-318402,-328978,-340489,-352945,-366257,-380607,-396160,,,,,,,,,,,,,,,,,,,,,,,,,,,,,,,,,,,,,,,,,,,,,,,,,,,,,,,,,,,,,,,,,,,,
RECAL 3 1 9999 -2284 64 4 80,1127,-343620,-333328,-323678,-314706,-306345,-298614,-291557,-285183,-279394,-274264,-269782,-266007,-262897,-260530,-258881,-257958,-257830,-258482,-259933,-262186,-265283,-269217,-274019,-279610,-286149,-293526,-301779,-310953,-321003,-331895,-343652,-356112,-369244,,,,,,,,,,,,,,,,,,,,,,,,,,,,,,,,,,,,,,,,,,,,,,,,,,,,,,,,,,,,,,,,,,,,
RECAL 3 0 9999 9999 64 4 80,-2271,-339522,-328948,-319242,-310349,-302274,-295002,-288552,-282850,-277972,-273778,-270354,-267668,-265763,-264606,-264204,-264550,-265665,-267513,-270095,-273415,-277501,-282307,-287870,-294150,-301097,-308876,-317454,-326769,-336917,-347887,-359634,-372283,-385942,,,,,,,,,,,,,,,,,,,,,,,,,,,,,,,,,,,,,,,,,,,,,,,,,,,,,,,,,,,,,,,,,,,,
RECAL 3 1 9999 -2215 64 4 80,1960,-517580,-514507,-506124,-490206,-465327,-438050,-411529,-386839,-364518,-344710,-327004,-311406,-297859,-286386,-276893,-269493,-264137,-260894,-259777,-260847,-264154,-269686,-277436,-287539,-299873,-314515,-331333,-350252,-370920,-393326,-416957,-441090,-464400,,,,,,,,,,,,,,,,,,,,,,,,,,,,,,,,,,,,,,,,,,,,,,,,,,,,,,,,,,,,,,,,,,,,
RECAL 3 0 9999 9999 64 4 80,-2279,-339313,-329252,-320037,-311539,-303826,-296856,-290722,-285237,-280535,-276543,-273325,-270778,-268956,-267860,-267488,-267833,-268907,-270714,-273228,-276454,-280386,-285036,-290374,-296398,-303161,-310673,-318812,-327731,-337466,-347995,-359244,-371353,-384343,,,,,,,,,,,,,,,,,,,,,,,,,,,,,,,,,,,,,,,,,,,,,,,,,,,,,,,,,,,,,,,,,,,,
RECAL 3 1 9999 -2223 64 4 80,2552,-519251,-519578,-519549,-518267,-513060,-497433,-467918,-432866,-399760,-370635,-345536,-323930,-305854,-291223,-279923,-271967,-267431,-266327,-268691,-274637,-284186,-297297,-313967,-334059,-357358,-383583,-412102,-441491,-469713,-492389,-506605,-513058,-517622,,,,,,,,,,,,,,,,,,,,,,,,,,,,,,,,,,,,,,,,,,,,,,,,,,,,,,,,,,,,,,,,,,,,
RECAL 3 0 9999 9999 64 4 80,2154,-361039,-347353,-334493,-322534,-311538,-301431,-292396,-284147,-276791,-270364,-264890,-260379,-256862,-254332,-252817,-252299,-252780,-254271,-256797,-260370,-265025,-270749,-277473,-285373,-294389,-304585,-315951,-328536,-342396,-357534,-374092,-392161,-411532,,,,,,,,,,,,,,,,,,,,,,,,,,,,,,,,,,,,,,,,,,,,,,,,,,,,,,,,,,,,,,,,,,,,
RECAL 3 1 9999 2214 64 4 80,-2741,-516493,-513265,-505068,-490375,-466451,-437092,-406370,-376582,-349286,-324849,-303740,-286142,-272065,-261601,-254866,-251676,-252175,-256352,-264223,-275826,-291170,-310135,-332867,-359145,-388409,-419862,-451139,-479775,-499115,-510225,-515857,-517487,-519140,,,,,,,,,,,,,,,,,,,,,,,,,,,,,,,,,,,,,,,,,,,,,,,,,,,,,,,,,,,,,,,,,,,,
RECAL 3 0 9999 9999 64 4 80,2155,-367856,-353551,-339971,-327274,-315566,-304729,-294941,-285984,-277932,-270824,-264708,-259560,-255418,-252296,-250210,-249144,-249093,-250085,-252118,-255209,-259393,-264688,-270982,-278492,-287157,-296894,-307890,-320089,-333505,-348173,-364264,-381644,-400274,,,,,,,,,,,,,,,,,,,,,,,,,,,,,,,,,,,,,,,,,,,,,,,,,,,,,,,,,,,,,,,,,,,,
RECAL 3 1 9999 2217 64 4 80,-2139,-480672,-459482,-436096,-411683,-387764,-364900,-343737,-324638,-307324,-292126,-279145,-268374,-259918,-253750,-249876,-248291,-248991,-251926,-257103,-264547,-274248,-286201,-300274,-316452,-334822,-355222,-377375,-401107,-425489,-449750,-471722,-490241,-502893,,,,,,,,,,,,,,,,,,,,,,,,,,,,,,,,,,,,,,,,,,,,,,,,,,,,,,,,,,,,,,,,,,,,
RECAL 3 0 9999 9999 64 4 80,2159,-366297,-351905,-338301,-325665,-313965,-303335,-293497,-284623,-276673,-269687,-263698,-258712,-254727,-251813,-249912,-249021,-249154,-250328,-252574,-255879,-260275,-265723,-272320,-280070,-288959,-298969,-310206,-322682,-336352,-351487,-367784,-385430,-404134,,,,,,,,,,,,,,,,,,,,,,,,,,,,,,,,,,,,,,,,,,,,,,,,,,,,,,,,,,,,,,,,,,,,
RECAL 3 1 9999 2221 64 4 80,-1279,-355880,-343222,-331275,-320138,-309747,-300180,-291469,-283531,-276406,-270057,-264544,-259870,-256029,-253027,-250847,-249493,-248959,-249222,-250273,-252148,-254805,-258256,-262481,-267485,-273236,-279693,-286877,-294720,-303296,-312573,-322508,-333065,-344104,,,,,,,,,,,,,,,,,,,,,,,,,,,,,,,,,,,,,,,,,,,,,,,,,,,,,,,,,,,,,,,,,,,,
RECAL 3 0 9999 9999 64 4 80,2072,-351860,-338942,-326902,-315882,-305694,-296369,-287957,-280339,-273567,-267671,-262695,-258543,-255294,-252943,-251500,-250966,-251360,-252694,-254992,-258301,-262633,-267971,-274362,-281795,-290290,-299804,-310322,-322082,-335021,-349119,-364389,-380883,-398438,,,,,,,,,,,,,,,,,,,,,,,,,,,,,,,,,,,,,,,,,,,,,,,,,,,,,,,,,,,,,,,,,,,,
RECAL 3 1 9999 2132 64 4 80,1152,-361093,-349327,-338055,-327366,-317323,-307930,-299169,-291143,-283765,-276991,-270953,-265679,-261159,-257423,-254468,-252301,-250948,-250368,-250611,-251678,-253585,-256336,-259951,-264440,-269798,-275937,-282943,-290800,-299456,-309036,-319427,-330655,-342565,,,,,,,,,,,,,,,,,,,,,,,,,,,,,,,,,,,,,,,,,,,,,,,,,,,,,,,,,,,,,,,,,,,,
RECAL 3 0 9999 9999 64 4 80,2076,-355620,-342871,-331112,-320242,-310243,-301051,-292766,-285322,-278695,-272978,-268061,-263993,-260798,-258478,-257040,-256504,-256876,-258168,-260427,-263650,-267873,-273103,-279334,-286593,-294834,-304028,-314479,-325997,-338718,-352639,-367685,-384116,-401823,,,,,,,,,,,,,,,,,,,,,,,,,,,,,,,,,,,,,,,,,,,,,,,,,,,,,,,,,,,,,,,,,,,,
RECAL 3 1 9999 2136 64 4 80,2011,-509516,-501890,-488054,-468029,-444044,-419208,-394669,-371700,-350699,-331509,-314551,-299530,-286660,-275863,-267226,-260746,-256468,-254407,-254591,-257083,-261904,-269079,-278602,-290452,-304595,-321058,-339444,-359979,-382402,-406402,-430966,-454821,-476385,,,,,,,,,,,,,,,,,,,,,,,,,,,,,,,,,,,,,,,,,,,,,,,,,,,,,,,,,,,,,,,,,,,,
RECAL 3 0 9999 9999 64 4 80,2140,-369487,-356246,-343738,-332208,-321629,-311950,-303172,-295330,-288434,-282434,-277277,-272990,-269595,-267103,-265540,-264892,-265184,-266439,-268585,-271697,-275773,-280804,-286837,-293823,-301837,-310815,-320921,-332142,-344503,-358038,-372800,-388961,-406524,,,,,,,,,,,,,,,,,,,,,,,,,,,,,,,,,,,,,,,,,,,,,,,,,,,,,,,,,,,,,,,,,,,,
RECAL 3 1 9999 2201 64 4 80,2607,-519438,-519210,-517428,-516525,-513795,-506696,-490654,-462994,-430019,-397386,-367539,-341363,-318768,-299973,-284787,-273030,-264780,-260056,-258898,-261325,-267396,-276933,-290188,-307009,-327428,-351382,-378515,-408414,-439517,-469638,-492989,-506339,-512883,,,,,,,,,,,,,,,,,,,,,,,,,,,,,,,,,,,,,,,,,,,,,,,,,,,,,,,,,,,,,,,,,,,,
RECAL 3 0 9999 9999 64 4 80,587,-264529,-264164,-263835,-263557,-263315,-263129,-262983,-262880,-262837,-262834,-262894,-262993,-263162,-263401,-263683,-264029,-264419,-264893,-265431,-266029,-266680,-267406,-268193,-269054,-269985,-270999,-272068,-273221,-274454,-275764,-277141,-278612,-280165,,,,,,,,,,,,,,,,,,,,,,,,,,,,,,,,,,,,,,,,,,,,,,,,,,,,,,,,,,,,,,,,,,,,
RECAL 3 1 9999 621 64 4 80,2579,-518190,-518700,-517811,-517356,-514918,-507200,-491093,-461577,-426229,-393187,-363561,-337785,-315947,-297403,-282400,-270849,-262792,-258316,-257432,-260156,-266450,-276252,-289649,-306484,-326837,-350555,-377280,-406858,-437289,-467094,-491510,-505429,-513045,,,,,,,,,,,,,,,,,,,,,,,,,,,,,,,,,,,,,,,,,,,,,,,,,,,,,,,,,,,,,,,,,,,,
RECAL 3 0 9999 9999 64 4 80,263,-252217,-252239,-252277,-252336,-252385,-252458,-252536,-252624,-252721,-252839,-252971,-253107,-253259,-253435,-253625,-253819,-254048,-254286,-254548,-254816,-255109,-255429,-255773,-256130,-256514,-256910,-257344,-257804,-258278,-258799,-259322,-259874,-260463,,,,,,,,,,,,,,,,,,,,,,,,,,,,,,,,,,,,,,,,,,,,,,,,,,,,,,,,,,,,,,,,,,,,
RECAL 3 0 9999 305 64 4 80,241,-252342,-252313,-252293,-252285,-252275,-252280,-252302,-252328,-252361,-252411,-252462,-252538,-252621,-252714,-252820,-252945,-253076,-253225,-253387,-253571,-253759,-253975,-254195,-254444,-254712,-254993,-255297,-255620,-255957,-256346,-256738,-257149,-257601,,,,,,,,,,,,,,,,,,,,,,,,,,,,,,,,,,,,,,,,,,,,,,,,,,,,,,,,,,,,,,,,,,,,
RECAL 3 1 9999 256 64 4 80,1976,-507492,-495714,-477816,-454177,-428429,-403133,-379194,-357185,-337145,-319137,-303250,-289617,-277998,-268426,-260943,-255546,-252304,-251169,-252164,-255302,-260626,-268117,-277785,-289606,-303516,-319533,-337545,-357726,-379687,-403185,-427432,-451410,-473770,,,,,,,,,,,,,,,,,,,,,,,,,,,,,,,,,,,,,,,,,,,,,,,,,,,,,,,,,,,,,,,,,,,,
RECAL 3 0 9999 9999 64 4 80,238,-250071,-250105,-250149,-250217,-250281,-250350,-250445,-250538,-250657,-250773,-250917,-251071,-251238,-251412,-251608,-251816,-252033,-252277,-252544,-252804,-253103,-253405,-253745,-254098,-254469,-254859,-255278,-255711,-256173,-256665,-257184,-257725,-258292,,,,,,,,,,,,,,,,,,,,,,,,,,,,,,,,,,,,,,,,,,,,,,,,,,,,,,,,,,,,,,,,,,,,
RECAL 3 0 9999 280 64 4 80,216,-250026,-250023,-250020,-250025,-250054,-250073,-250108,-250147,-250206,-250273,-250336,-250420,-250504,-250621,-250737,-250860,-251015,-251168,-251336,-251533,-251722,-251940,-252168,-252425,-252693,-252967,-253273,-253591,-253933,-254301,-254678,-255077,-255506,,,,,,,,,,,,,,,,,,,,,,,,,,,,,,,,,,,,,,,,,,,,,,,,,,,,,,,,,,,,,,,,,,,,
RECAL 3 1 9999 224 64 4 80,1094,-347803,-337098,-326888,-317292,-308254,-299801,-291986,-284847,-278355,-272493,-267279,-262720,-258815,-255588,-253044,-251196,-250037,-249593,-249850,-250842,-252558,-255035,-258270,-262308,-267159,-272796,-279257,-286496,-294488,-303281,-312876,-323079,-334180,,,,,,,,,,,,,,,,,,,,,,,,,,,,,,,,,,,,,,,,,,,,,,,,,,,,,,,,,,,,,,,,,,,,
RECAL 3 0 9999 9999 64 4 80,647,-250868,-250150,-249515,-248947,-248433,-247995,-247657,-247376,-247173,-247050,-247003,-247058,-247182,-247394,-247687,-248063,-248545,-249116,-249778,-250537,-251392,-252355,-253421,-254613,-255915,-257333,-258868,-260515,-262292,-264171,-266189,-268279,-270543,,,,,,,,,,,,,,,,,,,,,,,,,,,,,,,,,,,,,,,,,,,,,,,,,,,,,,,,,,,,,,,,,,,,
RECAL 3 1 9999 687 64 4 80,-1334,-363723,-349806,-336634,-324377,-313029,-302556,-293068,-284490,-276799,-269983,-264067,-259024,-254868,-251614,-249240,-247696,-247015,-247188,-248222,-250089,-252810,-256374,-260805,-266134,-272271,-279281,-287119,-295737,-305200,-315440,-326279,-338032,-350513,,,,,,,,,,,,,,,,,,,,,,,,,,,,,,,,,,,,,,,,,,,,,,,,,,,,,,,,,,,,,,,,,,,,
RECAL 3 0 9999 9999 64 4 80,646,-254682,-254038,-253456,-252939,-252486,-252116,-251800,-251586,-251425,-251350,-251359,-251432,-251583,-251827,-252152,-252552,-253047,-253621,-254302,-255068,-255923,-256897,-257961,-259145,-260415,-261820,-263334,-264962,-266693,-268547,-270503,-272561,-274780,,,,,,,,,,,,,,,,,,,,,,,,,,,,,,,,,,,,,,,,,,,,,,,,,,,,,,,,,,,,,,,,,,,,
RECAL 3 1 9999 684 64 4 80,-2169,-474865,-451613,-427029,-402045,-377989,-355641,-335207,-316671,-300213,-286028,-274082,-264420,-257081,-252100,-249480,-249208,-251279,-255747,-262645,-271914,-283617,-297649,-314083,-332686,-353495,-376151,-400653,-426180,-451045,-474332,-491884,-503869,-511521,,,,,,,,,,,,,,,,,,,,,,,,,,,,,,,,,,,,,,,,,,,,,,,,,,,,,,,,,,,,,,,,,,,,
RECAL 3 0 9999 9999 64 4 80,646,-257637,-257012,-256466,-256001,-255565,-255202,-254909,-254701,-254540,-254442,-254443,-254487,-254615,-254820,-255089,-255439,-255867,-256375,-256979,-257656,-258422,-259278,-260221,-261259,-262419,-263661,-265015,-266455,-268004,-269658,-271413,-273257,-275254,,,,,,,,,,,,,,,,,,,,,,,,,,,,,,,,,,,,,,,,,,,,,,,,,,,,,,,,,,,,,,,,,,,,
RECAL 3 1 9999 685 64 4 80,-2763,-514067,-508553,-497585,-476877,-447920,-415763,-384188,-355219,-329538,-307238,-288569,-273531,-262298,-254726,-250867,-250713,-254321,-261680,-272883,-287699,-306357,-328846,-355007,-384370,-416295,-448500,-477226,-498099,-509550,-515292,-517256,-519075,-519859,,,,,,,,,,,,,,,,,,,,,,,,,,,,,,,,,,,,,,,,,,,,,,,,,,,,,,,,,,,,,,,,,,,,
RECAL 3 0 9999 9999 64 4 80,-2091,-318896,-309504,-300895,-293131,-286184,-279973,-274505,-269734,-265711,-262411,-259832,-257999,-256895,-256512,-256866,-257952,-259766,-262333,-265617,-269665,-274510,-280120,-286507,-293619,-301514,-310227,-319715,-329890,-341035,-353057,-365936,-379814,-394730,,,,,,,,,,,,,,,,,,,,,,,,,,,,,,,,,,,,,,,,,,,,,,,,,,,,,,,,,,,,,,,,,,,,
RECAL 3 1 9999 -2039 64 4 80,-2730,-515079,-510881,-500787,-483273,-455271,-423597,-392525,-363843,-338526,-316333,-297478,-282211,-270087,-261398,-256207,-254533,-256468,-262010,-271213,-284178,-300925,-321549,-345906,-373922,-405321,-438703,-471098,-495413,-509573,-515249,-518034,-520088,-520588,,,,,,,,,,,,,,,,,,,,,,,,,,,,,,,,,,,,,,,,,,,,,,,,,,,,,,,,,,,,,,,,,,,,
RECAL 3 0 9999 9999 64 4 80,-2082,-311890,-302807,-294584,-287139,-280389,-274373,-269084,-264520,-260669,-257579,-255182,-253486,-252523,-252273,-252759,-253946,-255866,-258528,-261956,-266151,-271070,-276742,-283164,-290348,-298244,-306857,-316332,-326573,-337695,-349637,-362376,-376076,-390744,,,,,,,,,,,,,,,,,,,,,,,,,,,,,,,,,,,,,,,,,,,,,,,,,,,,,,,,,,,,,,,,,,,,
RECAL 3 1 9999 -2031 64 4 80,-2134,-501782,-487491,-466824,-442124,-416734,-391938,-369175,-348182,-329123,-312075,-297123,-284311,-273597,-265011,-258584,-254349,-252252,-252325,-254544,-258954,-265550,-274327,-285143,-298230,-313520,-330914,-350442,-371813,-395120,-419926,-445067,-469805,-490046,,,,,,,,,,,,,,,,,,,,,,,,,,,,,,,,,,,,,,,,,,,,,,,,,,,,,,,,,,,,,,,,,,,,
RECAL 3 0 9999 9999 64 4 80,-2080,-311983,-303110,-294983,-287652,-280981,-275056,-269826,-265315,-261518,-258470,-256082,-254419,-253470,-253216,-253691,-254861,-256762,-259422,-262816,-266950,-271829,-277441,-283780,-290879,-298671,-307169,-316531,-326651,-337584,-349359,-361956,-375410,-389929,,,,,,,,,,,,,,,,,,,,,,,,,,,,,,,,,,,,,,,,,,,,,,,,,,,,,,,,,,,,,,,,,,,,
RECAL 3 1 9999 -2029 64 4 80,-1266,-356148,-343939,-332534,-321875,-312006,-302877,-294469,-286861,-280022,-273916,-268630,-264115,-260376,-257457,-255262,-253844,-253209,-253330,-254208,-255844,-258239,-261354,-265189,-269735,-274982,-280929,-287573,-294841,-302811,-311295,-320523,-330379,-340831,,,,,,,,,,,,,,,,,,,,,,,,,,,,,,,,,,,,,,,,,,,,,,,,,,,,,,,,,,,,,,,,,,,,
RECAL 3 0 9999 9999 64 4 80,-2175,-318369,-308772,-299971,-292028,-284856,-278453,-272806,-267935,-263805,-260411,-257787,-255955,-254889,-254609,-255104,-256383,-258418,-261270,-264912,-269332,-274559,-280576,-287417,-295010,-303414,-312523,-322454,-333193,-344824,-357343,-370743,-385255,-400576,,,,,,,,,,,,,,,,,,,,,,,,,,,,,,,,,,,,,,,,,,,,,,,,,,,,,,,,,,,,,,,,,,,,
RECAL 3 1 9999 -2124 64 4 80,1163,-368780,-356757,-345312,-334497,-324281,-314760,-305761,-297417,-289803,-282847,-276601,-271065,-266275,-262215,-258931,-256369,-254573,-253575,-253359,-253952,-255362,-257598,-260629,-264474,-269121,-274604,-280906,-288047,-295951,-304723,-314235,-324628,-335838,,,,,,,,,,,,,,,,,,,,,,,,,,,,,,,,,,,,,,,,,,,,,,,,,,,,,,,,,,,,,,,,,,,,
RECAL 3 0 9999 9999 64 4 80,-2169,-320540,-311541,-303363,-295962,-289397,-283541,-278446,-274026,-270362,-267439,-265287,-263867,-263215,-263313,-264166,-265741,-268096,-271218,-275112,-279749,-285163,-291353,-298265,-305927,-314327,-323464,-333450,-344239,-355884,-368384,-381947,-396272,-411690,,,,,,,,,,,,,,,,,,,,,,,,,,,,,,,,,,,,,,,,,,,,,,,,,,,,,,,,,,,,,,,,,,,,
RECAL 3 1 9999 -2120 64 4 80,2015,-515062,-509011,-500017,-482199,-457247,-431039,-405784,-382050,-360601,-341439,-324132,-308882,-295656,-284489,-275305,-268167,-263108,-260147,-259354,-260783,-264447,-270318,-278422,-288748,-301216,-315690,-332379,-351183,-371944,-394741,-419151,-444358,-469354,,,,,,,,,,,,,,,,,,,,,,,,,,,,,,,,,,,,,,,,,,,,,,,,,,,,,,,,,,,,,,,,,,,,
RECAL 3 0 9999 9999 64 4 80,-2102,-325308,-316696,-308871,-301804,-295468,-289890,-285038,-280898,-277447,-274636,-272505,-271048,-270249,-270117,-270632,-271802,-273652,-276170,-279334,-283138,-287607,-292740,-298554,-305119,-312406,-320393,-329073,-338486,-348702,-359604,-371296,-383982,-397592,,,,,,,,,,,,,,,,,,,,,,,,,,,,,,,,,,,,,,,,,,,,,,,,,,,,,,,,,,,,,,,,,,,,
RECAL 3 1 9999 -2051 64 4 80,2609,-519570,-519870,-518637,-518306,-517016,-511731,-499586,-472516,-437694,-403995,-373541,-347194,-324705,-305962,-290660,-278646,-269987,-264692,-262778,-264314,-269177,-277502,-289215,-304244,-322702,-344475,-369428,-397813,-429238,-461739,-489415,-505439,-513163,,,,,,,,,,,,,,,,,,,,,,,,,,,,,,,,,,,,,,,,,,,,,,,,,,,,,,,,,,,,,,,,,,,,
RECAL 3 0 9999 9999 64 4 80,2115,-361543,-349205,-337507,-326543,-316268,-306749,-297941,-289922,-282517,-275883,-270035,-264950,-260655,-257163,-254466,-252574,-251490,-251200,-251725,-253066,-255241,-258260,-262143,-266895,-272453,-278892,-286221,-294443,-303650,-313856,-325124,-337517,-350870,,,,,,,,,,,,,,,,,,,,,,,,,,,,,,,,,,,,,,,,,,,,,,,,,,,,,,,,,,,,,,,,,,,,
RECAL 3 1 9999 2183 64 4 80,-2790,-516699,-513343,-507100,-494870,-470672,-436366,-400869,-367327,-337856,-312555,-291689,-274775,-262007,-253299,-248625,-247889,-251020,-257982,-268607,-282736,-300311,-321287,-345432,-372380,-401664,-431977,-460867,-485716,-502039,-512006,-516288,-518855,-519087,,,,,,,,,,,,,,,,,,,,,,,,,,,,,,,,,,,,,,,,,,,,,,,,,,,,,,,,,,,,,,,,,,,,
RECAL 3 0 9999 9999 64 4 80,2075,-354106,-341689,-329969,-318970,-308632,-298991,-290096,-281905,-274459,-267771,-261952,-256830,-252500,-248959,-246205,-244243,-243086,-242731,-243205,-244523,-246671,-249682,-253567,-258329,-264005,-270581,-277975,-286465,-295916,-306489,-318174,-331040,-345213,,,,,,,,,,,,,,,,,,,,,,,,,,,,,,,,,,,,,,,,,,,,,,,,,,,,,,,,,,,,,,,,,,,,
RECAL 3 1 9999 2143 64 4 80,-2217,-489813,-470789,-447343,-422077,-396311,-371081,-347524,-325918,-306634,-289837,-275501,-263876,-254632,-247937,-243737,-242019,-242742,-245918,-251493,-259548,-270083,-282986,-298137,-315552,-334954,-356089,-378688,-401997,-425924,-449273,-471107,-489442,-501667,,,,,,,,,,,,,,,,,,,,,,,,,,,,,,,,,,,,,,,,,,,,,,,,,,,,,,,,,,,,,,,,,,,,
RECAL 3 0 9999 9999 64 4 80,2142,-368154,-354977,-342104,-329837,-318217,-307268,-297073,-287706,-279107,-271424,-264467,-258326,-253071,-248690,-245193,-242581,-240867,-240067,-240156,-241166,-243075,-245897,-249658,-254368,-260073,-266636,-274268,-282947,-292686,-303532,-315602,-328932,-343635,,,,,,,,,,,,,,,,,,,,,,,,,,,,,,,,,,,,,,,,,,,,,,,,,,,,,,,,,,,,,,,,,,,,
RECAL 3 1 9999 2212 64 4 80,-1407,-366823,-352233,-338264,-325055,-312731,-301297,-290843,-281315,-272763,-265093,-258453,-252848,-248265,-244688,-242132,-240568,-240006,-240422,-241816,-244178,-247504,-251775,-256984,-263138,-270188,-278008,-286679,-296126,-306401,-317445,-329155,-341537,-354362,,,,,,,,,,,,,,,,,,,,,,,,,,,,,,,,,,,,,,,,,,,,,,,,,,,,,,,,,,,,,,,,,,,,
RECAL 3 0 9999 9999 64 4 80,2080,-355196,-342706,-330738,-319377,-308648,-298590,-289318,-280716,-272974,-265957,-259685,-254220,-249576,-245735,-242705,-240477,-239085,-238523,-238826,-239985,-242031,-244951,-248775,-253479,-259024,-265624,-273175,-281773,-291391,-302090,-313965,-327056,-341524,,,,,,,,,,,,,,,,,,,,,,,,,,,,,,,,,,,,,,,,,,,,,,,,,,,,,,,,,,,,,,,,,,,,
RECAL 3 1 9999 2149 64 4 80,1019,-313370,-304975,-297091,-289585,-282487,-275870,-269752,-264141,-259048,-254495,-250465,-246997,-244099,-241793,-240097,-238997,-238527,-238689,-239477,-240917,-243016,-245775,-249206,-253309,-258113,-263618,-269756,-276544,-284024,-292167,-300953,-310445,-320561,,,,,,,,,,,,,,,,,,,,,,,,,,,,,,,,,,,,,,,,,,,,,,,,,,,,,,,,,,,,,,,,,,,,
RECAL 3 0 9999 9999 64 4 80,2172,-365702,-352537,-339591,-327303,-315723,-304852,-294781,-285535,-277070,-269464,-262790,-256972,-252029,-247962,-244765,-242442,-241006,-240472,-240831,-242091,-244254,-247339,-251354,-256316,-262269,-269218,-277278,-286435,-296642,-308092,-320798,-334835,-350331,,,,,,,,,,,,,,,,,,,,,,,,,,,,,,,,,,,,,,,,,,,,,,,,,,,,,,,,,,,,,,,,,,,,
RECAL 3 1 9999 2241 64 4 80,1934,-485484,-468009,-448239,-427426,-406016,-384664,-363805,-343963,-325333,-308207,-292764,-279107,-267311,-257599,-249802,-244085,-240466,-238975,-239669,-242546,-247642,-254928,-264427,-276163,-290152,-306308,-324695,-345067,-367157,-390607,-414879,-438985,-461700,,,,,,,,,,,,,,,,,,,,,,,,,,,,,,,,,,,,,,,,,,,,,,,,,,,,,,,,,,,,,,,,,,,,
RECAL 3 0 9999 9999 64 4 80,2189,-367608,-354316,-341580,-329590,-318344,-307931,-298401,-289710,-281777,-274655,-268350,-262888,-258243,-254506,-251568,-249480,-248241,-247847,-248312,-249636,-251830,-254934,-258970,-263958,-269871,-276771,-284664,-293552,-303481,-314367,-326550,-340051,-354925,,,,,,,,,,,,,,,,,,,,,,,,,,,,,,,,,,,,,,,,,,,,,,,,,,,,,,,,,,,,,,,,,,,,
RECAL 3 1 9999 2257 64 4 80,2545,-517694,-516912,-513594,-506184,-493181,-471843,-445117,-416583,-387770,-360517,-335518,-313141,-293624,-277103,-263869,-254051,-247771,-245067,-246026,-250733,-259154,-271617,-288096,-308606,-333261,-361854,-394173,-428449,-460823,-487155,-501998,-510621,-516142,,,,,,,,,,,,,,,,,,,,,,,,,,,,,,,,,,,,,,,,,,,,,,,,,,,,,,,,,,,,,,,,,,,,
RECAL 3 0 9999 9999 64 4 80,471,-246195,-245741,-245308,-244895,-244499,-244136,-243797,-243484,-243190,-242936,-242711,-242519,-242351,-242209,-242110,-242052,-242013,-242019,-242050,-242125,-242236,-242396,-242577,-242810,-243076,-243397,-243745,-244142,-244580,-245069,-245600,-246190,-246824,,,,,,,,,,,,,,,,,,,,,,,,,,,,,,,,,,,,,,,,,,,,,,,,,,,,,,,,,,,,,,,,,,,,
RECAL 3 1 9999 537 64 4 80,2523,-517812,-515990,-509106,-498807,-480152,-454624,-426110,-396800,-368282,-342053,-318551,-297603,-279804,-265249,-254035,-246269,-241996,-241273,-244223,-250976,-261611,-276213,-294848,-317587,-344334,-374676,-407382,-440829,-470350,-492133,-504376,-511505,-516930,,,,,,,,,,,,,,,,,,,,,,,,,,,,,,,,,,,,,,,,,,,,,,,,,,,,,,,,,,,,,,,,,,,,
RECAL 3 0 9999 9999 64 4 80,443,-247041,-246621,-246235,-245865,-245508,-245175,-244872,-244599,-244349,-244129,-243931,-243756,-243629,-243526,-243452,-243419,-243414,-243449,-243519,-243627,-243767,-243956,-244176,-244452,-244757,-245116,-245510,-245949,-246440,-246965,-247554,-248175,-248861,,,,,,,,,,,,,,,,,,,,,,,,,,,,,,,,,,,,,,,,,,,,,,,,,,,,,,,,,,,,,,,,,,,,
RECAL 3 1 9999 505 64 4 80,1894,-493845,-479268,-460532,-440322,-418814,-397214,-376070,-356072,-336871,-319109,-302879,-288365,-275598,-264678,-255662,-248572,-243460,-240394,-239427,-240576,-243871,-249328,-256986,-266763,-278835,-293086,-309497,-327987,-348431,-370437,-393825,-417646,-441023,,,,,,,,,,,,,,,,,,,,,,,,,,,,,,,,,,,,,,,,,,,,,,,,,,,,,,,,,,,,,,,,,,,,
RECAL 3 0 9999 9999 64 4 80,-534,-244017,-243478,-242987,-242536,-242129,-241761,-241439,-241156,-240905,-240706,-240537,-240409,-240312,-240249,-240219,-240230,-240266,-240334,-240432,-240561,-240722,-240914,-241122,-241366,-241629,-241917,-242234,-242569,-242938,-243315,-243711,-244128,-244565,,,,,,,,,,,,,,,,,,,,,,,,,,,,,,,,,,,,,,,,,,,,,,,,,,,,,,,,,,,,,,,,,,,,
RECAL 3 1 9999 -477 64 4 80,944,-325998,-317508,-309311,-301505,-294198,-287191,-280563,-274385,-268644,-263372,-258570,-254237,-250419,-247129,-244331,-242032,-240247,-238971,-238221,-238011,-238332,-239212,-240636,-242628,-245189,-248328,-252055,-256375,-261299,-266914,-273141,-279997,-287483,,,,,,,,,,,,,,,,,,,,,,,,,,,,,,,,,,,,,,,,,,,,,,,,,,,,,,,,,,,,,,,,,,,,
RECAL 3 0 9999 9999 64 4 80,284,-239592,-239431,-239284,-239137,-239003,-238877,-238765,-238661,-238566,-238492,-238427,-238369,-238335,-238311,-238296,-238307,-238327,-238361,-238423,-238499,-238590,-238706,-238838,-238996,-239169,-239358,-239583,-239824,-240098,-240384,-240704,-241051,-241429,,,,,,,,,,,,,,,,,,,,,,,,,,,,,,,,,,,,,,,,,,,,,,,,,,,,,,,,,,,,,,,,,,,,
RECAL 3 1 9999 340 64 4 80,-1458,-376986,-360973,-345735,-331278,-317714,-305237,-293876,-283554,-274242,-266012,-258832,-252745,-247741,-243850,-240941,-239095,-238300,-238548,-239832,-242138,-245452,-249785,-255181,-261590,-268984,-277361,-286652,-296793,-307853,-319555,-332138,-345405,-359246,,,,,,,,,,,,,,,,,,,,,,,,,,,,,,,,,,,,,,,,,,,,,,,,,,,,,,,,,,,,,,,,,,,,
RECAL 3 0 9999 9999 64 4 80,-577,-255644,-255025,-254453,-253945,-253471,-253059,-252682,-252355,-252074,-251841,-251644,-251498,-251378,-251304,-251269,-251269,-251302,-251375,-251472,-251614,-251788,-251983,-252214,-252470,-252750,-253076,-253414,-253787,-254181,-254605,-255068,-255521,-256023,,,,,,,,,,,,,,,,,,,,,,,,,,,,,,,,,,,,,,,,,,,,,,,,,,,,,,,,,,,,,,,,,,,,
RECAL 3 1 9999 -519 64 4 80,-2238,-458024,-432507,-405756,-379153,-354175,-331183,-310652,-292716,-277558,-265154,-255371,-248250,-243734,-241805,-242442,-245613,-251187,-259291,-269850,-282759,-297942,-315351,-334755,-355938,-378650,-402981,-427363,-451036,-473283,-491168,-503327,-510764,-515826,,,,,,,,,,,,,,,,,,,,,,,,,,,,,,,,,,,,,,,,,,,,,,,,,,,,,,,,,,,,,,,,,,,,
RECAL 3 0 9999 9999 64 4 80,-293,-248240,-248083,-247951,-247820,-247716,-247613,-247531,-247451,-247385,-247326,-247276,-247228,-247177,-247160,-247128,-247117,-247106,-247092,-247095,-247102,-247116,-247128,-247151,-247173,-247199,-247242,-247272,-247311,-247354,-247405,-247449,-247487,-247545,,,,,,,,,,,,,,,,,,,,,,,,,,,,,,,,,,,,,,,,,,,,,,,,,,,,,,,,,,,,,,,,,,,,
RECAL 3 1 9999 -223 64 4 80,-2817,-516763,-514665,-508529,-498328,-480100,-450363,-415859,-381399,-350233,-322671,-299241,-280162,-265280,-254543,-247996,-245512,-247024,-252412,-261755,-274965,-291912,-312505,-336564,-363687,-393624,-424642,-454941,-482028,-500871,-511212,-515766,-519272,-519460,,,,,,,,,,,,,,,,,,,,,,,,,,,,,,,,,,,,,,,,,,,,,,,,,,,,,,,,,,,,,,,,,,,,
RECAL 3 0 9999 9999 64 4 80,-2264,-353970,-341793,-330487,-320017,-310452,-301738,-293913,-287027,-280875,-275582,-271109,-267505,-264731,-262774,-261660,-261358,-261846,-263130,-265208,-268046,-271677,-276098,-281323,-287242,-294010,-301601,-310018,-319298,-329458,-340513,-352563,-365633,-379915,,,,,,,,,,,,,,,,,,,,,,,,,,,,,,,,,,,,,,,,,,,,,,,,,,,,,,,,,,,,,,,,,,,,
RECAL 3 1 9999 -2204 64 4 80,-2771,-512822,-505947,-493495,-467499,-432937,-397700,-364659,-335831,-311168,-290806,-274608,-262506,-254464,-250434,-250286,-253914,-261254,-272306,-287034,-305287,-327101,-351954,-379970,-410523,-441718,-470900,-493320,-506386,-512830,-517497,-519149,-518555,-519857,,,,,,,,,,,,,,,,,,,,,,,,,,,,,,,,,,,,,,,,,,,,,,,,,,,,,,,,,,,,,,,,,,,,
RECAL 3 0 9999 9999 64 4 80,-2304,-343899,-331395,-319662,-308838,-298941,-289997,-281938,-274808,-268578,-263218,-258762,-255213,-252600,-250870,-250041,-250077,-250987,-252744,-255395,-258898,-263293,-268557,-274672,-281697,-289616,-298269,-307886,-318453,-329998,-342564,-356226,-370944,-387040,,,,,,,,,,,,,,,,,,,,,,,,,,,,,,,,,,,,,,,,,,,,,,,,,,,,,,,,,,,,,,,,,,,,
RECAL 3 1 9999 -2246 64 4 80,-2192,-461785,-437107,-411105,-385231,-360688,-338476,-318113,-300143,-284673,-271639,-261104,-253059,-247518,-244380,-243751,-245622,-249976,-256797,-266081,-277758,-291857,-307997,-326608,-347307,-369803,-393905,-418671,-443140,-465969,-485069,-498828,-508288,-513920,,,,,,,,,,,,,,,,,,,,,,,,,,,,,,,,,,,,,,,,,,,,,,,,,,,,,,,,,,,,,,,,,,,,
RECAL 3 0 9999 9999 64 4 80,-2231,-337564,-324999,-313332,-302525,-292636,-283628,-275575,-268463,-262216,-256855,-252370,-248744,-245956,-244009,-242899,-242598,-243107,-244428,-246551,-249458,-253173,-257688,-263016,-269220,-276261,-284128,-292846,-302427,-312908,-324316,-336555,-350011,-364523,,,,,,,,,,,,,,,,,,,,,,,,,,,,,,,,,,,,,,,,,,,,,,,,,,,,,,,,,,,,,,,,,,,,
RECAL 3 1 9999 -2171 64 4 80,-1383,-366275,-351741,-337869,-324644,-312388,-301073,-290777,-281439,-273113,-265815,-259571,-254264,-249963,-246661,-244335,-242984,-242602,-243183,-244700,-247125,-250452,-254673,-259788,-265806,-272668,-280409,-288872,-298183,-308350,-319273,-330934,-343271,-356225,,,,,,,,,,,,,,,,,,,,,,,,,,,,,,,,,,,,,,,,,,,,,,,,,,,,,,,,,,,,,,,,,,,,
RECAL 3 0 9999 9999 64 4 80,-2298,-334645,-321732,-309716,-298638,-288543,-279350,-271102,-263759,-257301,-251830,-247306,-243694,-241004,-239236,-238372,-238390,-239295,-241088,-243748,-247296,-251701,-256990,-263180,-270205,-278070,-286821,-296433,-307025,-318568,-331146,-344822,-359317,-375332,,,,,,,,,,,,,,,,,,,,,,,,,,,,,,,,,,,,,,,,,,,,,,,,,,,,,,,,,,,,,,,,,,,,
RECAL 3 1 9999 -2240 64 4 80,1043,-319185,-310092,-301453,-293320,-285633,-278423,-271765,-265683,-260159,-255241,-250937,-247237,-244199,-241748,-239932,-238772,-238265,-238429,-239271,-240794,-242980,-245845,-249395,-253646,-258615,-264319,-270719,-277848,-285604,-294166,-303469,-313501,-324204,,,,,,,,,,,,,,,,,,,,,,,,,,,,,,,,,,,,,,,,,,,,,,,,,,,,,,,,,,,,,,,,,,,,
RECAL 3 0 9999 9999 64 4 80,-2202,-329564,-317867,-307003,-296999,-287889,-279581,-272115,-265609,-259845,-254926,-250851,-247601,-245166,-243529,-242707,-242661,-243419,-244981,-247331,-250477,-254396,-259116,-264640,-270868,-277993,-285930,-294672,-304301,-314823,-326253,-338665,-352015,-366282,,,,,,,,,,,,,,,,,,,,,,,,,,,,,,,,,,,,,,,,,,,,,,,,,,,,,,,,,,,,,,,,,,,,
RECAL 3 1 9999 -2144 64 4 80,1952,-458745,-436912,-414162,-391312,-369171,-348325,-328886,-311167,-295448,-281539,-269606,-259741,-251995,-246383,-242927,-241648,-242583,-245687,-251012,-258555,-268369,-280474,-294817,-311431,-330031,-350964,-373625,-397898,-422508,-446604,-468295,-486782,-499239,,,,,,,,,,,,,,,,,,,,,,,,,,,,,,,,,,,,,,,,,,,,,,,,,,,,,,,,,,,,,,,,,,,,
RECAL 3 0 9999 9999 64 4 80,-2201,-331402,-320382,-310147,-300734,-292178,-284393,-277419,-271324,-265959,-261374,-257590,-254586,-252372,-250944,-250264,-250359,-251220,-252854,-255262,-258433,-262380,-267093,-272578,-278765,-285798,-293615,-302259,-311770,-322124,-333385,-345617,-358661,-372711,,,,,,,,,,,,,,,,,,,,,,,,,,,,,,,,,,,,,,,,,,,,,,,,,,,,,,,,,,,,,,,,,,,,
RECAL 3 1 9999 -2143 64 4 80,2547,-519408,-518476,-517919,-513739,-507519,-495407,-474521,-447221,-417522,-387461,-359064,-333167,-309935,-289882,-273143,-259860,-250149,-244031,-241595,-242905,-247926,-256869,-269819,-286803,-307848,-333126,-362380,-395358,-429859,-462481,-487744,-502811,-510653,,,,,,,,,,,,,,,,,,,,,,,,,,,,,,,,,,,,,,,,,,,,,,,,,,,,,,,,,,,,,,,,,,,,
RECAL 3 0 9999 9999 64 4 80,2123,-340766,-328021,-316292,-305501,-295613,-286599,-278284,-270777,-264070,-258140,-253007,-248664,-245086,-242280,-240256,-238975,-238465,-238744,-239803,-241653,-244300,-247742,-251966,-256994,-262856,-269553,-277124,-285575,-294912,-305216,-316391,-328716,-342197,,,,,,,,,,,,,,,,,,,,,,,,,,,,,,,,,,,,,,,,,,,,,,,,,,,,,,,,,,,,,,,,,,,,
RECAL 3 1 9999 2188 64 4 80,-2869,-516308,-512317,-506847,-497989,-481114,-452019,-416659,-381412,-349474,-321492,-297669,-278026,-262399,-250737,-243009,-238869,-238376,-241469,-248042,-258018,-271355,-287964,-307818,-330819,-356523,-384398,-413902,-443021,-470512,-491987,-506041,-513124,-517877,,,,,,,,,,,,,,,,,,,,,,,,,,,,,,,,,,,,,,,,,,,,,,,,,,,,,,,,,,,,,,,,,,,,
RECAL 3 0 9999 9999 64 4 80,2189,-351472,-337220,-324100,-312021,-300936,-290875,-281759,-273524,-266189,-259679,-254027,-249252,-245324,-242249,-239977,-238553,-237969,-238249,-239381,-241370,-244239,-247992,-252663,-258268,-264846,-272346,-280856,-290360,-300838,-312235,-324931,-338777,-353830,,,,,,,,,,,,,,,,,,,,,,,,,,,,,,,,,,,,,,,,,,,,,,,,,,,,,,,,,,,,,,,,,,,,
RECAL 3 1 9999 2254 64 4 80,-2277,-476257,-455507,-431981,-406429,-380788,-356152,-333158,-312351,-293936,-278072,-264945,-254148,-245947,-240257,-237047,-236287,-237957,-242021,-248362,-256954,-267780,-280771,-295786,-312830,-331632,-352026,-373215,-395818,-418649,-441292,-462633,-482174,-497572,,,,,,,,,,,,,,,,,,,,,,,,,,,,,,,,,,,,,,,,,,,,,,,,,,,,,,,,,,,,,,,,,,,,
RECAL 3 0 9999 9999 64 4 80,2160,-349508,-335292,-322134,-310012,-299030,-288860,-279564,-271170,-263659,-257042,-251317,-246457,-242464,-239351,-237091,-235675,-235105,-235385,-236515,-238526,-241352,-245079,-249691,-255205,-261643,-269012,-277303,-286577,-296802,-308200,-320643,-334178,-348863,,,,,,,,,,,,,,,,,,,,,,,,,,,,,,,,,,,,,,,,,,,,,,,,,,,,,,,,,,,,,,,,,,,,
RECAL 3 1 9999 2225 64 4 80,-1460,-350965,-336467,-322783,-309939,-298037,-287164,-277356,-268554,-260781,-254040,-248337,-243634,-239942,-237254,-235578,-234856,-235101,-236303,-238452,-241534,-245533,-250434,-256273,-263026,-270654,-279118,-288410,-298416,-309223,-320714,-332686,-345403,-358534,,,,,,,,,,,,,,,,,,,,,,,,,,,,,,,,,,,,,,,,,,,,,,,,,,,,,,,,,,,,,,,,,,,,
RECAL 3 0 9999 9999 64 4 80,2152,-348871,-334797,-321817,-309818,-298766,-288724,-279686,-271383,-263969,-257418,-251757,-246968,-243020,-239933,-237704,-236340,-235820,-236146,-237319,-239355,-242238,-245995,-250550,-256055,-262475,-269831,-278094,-287308,-297443,-308626,-320865,-334251,-348778,,,,,,,,,,,,,,,,,,,,,,,,,,,,,,,,,,,,,,,,,,,,,,,,,,,,,,,,,,,,,,,,,,,,
RECAL 3 1 9999 2217 64 4 80,1007,-305736,-297880,-290455,-283409,-276792,-270700,-265011,-259784,-255054,-250837,-247122,-243917,-241227,-239054,-237419,-236337,-235827,-235874,-236495,-237689,-239468,-241790,-244741,-248291,-252438,-257210,-262610,-268637,-275288,-282487,-290274,-298610,-307578,,,,,,,,,,,,,,,,,,,,,,,,,,,,,,,,,,,,,,,,,,,,,,,,,,,,,,,,,,,,,,,,,,,,
RECAL 3 0 9999 9999 64 4 80,2126,-347449,-334085,-321748,-310326,-299813,-290146,-281295,-273314,-266152,-259814,-254318,-249649,-245803,-242812,-240581,-239168,-238567,-238804,-239859,-241752,-244483,-248038,-252416,-257628,-263732,-270699,-278581,-287376,-297055,-307611,-319300,-332017,-345869,,,,,,,,,,,,,,,,,,,,,,,,,,,,,,,,,,,,,,,,,,,,,,,,,,,,,,,,,,,,,,,,,,,,
RECAL 3 1 9999 2191 64 4 80,1958,-462506,-442512,-421814,-400334,-379057,-358524,-339094,-321161,-304555,-289678,-276551,-265283,-255934,-248580,-243208,-239873,-238545,-239226,-241919,-246649,-253418,-262261,-273171,-286075,-300991,-317905,-336639,-357035,-378628,-401334,-424077,-446098,-466771,,,,,,,,,,,,,,,,,,,,,,,,,,,,,,,,,,,,,,,,,,,,,,,,,,,,,,,,,,,,,,,,,,,,
RECAL 3 0 9999 9999 64 4 80,2112,-348459,-336152,-324778,-314324,-304749,-295994,-288111,-280962,-274576,-268908,-264027,-259901,-256546,-253955,-252137,-251080,-250790,-251252,-252497,-254533,-257335,-260951,-265397,-270609,-276679,-283522,-291200,-299696,-309146,-319524,-330871,-343192,-356405,,,,,,,,,,,,,,,,,,,,,,,,,,,,,,,,,,,,,,,,,,,,,,,,,,,,,,,,,,,,,,,,,,,,
RECAL 3 1 9999 2176 64 4 80,2580,-519497,-517642,-514467,-509474,-499218,-482225,-457794,-430390,-401844,-373833,-347701,-324233,-303256,-285344,-270518,-258944,-250725,-245902,-244503,-246582,-252111,-261147,-273770,-289954,-309702,-333152,-360082,-389863,-422121,-453329,-479962,-498393,-508440,,,,,,,,,,,,,,,,,,,,,,,,,,,,,,,,,,,,,,,,,,,,,,,,,,,,,,,,,,,,,,,,,,,,
RECAL 3 0 9999 9999 64 4 80,-404,-249538,-249427,-249329,-249250,-249180,-249140,-249109,-249084,-249094,-249107,-249135,-249179,-249231,-249306,-249387,-249486,-249583,-249703,-249832,-249969,-250117,-250281,-250452,-250622,-250799,-251001,-251194,-251404,-251613,-251827,-252047,-252279,-252506,,,,,,,,,,,,,,,,,,,,,,,,,,,,,,,,,,,,,,,,,,,,,,,,,,,,,,,,,,,,,,,,,,,,
RECAL 3 1 9999 -374 64 4 80,2564,-518583,-517549,-515720,-508768,-498177,-480344,-455314,-427278,-397997,-369676,-343695,-320166,-299604,-282130,-267819,-256866,-249088,-244625,-243533,-245859,-251660,-260994,-273934,-290447,-310374,-333885,-360849,-391031,-423237,-454674,-481169,-498921,-509141,,,,,,,,,,,,,,,,,,,,,,,,,,,,,,,,,,,,,,,,,,,,,,,,,,,,,,,,,,,,,,,,,,,,
RECAL 3 0 9999 9999 64 4 80,-253,-239028,-238994,-238975,-238958,-238943,-238945,-238949,-238954,-238970,-238990,-239011,-239042,-239075,-239114,-239160,-239203,-239252,-239298,-239357,-239417,-239480,-239542,-239610,-239675,-239743,-239814,-239883,-239952,-240021,-240091,-240166,-240237,-240303,,,,,,,,,,,,,,,,,,,,,,,,,,,,,,,,,,,,,,,,,,,,,,,,,,,,,,,,,,,,,,,,,,,,
RECAL 3 1 9999 -233 64 4 80,1934,-473731,-455413,-434856,-413791,-392555,-371612,-351601,-332697,-315224,-299302,-285154,-272742,-262161,-253551,-246758,-241893,-238980,-238042,-239122,-242212,-247344,-254443,-263567,-274689,-287835,-302881,-319884,-338749,-359224,-380977,-403946,-427337,-449785,,,,,,,,,,,,,,,,,,,,,,,,,,,,,,,,,,,,,,,,,,,,,,,,,,,,,,,,,,,,,,,,,,,,
RECAL 3 0 9999 9999 64 4 80,249,-237703,-237663,-237609,-237575,-237549,-237531,-237515,-237514,-237523,-237544,-237572,-237614,-237667,-237735,-237808,-237900,-237999,-238118,-238248,-238395,-238559,-238734,-238926,-239142,-239367,-239614,-239875,-240173,-240478,-240804,-241158,-241531,-241924,,,,,,,,,,,,,,,,,,,,,,,,,,,,,,,,,,,,,,,,,,,,,,,,,,,,,,,,,,,,,,,,,,,,
RECAL 3 1 9999 276 64 4 80,964,-307248,-299663,-292505,-285694,-279265,-273232,-267638,-262483,-257831,-253627,-249889,-246624,-243831,-241517,-239688,-238368,-237537,-237224,-237420,-238151,-239406,-241197,-243530,-246405,-249864,-253896,-258499,-263673,-269424,-275738,-282637,-289981,-297937,,,,,,,,,,,,,,,,,,,,,,,,,,,,,,,,,,,,,,,,,,,,,,,,,,,,,,,,,,,,,,,,,,,,
RECAL 3 0 9999 9999 64 4 80,305,-239808,-239683,-239582,-239488,-239407,-239335,-239289,-239238,-239207,-239196,-239200,-239212,-239243,-239292,-239355,-239447,-239548,-239664,-239802,-239962,-240148,-240352,-240580,-240834,-241109,-241405,-241725,-242076,-242457,-242853,-243280,-243737,-244216,,,,,,,,,,,,,,,,,,,,,,,,,,,,,,,,,,,,,,,,,,,,,,,,,,,,,,,,,,,,,,,,,,,,
RECAL 3 1 9999 343 64 4 80,-1482,-338336,-324377,-311317,-299399,-288386,-278376,-269443,-261602,-254851,-249198,-244618,-241118,-238678,-237274,-236897,-237532,-239179,-241815,-245417,-249922,-255413,-261867,-269227,-277464,-286560,-296420,-307153,-318655,-330958,-343885,-357385,-371351,-385807,,,,,,,,,,,,,,,,,,,,,,,,,,,,,,,,,,,,,,,,,,,,,,,,,,,,,,,,,,,,,,,,,,,,
RECAL 3 0 9999 9999 64 4 80,470,-241407,-241068,-240757,-240475,-240221,-239997,-239794,-239621,-239476,-239375,-239295,-239256,-239244,-239276,-239330,-239433,-239573,-239746,-239960,-240214,-240506,-240835,-241215,-241638,-242102,-242612,-243164,-243753,-244404,-245094,-245845,-246645,-247500,,,,,,,,,,,,,,,,,,,,,,,,,,,,,,,,,,,,,,,,,,,,,,,,,,,,,,,,,,,,,,,,,,,,
RECAL 3 1 9999 517 64 4 80,-2291,-466539,-444342,-419341,-393302,-367750,-343792,-321633,-301873,-284680,-270029,-257975,-248552,-241690,-237403,-235546,-236152,-239197,-244642,-252437,-262555,-274990,-289593,-306102,-324577,-344856,-366611,-389695,-413365,-437011,-459322,-479669,-494148,-505619,,,,,,,,,,,,,,,,,,,,,,,,,,,,,,,,,,,,,,,,,,,,,,,,,,,,,,,,,,,,,,,,,,,,
RECAL 3 0 9999 9999 64 4 80,-325,-255682,-255580,-255497,-255429,-255378,-255342,-255308,-255278,-255286,-255286,-255295,-255320,-255350,-255383,-255418,-255472,-255530,-255608,-255668,-255739,-255813,-255903,-255995,-256081,-256177,-256285,-256382,-256488,-256604,-256719,-256840,-256955,-257076,,,,,,,,,,,,,,,,,,,,,,,,,,,,,,,,,,,,,,,,,,,,,,,,,,,,,,,,,,,,,,,,,,,,
RECAL 3 1 9999 -292 64 4 80,-2871,-507602,-497960,-480090,-449388,-413583,-378467,-347233,-320392,-297726,-279171,-264510,-253735,-246765,-243502,-243832,-247721,-255120,-266000,-280270,-297834,-318669,-342588,-369209,-398527,-428710,-457895,-483440,-501180,-509578,-516636,-517631,-518975,-519618,,,,,,,,,,,,,,,,,,,,,,,,,,,,,,,,,,,,,,,,,,,,,,,,,,,,,,,,,,,,,,,,,,,,
RECAL 3 0 9999 9999 64 4 80,-2276,-331269,-320226,-310002,-300669,-292256,-284665,-277873,-271870,-266672,-262233,-258585,-255665,-253486,-252064,-251383,-251449,-252243,-253771,-256027,-258994,-262690,-267116,-272271,-278199,-284857,-292257,-300317,-309300,-319093,-329722,-341206,-353584,-366857,,,,,,,,,,,,,,,,,,,,,,,,,,,,,,,,,,,,,,,,,,,,,,,,,,,,,,,,,,,,,,,,,,,,
RECAL 3 1 9999 -2218 64 4 80,-2850,-512582,-505552,-491433,-463193,-427336,-391598,-359404,-331361,-307489,-287820,-271690,-259304,-250606,-245534,-243988,-245915,-251253,-260020,-272273,-287882,-306789,-329068,-354527,-382972,-413758,-444566,-473288,-495021,-506600,-512934,-516783,-519041,-519203,,,,,,,,,,,,,,,,,,,,,,,,,,,,,,,,,,,,,,,,,,,,,,,,,,,,,,,,,,,,,,,,,,,,
RECAL 3 0 9999 9999 64 4 80,-2204,-321619,-311425,-302098,-293664,-286040,-279185,-273120,-267825,-263349,-259548,-256492,-254168,-252555,-251668,-251495,-252030,-253276,-255249,-257940,-261348,-265495,-270372,-275968,-282314,-289309,-297112,-305716,-315101,-325270,-336270,-348134,-360739,-374132,,,,,,,,,,,,,,,,,,,,,,,,,,,,,,,,,,,,,,,,,,,,,,,,,,,,,,,,,,,,,,,,,,,,
RECAL 3 1 9999 -2149 64 4 80,-2257,-444176,-417656,-391146,-365796,-342552,-321849,-303228,-287154,-273479,-262312,-253618,-247367,-243528,-242075,-242942,-246092,-251492,-259140,-269022,-281084,-295217,-311232,-329440,-349606,-371301,-394580,-418614,-442422,-464761,-484040,-498491,-507384,-512956,,,,,,,,,,,,,,,,,,,,,,,,,,,,,,,,,,,,,,,,,,,,,,,,,,,,,,,,,,,,,,,,,,,,
RECAL 3 0 9999 9999 64 4 80,-2236,-319633,-308529,-298393,-289236,-280945,-273513,-266938,-261188,-256301,-252217,-248908,-246367,-244585,-243549,-243262,-243724,-244903,-246821,-249466,-252838,-256941,-261773,-267344,-273658,-280777,-288689,-297309,-306787,-317063,-328161,-340125,-352954,-366370,,,,,,,,,,,,,,,,,,,,,,,,,,,,,,,,,,,,,,,,,,,,,,,,,,,,,,,,,,,,,,,,,,,,
RECAL 3 1 9999 -2180 64 4 80,-1442,-343149,-329500,-316884,-305220,-294530,-284859,-276153,-268441,-261743,-256095,-251384,-247647,-244875,-243062,-242195,-242266,-243265,-245189,-248045,-251812,-256470,-262037,-268489,-275802,-283954,-292824,-302619,-313220,-324603,-336729,-349548,-362930,-376964,,,,,,,,,,,,,,,,,,,,,,,,,,,,,,,,,,,,,,,,,,,,,,,,,,,,,,,,,,,,,,,,,,,,
RECAL 3 0 9999 9999 64 4 80,-2244,-319794,-308556,-298411,-289120,-280697,-273135,-266461,-260597,-255561,-251358,-247973,-245374,-243533,-242450,-242117,-242534,-243691,-245591,-248181,-251526,-255607,-260433,-265996,-272279,-279322,-287118,-295715,-305163,-315433,-326484,-338438,-351207,-364854,,,,,,,,,,,,,,,,,,,,,,,,,,,,,,,,,,,,,,,,,,,,,,,,,,,,,,,,,,,,,,,,,,,,
RECAL 3 1 9999 -2188 64 4 80,1021,-313051,-305062,-297413,-290262,-283526,-277266,-271485,-266209,-261415,-257126,-253341,-250099,-247394,-245239,-243636,-242598,-242117,-242209,-242872,-244112,-245943,-248378,-251409,-255064,-259341,-264238,-269706,-275804,-282528,-289880,-297808,-306418,-315659,,,,,,,,,,,,,,,,,,,,,,,,,,,,,,,,,,,,,,,,,,,,,,,,,,,,,,,,,,,,,,,,,,,,
RECAL 3 0 9999 9999 64 4 80,-2268,-324002,-312819,-302603,-293378,-285034,-277537,-270881,-265072,-260131,-255928,-252524,-249923,-248105,-247053,-246780,-247260,-248497,-250465,-253177,-256617,-260817,-265770,-271444,-277889,-284994,-292915,-301625,-311141,-321460,-332606,-344639,-357536,-371446,,,,,,,,,,,,,,,,,,,,,,,,,,,,,,,,,,,,,,,,,,,,,,,,,,,,,,,,,,,,,,,,,,,,
RECAL 3 1 9999 -2212 64 4 80,1960,-485754,-468614,-448328,-426419,-404010,-381937,-361248,-341824,-323881,-307658,-293230,-280665,-269962,-261184,-254387,-249601,-246756,-245865,-246944,-250006,-255075,-262173,-271246,-282419,-295608,-310850,-328100,-347364,-368450,-391265,-415346,-439679,-462525,,,,,,,,,,,,,,,,,,,,,,,,,,,,,,,,,,,,,,,,,,,,,,,,,,,,,,,,,,,,,,,,,,,,
RECAL 3 0 9999 9999 64 4 80,-2286,-327834,-317126,-307333,-298445,-290421,-283133,-276667,-270996,-266132,-262015,-258662,-256087,-254273,-253171,-252827,-253223,-254350,-256226,-258847,-262206,-266293,-271069,-276597,-282856,-289876,-297639,-306227,-315600,-325694,-336761,-348702,-361536,-375296,,,,,,,,,,,,,,,,,,,,,,,,,,,,,,,,,,,,,,,,,,,,,,,,,,,,,,,,,,,,,,,,,,,,
RECAL 3 1 9999 -2230 64 4 80,2585,-518153,-517146,-514212,-509483,-499594,-481487,-454572,-424765,-394607,-366286,-341014,-318374,-298827,-282485,-269305,-259375,-252747,-249470,-249545,-252962,-259735,-269926,-283547,-300568,-321195,-345456,-372953,-404406,-437942,-470127,-493814,-506497,-512280,,,,,,,,,,,,,,,,,,,,,,,,,,,,,,,,,,,,,,,,,,,,,,,,,,,,,,,,,,,,,,,,,,,,
RECAL 3 0 9999 9999 64 4 80,2119,-341438,-329090,-317773,-307365,-297839,-289223,-281408,-274476,-268326,-262951,-258330,-254472,-251357,-249001,-247388,-246529,-246424,-247068,-248486,-250680,-253655,-257430,-262015,-267484,-273848,-281078,-289224,-298261,-308332,-319409,-331531,-344642,-359056,,,,,,,,,,,,,,,,,,,,,,,,,,,,,,,,,,,,,,,,,,,,,,,,,,,,,,,,,,,,,,,,,,,,
RECAL 3 1 9999 2182 64 4 80,-2864,-517546,-513922,-509755,-501172,-484256,-453741,-417083,-381462,-349703,-322312,-299278,-280569,-265950,-255403,-248608,-245579,-246256,-250508,-258301,-269515,-284079,-301707,-322317,-345822,-371722,-399792,-428683,-456701,-481964,-500262,-510103,-514402,-517812,,,,,,,,,,,,,,,,,,,,,,,,,,,,,,,,,,,,,,,,,,,,,,,,,,,,,,,,,,,,,,,,,,,,
RECAL 3 0 9999 9999 64 4 80,2034,-330441,-318952,-308308,-298489,-289572,-281322,-273841,-267111,-261113,-255851,-251333,-247546,-244467,-242109,-240481,-239616,-239506,-240161,-241577,-243766,-246692,-250423,-254959,-260315,-266526,-273541,-281428,-290207,-299738,-310189,-321589,-333959,-347321,,,,,,,,,,,,,,,,,,,,,,,,,,,,,,,,,,,,,,,,,,,,,,,,,,,,,,,,,,,,,,,,,,,,
RECAL 3 1 9999 2097 64 4 80,-2276,-493794,-477765,-456438,-431654,-405190,-378975,-354267,-331482,-311130,-293293,-278196,-265480,-255296,-247666,-242510,-239786,-239454,-241489,-245902,-252643,-261690,-272979,-286442,-301901,-319353,-338531,-358851,-380717,-403460,-426245,-448786,-470241,-488686,,,,,,,,,,,,,,,,,,,,,,,,,,,,,,,,,,,,,,,,,,,,,,,,,,,,,,,,,,,,,,,,,,,,
RECAL 3 0 9999 9999 64 4 80,2128,-343714,-330340,-317970,-306590,-296136,-286791,-278224,-270508,-263623,-257560,-252333,-247927,-244359,-241561,-239579,-238422,-238088,-238597,-239932,-242122,-245160,-249118,-253986,-259774,-266522,-274200,-282826,-292476,-302951,-314639,-327411,-341366,-356465,,,,,,,,,,,,,,,,,,,,,,,,,,,,,,,,,,,,,,,,,,,,,,,,,,,,,,,,,,,,,,,,,,,,
RECAL 3 1 9999 2191 64 4 80,-1461,-362395,-347353,-333060,-319702,-307297,-295854,-285412,-275948,-267547,-260203,-253933,-248733,-244578,-241443,-239340,-238211,-238095,-238950,-240782,-243573,-247295,-251930,-257440,-263815,-271027,-279063,-287930,-297470,-307812,-318854,-330448,-342666,-355400,,,,,,,,,,,,,,,,,,,,,,,,,,,,,,,,,,,,,,,,,,,,,,,,,,,,,,,,,,,,,,,,,,,,
RECAL 3 0 9999 9999 64 4 80,2128,-340161,-326946,-314781,-303547,-293301,-284052,-275636,-268049,-261296,-255361,-250260,-245971,-242510,-239822,-237950,-236894,-236654,-237253,-238679,-240958,-244078,-248128,-253063,-258923,-265722,-273443,-282136,-291815,-302347,-314050,-326841,-340803,-355856,,,,,,,,,,,,,,,,,,,,,,,,,,,,,,,,,,,,,,,,,,,,,,,,,,,,,,,,,,,,,,,,,,,,
RECAL 3 1 9999 2191 64 4 80,1004,-305912,-297908,-290373,-283248,-276585,-270479,-264779,-259577,-254883,-250722,-247091,-243979,-241411,-239374,-237914,-236996,-236626,-236811,-237559,-238873,-240758,-243193,-246227,-249842,-254039,-258848,-264274,-270291,-276907,-284142,-292051,-300540,-309654,,,,,,,,,,,,,,,,,,,,,,,,,,,,,,,,,,,,,,,,,,,,,,,,,,,,,,,,,,,,,,,,,,,,
RECAL 3 0 9999 9999 64 4 80,2125,-339835,-326791,-314795,-303700,-293562,-284389,-276120,-268662,-262019,-256193,-251156,-246931,-243482,-240842,-238970,-237886,-237604,-238135,-239477,-241649,-244648,-248493,-253241,-258904,-265492,-272989,-281460,-290882,-301294,-312623,-325183,-338932,-353892,,,,,,,,,,,,,,,,,,,,,,,,,,,,,,,,,,,,,,,,,,,,,,,,,,,,,,,,,,,,,,,,,,,,
RECAL 3 1 9999 2188 64 4 80,1957,-467234,-447332,-425892,-404017,-382267,-361336,-341606,-323330,-306484,-291376,-278042,-266514,-256870,-249147,-243345,-239481,-237583,-237729,-239910,-244168,-250468,-258859,-269377,-281807,-296374,-312972,-331421,-351594,-373121,-395909,-418864,-441380,-462375,,,,,,,,,,,,,,,,,,,,,,,,,,,,,,,,,,,,,,,,,,,,,,,,,,,,,,,,,,,,,,,,,,,,
RECAL 3 0 9999 9999 64 4 80,2135,-340728,-328497,-317308,-307176,-297885,-289537,-281939,-275171,-269169,-263945,-259471,-255823,-252870,-250683,-249258,-248592,-248675,-249536,-251146,-253570,-256819,-260892,-265800,-271556,-278179,-285677,-294040,-303247,-313541,-324850,-337288,-350852,-365593,,,,,,,,,,,,,,,,,,,,,,,,,,,,,,,,,,,,,,,,,,,,,,,,,,,,,,,,,,,,,,,,,,,,
RECAL 3 1 9999 2196 64 4 80,2581,-518579,-517136,-515272,-509585,-499861,-482553,-457499,-428816,-399252,-370639,-344411,-320995,-300238,-282624,-268049,-256640,-248461,-243547,-241904,-243603,-248787,-257473,-269759,-285694,-305230,-328472,-355365,-385299,-418107,-450525,-478683,-497752,-508086,,,,,,,,,,,,,,,,,,,,,,,,,,,,,,,,,,,,,,,,,,,,,,,,,,,,,,,,,,,,,,,,,,,,
RECAL 3 0 9999 9999 64 4 80,117,-243914,-243926,-243949,-243977,-243999,-244028,-244058,-244094,-244131,-244169,-244214,-244266,-244311,-244373,-244439,-244498,-244579,-244650,-244729,-244814,-244908,-245001,-245103,-245215,-245332,-245457,-245592,-245730,-245880,-246028,-246193,-246365,-246539,,,,,,,,,,,,,,,,,,,,,,,,,,,,,,,,,,,,,,,,,,,,,,,,,,,,,,,,,,,,,,,,,,,,
RECAL 3 0 9999 159 64 4 80,95,-243836,-243836,-243853,-243864,-243873,-243888,-243910,-243930,-243946,-243984,-243997,-244033,-244063,-244097,-244141,-244178,-244217,-244276,-244332,-244389,-244451,-244514,-244595,-244673,-244751,-244848,-244943,-245035,-245147,-245261,-245384,-245517,-245652,,,,,,,,,,,,,,,,,,,,,,,,,,,,,,,,,,,,,,,,,,,,,,,,,,,,,,,,,,,,,,,,,,,,
RECAL 3 0 9999 137 64 4 80,73,-243788,-243789,-243796,-243792,-243796,-243802,-243817,-243824,-243837,-243848,-243865,-243878,-243904,-243924,-243944,-243974,-244003,-244035,-244069,-244103,-244145,-244183,-244232,-244282,-244341,-244408,-244464,-244535,-244616,-244695,-244785,-244874,-244972,,,,,,,,,,,,,,,,,,,,,,,,,,,,,,,,,,,,,,,,,,,,,,,,,,,,,,,,,,,,,,,,,,,,
RECAL 3 0 9999 115 64 4 80,51,-243770,-243763,-243773,-243773,-243772,-243771,-243778,-243774,-243774,-243783,-243800,-243818,-243819,-243835,-243848,-243858,-243872,-243889,-243905,-243925,-243948,-243990,-244013,-244044,-244078,-244122,-244159,-244208,-244263,-244315,-244372,-244441,-244501,,,,,,,,,,,,,,,,,,,,,,,,,,,,,,,,,,,,,,,,,,,,,,,,,,,,,,,,,,,,,,,,,,,,
RECAL 3 1 9999 54 64 4 80,2547,-517511,-515224,-510020,-500505,-482795,-457363,-427706,-397202,-368207,-341798,-318265,-297819,-280704,-266745,-255911,-248257,-243763,-242460,-244367,-249538,-257899,-269653,-284801,-303324,-325323,-350801,-379417,-410938,-443258,-472285,-494347,-505551,-512590,,,,,,,,,,,,,,,,,,,,,,,,,,,,,,,,,,,,,,,,,,,,,,,,,,,,,,,,,,,,,,,,,,,,
RECAL 3 0 9999 9999 64 4 80,-3,-239788,-239797,-239795,-239793,-239804,-239804,-239814,-239826,-239840,-239855,-239882,-239890,-239915,-239930,-239959,-239984,-240011,-240044,-240079,-240111,-240155,-240190,-240233,-240279,-240331,-240386,-240440,-240493,-240558,-240618,-240695,-240765,-240841,,,,,,,,,,,,,,,,,,,,,,,,,,,,,,,,,,,,,,,,,,,,,,,,,,,,,,,,,,,,,,,,,,,,
RECAL 3 0 9999 39 64 4 80,-25,-239772,-239789,-239794,-239795,-239807,-239815,-239822,-239825,-239819,-239823,-239825,-239839,-239848,-239853,-239868,-239883,-239906,-239919,-239944,-239961,-239988,-240010,-240033,-240066,-240104,-240143,-240182,-240221,-240271,-240316,-240361,-240421,-240474,,,,,,,,,,,,,,,,,,,,,,,,,,,,,,,,,,,,,,,,,,,,,,,,,,,,,,,,,,,,,,,,,,,,
RECAL 3 0 9999 17 64 4 80,-47,-239707,-239724,-239731,-239751,-239762,-239781,-239792,-239797,-239810,-239817,-239822,-239832,-239838,-239829,-239823,-239833,-239840,-239847,-239856,-239875,-239884,-239898,-239920,-239937,-239952,-239975,-240005,-240030,-240062,-240093,-240129,-240163,-240203,,,,,,,,,,,,,,,,,,,,,,,,,,,,,,,,,,,,,,,,,,,,,,,,,,,,,,,,,,,,,,,,,,,,
RECAL 3 0 9999 -5 64 4 80,-69,-239587,-239609,-239631,-239656,-239672,-239697,-239714,-239726,-239747,-239756,-239776,-239787,-239794,-239804,-239812,-239817,-239826,-239837,-239838,-239829,-239833,-239832,-239840,-239851,-239850,-239875,-239887,-239902,-239924,-239945,-239965,-239989,-240014,,,,,,,,,,,,,,,,,,,,,,,,,,,,,,,,,,,,,,,,,,,,,,,,,,,,,,,,,,,,,,,,,,,,
RECAL 3 0 9999 -5 128 4 80,-133,-239188,-239206,-239224,-239254,-239282,-239300,-239336,-239363,-239389,-239409,-239442,-239463,-239487,-239517,-239543,-239565,-239589,-239608,-239630,-239648,-239677,-239699,-239710,-239721,-239746,-239764,-239780,-239789,-239802,-239799,-239815,-239820,-239830,-239834,-239835,-239825,-239824,-239838,-239846,-239852,-239869,-239876,-239894,-239911,-239930,-239946,-239972,-239987,-240015,-240048,-240082,-240110,-240145,-240187,-240225,-240274,-240324,-240372,-240422,-240484,-240537,-240608,-240675,-240739,-240815,,,,,,,,,,,,,,,,,,,,,,,,,,,,,,,,,,,,
RECAL 3 0 9999 -50 128 4 80,-178,-239095,-239093,-239082,-239081,-239085,-239094,-239104,-239115,-239130,-239137,-239162,-239184,-239202,-239222,-239247,-239265,-239292,-239318,-239347,-239374,-239398,-239432,-239453,-239482,-239513,-239531,-239558,-239583,-239609,-239628,-239649,-239673,-239690,-239706,-239726,-239745,-239763,-239778,-239788,-239796,-239813,-239815,-239819,-239826,-239838,-239835,-239834,-239838,-239840,-239845,-239847,-239861,-239874,-239887,-239902,-239918,-239940,-239964,-239991,-240008,-240041,-240073,-240108,-240135,-240178,,,,,,,,,,,,,,,,,,,,,,,,,,,,,,,,,,,,
RECAL 3 1 9999 -166 128 4 80,1842,-520962,-520090,-520315,-520477,-518913,-519896,-519972,-520083,-519970,-518659,-517536,-515826,-513843,-508550,-500139,-489001,-471941,-452009,-430451,-408242,-386315,-365047,-345052,-326460,-309510,-294249,-280809,-269124,-259354,-251505,-245521,-241370,-239091,-238686,-240169,-243550,-248766,-255928,-265029,-276038,-288926,-303613,-320154,-338405,-358377,-379689,-402035,-424601,-446738,-467436,-485116,-498492,-507754,-513073,-516612,-518457,-519250,-519837,-520013,-519770,-518824,-519467,-519513,-520862,-519263,,,,,,,,,,,,,,,,,,,,,,,,,,,,,,,,,,,,
RECAL 3 0 9999 9999 64 4 80,80,-237458,-237469,-237490,-237519,-237539,-237571,-237598,-237629,-237661,-237690,-237739,-237778,-237821,-237872,-237926,-237980,-238035,-238108,-238179,-238250,-238328,-238409,-238499,-238601,-238707,-238807,-238925,-239048,-239176,-239307,-239458,-239607,-239765,,,,,,,,,,,,,,,,,,,,,,,,,,,,,,,,,,,,,,,,,,,,,,,,,,,,,,,,,,,,,,,,,,,,
RECAL 3 0 9999 122 64 4 80,58,-237379,-237385,-237403,-237412,-237427,-237446,-237461,-237483,-237509,-237529,-237556,-237580,-237613,-237640,-237679,-237714,-237758,-237794,-237846,-237896,-237951,-238015,-238078,-238142,-238216,-238293,-238369,-238456,-238547,-238645,-238759,-238863,-238980,,,,,,,,,,,,,,,,,,,,,,,,,,,,,,,,,,,,,,,,,,,,,,,,,,,,,,,,,,,,,,,,,,,,
RECAL 3 0 9999 100 64 4 80,36,-237342,-237342,-237355,-237358,-237365,-237366,-237381,-237392,-237404,-237413,-237431,-237443,-237469,-237492,-237513,-237542,-237573,-237598,-237629,-237663,-237695,-237735,-237775,-237817,-237870,-237921,-237981,-238038,-238116,-238174,-238249,-238327,-238413,,,,,,,,,,,,,,,,,,,,,,,,,,,,,,,,,,,,,,,,,,,,,,,,,,,,,,,,,,,,,,,,,,,,
RECAL 3 0 9999 78 64 4 80,14,-237323,-237327,-237329,-237331,-237339,-237343,-237347,-237351,-237361,-237366,-237377,-237380,-237392,-237408,-237421,-237429,-237448,-237462,-237478,-237504,-237530,-237553,-237581,-237608,-237644,-237674,-237718,-237752,-237796,-237844,-237892,-237949,-238005,,,,,,,,,,,,,,,,,,,,,,,,,,,,,,,,,,,,,,,,,,,,,,,,,,,,,,,,,,,,,,,,,,,,
RECAL 3 0 9999 56 64 4 80,-8,-237314,-237315,-237311,-237316,-237313,-237312,-237313,-237321,-237319,-237327,-237327,-237331,-237339,-237350,-237353,-237365,-237374,-237378,-237388,-237403,-237418,-237435,-237447,-237472,-237492,-237513,-237534,-237557,-237596,-237630,-237657,-237698,-237734,,,,,,,,,,,,,,,,,,,,,,,,,,,,,,,,,,,,,,,,,,,,,,,,,,,,,,,,,,,,,,,,,,,,
RECAL 3 0 9999 56 128 4 80,-72,-237270,-237269,-237273,-237274,-237281,-237283,-237290,-237291,-237286,-237295,-237304,-237302,-237309,-237314,-237317,-237311,-237310,-237314,-237316,-237307,-237316,-237322,-237327,-237329,-237327,-237332,-237336,-237341,-237347,-237351,-237357,-237363,-237374,-237386,-237397,-237409,-237422,-237436,-237452,-237474,-237493,-237517,-237546,-237571,-237592,-237630,-237660,-237697,-237740,-237777,-237823,-237873,-237928,-237980,-238039,-238108,-238170,-238244,-238331,-238413,-238508,-238599,-238697,-238810,-238924,,,,,,,,,,,,,,,,,,,,,,,,,,,,,,,,,,,,
RECAL 3 1 9999 -70 128 4 80,848,-430224,-421026,-411715,-402329,-392851,-383378,-373976,-364748,-355749,-346925,-338298,-329949,-321977,-314207,-306740,-299586,-292813,-286384,-280280,-274554,-269202,-264306,-259770,-255666,-251953,-248641,-245750,-243263,-241210,-239567,-238354,-237588,-237264,-237390,-237977,-239029,-240550,-242579,-245096,-248099,-251602,-255617,-260142,-265199,-270675,-276747,-283316,-290391,-297931,-306017,-314581,-323598,-333100,-342888,-353089,-363573,-374467,-385618,-397108,-408663,-420300,-431824,-443413,-454855,-465792,,,,,,,,,,,,,,,,,,,,,,,,,,,,,,,,,,,,
RECAL 3 0 9999 9999 64 4 80,32,-240064,-240079,-240081,-240095,-240116,-240126,-240146,-240164,-240189,-240210,-240233,-240263,-240292,-240326,-240361,-240398,-240440,-240476,-240526,-240572,-240627,-240677,-240745,-240806,-240870,-240935,-241015,-241096,-241178,-241268,-241356,-241460,-241557,,,,,,,,,,,,,,,,,,,,,,,,,,,,,,,,,,,,,,,,,,,,,,,,,,,,,,,,,,,,,,,,,,,,
RECAL 3 0 9999 74 64 4 80,10,-240009,-240016,-240021,-240024,-240032,-240040,-240052,-240064,-240081,-240091,-240113,-240127,-240146,-240168,-240180,-240212,-240237,-240266,-240297,-240333,-240372,-240401,-240450,-240497,-240545,-240595,-240643,-240697,-240766,-240825,-240895,-240966,-241043,,,,,,,,,,,,,,,,,,,,,,,,,,,,,,,,,,,,,,,,,,,,,,,,,,,,,,,,,,,,,,,,,,,,
RECAL 3 0 9999 52 64 4 80,-12,-239998,-240006,-240006,-240005,-240007,-240010,-240018,-240018,-240023,-240026,-240037,-240050,-240054,-240066,-240078,-240093,-240113,-240130,-240151,-240171,-240195,-240220,-240243,-240275,-240312,-240348,-240381,-240423,-240466,-240512,-240560,-240615,-240676,,,,,,,,,,,,,,,,,,,,,,,,,,,,,,,,,,,,,,,,,,,,,,,,,,,,,,,,,,,,,,,,,,,,
RECAL 3 1 9999 20 64 4 80,-1528,-386949,-369780,-353491,-338091,-323700,-310406,-298277,-287412,-277657,-269041,-261560,-255213,-249989,-245872,-242844,-240908,-240017,-240193,-241413,-243661,-246916,-251176,-256430,-262722,-270005,-278244,-287406,-297383,-308267,-319954,-332391,-345311,-359019,,,,,,,,,,,,,,,,,,,,,,,,,,,,,,,,,,,,,,,,,,,,,,,,,,,,,,,,,,,,,,,,,,,,
RECAL 3 0 9999 30 64 4 80,-34,-239967,-239977,-239980,-239981,-239988,-239991,-239995,-239993,-239996,-239999,-240003,-240006,-240010,-240009,-240019,-240025,-240034,-240047,-240062,-240076,-240093,-240104,-240122,-240143,-240159,-240185,-240208,-240232,-240262,-240299,-240331,-240366,-240404,,,,,,,,,,,,,,,,,,,,,,,,,,,,,,,,,,,,,,,,,,,,,,,,,,,,,,,,,,,,,,,,,,,,
RECAL 3 0 9999 30 128 4 80,-98,-239752,-239761,-239775,-239791,-239806,-239820,-239827,-239847,-239857,-239873,-239884,-239904,-239907,-239921,-239937,-239944,-239957,-239959,-239971,-239980,-239987,-239992,-239993,-239994,-239998,-239997,-240002,-240004,-240007,-240010,-240015,-240021,-240029,-240042,-240054,-240070,-240079,-240100,-240115,-240139,-240157,-240177,-240209,-240232,-240263,-240292,-240322,-240368,-240399,-240441,-240482,-240530,-240585,-240633,-240689,-240750,-240816,-240887,-240961,-241032,-241118,-241204,-241300,-241398,-241495,,,,,,,,,,,,,,,,,,,,,,,,,,,,,,,,,,,,
RECAL 3 0 9999 -15 128 4 80,-143,-239679,-239674,-239673,-239675,-239682,-239688,-239694,-239697,-239699,-239715,-239731,-239746,-239756,-239770,-239789,-239809,-239816,-239830,-239846,-239855,-239870,-239891,-239900,-239914,-239925,-239939,-239949,-239954,-239965,-239978,-239981,-239994,-239994,-239998,-239998,-239996,-239994,-239999,-239998,-240004,-240013,-240018,-240026,-240028,-240038,-240052,-240055,-240076,-240093,-240112,-240128,-240149,-240169,-240195,-240223,-240250,-240282,-240319,-240355,-240398,-240436,-240477,-240523,-240573,-240623,,,,,,,,,,,,,,,,,,,,,,,,,,,,,,,,,,,,
RECAL 3 1 9999 -135 128 4 80,-1592,-519449,-520336,-519043,-519148,-517789,-515908,-513248,-509869,-504530,-496943,-486384,-472730,-456994,-440167,-422440,-404708,-386951,-369697,-353454,-337973,-323575,-310261,-298089,-287217,-277442,-268810,-261313,-254943,-249697,-245563,-242522,-240574,-239676,-239837,-241046,-243278,-246526,-250771,-256013,-262296,-269568,-277786,-286942,-296906,-307787,-319456,-331888,-344828,-358520,-372748,-387425,-402397,-417585,-432402,-447209,-461270,-474317,-485957,-495624,-503083,-508316,-512809,-514038,-517525,-517949,,,,,,,,,,,,,,,,,,,,,,,,,,,,,,,,,,,,
RECAL 3 0 9999 9999 64 4 80,-741,-246683,-245876,-245165,-244537,-243978,-243498,-243095,-242762,-242494,-242306,-242178,-242120,-242124,-242196,-242333,-242529,-242780,-243100,-243476,-243901,-244400,-244940,-245546,-246188,-246901,-247655,-248445,-249299,-250197,-251139,-252128,-253172,-254247,,,,,,,,,,,,,,,,,,,,,,,,,,,,,,,,,,,,,,,,,,,,,,,,,,,,,,,,,,,,,,,,,,,,
RECAL 3 1 9999 -695 64 4 80,-2315,-493763,-476538,-452563,-426043,-398093,-370993,-346149,-323696,-303942,-286972,-272654,-261092,-252238,-245977,-242215,-240928,-242079,-245628,-251549,-259707,-270246,-282988,-297868,-314840,-333734,-354426,-376511,-399910,-423972,-447555,-470010,-488907,-502333,,,,,,,,,,,,,,,,,,,,,,,,,,,,,,,,,,,,,,,,,,,,,,,,,,,,,,,,,,,,,,,,,,,,
RECAL 3 0 9999 9999 64 4 80,-291,-249960,-249931,-249936,-249940,-249955,-249978,-250014,-250049,-250089,-250149,-250204,-250268,-250340,-250409,-250487,-250569,-250663,-250755,-250840,-250937,-251034,-251137,-251238,-251347,-251453,-251565,-251672,-251781,-251888,-252017,-252120,-252236,-252346,,,,,,,,,,,,,,,,,,,,,,,,,,,,,,,,,,,,,,,,,,,,,,,,,,,,,,,,,,,,,,,,,,,,
RECAL 3 1 9999 -285 64 4 80,-2892,-514865,-511606,-503900,-486127,-455144,-417858,-381830,-350177,-322922,-300057,-281348,-266597,-255675,-248599,-245315,-245727,-249773,-257396,-268591,-283232,-300959,-322295,-346716,-373952,-403441,-433951,-463196,-487507,-503574,-511453,-516969,-519058,-520135,,,,,,,,,,,,,,,,,,,,,,,,,,,,,,,,,,,,,,,,,,,,,,,,,,,,,,,,,,,,,,,,,,,,
RECAL 3 0 9999 9999 64 4 80,-2268,-333211,-322808,-313335,-304702,-296919,-290000,-283825,-278405,-273795,-269860,-266675,-264197,-262448,-261421,-261092,-261486,-262606,-264459,-267035,-270334,-274377,-279167,-284675,-290972,-297883,-305736,-314428,-323901,-334249,-345500,-357713,-370852,-384859,,,,,,,,,,,,,,,,,,,,,,,,,,,,,,,,,,,,,,,,,,,,,,,,,,,,,,,,,,,,,,,,,,,,
RECAL 3 1 9999 -2212 64 4 80,-2851,-514638,-509604,-495559,-466813,-429236,-393013,-360786,-333242,-309897,-290929,-275518,-263954,-256146,-252029,-251516,-254529,-261021,-270925,-284067,-300422,-320077,-342974,-368999,-397963,-428931,-458874,-484895,-502126,-510918,-515483,-518098,-518313,-519861,,,,,,,,,,,,,,,,,,,,,,,,,,,,,,,,,,,,,,,,,,,,,,,,,,,,,,,,,,,,,,,,,,,,
RECAL 3 0 9999 9999 64 4 80,-2343,-325432,-314076,-303715,-294265,-285769,-278172,-271474,-265657,-260690,-256585,-253359,-250912,-249276,-248464,-248447,-249255,-250852,-253261,-256474,-260437,-265220,-270793,-277163,-284356,-292358,-301195,-310847,-321512,-333068,-345586,-359045,-373555,-389126,,,,,,,,,,,,,,,,,,,,,,,,,,,,,,,,,,,,,,,,,,,,,,,,,,,,,,,,,,,,,,,,,,,,
RECAL 3 1 9999 -2289 64 4 80,-2266,-483866,-460978,-434221,-406506,-379949,-355569,-333540,-314208,-297150,-282644,-270568,-260935,-253709,-248879,-246388,-246213,-248366,-252828,-259606,-268636,-279887,-293322,-308892,-326304,-345985,-367498,-390737,-415150,-439769,-463160,-483507,-498231,-506728,,,,,,,,,,,,,,,,,,,,,,,,,,,,,,,,,,,,,,,,,,,,,,,,,,,,,,,,,,,,,,,,,,,,
RECAL 3 0 9999 9999 64 4 80,-2253,-316964,-306329,-296643,-287907,-280029,-272947,-266709,-261259,-256613,-252758,-249673,-247362,-245791,-244996,-244963,-245690,-247185,-249442,-252454,-256226,-260692,-265999,-272059,-278915,-286553,-294932,-304173,-314246,-325046,-336689,-349258,-362656,-377029,,,,,,,,,,,,,,,,,,,,,,,,,,,,,,,,,,,,,,,,,,,,,,,,,,,,,,,,,,,,,,,,,,,,
RECAL 3 1 9999 -2199 64 4 80,-1453,-354741,-340282,-326796,-314345,-302827,-292347,-282892,-274491,-267136,-260824,-255533,-251280,-248068,-245801,-244527,-244228,-244884,-246496,-249044,-252505,-256860,-262084,-268174,-275124,-282893,-291482,-300858,-311064,-321933,-333633,-346011,-359004,-372575,,,,,,,,,,,,,,,,,,,,,,,,,,,,,,,,,,,,,,,,,,,,,,,,,,,,,,,,,,,,,,,,,,,,
RECAL 3 0 9999 9999 64 4 80,-2253,-313471,-302906,-293285,-284576,-276772,-269751,-263536,-258131,-253531,-249722,-246685,-244417,-242876,-242111,-242105,-242873,-244399,-246683,-249719,-253509,-257985,-263305,-269390,-276240,-283872,-292317,-301521,-311608,-322421,-334048,-346621,-359991,-374413,,,,,,,,,,,,,,,,,,,,,,,,,,,,,,,,,,,,,,,,,,,,,,,,,,,,,,,,,,,,,,,,,,,,
RECAL 3 1 9999 -2199 64 4 80,1003,-316105,-307808,-299950,-292600,-285698,-279234,-273338,-267866,-262903,-258439,-254493,-251074,-248184,-245817,-244011,-242745,-242012,-241809,-242161,-243065,-244519,-246536,-249103,-252254,-255982,-260311,-265233,-270751,-276861,-283582,-290987,-298977,-307634,,,,,,,,,,,,,,,,,,,,,,,,,,,,,,,,,,,,,,,,,,,,,,,,,,,,,,,,,,,,,,,,,,,,
RECAL 3 0 9999 9999 64 4 80,-2256,-317813,-307352,-297832,-289256,-281461,-274613,-268480,-263139,-258574,-254774,-251749,-249469,-247937,-247121,-247060,-247764,-249195,-251379,-254307,-257987,-262404,-267504,-273427,-280123,-287612,-295832,-304913,-314853,-325585,-337136,-349562,-362874,-377181,,,,,,,,,,,,,,,,,,,,,,,,,,,,,,,,,,,,,,,,,,,,,,,,,,,,,,,,,,,,,,,,,,,,
RECAL 3 1 9999 -2202 64 4 80,1950,-498728,-485350,-466031,-444278,-420736,-397570,-375110,-354298,-335011,-317689,-301973,-288174,-276147,-266007,-257738,-251394,-246969,-244446,-243901,-245350,-248819,-254300,-261846,-271434,-283103,-296605,-312354,-330048,-349790,-371273,-394526,-418735,-442914,,,,,,,,,,,,,,,,,,,,,,,,,,,,,,,,,,,,,,,,,,,,,,,,,,,,,,,,,,,,,,,,,,,,
RECAL 3 0 9999 9999 64 4 80,-2254,-323886,-313972,-304928,-296749,-289504,-282919,-277124,-272053,-267741,-264163,-261287,-259109,-257639,-256873,-256810,-257473,-258840,-260916,-263697,-267204,-271347,-276294,-281939,-288356,-295481,-303427,-312174,-321751,-332095,-343226,-355295,-368192,-382184,,,,,,,,,,,,,,,,,,,,,,,,,,,,,,,,,,,,,,,,,,,,,,,,,,,,,,,,,,,,,,,,,,,,
RECAL 3 1 9999 -2200 64 4 80,2576,-518636,-519001,-517109,-514706,-509704,-498928,-479490,-451601,-419480,-388418,-360072,-334929,-313150,-294280,-278631,-266084,-256660,-250432,-247386,-247547,-250954,-257761,-267978,-281633,-298760,-319497,-343844,-372005,-403564,-438062,-471454,-495719,-508327,,,,,,,,,,,,,,,,,,,,,,,,,,,,,,,,,,,,,,,,,,,,,,,,,,,,,,,,,,,,,,,,,,,,
RECAL 3 0 9999 9999 64 4 80,2114,-343409,-331546,-320536,-310303,-300864,-292224,-284344,-277219,-270843,-265240,-260379,-256269,-252933,-250357,-248575,-247555,-247329,-247912,-249296,-251496,-254510,-258346,-263022,-268538,-274913,-282167,-290324,-299325,-309318,-320242,-332144,-345039,-358751,,,,,,,,,,,,,,,,,,,,,,,,,,,,,,,,,,,,,,,,,,,,,,,,,,,,,,,,,,,,,,,,,,,,
RECAL 3 1 9999 2177 64 4 80,-2676,-517147,-512760,-504048,-488280,-464187,-436211,-406554,-377080,-349505,-324357,-302346,-283796,-268868,-257688,-250398,-246821,-247089,-251218,-259264,-271228,-287172,-306995,-330847,-358484,-389581,-423356,-456903,-485924,-503509,-512090,-516127,-517848,-519586,,,,,,,,,,,,,,,,,,,,,,,,,,,,,,,,,,,,,,,,,,,,,,,,,,,,,,,,,,,,,,,,,,,,
RECAL 3 0 9999 9999 64 4 80,2079,-336751,-325457,-314906,-305042,-295968,-287645,-280023,-273123,-266983,-261655,-257020,-253171,-250078,-247766,-246222,-245443,-245461,-246254,-247827,-250206,-253384,-257395,-262248,-267954,-274521,-281826,-290108,-299218,-309239,-320121,-331900,-344560,-358101,,,,,,,,,,,,,,,,,,,,,,,,,,,,,,,,,,,,,,,,,,,,,,,,,,,,,,,,,,,,,,,,,,,,
RECAL 3 1 9999 2141 64 4 80,-2089,-481661,-460935,-437792,-413904,-390081,-367085,-345510,-325509,-307472,-291538,-277837,-266550,-257456,-250801,-246560,-244740,-245329,-248373,-253842,-261774,-272133,-284893,-299993,-317500,-337302,-359313,-383335,-408886,-435168,-460461,-483023,-498393,-508166,,,,,,,,,,,,,,,,,,,,,,,,,,,,,,,,,,,,,,,,,,,,,,,,,,,,,,,,,,,,,,,,,,,,
RECAL 3 0 9999 9999 64 4 80,2079,-332754,-321396,-310760,-300846,-291709,-283299,-275618,-268675,-262472,-257095,-252438,-248562,-245440,-243098,-241534,-240743,-240747,-241534,-243100,-245479,-248674,-252689,-257537,-263246,-269817,-277146,-285427,-294530,-304513,-315393,-327112,-339733,-353202,,,,,,,,,,,,,,,,,,,,,,,,,,,,,,,,,,,,,,,,,,,,,,,,,,,,,,,,,,,,,,,,,,,,
RECAL 3 1 9999 2141 64 4 80,-1243,-342138,-329553,-317751,-306747,-296543,-287220,-278691,-271102,-264294,-258317,-253226,-248997,-245632,-243109,-241434,-240606,-240633,-241496,-243193,-245712,-249039,-253175,-258113,-263774,-270277,-277555,-285603,-294367,-303894,-314171,-325174,-336873,-349235,,,,,,,,,,,,,,,,,,,,,,,,,,,,,,,,,,,,,,,,,,,,,,,,,,,,,,,,,,,,,,,,,,,,
RECAL 3 0 9999 9999 64 4 80,2170,-346277,-333689,-322077,-311156,-301063,-291828,-283403,-275772,-268958,-262968,-257789,-253440,-249895,-247199,-245342,-244331,-244183,-244905,-246483,-248945,-252315,-256581,-261743,-267857,-274853,-282784,-291608,-301359,-312104,-323836,-336559,-350294,-364977,,,,,,,,,,,,,,,,,,,,,,,,,,,,,,,,,,,,,,,,,,,,,,,,,,,,,,,,,,,,,,,,,,,,
RECAL 3 1 9999 2233 64 4 80,1122,-342216,-330675,-319754,-309467,-299850,-291001,-282806,-275369,-268763,-262835,-257704,-253371,-249864,-247170,-245306,-244291,-244125,-244802,-246338,-248750,-252017,-256169,-261212,-267163,-273906,-281633,-290277,-299778,-310235,-321595,-333833,-346949,-360942,,,,,,,,,,,,,,,,,,,,,,,,,,,,,,,,,,,,,,,,,,,,,,,,,,,,,,,,,,,,,,,,,,,,
RECAL 3 0 9999 9999 64 4 80,2168,-356671,-343866,-332042,-320869,-310538,-301040,-292372,-284514,-277426,-271142,-265668,-260962,-257062,-253965,-251691,-250243,-249624,-249860,-250931,-252872,-255665,-259343,-263912,-269361,-275722,-282971,-291118,-300146,-310148,-321130,-333093,-346066,-360034,,,,,,,,,,,,,,,,,,,,,,,,,,,,,,,,,,,,,,,,,,,,,,,,,,,,,,,,,,,,,,,,,,,,
RECAL 3 1 9999 2233 64 4 80,1959,-504752,-494677,-477824,-456304,-432260,-407678,-383538,-360947,-339842,-320659,-303613,-288822,-276262,-266053,-258172,-252668,-249583,-248923,-250699,-254900,-261570,-270677,-282215,-295965,-312325,-330994,-351964,-374889,-399853,-425773,-451564,-474854,-493417,,,,,,,,,,,,,,,,,,,,,,,,,,,,,,,,,,,,,,,,,,,,,,,,,,,,,,,,,,,,,,,,,,,,
RECAL 3 0 9999 9999 64 4 80,2126,-343861,-332495,-321951,-312202,-303219,-295000,-287557,-280773,-274728,-269388,-264783,-260881,-257738,-255376,-253717,-252839,-252730,-253372,-254783,-256988,-259968,-263763,-268365,-273789,-280060,-287167,-295106,-303937,-313707,-324274,-335908,-348503,-362054,,,,,,,,,,,,,,,,,,,,,,,,,,,,,,,,,,,,,,,,,,,,,,,,,,,,,,,,,,,,,,,,,,,,
RECAL 3 1 9999 2189 64 4 80,2542,-519709,-519103,-517041,-514521,-506528,-492619,-469362,-439283,-407573,-376720,-348520,-323376,-301718,-283781,-269614,-259215,-252616,-249835,-250834,-255619,-264241,-276450,-292550,-312404,-335963,-363144,-393849,-427228,-460413,-489051,-504787,-512837,-516269,,,,,,,,,,,,,,,,,,,,,,,,,,,,,,,,,,,,,,,,,,,,,,,,,,,,,,,,,,,,,,,,,,,,
RECAL 3 0 9999 9999 64 4 80,-397,-252022,-251949,-251896,-251862,-251839,-251839,-251847,-251871,-251913,-251966,-252030,-252103,-252202,-252296,-252410,-252547,-252679,-252820,-252976,-253141,-253316,-253490,-253685,-253877,-254086,-254303,-254523,-254731,-254966,-255196,-255443,-255692,-255939,,,,,,,,,,,,,,,,,,,,,,,,,,,,,,,,,,,,,,,,,,,,,,,,,,,,,,,,,,,,,,,,,,,,
RECAL 3 1 9999 -378 64 4 80,2574,-518965,-518334,-516895,-510426,-500418,-479671,-449414,-416548,-384713,-355560,-329650,-307298,-288677,-273920,-262728,-255366,-251818,-252091,-256172,-264077,-275778,-291377,-310762,-333918,-360805,-391400,-424751,-458328,-487566,-504530,-512035,-516400,-518803,,,,,,,,,,,,,,,,,,,,,,,,,,,,,,,,,,,,,,,,,,,,,,,,,,,,,,,,,,,,,,,,,,,,
RECAL 3 0 9999 9999 64 4 80,299,-247408,-247359,-247310,-247270,-247241,-247237,-247234,-247245,-247263,-247305,-247360,-247436,-247510,-247606,-247722,-247850,-247997,-248160,-248347,-248556,-248780,-249026,-249288,-249585,-249890,-250220,-250580,-250957,-251368,-251800,-252253,-252743,-253258,,,,,,,,,,,,,,,,,,,,,,,,,,,,,,,,,,,,,,,,,,,,,,,,,,,,,,,,,,,,,,,,,,,,
RECAL 3 1 9999 321 64 4 80,1995,-510756,-503061,-489782,-469861,-445749,-420198,-394488,-369924,-347283,-326542,-308061,-291866,-278042,-266618,-257736,-251256,-247275,-245797,-246834,-250416,-256506,-265135,-276199,-289676,-305483,-323700,-344197,-366831,-391446,-417768,-444327,-469779,-490759,,,,,,,,,,,,,,,,,,,,,,,,,,,,,,,,,,,,,,,,,,,,,,,,,,,,,,,,,,,,,,,,,,,,
RECAL 3 0 9999 9999 64 4 80,294,-246915,-246815,-246728,-246655,-246590,-246547,-246504,-246473,-246454,-246464,-246478,-246512,-246557,-246625,-246709,-246808,-246918,-247065,-247204,-247384,-247574,-247792,-248035,-248289,-248580,-248887,-249220,-249573,-249962,-250361,-250803,-251264,-251763,,,,,,,,,,,,,,,,,,,,,,,,,,,,,,,,,,,,,,,,,,,,,,,,,,,,,,,,,,,,,,,,,,,,
RECAL 3 1 9999 328 64 4 80,1183,-366597,-353465,-340869,-328919,-317676,-307176,-297427,-288487,-280350,-273115,-266646,-261038,-256309,-252475,-249552,-247545,-246456,-246300,-247113,-248867,-251597,-255298,-259979,-265664,-272295,-279836,-288453,-298033,-308630,-320206,-332739,-346232,-360638,,,,,,,,,,,,,,,,,,,,,,,,,,,,,,,,,,,,,,,,,,,,,,,,,,,,,,,,,,,,,,,,,,,,
RECAL 3 0 9999 9999 64 4 80,-640,-245979,-245336,-244771,-244271,-243823,-243434,-243121,-242851,-242648,-242500,-242409,-242368,-242383,-242443,-242556,-242721,-242935,-243185,-243490,-243840,-244234,-244660,-245138,-245649,-246206,-246810,-247444,-248111,-248817,-249562,-250335,-251141,-251989,,,,,,,,,,,,,,,,,,,,,,,,,,,,,,,,,,,,,,,,,,,,,,,,,,,,,,,,,,,,,,,,,,,,
RECAL 3 1 9999 -595 64 4 80,-1173,-329664,-318492,-308071,-298365,-289482,-281314,-274022,-267407,-261562,-256489,-252199,-248677,-245904,-243889,-242632,-242117,-242349,-243299,-244966,-247339,-250406,-254165,-258568,-263713,-269531,-276018,-283173,-290986,-299393,-308498,-318215,-328540,-339455,,,,,,,,,,,,,,,,,,,,,,,,,,,,,,,,,,,,,,,,,,,,,,,,,,,,,,,,,,,,,,,,,,,,
RECAL 3 0 9999 9999 64 4 80,-636,-251329,-250816,-250376,-249990,-249672,-249412,-249205,-249044,-248944,-248892,-248893,-248946,-249047,-249199,-249397,-249625,-249911,-250245,-250610,-251029,-251470,-251954,-252483,-253044,-253645,-254284,-254965,-255675,-256419,-257193,-258001,-258837,-259684,,,,,,,,,,,,,,,,,,,,,,,,,,,,,,,,,,,,,,,,,,,,,,,,,,,,,,,,,,,,,,,,,,,,
RECAL 3 1 9999 -598 64 4 80,-2048,-476540,-455792,-432828,-409465,-386251,-364020,-343240,-324089,-306885,-291751,-278801,-268086,-259647,-253508,-249663,-248109,-248839,-251812,-257098,-264694,-274598,-286824,-301276,-318148,-337287,-358670,-382181,-407625,-433890,-459886,-482657,-499052,-508476,,,,,,,,,,,,,,,,,,,,,,,,,,,,,,,,,,,,,,,,,,,,,,,,,,,,,,,,,,,,,,,,,,,,
RECAL 3 0 9999 9999 64 4 80,-481,-251056,-250761,-250520,-250307,-250122,-249953,-249827,-249718,-249647,-249590,-249564,-249549,-249561,-249600,-249654,-249739,-249834,-249945,-250092,-250244,-250419,-250605,-250805,-251041,-251279,-251522,-251789,-252075,-252371,-252673,-252994,-253320,-253658,,,,,,,,,,,,,,,,,,,,,,,,,,,,,,,,,,,,,,,,,,,,,,,,,,,,,,,,,,,,,,,,,,,,
RECAL 3 1 9999 -438 64 4 80,-2641,-513920,-506230,-492283,-469031,-441812,-412800,-383535,-355909,-330514,-307936,-288621,-272688,-260425,-251909,-247232,-246407,-249438,-256327,-267132,-281860,-300426,-322580,-348977,-379055,-412567,-447486,-479278,-501143,-511233,-516402,-519251,-519467,-520271,,,,,,,,,,,,,,,,,,,,,,,,,,,,,,,,,,,,,,,,,,,,,,,,,,,,,,,,,,,,,,,,,,,,
RECAL 3 0 9999 9999 64 4 80,-2296,-326829,-315959,-305970,-296845,-288618,-281172,-274559,-268774,-263774,-259547,-256113,-253463,-251609,-250551,-250286,-250798,-252126,-254250,-257176,-260885,-265428,-270752,-276864,-283846,-291648,-300269,-309799,-320172,-331506,-343716,-356916,-370860,-386167,,,,,,,,,,,,,,,,,,,,,,,,,,,,,,,,,,,,,,,,,,,,,,,,,,,,,,,,,,,,,,,,,,,,
RECAL 3 1 9999 -2241 64 4 80,-2677,-517929,-514697,-508639,-494789,-473252,-445138,-414623,-384486,-356385,-330928,-308631,-289746,-274386,-262703,-254835,-250627,-250234,-253643,-260919,-272064,-287142,-306112,-329147,-356280,-387339,-422103,-458214,-489463,-507178,-513546,-517225,-519307,-519190,,,,,,,,,,,,,,,,,,,,,,,,,,,,,,,,,,,,,,,,,,,,,,,,,,,,,,,,,,,,,,,,,,,,
RECAL 3 0 9999 9999 64 4 80,-2327,-331960,-320591,-310142,-300595,-291992,-284228,-277382,-271285,-266039,-261626,-258055,-255329,-253435,-252380,-252175,-252781,-254214,-256494,-259607,-263585,-268381,-274045,-280498,-287874,-296035,-305099,-315051,-325877,-337640,-350343,-363946,-378651,-394532,,,,,,,,,,,,,,,,,,,,,,,,,,,,,,,,,,,,,,,,,,,,,,,,,,,,,,,,,,,,,,,,,,,,
RECAL 3 1 9999 -2272 64 4 80,-2092,-488453,-470116,-447391,-423188,-398944,-375523,-353738,-333562,-315430,-299400,-285626,-274134,-265033,-258205,-253783,-251772,-252165,-254951,-260173,-267826,-277865,-290303,-305050,-322192,-341707,-363505,-387632,-413923,-441163,-468214,-490869,-504406,-511379,,,,,,,,,,,,,,,,,,,,,,,,,,,,,,,,,,,,,,,,,,,,,,,,,,,,,,,,,,,,,,,,,,,,
RECAL 3 0 9999 9999 64 4 80,-2328,-330808,-319334,-308798,-299168,-290481,-282615,-275645,-269576,-264277,-259815,-256200,-253439,-251523,-250451,-250215,-250810,-252249,-254513,-257624,-261605,-266433,-272091,-278643,-285946,-294171,-303250,-313239,-324112,-335926,-348668,-362282,-377110,-393088,,,,,,,,,,,,,,,,,,,,,,,,,,,,,,,,,,,,,,,,,,,,,,,,,,,,,,,,,,,,,,,,,,,,
RECAL 3 1 9999 -2273 64 4 80,-1246,-333019,-321459,-310737,-300841,-291838,-283678,-276355,-269902,-264378,-259629,-255740,-252705,-250529,-249190,-248701,-249030,-250202,-252202,-255005,-258631,-263050,-268258,-274246,-280997,-288381,-296550,-305517,-315199,-325576,-336679,-348508,-360929,-374121,,,,,,,,,,,,,,,,,,,,,,,,,,,,,,,,,,,,,,,,,,,,,,,,,,,,,,,,,,,,,,,,,,,,
RECAL 3 0 9999 9999 64 4 80,-2236,-324395,-313993,-304445,-295724,-287865,-280731,-274407,-268848,-264042,-259963,-256662,-254139,-252374,-251386,-251169,-251732,-253015,-255100,-257961,-261583,-266002,-271171,-277105,-283815,-291243,-299418,-308431,-318239,-328903,-340384,-352790,-365998,-380003,,,,,,,,,,,,,,,,,,,,,,,,,,,,,,,,,,,,,,,,,,,,,,,,,,,,,,,,,,,,,,,,,,,,
RECAL 3 1 9999 -2181 64 4 80,1105,-361067,-349251,-337894,-327147,-317007,-307482,-298620,-290516,-283097,-276396,-270463,-265290,-260926,-257279,-254428,-252368,-251141,-250715,-251105,-252335,-254402,-257292,-261019,-265610,-271012,-277274,-284391,-292334,-301022,-310686,-321179,-332561,-344795,,,,,,,,,,,,,,,,,,,,,,,,,,,,,,,,,,,,,,,,,,,,,,,,,,,,,,,,,,,,,,,,,,,,
RECAL 3 0 9999 9999 64 4 80,-2237,-326330,-316178,-306853,-298374,-290722,-283814,-277666,-272272,-267624,-263690,-260523,-258095,-256418,-255494,-255325,-255914,-257231,-259315,-262158,-265767,-270116,-275221,-281079,-287688,-294987,-303085,-311969,-321623,-332125,-343449,-355661,-368714,-382734,,,,,,,,,,,,,,,,,,,,,,,,,,,,,,,,,,,,,,,,,,,,,,,,,,,,,,,,,,,,,,,,,,,,
RECAL 3 1 9999 -2182 64 4 80,1951,-506659,-495905,-478283,-455204,-429957,-404912,-380896,-358646,-338384,-320309,-304210,-290390,-278763,-269437,-262391,-257672,-255285,-255224,-257514,-262163,-269145,-278452,-290059,-303904,-320026,-338222,-358786,-381663,-406761,-433187,-459773,-483661,-500254,,,,,,,,,,,,,,,,,,,,,,,,,,,,,,,,,,,,,,,,,,,,,,,,,,,,,,,,,,,,,,,,,,,,
RECAL 3 0 9999 9999 64 4 80,-2282,-343734,-333553,-324284,-315917,-308350,-301579,-295566,-290341,-285833,-282061,-279049,-276782,-275229,-274439,-274377,-275080,-276510,-278669,-281577,-285241,-289682,-294862,-300804,-307591,-315124,-323451,-332619,-342498,-353323,-365023,-377665,-391399,-406054,,,,,,,,,,,,,,,,,,,,,,,,,,,,,,,,,,,,,,,,,,,,,,,,,,,,,,,,,,,,,,,,,,,,
RECAL 3 1 9999 -2228 64 4 80,2526,-520271,-518914,-519435,-520329,-518093,-514481,-509269,-496764,-472367,-440547,-407537,-376471,-348791,-324593,-304063,-287283,-274197,-264893,-259392,-257588,-259501,-265083,-274280,-287096,-303390,-322992,-346429,-373471,-404218,-437872,-471279,-496497,-509634,,,,,,,,,,,,,,,,,,,,,,,,,,,,,,,,,,,,,,,,,,,,,,,,,,,,,,,,,,,,,,,,,,,,
RECAL 3 0 9999 9999 64 4 80,2467,-332027,-321954,-312410,-303325,-294788,-286801,-279352,-272443,-266203,-260440,-255322,-250788,-246875,-243579,-240924,-238921,-237546,-236822,-236739,-237305,-238540,-240431,-242973,-246189,-250029,-254592,-259872,-265841,-272503,-279892,-288015,-296811,-306502,,,,,,,,,,,,,,,,,,,,,,,,,,,,,,,,,,,,,,,,,,,,,,,,,,,,,,,,,,,,,,,,,,,,
RECAL 3 1 9999 2538 64 4 80,-2992,-451198,-424908,-397923,-371386,-346413,-322957,-301736,-282977,-266746,-253172,-242381,-234336,-229127,-226743,-227139,-230370,-236464,-245423,-257196,-271810,-289143,-308831,-330964,-355323,-381415,-408912,-436647,-463205,-485754,-501115,-510013,-514524,-517529,,,,,,,,,,,,,,,,,,,,,,,,,,,,,,,,,,,,,,,,,,,,,,,,,,,,,,,,,,,,,,,,,,,,
RECAL 3 0 9999 9999 64 4 80,2467,-317543,-307485,-297887,-288846,-280305,-272307,-264903,-258067,-251903,-246293,-241293,-236912,-233164,-230084,-227649,-225877,-224774,-224338,-224554,-225431,-226987,-229217,-232129,-235727,-239992,-244992,-250695,-257110,-264269,-272163,-280795,-290176,-300337,,,,,,,,,,,,,,,,,,,,,,,,,,,,,,,,,,,,,,,,,,,,,,,,,,,,,,,,,,,,,,,,,,,,
RECAL 3 1 9999 2536 64 4 80,-2329,-370914,-351244,-332491,-314902,-298568,-283701,-270242,-258444,-248079,-239290,-232133,-226649,-222802,-220645,-220161,-221340,-224170,-228635,-234754,-242515,-251883,-262882,-275477,-289410,-304941,-321896,-340150,-359462,-379768,-400773,-422004,-443149,-463326,,,,,,,,,,,,,,,,,,,,,,,,,,,,,,,,,,,,,,,,,,,,,,,,,,,,,,,,,,,,,,,,,,,,
RECAL 3 0 9999 9999 64 4 80,2368,-310010,-300521,-291562,-283055,-275024,-267546,-260566,-254167,-248347,-243114,-238429,-234330,-230800,-227862,-225517,-223763,-222599,-222031,-222067,-222723,-223982,-225866,-228375,-231508,-235273,-239736,-244854,-250636,-257080,-264239,-272052,-280565,-289655,,,,,,,,,,,,,,,,,,,,,,,,,,,,,,,,,,,,,,,,,,,,,,,,,,,,,,,,,,,,,,,,,,,,
RECAL 3 1 9999 2438 64 4 80,-1360,-273933,-266495,-259594,-253262,-247501,-242361,-237707,-233619,-230100,-227136,-224733,-222874,-221565,-220802,-220600,-220947,-221830,-223284,-225249,-227761,-230799,-234302,-238387,-242997,-248101,-253694,-259797,-266387,-273422,-280850,-288695,-296897,-305574,,,,,,,,,,,,,,,,,,,,,,,,,,,,,,,,,,,,,,,,,,,,,,,,,,,,,,,,,,,,,,,,,,,,
RECAL 3 0 9999 9999 64 4 80,2458,-324451,-314187,-304365,-295037,-286262,-278011,-270315,-263226,-256744,-250894,-245711,-241087,-237096,-233752,-231069,-229029,-227657,-226954,-226910,-227537,-228816,-230764,-233401,-236714,-240723,-245417,-250750,-256830,-263642,-271167,-279420,-288400,-298079,,,,,,,,,,,,,,,,,,,,,,,,,,,,,,,,,,,,,,,,,,,,,,,,,,,,,,,,,,,,,,,,,,,,
RECAL 3 1 9999 2528 64 4 80,1336,-307885,-298816,-290384,-282252,-274637,-267540,-260959,-254930,-249465,-244557,-240212,-236422,-233242,-230675,-228734,-227408,-226715,-226667,-227257,-228501,-230391,-232953,-236178,-240092,-244684,-249939,-255862,-262406,-269626,-277472,-285978,-295061,-304783,,,,,,,,,,,,,,,,,,,,,,,,,,,,,,,,,,,,,,,,,,,,,,,,,,,,,,,,,,,,,,,,,,,,
RECAL 3 0 9999 9999 64 4 80,2363,-312746,-303520,-294897,-286752,-279072,-271902,-265294,-259221,-253705,-248767,-244411,-240611,-237382,-234742,-232668,-231174,-230258,-229939,-230194,-231038,-232492,-234553,-237227,-240509,-244420,-248939,-254125,-259970,-266497,-273672,-281514,-290047,-299197,,,,,,,,,,,,,,,,,,,,,,,,,,,,,,,,,,,,,,,,,,,,,,,,,,,,,,,,,,,,,,,,,,,,
RECAL 3 1 9999 2431 64 4 80,2260,-467487,-447332,-425531,-403430,-381627,-360840,-341359,-323121,-306342,-291095,-277361,-265412,-254866,-246033,-238884,-233466,-229797,-227876,-227721,-229324,-232658,-237742,-244564,-253084,-263327,-275238,-288725,-303498,-319871,-337574,-356364,-376175,-396778,,,,,,,,,,,,,,,,,,,,,,,,,,,,,,,,,,,,,,,,,,,,,,,,,,,,,,,,,,,,,,,,,,,,
RECAL 3 0 9999 9999 64 4 80,2355,-326303,-317166,-308545,-300432,-292951,-285902,-279332,-273287,-267766,-262781,-258347,-254472,-251173,-248406,-246198,-244549,-243448,-242900,-242926,-243517,-244668,-246403,-248714,-251619,-255112,-259215,-263930,-269229,-275208,-281812,-289108,-296985,-305577,,,,,,,,,,,,,,,,,,,,,,,,,,,,,,,,,,,,,,,,,,,,,,,,,,,,,,,,,,,,,,,,,,,,
RECAL 3 1 9999 2425 64 4 80,2909,-516399,-515038,-511849,-504296,-491481,-470938,-442976,-413706,-384840,-358342,-333847,-311871,-292559,-275928,-262011,-250929,-242694,-237300,-234788,-235096,-238251,-244214,-253006,-264580,-278880,-295487,-314760,-336337,-359928,-385286,-412076,-438967,-464709,,,,,,,,,,,,,,,,,,,,,,,,,,,,,,,,,,,,,,,,,,,,,,,,,,,,,,,,,,,,,,,,,,,,
RECAL 3 0 9999 9999 64 4 80,-637,-239013,-238713,-238442,-238221,-238012,-237840,-237696,-237571,-237478,-237407,-237351,-237333,-237333,-237346,-237392,-237468,-237542,-237648,-237780,-237932,-238087,-238274,-238474,-238687,-238923,-239180,-239447,-239730,-240030,-240349,-240677,-241026,-241378,,,,,,,,,,,,,,,,,,,,,,,,,,,,,,,,,,,,,,,,,,,,,,,,,,,,,,,,,,,,,,,,,,,,
RECAL 3 1 9999 -591 64 4 80,2944,-517641,-514606,-510522,-502128,-485888,-459896,-429458,-399096,-370353,-344521,-321169,-300399,-282341,-266912,-254191,-244266,-237195,-232829,-231305,-232590,-236679,-243586,-253210,-265593,-280592,-298219,-318278,-340621,-364992,-391165,-418746,-446489,-472838,,,,,,,,,,,,,,,,,,,,,,,,,,,,,,,,,,,,,,,,,,,,,,,,,,,,,,,,,,,,,,,,,,,,
RECAL 3 0 9999 9999 64 4 80,-553,-255016,-254739,-254500,-254288,-254116,-253960,-253835,-253734,-253632,-253568,-253525,-253504,-253498,-253516,-253553,-253596,-253662,-253748,-253843,-253967,-254096,-254244,-254394,-254573,-254770,-254980,-255182,-255413,-255637,-255892,-256146,-256419,-256701,,,,,,,,,,,,,,,,,,,,,,,,,,,,,,,,,,,,,,,,,,,,,,,,,,,,,,,,,,,,,,,,,,,,
RECAL 3 1 9999 -506 64 4 80,2303,-491283,-474791,-453463,-431318,-408984,-387434,-367288,-348618,-331382,-315894,-301945,-289681,-278997,-269985,-262660,-257049,-253203,-251136,-250758,-252154,-255307,-260221,-266910,-275298,-285402,-297221,-310747,-325859,-342516,-360499,-379846,-400381,-421617,,,,,,,,,,,,,,,,,,,,,,,,,,,,,,,,,,,,,,,,,,,,,,,,,,,,,,,,,,,,,,,,,,,,
RECAL 3 0 9999 9999 64 4 80,510,-249409,-249091,-248791,-248521,-248289,-248079,-247901,-247724,-247583,-247449,-247357,-247281,-247230,-247202,-247193,-247217,-247273,-247349,-247451,-247584,-247748,-247932,-248162,-248400,-248684,-248993,-249333,-249699,-250104,-250547,-251019,-251522,-252066,,,,,,,,,,,,,,,,,,,,,,,,,,,,,,,,,,,,,,,,,,,,,,,,,,,,,,,,,,,,,,,,,,,,
RECAL 3 1 9999 564 64 4 80,1409,-334061,-324177,-314834,-306006,-297724,-290094,-282983,-276493,-270619,-265395,-260792,-256836,-253523,-250871,-248872,-247544,-246899,-246917,-247616,-249007,-251106,-253909,-257413,-261646,-266587,-272280,-278714,-285858,-293678,-302217,-311479,-321372,-331822,,,,,,,,,,,,,,,,,,,,,,,,,,,,,,,,,,,,,,,,,,,,,,,,,,,,,,,,,,,,,,,,,,,,
RECAL 3 0 9999 9999 64 4 80,-504,-246822,-246591,-246400,-246229,-246097,-245967,-245868,-245793,-245731,-245706,-245684,-245679,-245699,-245725,-245762,-245826,-245898,-245984,-246090,-246215,-246334,-246471,-246639,-246802,-246978,-247167,-247366,-247579,-247800,-248033,-248263,-248510,-248769,,,,,,,,,,,,,,,,,,,,,,,,,,,,,,,,,,,,,,,,,,,,,,,,,,,,,,,,,,,,,,,,,,,,
RECAL 3 1 9999 -461 64 4 80,-1276,-295203,-288512,-282255,-276486,-271190,-266404,-262057,-258224,-254908,-252075,-249716,-247833,-246420,-245461,-244977,-244952,-245377,-246261,-247599,-249376,-251594,-254251,-257349,-260875,-264866,-269278,-274102,-279347,-284974,-290998,-297356,-304108,-311134,,,,,,,,,,,,,,,,,,,,,,,,,,,,,,,,,,,,,,,,,,,,,,,,,,,,,,,,,,,,,,,,,,,,
RECAL 3 0 9999 9999 64 4 80,537,-239048,-238680,-238341,-238041,-237755,-237502,-237264,-237051,-236875,-236710,-236578,-236465,-236385,-236327,-236296,-236290,-236312,-236368,-236447,-236549,-236694,-236859,-237061,-237291,-237553,-237850,-238185,-238550,-238938,-239374,-239844,-240347,-240891,,,,,,,,,,,,,,,,,,,,,,,,,,,,,,,,,,,,,,,,,,,,,,,,,,,,,,,,,,,,,,,,,,,,
RECAL 3 1 9999 596 64 4 80,-2284,-371745,-353066,-335344,-318878,-303803,-290104,-277741,-266763,-257237,-249236,-242728,-237727,-234325,-232409,-232056,-233276,-236049,-240412,-246320,-253792,-262935,-273665,-285955,-299660,-314905,-331529,-349551,-368632,-388515,-409747,-431147,-451973,-471582,,,,,,,,,,,,,,,,,,,,,,,,,,,,,,,,,,,,,,,,,,,,,,,,,,,,,,,,,,,,,,,,,,,,
RECAL 3 0 9999 9999 64 4 80,552,-244193,-243847,-243526,-243231,-242969,-242729,-242504,-242309,-242122,-241959,-241827,-241728,-241632,-241583,-241547,-241537,-241547,-241596,-241669,-241766,-241890,-242056,-242223,-242443,-242690,-242962,-243272,-243607,-243976,-244382,-244827,-245297,-245811,,,,,,,,,,,,,,,,,,,,,,,,,,,,,,,,,,,,,,,,,,,,,,,,,,,,,,,,,,,,,,,,,,,,
RECAL 3 1 9999 611 64 4 80,-2955,-436296,-408508,-381958,-357622,-334926,-314251,-295613,-279192,-265008,-253198,-243843,-237021,-232760,-231045,-231889,-235319,-241397,-250071,-261440,-275330,-292047,-311487,-333663,-358521,-385926,-415443,-445624,-473486,-494890,-506748,-513755,-515484,-517939,,,,,,,,,,,,,,,,,,,,,,,,,,,,,,,,,,,,,,,,,,,,,,,,,,,,,,,,,,,,,,,,,,,,
RECAL 3 0 9999 9999 64 4 80,-2468,-293109,-286371,-280075,-274289,-269049,-264343,-260137,-256501,-253402,-250823,-248824,-247317,-246338,-245892,-245963,-246606,-247781,-249421,-251654,-254346,-257581,-261339,-265623,-270420,-275745,-281573,-287865,-294705,-302131,-310091,-318605,-327694,-337329,,,,,,,,,,,,,,,,,,,,,,,,,,,,,,,,,,,,,,,,,,,,,,,,,,,,,,,,,,,,,,,,,,,,
RECAL 3 1 9999 -2415 64 4 80,-2959,-438069,-410237,-383054,-357539,-334448,-313306,-294506,-278083,-264088,-252583,-243695,-237371,-233714,-232722,-234376,-238695,-245692,-255338,-267696,-282693,-300045,-320152,-342767,-367642,-394801,-423572,-452590,-478834,-499023,-509199,-514467,-517877,-518725,,,,,,,,,,,,,,,,,,,,,,,,,,,,,,,,,,,,,,,,,,,,,,,,,,,,,,,,,,,,,,,,,,,,
RECAL 3 0 9999 9999 64 4 80,-2466,-291899,-285099,-278807,-273022,-267828,-263130,-258988,-255378,-252330,-249850,-247875,-246415,-245503,-245136,-245284,-245988,-247222,-248976,-251238,-254055,-257366,-261207,-265567,-270431,-275843,-281661,-288101,-295023,-302504,-310494,-319042,-328145,-337802,,,,,,,,,,,,,,,,,,,,,,,,,,,,,,,,,,,,,,,,,,,,,,,,,,,,,,,,,,,,,,,,,,,,
RECAL 3 1 9999 -2413 64 4 80,-2292,-382207,-363169,-345398,-328879,-313691,-299895,-287666,-276793,-267340,-259313,-252760,-247680,-244112,-242027,-241473,-242434,-244922,-248939,-254494,-261591,-270202,-280306,-292008,-305163,-319753,-335754,-353156,-371647,-391457,-412151,-433082,-454123,-474244,,,,,,,,,,,,,,,,,,,,,,,,,,,,,,,,,,,,,,,,,,,,,,,,,,,,,,,,,,,,,,,,,,,,
RECAL 3 0 9999 9999 64 4 80,-2569,-289559,-282198,-275451,-269357,-263755,-258728,-254276,-250402,-247116,-244409,-242292,-240762,-239797,-239412,-239608,-240358,-241697,-243590,-246059,-249053,-252641,-256788,-261521,-266819,-272673,-279097,-286101,-293681,-301875,-310701,-320150,-330190,-340895,,,,,,,,,,,,,,,,,,,,,,,,,,,,,,,,,,,,,,,,,,,,,,,,,,,,,,,,,,,,,,,,,,,,
RECAL 3 1 9999 -2516 64 4 80,-1292,-285747,-279275,-273282,-267770,-262794,-258228,-254135,-250518,-247375,-244716,-242541,-240824,-239599,-238838,-238537,-238689,-239291,-240350,-241862,-243810,-246161,-248970,-252199,-255857,-259932,-264414,-269303,-274574,-280284,-286388,-292819,-299618,-306803,,,,,,,,,,,,,,,,,,,,,,,,,,,,,,,,,,,,,,,,,,,,,,,,,,,,,,,,,,,,,,,,,,,,
RECAL 3 0 9999 9999 64 4 80,-2480,-283657,-276979,-270844,-265256,-260173,-255578,-251523,-247998,-245011,-242555,-240631,-239249,-238394,-238083,-238291,-239033,-240310,-242108,-244449,-247301,-250674,-254535,-258893,-263780,-269203,-275126,-281540,-288485,-295890,-303775,-312306,-321307,-330879,,,,,,,,,,,,,,,,,,,,,,,,,,,,,,,,,,,,,,,,,,,,,,,,,,,,,,,,,,,,,,,,,,,,
RECAL 3 1 9999 -2428 64 4 80,1389,-322053,-312669,-303781,-295412,-287609,-280367,-273572,-267340,-261658,-256553,-252047,-248142,-244840,-242153,-240100,-238680,-237880,-237723,-238197,-239331,-241130,-243529,-246619,-250371,-254784,-259858,-265617,-272003,-279054,-286770,-295125,-304164,-313824,,,,,,,,,,,,,,,,,,,,,,,,,,,,,,,,,,,,,,,,,,,,,,,,,,,,,,,,,,,,,,,,,,,,
RECAL 3 0 9999 9999 64 4 80,-2575,-291764,-284638,-278095,-272146,-266852,-262039,-257787,-254111,-250993,-248450,-246462,-245031,-244175,-243870,-244129,-244937,-246292,-248199,-250654,-253663,-257167,-261284,-265946,-271141,-276880,-283194,-290029,-297393,-305383,-314018,-323230,-333047,-343491,,,,,,,,,,,,,,,,,,,,,,,,,,,,,,,,,,,,,,,,,,,,,,,,,,,,,,,,,,,,,,,,,,,,
RECAL 3 1 9999 -2523 64 4 80,2296,-483362,-463423,-440878,-417792,-395402,-374186,-354570,-336472,-319880,-304786,-291291,-279431,-269070,-260294,-253114,-247582,-243685,-241431,-240854,-241938,-244689,-249111,-255178,-262907,-272241,-283160,-295603,-309708,-325269,-342281,-360664,-380405,-401600,,,,,,,,,,,,,,,,,,,,,,,,,,,,,,,,,,,,,,,,,,,,,,,,,,,,,,,,,,,,,,,,,,,,
RECAL 3 0 9999 9999 64 4 80,2396,-349040,-338950,-329438,-320430,-311934,-303928,-296463,-289581,-283211,-277450,-272180,-267518,-263432,-259944,-257077,-254817,-253184,-252168,-251792,-252060,-252976,-254556,-256819,-259739,-263351,-267593,-272543,-278198,-284561,-291594,-299327,-307824,-317036,,,,,,,,,,,,,,,,,,,,,,,,,,,,,,,,,,,,,,,,,,,,,,,,,,,,,,,,,,,,,,,,,,,,
RECAL 3 1 9999 2468 64 4 80,-2999,-471396,-447251,-421128,-394520,-368889,-345100,-323235,-303592,-286600,-272211,-260635,-251909,-246075,-243129,-243082,-245917,-251674,-260324,-271875,-286276,-303378,-323241,-345671,-370047,-396667,-424401,-452261,-477867,-496643,-508384,-514021,-516882,-518593,,,,,,,,,,,,,,,,,,,,,,,,,,,,,,,,,,,,,,,,,,,,,,,,,,,,,,,,,,,,,,,,,,,,
RECAL 3 0 9999 9999 64 4 80,2405,-346288,-336000,-326224,-316911,-308136,-299856,-292188,-285144,-278547,-272553,-267172,-262387,-258221,-254687,-251794,-249531,-247894,-246927,-246629,-247006,-248070,-249816,-252253,-255343,-259158,-263688,-268936,-274892,-281557,-288956,-297030,-305872,-315369,,,,,,,,,,,,,,,,,,,,,,,,,,,,,,,,,,,,,,,,,,,,,,,,,,,,,,,,,,,,,,,,,,,,
RECAL 3 1 9999 2477 64 4 80,-2350,-407332,-387022,-367394,-348922,-331423,-315277,-300581,-287517,-275997,-266200,-258090,-251751,-247236,-244395,-243318,-244024,-246485,-250726,-256711,-264456,-273914,-284952,-297604,-311893,-327677,-344966,-363567,-383419,-404088,-425573,-446829,-467119,-484831,,,,,,,,,,,,,,,,,,,,,,,,,,,,,,,,,,,,,,,,,,,,,,,,,,,,,,,,,,,,,,,,,,,,
RECAL 3 0 9999 9999 64 4 80,2314,-330516,-320944,-311876,-303285,-295185,-287641,-280511,-273896,-267843,-262354,-257431,-253110,-249381,-246249,-243748,-241823,-240501,-239807,-239731,-240282,-241467,-243289,-245727,-248767,-252450,-256789,-261756,-267366,-273627,-280553,-288070,-296257,-305175,,,,,,,,,,,,,,,,,,,,,,,,,,,,,,,,,,,,,,,,,,,,,,,,,,,,,,,,,,,,,,,,,,,,
RECAL 3 1 9999 2385 64 4 80,-1406,-300696,-292319,-284524,-277317,-270705,-264719,-259351,-254611,-250512,-247057,-244207,-241960,-240312,-239264,-238803,-238940,-239652,-240957,-242840,-245288,-248310,-251864,-255993,-260682,-265938,-271758,-278118,-285003,-292372,-300220,-308564,-317389,-326476,,,,,,,,,,,,,,,,,,,,,,,,,,,,,,,,,,,,,,,,,,,,,,,,,,,,,,,,,,,,,,,,,,,,
RECAL 3 0 9999 9999 64 4 80,2304,-323481,-313949,-304888,-296279,-288213,-280611,-273528,-266974,-260949,-255389,-250435,-246043,-242243,-239010,-236383,-234363,-232956,-232144,-231947,-232365,-233418,-235082,-237387,-240328,-243917,-248072,-252872,-258305,-264410,-271144,-278524,-286564,-295161,,,,,,,,,,,,,,,,,,,,,,,,,,,,,,,,,,,,,,,,,,,,,,,,,,,,,,,,,,,,,,,,,,,,
RECAL 3 1 9999 2375 64 4 80,1284,-312526,-303667,-295249,-287332,-279850,-272862,-266401,-260423,-255048,-250211,-245918,-242168,-238962,-236316,-234233,-232744,-231816,-231471,-231712,-232547,-233996,-236042,-238706,-241973,-245911,-250476,-255665,-261505,-267983,-275082,-282787,-290970,-299849,,,,,,,,,,,,,,,,,,,,,,,,,,,,,,,,,,,,,,,,,,,,,,,,,,,,,,,,,,,,,,,,,,,,
RECAL 3 0 9999 9999 64 4 80,2384,-338224,-328000,-318333,-309180,-300556,-292601,-285176,-278295,-271961,-266242,-261073,-256510,-252606,-249242,-246505,-244387,-242895,-242032,-241802,-242224,-243287,-245019,-247425,-250498,-254251,-258687,-263839,-269669,-276110,-283319,-291208,-299817,-309166,,,,,,,,,,,,,,,,,,,,,,,,,,,,,,,,,,,,,,,,,,,,,,,,,,,,,,,,,,,,,,,,,,,,
RECAL 3 1 9999 2455 64 4 80,2222,-478471,-459848,-439643,-418396,-397122,-376864,-357364,-339063,-322093,-306524,-292472,-279943,-269007,-259624,-251925,-245933,-241681,-239170,-238413,-239421,-242194,-246648,-252903,-260925,-270671,-282111,-295130,-309759,-325883,-343264,-361802,-381444,-401922,,,,,,,,,,,,,,,,,,,,,,,,,,,,,,,,,,,,,,,,,,,,,,,,,,,,,,,,,,,,,,,,,,,,
RECAL 3 0 9999 9999 64 4 80,2387,-336344,-326307,-316827,-307870,-299523,-291803,-284580,-277908,-271761,-266219,-261209,-256810,-253005,-249762,-247110,-245057,-243595,-242773,-242535,-242935,-243961,-245624,-247939,-250900,-254515,-258803,-263741,-269346,-275555,-282491,-290113,-298399,-307408,,,,,,,,,,,,,,,,,,,,,,,,,,,,,,,,,,,,,,,,,,,,,,,,,,,,,,,,,,,,,,,,,,,,
RECAL 3 1 9999 2458 64 4 80,2873,-515870,-512035,-509925,-501227,-486399,-462997,-435386,-406650,-378786,-353022,-329357,-308039,-289397,-273417,-260217,-249871,-242367,-237724,-235959,-237036,-241009,-247830,-257463,-269880,-284989,-302590,-322588,-344610,-368510,-394193,-420969,-447717,-472437,,,,,,,,,,,,,,,,,,,,,,,,,,,,,,,,,,,,,,,,,,,,,,,,,,,,,,,,,,,,,,,,,,,,
RECAL 3 0 9999 9999 64 4 80,168,-255539,-255467,-255392,-255335,-255289,-255251,-255200,-255170,-255148,-255118,-255082,-255074,-255050,-255048,-255031,-255030,-255021,-255018,-255020,-255025,-255048,-255059,-255076,-255106,-255141,-255170,-255219,-255269,-255320,-255371,-255440,-255517,-255599,,,,,,,,,,,,,,,,,,,,,,,,,,,,,,,,,,,,,,,,,,,,,,,,,,,,,,,,,,,,,,,,,,,,
RECAL 3 1 9999 234 64 4 80,2835,-516421,-514847,-510775,-502021,-486409,-462680,-435214,-407031,-380208,-355663,-333477,-313776,-296879,-282407,-270515,-261317,-254817,-251030,-249945,-251587,-255937,-263038,-272818,-285183,-300058,-317384,-337020,-358786,-382222,-407757,-434171,-459671,-482601,,,,,,,,,,,,,,,,,,,,,,,,,,,,,,,,,,,,,,,,,,,,,,,,,,,,,,,,,,,,,,,,,,,,
RECAL 3 0 9999 9999 64 4 80,123,-254931,-254877,-254824,-254783,-254749,-254714,-254692,-254658,-254644,-254630,-254616,-254601,-254592,-254589,-254590,-254586,-254579,-254603,-254607,-254614,-254638,-254655,-254676,-254702,-254734,-254779,-254820,-254868,-254917,-254965,-255030,-255093,-255173,,,,,,,,,,,,,,,,,,,,,,,,,,,,,,,,,,,,,,,,,,,,,,,,,,,,,,,,,,,,,,,,,,,,
RECAL 3 1 9999 183 64 4 80,2174,-474422,-455277,-434624,-413806,-393277,-373855,-355784,-338922,-323412,-309458,-296992,-286070,-276606,-268676,-262336,-257555,-254379,-252829,-252854,-254482,-257723,-262578,-269005,-277019,-286576,-297645,-310344,-324461,-340002,-356870,-374911,-394229,-414314,,,,,,,,,,,,,,,,,,,,,,,,,,,,,,,,,,,,,,,,,,,,,,,,,,,,,,,,,,,,,,,,,,,,
RECAL 3 0 9999 9999 64 4 80,-716,-244612,-244026,-243511,-243031,-242615,-242242,-241932,-241648,-241402,-241203,-241043,-240943,-240850,-240814,-240819,-240853,-240936,-241044,-241181,-241361,-241579,-241822,-242089,-242411,-242749,-243122,-243522,-243955,-244406,-244876,-245371,-245901,-246466,,,,,,,,,,,,,,,,,,,,,,,,,,,,,,,,,,,,,,,,,,,,,,,,,,,,,,,,,,,,,,,,,,,,
RECAL 3 1 9999 -662 64 4 80,1197,-305865,-298627,-291826,-285369,-279292,-273693,-268432,-263601,-259199,-255259,-251761,-248707,-246146,-244034,-242401,-241252,-240604,-240478,-240866,-241771,-243199,-245109,-247596,-250615,-254166,-258263,-262921,-268118,-273835,-280103,-286811,-294008,-301743,,,,,,,,,,,,,,,,,,,,,,,,,,,,,,,,,,,,,,,,,,,,,,,,,,,,,,,,,,,,,,,,,,,,
RECAL 3 0 9999 9999 64 4 80,-677,-238806,-238299,-237834,-237434,-237055,-236729,-236439,-236194,-235985,-235815,-235684,-235592,-235536,-235493,-235506,-235536,-235601,-235707,-235837,-235990,-236174,-236389,-236628,-236897,-237187,-237511,-237853,-238214,-238603,-239019,-239463,-239910,-240395,,,,,,,,,,,,,,,,,,,,,,,,,,,,,,,,,,,,,,,,,,,,,,,,,,,,,,,,,,,,,,,,,,,,
RECAL 3 1 9999 -624 64 4 80,-1490,-298081,-289305,-281085,-273525,-266600,-260404,-254777,-249845,-245566,-241954,-239015,-236725,-235116,-234177,-233892,-234290,-235352,-237093,-239494,-242551,-246246,-250513,-255474,-261066,-267267,-274057,-281461,-289406,-297878,-306901,-316364,-326258,-336637,,,,,,,,,,,,,,,,,,,,,,,,,,,,,,,,,,,,,,,,,,,,,,,,,,,,,,,,,,,,,,,,,,,,
RECAL 3 0 9999 9999 64 4 80,343,-247625,-247456,-247304,-247189,-247064,-246972,-246871,-246785,-246722,-246651,-246599,-246550,-246535,-246512,-246514,-246512,-246536,-246561,-246608,-246669,-246738,-246813,-246929,-247039,-247178,-247316,-247496,-247681,-247876,-248091,-248338,-248596,-248866,,,,,,,,,,,,,,,,,,,,,,,,,,,,,,,,,,,,,,,,,,,,,,,,,,,,,,,,,,,,,,,,,,,,
RECAL 3 1 9999 399 64 4 80,-2398,-402773,-381965,-362175,-343669,-326359,-310512,-296172,-283456,-272461,-262990,-255267,-249323,-245137,-242733,-242120,-243302,-246311,-251161,-257840,-266362,-276662,-288723,-302494,-317948,-334769,-353401,-373357,-394717,-417030,-439668,-461166,-480944,-495932,,,,,,,,,,,,,,,,,,,,,,,,,,,,,,,,,,,,,,,,,,,,,,,,,,,,,,,,,,,,,,,,,,,,
RECAL 3 0 9999 9999 64 4 80,313,-253525,-253347,-253198,-253068,-252929,-252816,-252710,-252607,-252513,-252424,-252341,-252273,-252200,-252153,-252113,-252072,-252042,-252033,-252023,-252023,-252034,-252056,-252088,-252127,-252195,-252266,-252352,-252451,-252553,-252669,-252809,-252953,-253124,,,,,,,,,,,,,,,,,,,,,,,,,,,,,,,,,,,,,,,,,,,,,,,,,,,,,,,,,,,,,,,,,,,,
RECAL 3 1 9999 386 64 4 80,-3032,-453667,-427454,-400338,-374084,-349531,-326828,-306494,-288843,-273492,-260832,-250972,-243914,-239703,-238355,-239900,-244401,-251837,-262233,-275557,-291775,-310764,-332522,-356920,-383149,-411773,-441096,-468941,-491418,-504900,-511638,-515115,-517854,-518364,,,,,,,,,,,,,,,,,,,,,,,,,,,,,,,,,,,,,,,,,,,,,,,,,,,,,,,,,,,,,,,,,,,,
RECAL 3 0 9999 9999 64 4 80,-2480,-314987,-307330,-300228,-293734,-287781,-282301,-277398,-273055,-269298,-266128,-263503,-261485,-260041,-259190,-258889,-259182,-260013,-261464,-263473,-266065,-269201,-272871,-277096,-281860,-287180,-293037,-299429,-306418,-313988,-321978,-330619,-339910,-349764,,,,,,,,,,,,,,,,,,,,,,,,,,,,,,,,,,,,,,,,,,,,,,,,,,,,,,,,,,,,,,,,,,,,
RECAL 3 1 9999 -2424 64 4 80,-2998,-460436,-435131,-408506,-382485,-358288,-336169,-316135,-298328,-283134,-270461,-260449,-253159,-248638,-246915,-247994,-251905,-258671,-268298,-280741,-296021,-314083,-334864,-358218,-383856,-411746,-440921,-469006,-492004,-504867,-512914,-516378,-517945,-519175,,,,,,,,,,,,,,,,,,,,,,,,,,,,,,,,,,,,,,,,,,,,,,,,,,,,,,,,,,,,,,,,,,,,
RECAL 3 0 9999 9999 64 4 80,-2480,-305396,-297833,-290881,-284472,-278617,-273246,-268492,-264314,-260720,-257712,-255288,-253470,-252226,-251578,-251508,-252025,-253121,-254787,-257044,-259886,-263307,-267254,-271742,-276780,-282368,-288533,-295199,-302456,-310270,-318524,-327440,-336977,-347097,,,,,,,,,,,,,,,,,,,,,,,,,,,,,,,,,,,,,,,,,,,,,,,,,,,,,,,,,,,,,,,,,,,,
RECAL 3 1 9999 -2426 64 4 80,-2352,-389249,-369559,-351200,-334028,-318332,-303853,-290955,-279551,-269748,-261561,-255024,-250151,-246993,-245544,-245769,-247699,-251351,-256699,-263785,-272531,-283008,-294908,-308394,-323420,-339943,-357850,-377198,-397892,-419441,-441124,-462823,-482364,-496913,,,,,,,,,,,,,,,,,,,,,,,,,,,,,,,,,,,,,,,,,,,,,,,,,,,,,,,,,,,,,,,,,,,,
RECAL 3 0 9999 9999 64 4 80,-2565,-306141,-297992,-290649,-283780,-277544,-271921,-266940,-262579,-258846,-255753,-253318,-251502,-250313,-249734,-249775,-250430,-251692,-253577,-256044,-259143,-262851,-267180,-272097,-277616,-283724,-290422,-297755,-305755,-314375,-323606,-333476,-344005,-355151,,,,,,,,,,,,,,,,,,,,,,,,,,,,,,,,,,,,,,,,,,,,,,,,,,,,,,,,,,,,,,,,,,,,
RECAL 3 1 9999 -2511 64 4 80,-1413,-307689,-299683,-292388,-285529,-279252,-273545,-268426,-263903,-259938,-256571,-253829,-251665,-250087,-249083,-248642,-248774,-249457,-250708,-252486,-254845,-257750,-261192,-265165,-269658,-274677,-280185,-286269,-292831,-299852,-307403,-315400,-323818,-332683,,,,,,,,,,,,,,,,,,,,,,,,,,,,,,,,,,,,,,,,,,,,,,,,,,,,,,,,,,,,,,,,,,,,
RECAL 3 0 9999 9999 64 4 80,-2579,-292653,-284534,-277039,-270188,-263963,-258442,-253495,-249164,-245458,-242398,-239953,-238147,-236972,-236432,-236527,-237234,-238557,-240497,-243050,-246204,-249957,-254263,-259232,-264807,-270983,-277757,-285107,-293037,-301564,-310738,-320623,-331156,-342320,,,,,,,,,,,,,,,,,,,,,,,,,,,,,,,,,,,,,,,,,,,,,,,,,,,,,,,,,,,,,,,,,,,,
RECAL 3 1 9999 -2525 64 4 80,1274,-311657,-303458,-295788,-288460,-281520,-275039,-269004,-263451,-258372,-253793,-249739,-246208,-243180,-240670,-238675,-237223,-236303,-235929,-236094,-236817,-238110,-239950,-242361,-245343,-248876,-252989,-257698,-263031,-268924,-275401,-282440,-290044,-298141,,,,,,,,,,,,,,,,,,,,,,,,,,,,,,,,,,,,,,,,,,,,,,,,,,,,,,,,,,,,,,,,,,,,
RECAL 3 0 9999 9999 64 4 80,-2501,-302083,-294315,-287257,-280631,-274597,-269117,-264217,-259876,-256111,-252907,-250253,-248176,-246682,-245761,-245422,-245662,-246485,-247876,-249807,-252325,-255415,-259074,-263295,-268073,-273409,-279298,-285665,-292539,-299944,-307911,-316418,-325475,-335110,,,,,,,,,,,,,,,,,,,,,,,,,,,,,,,,,,,,,,,,,,,,,,,,,,,,,,,,,,,,,,,,,,,,
RECAL 3 1 9999 -2445 64 4 80,2219,-479931,-460035,-438898,-416962,-395591,-375322,-356687,-339102,-322842,-308024,-294569,-282603,-272062,-263058,-255519,-249599,-245300,-242646,-241645,-242317,-244649,-248648,-254188,-261452,-270323,-280766,-292722,-306144,-321049,-337326,-354776,-373416,-393444,,,,,,,,,,,,,,,,,,,,,,,,,,,,,,,,,,,,,,,,,,,,,,,,,,,,,,,,,,,,,,,,,,,,
RECAL 3 0 9999 9999 64 4 80,2326,-338846,-329205,-320042,-311308,-303051,-295310,-288110,-281396,-275244,-269648,-264598,-260186,-256286,-253008,-250308,-248217,-246732,-245862,-245604,-245978,-246958,-248566,-250787,-253653,-257165,-261315,-266124,-271525,-277640,-284417,-291859,-299957,-308771,,,,,,,,,,,,,,,,,,,,,,,,,,,,,,,,,,,,,,,,,,,,,,,,,,,,,,,,,,,,,,,,,,,,
RECAL 3 1 9999 2398 64 4 80,-2999,-482502,-460009,-434774,-408609,-382568,-357885,-334855,-313772,-295101,-278971,-265519,-254852,-247111,-242277,-240410,-241483,-245522,-252527,-262508,-275409,-291203,-309827,-331167,-354928,-380907,-408847,-437645,-464923,-488337,-502971,-510872,-515530,-517189,,,,,,,,,,,,,,,,,,,,,,,,,,,,,,,,,,,,,,,,,,,,,,,,,,,,,,,,,,,,,,,,,,,,
RECAL 3 0 9999 9999 64 4 80,2370,-328881,-318769,-309131,-299994,-291408,-283353,-275825,-268880,-262521,-256770,-251614,-247051,-243090,-239727,-236989,-234884,-233415,-232555,-232354,-232801,-233919,-235695,-238153,-241278,-245129,-249681,-254929,-260919,-267636,-275095,-283259,-292150,-301659,,,,,,,,,,,,,,,,,,,,,,,,,,,,,,,,,,,,,,,,,,,,,,,,,,,,,,,,,,,,,,,,,,,,
RECAL 3 1 9999 2441 64 4 80,-2357,-401327,-380472,-360382,-341324,-323357,-306711,-291452,-277682,-265572,-255131,-246484,-239604,-234505,-231243,-229802,-230145,-232280,-236249,-242003,-249520,-258822,-269877,-282544,-296787,-312640,-329940,-348681,-368536,-389593,-411397,-433176,-454669,-474845,,,,,,,,,,,,,,,,,,,,,,,,,,,,,,,,,,,,,,,,,,,,,,,,,,,,,,,,,,,,,,,,,,,,
RECAL 3 0 9999 9999 64 4 80,2408,-322173,-311824,-301967,-292638,-283828,-275546,-267867,-260675,-254089,-248091,-242706,-237923,-233776,-230281,-227427,-225218,-223684,-222827,-222666,-223207,-224453,-226411,-229065,-232458,-236585,-241467,-247085,-253409,-260516,-268366,-276956,-286244,-296194,,,,,,,,,,,,,,,,,,,,,,,,,,,,,,,,,,,,,,,,,,,,,,,,,,,,,,,,,,,,,,,,,,,,
RECAL 3 1 9999 2479 64 4 80,-1437,-301208,-291458,-282304,-273759,-265862,-258589,-251994,-246069,-240880,-236270,-232354,-229106,-226504,-224567,-223278,-222640,-222638,-223270,-224537,-226414,-228914,-231999,-235694,-239989,-244774,-250201,-256180,-262729,-269817,-277419,-285520,-294066,-303159,,,,,,,,,,,,,,,,,,,,,,,,,,,,,,,,,,,,,,,,,,,,,,,,,,,,,,,,,,,,,,,,,,,,
RECAL 3 0 9999 9999 64 4 80,2363,-319814,-309693,-300171,-291109,-282525,-274452,-266953,-260007,-253631,-247867,-242716,-238165,-234225,-230896,-228181,-226083,-224627,-223798,-223613,-224079,-225193,-226971,-229432,-232557,-236378,-240902,-246159,-252115,-258813,-266239,-274401,-283288,-292895,,,,,,,,,,,,,,,,,,,,,,,,,,,,,,,,,,,,,,,,,,,,,,,,,,,,,,,,,,,,,,,,,,,,
RECAL 3 1 9999 2434 64 4 80,1240,-313280,-304117,-295363,-287002,-279052,-271576,-264592,-258086,-252107,-246657,-241800,-237382,-233513,-230192,-227423,-225229,-223595,-222536,-222065,-222173,-222856,-224132,-225988,-228445,-231494,-235137,-239337,-244176,-249598,-255603,-262232,-269412,-277176,,,,,,,,,,,,,,,,,,,,,,,,,,,,,,,,,,,,,,,,,,,,,,,,,,,,,,,,,,,,,,,,,,,,
RECAL 3 0 9999 9999 64 4 80,2406,-328596,-318301,-308521,-299270,-290570,-282388,-274744,-267731,-261210,-255287,-249969,-245252,-241143,-237659,-234808,-232584,-231028,-230138,-229914,-230375,-231532,-233386,-235948,-239193,-243173,-247854,-253275,-259424,-266329,-273943,-282304,-291340,-301059,,,,,,,,,,,,,,,,,,,,,,,,,,,,,,,,,,,,,,,,,,,,,,,,,,,,,,,,,,,,,,,,,,,,
RECAL 3 1 9999 2477 64 4 80,2183,-487018,-470479,-450105,-428297,-405928,-383800,-362477,-342484,-323708,-306392,-290548,-276227,-263536,-252525,-243213,-235723,-229875,-225763,-223382,-222732,-223819,-226608,-231115,-237377,-245369,-254997,-266275,-279122,-293446,-309175,-326213,-344198,-363521,,,,,,,,,,,,,,,,,,,,,,,,,,,,,,,,,,,,,,,,,,,,,,,,,,,,,,,,,,,,,,,,,,,,
RECAL 3 0 9999 9999 64 4 80,2521,-341274,-329984,-319290,-309235,-299736,-290921,-282647,-274961,-267911,-261472,-255706,-250539,-245995,-242116,-238893,-236332,-234460,-233280,-232774,-232980,-233904,-235550,-237942,-241069,-244939,-249552,-254870,-260998,-267881,-275555,-283990,-293180,-303166,,,,,,,,,,,,,,,,,,,,,,,,,,,,,,,,,,,,,,,,,,,,,,,,,,,,,,,,,,,,,,,,,,,,
RECAL 3 1 9999 2594 64 4 80,2831,-517136,-515091,-511511,-504281,-490873,-468868,-440891,-411404,-382074,-354539,-329209,-306292,-285993,-268588,-253764,-241816,-232700,-226475,-223150,-222663,-225046,-230303,-238408,-249299,-262878,-279112,-297750,-318766,-341839,-366359,-392924,-420326,-447585,,,,,,,,,,,,,,,,,,,,,,,,,,,,,,,,,,,,,,,,,,,,,,,,,,,,,,,,,,,,,,,,,,,,
RECAL 3 0 9999 9999 64 4 80,870,-250525,-249427,-248376,-247376,-246431,-245525,-244699,-243922,-243204,-242554,-241945,-241404,-240935,-240531,-240187,-239919,-239710,-239575,-239510,-239529,-239617,-239794,-240042,-240355,-240762,-241257,-241830,-242488,-243242,-244072,-244995,-245994,-247083,,,,,,,,,,,,,,,,,,,,,,,,,,,,,,,,,,,,,,,,,,,,,,,,,,,,,,,,,,,,,,,,,,,,
RECAL 3 1 9999 943 64 4 80,2815,-517252,-516638,-514441,-508613,-499106,-480300,-453079,-422896,-392642,-364325,-338505,-315152,-294434,-276491,-261310,-248963,-239474,-232932,-229150,-228209,-230084,-234736,-242134,-252197,-264884,-280180,-297875,-317839,-339891,-363711,-389191,-415646,-441919,,,,,,,,,,,,,,,,,,,,,,,,,,,,,,,,,,,,,,,,,,,,,,,,,,,,,,,,,,,,,,,,,,,,
RECAL 3 0 9999 9999 64 4 80,378,-239366,-239212,-239066,-238942,-238817,-238706,-238604,-238508,-238420,-238345,-238288,-238240,-238207,-238182,-238171,-238186,-238207,-238237,-238290,-238358,-238437,-238538,-238649,-238791,-238939,-239117,-239306,-239523,-239744,-239996,-240270,-240557,-240866,,,,,,,,,,,,,,,,,,,,,,,,,,,,,,,,,,,,,,,,,,,,,,,,,,,,,,,,,,,,,,,,,,,,
RECAL 3 1 9999 434 64 4 80,2168,-486653,-468828,-448552,-426844,-404845,-383308,-362758,-343504,-325548,-309017,-294004,-280667,-268873,-258682,-250179,-243331,-238179,-234708,-232954,-232852,-234439,-237701,-242607,-249140,-257288,-267015,-278285,-291142,-305396,-321043,-337966,-356116,-375269,,,,,,,,,,,,,,,,,,,,,,,,,,,,,,,,,,,,,,,,,,,,,,,,,,,,,,,,,,,,,,,,,,,,
RECAL 3 0 9999 9999 64 4 80,-295,-237391,-237303,-237228,-237150,-237093,-237029,-236987,-236948,-236907,-236880,-236862,-236850,-236826,-236816,-236819,-236817,-236821,-236834,-236845,-236865,-236885,-236911,-236931,-236964,-236993,-237031,-237069,-237106,-237142,-237184,-237226,-237277,-237324,,,,,,,,,,,,,,,,,,,,,,,,,,,,,,,,,,,,,,,,,,,,,,,,,,,,,,,,,,,,,,,,,,,,
RECAL 3 1 9999 -239 64 4 80,1203,-317598,-309266,-301311,-293751,-286711,-279976,-273680,-267827,-262430,-257499,-253055,-249107,-245620,-242623,-240167,-238215,-236795,-235900,-235560,-235738,-236446,-237722,-239555,-241920,-244847,-248335,-252384,-256987,-262119,-267785,-273992,-280723,-288004,,,,,,,,,,,,,,,,,,,,,,,,,,,,,,,,,,,,,,,,,,,,,,,,,,,,,,,,,,,,,,,,,,,,
RECAL 3 0 9999 9999 64 4 80,386,-238611,-238415,-238234,-238066,-237903,-237753,-237623,-237487,-237378,-237275,-237182,-237119,-237058,-237020,-236981,-236975,-236973,-236999,-237030,-237086,-237157,-237249,-237364,-237489,-237636,-237806,-237999,-238207,-238431,-238677,-238965,-239258,-239578,,,,,,,,,,,,,,,,,,,,,,,,,,,,,,,,,,,,,,,,,,,,,,,,,,,,,,,,,,,,,,,,,,,,
RECAL 3 1 9999 447 64 4 80,-1469,-316643,-306782,-297526,-288953,-280948,-273587,-266910,-260881,-255497,-250800,-246783,-243462,-240803,-238827,-237527,-236896,-236931,-237623,-238969,-240967,-243605,-246862,-250741,-255248,-260328,-266008,-272221,-279009,-286343,-294154,-302484,-311319,-320519,,,,,,,,,,,,,,,,,,,,,,,,,,,,,,,,,,,,,,,,,,,,,,,,,,,,,,,,,,,,,,,,,,,,
RECAL 3 0 9999 9999 64 4 80,-191,-244284,-244252,-244239,-244221,-244220,-244206,-244195,-244198,-244202,-244200,-244197,-244207,-244222,-244221,-244235,-244232,-244247,-244262,-244276,-244298,-244308,-244322,-244333,-244351,-244381,-244381,-244403,-244407,-244431,-244445,-244461,-244461,-244485,,,,,,,,,,,,,,,,,,,,,,,,,,,,,,,,,,,,,,,,,,,,,,,,,,,,,,,,,,,,,,,,,,,,
RECAL 3 0 9999 9999 128 4 80,-255,-244931,-244835,-244759,-244688,-244617,-244541,-244496,-244447,-244396,-244353,-244308,-244273,-244251,-244213,-244194,-244175,-244156,-244148,-244119,-244116,-244125,-244111,-244103,-244117,-244119,-244121,-244128,-244134,-244131,-244145,-244158,-244167,-244177,-244195,-244214,-244219,-244241,-244260,-244275,-244300,-244295,-244317,-244334,-244357,-244368,-244380,-244403,-244413,-244419,-244436,-244445,-244459,-244475,-244489,-244502,-244508,-244506,-244526,-244536,-244536,-244549,-244549,-244556,-244573,-244603,,,,,,,,,,,,,,,,,,,,,,,,,,,,,,,,,,,,
RECAL 3 1 9999 -169 128 4 80,-2443,-520337,-518866,-519722,-519325,-519614,-518389,-519823,-518141,-516375,-514232,-511703,-505162,-496825,-483700,-465981,-445824,-424683,-403492,-382903,-363498,-344986,-327706,-311872,-297471,-284691,-273507,-263975,-256160,-250120,-245860,-243429,-242823,-244046,-247085,-251962,-258537,-266982,-277177,-289073,-302581,-317754,-334443,-352700,-372183,-392861,-414550,-436586,-458373,-477765,-493782,-503970,-510955,-514648,-516265,-517558,-518593,-518662,-519958,-519508,-519580,-519073,-519253,-519935,-519612,-519733,,,,,,,,,,,,,,,,,,,,,,,,,,,,,,,,,,,,
RECAL 3 0 9999 9999 64 4 80,-583,-253318,-253009,-252750,-252497,-252275,-252070,-251909,-251749,-251616,-251530,-251428,-251371,-251332,-251313,-251305,-251324,-251353,-251417,-251495,-251563,-251688,-251813,-251951,-252099,-252271,-252456,-252658,-252877,-253093,-253335,-253591,-253854,-254123,,,,,,,,,,,,,,,,,,,,,,,,,,,,,,,,,,,,,,,,,,,,,,,,,,,,,,,,,,,,,,,,,,,,
RECAL 3 1 9999 -529 64 4 80,-3011,-467815,-443194,-417040,-390755,-365642,-342328,-320872,-301689,-284995,-270798,-259258,-250551,-244756,-241895,-242015,-245133,-251258,-260247,-272337,-287389,-305252,-325994,-349401,-375307,-403686,-433224,-461839,-486595,-503213,-511611,-516255,-518176,-518769,,,,,,,,,,,,,,,,,,,,,,,,,,,,,,,,,,,,,,,,,,,,,,,,,,,,,,,,,,,,,,,,,,,,
RECAL 3 0 9999 9999 64 4 80,-2537,-294017,-286198,-278941,-272317,-266319,-260878,-256025,-251776,-248105,-245016,-242518,-240629,-239302,-238557,-238429,-238883,-239936,-241599,-243839,-246708,-250176,-254249,-258931,-264210,-270096,-276576,-283639,-291180,-299392,-308224,-317639,-327715,-338389,,,,,,,,,,,,,,,,,,,,,,,,,,,,,,,,,,,,,,,,,,,,,,,,,,,,,,,,,,,,,,,,,,,,
RECAL 3 1 9999 -2482 64 4 80,-2985,-452174,-425938,-398966,-372537,-347856,-325056,-304423,-286044,-269990,-256432,-245530,-237389,-231906,-229239,-229415,-232446,-238382,-247208,-258867,-273329,-290522,-310382,-332904,-358025,-385634,-415533,-446194,-475232,-496600,-508410,-513659,-517455,-518302,,,,,,,,,,,,,,,,,,,,,,,,,,,,,,,,,,,,,,,,,,,,,,,,,,,,,,,,,,,,,,,,,,,,
RECAL 3 0 9999 9999 64 4 80,-2491,-289112,-281527,-274532,-268098,-262234,-256950,-252238,-248098,-244508,-241504,-239099,-237280,-236053,-235433,-235402,-235963,-237125,-238883,-241238,-244176,-247714,-251826,-256527,-261804,-267610,-273976,-280930,-288430,-296430,-305061,-314269,-323865,-334224,,,,,,,,,,,,,,,,,,,,,,,,,,,,,,,,,,,,,,,,,,,,,,,,,,,,,,,,,,,,,,,,,,,,
RECAL 3 1 9999 -2437 64 4 80,-2351,-411271,-389846,-369312,-350149,-332101,-315392,-300109,-286369,-274096,-263398,-254303,-246900,-241232,-237170,-234847,-234236,-235343,-238181,-242729,-248958,-256871,-266384,-277474,-290115,-304206,-319784,-336755,-355070,-374304,-395196,-416934,-439299,-461018,,,,,,,,,,,,,,,,,,,,,,,,,,,,,,,,,,,,,,,,,,,,,,,,,,,,,,,,,,,,,,,,,,,,
RECAL 3 0 9999 9999 64 4 80,-2455,-293219,-285685,-278698,-272252,-266400,-261079,-256414,-252251,-248658,-245632,-243182,-241304,-239996,-239259,-239105,-239515,-240495,-242047,-244148,-246811,-250040,-253829,-258096,-262995,-268444,-274438,-280990,-288080,-295672,-303861,-312617,-321985,-331932,,,,,,,,,,,,,,,,,,,,,,,,,,,,,,,,,,,,,,,,,,,,,,,,,,,,,,,,,,,,,,,,,,,,
RECAL 3 1 9999 -2400 64 4 80,-1422,-309553,-300627,-292321,-284599,-277535,-270969,-265021,-259667,-254944,-250825,-247330,-244437,-242162,-240487,-239417,-238959,-239077,-239785,-241078,-242944,-245342,-248329,-251852,-255931,-260552,-265691,-271343,-277489,-284136,-291283,-298844,-306892,-315381,,,,,,,,,,,,,,,,,,,,,,,,,,,,,,,,,,,,,,,,,,,,,,,,,,,,,,,,,,,,,,,,,,,,
RECAL 3 0 9999 9999 64 4 80,-2497,-308903,-301499,-294548,-288196,-282404,-277183,-272531,-268448,-264975,-262018,-259680,-257929,-256766,-256221,-256263,-256905,-258154,-259971,-262403,-265434,-269032,-273225,-278043,-283411,-289367,-295825,-302869,-310463,-318634,-327378,-336714,-346633,-357100,,,,,,,,,,,,,,,,,,,,,,,,,,,,,,,,,,,,,,,,,,,,,,,,,,,,,,,,,,,,,,,,,,,,
RECAL 3 1 9999 -2443 64 4 80,1246,-344847,-335894,-327307,-319163,-311445,-304148,-297323,-290984,-285095,-279774,-274824,-270371,-266443,-263018,-260145,-257783,-255984,-254746,-254049,-253908,-254331,-255301,-256849,-258962,-261619,-264829,-268619,-272958,-277889,-283348,-289370,-295873,-302974,,,,,,,,,,,,,,,,,,,,,,,,,,,,,,,,,,,,,,,,,,,,,,,,,,,,,,,,,,,,,,,,,,,,
RECAL 3 0 9999 9999 64 4 80,-2458,-297672,-290466,-283781,-277680,-272133,-267149,-262719,-258922,-255634,-252918,-250769,-249189,-248165,-247707,-247828,-248508,-249744,-251533,-253876,-256777,-260254,-264271,-268826,-273843,-279484,-285687,-292406,-299647,-307485,-315877,-324787,-334319,-344495,,,,,,,,,,,,,,,,,,,,,,,,,,,,,,,,,,,,,,,,,,,,,,,,,,,,,,,,,,,,,,,,,,,,
RECAL 3 1 9999 -2405 64 4 80,2193,-496531,-481679,-461680,-439331,-416571,-394651,-373795,-354534,-336523,-319958,-304901,-291351,-279496,-269083,-260300,-253152,-247658,-243826,-241662,-241161,-242327,-245166,-249662,-255779,-263516,-272828,-283661,-295916,-309437,-324528,-341071,-358880,-378036,,,,,,,,,,,,,,,,,,,,,,,,,,,,,,,,,,,,,,,,,,,,,,,,,,,,,,,,,,,,,,,,,,,,
RECAL 3 0 9999 9999 64 4 80,2402,-351163,-340638,-330466,-320804,-311583,-302876,-294677,-287056,-280029,-273498,-267543,-262199,-257476,-253378,-249933,-247128,-244968,-243468,-242661,-242546,-243138,-244448,-246468,-249205,-252628,-256817,-261781,-267495,-273967,-281222,-289278,-298056,-307609,,,,,,,,,,,,,,,,,,,,,,,,,,,,,,,,,,,,,,,,,,,,,,,,,,,,,,,,,,,,,,,,,,,,
RECAL 3 1 9999 2477 64 4 80,-2357,-395603,-374894,-355251,-336743,-319573,-303864,-289633,-277006,-266053,-256834,-249395,-243753,-239892,-237833,-237578,-239117,-242458,-247597,-254517,-263235,-273698,-285862,-299587,-314903,-331688,-349976,-369380,-390116,-411468,-433302,-453731,-473676,-489582,,,,,,,,,,,,,,,,,,,,,,,,,,,,,,,,,,,,,,,,,,,,,,,,,,,,,,,,,,,,,,,,,,,,
RECAL 3 0 9999 9999 64 4 80,2411,-347098,-336054,-325526,-315483,-305929,-296913,-288582,-280636,-273256,-266486,-260286,-254727,-249792,-245502,-241815,-238795,-236452,-234821,-233877,-233650,-234131,-235337,-237253,-239926,-243347,-247527,-252454,-258165,-264688,-271970,-279966,-288733,-298271,,,,,,,,,,,,,,,,,,,,,,,,,,,,,,,,,,,,,,,,,,,,,,,,,,,,,,,,,,,,,,,,,,,,
RECAL 3 1 9999 2486 64 4 80,-1431,-298432,-289522,-281197,-273534,-266524,-260135,-254507,-249466,-245080,-241352,-238293,-235884,-234149,-233060,-232620,-232810,-233633,-235078,-237140,-239825,-243110,-247008,-251410,-256463,-262112,-268333,-275134,-282451,-290306,-298656,-307562,-317006,-326925,,,,,,,,,,,,,,,,,,,,,,,,,,,,,,,,,,,,,,,,,,,,,,,,,,,,,,,,,,,,,,,,,,,,
RECAL 3 0 9999 9999 64 4 80,2325,-336846,-326839,-317287,-308146,-299400,-291202,-283496,-276319,-269692,-263627,-258152,-253318,-249025,-245327,-242246,-239786,-237948,-236763,-236226,-236337,-237100,-238525,-240605,-243357,-246785,-250885,-255671,-261095,-267289,-274207,-281827,-290187,-299230,,,,,,,,,,,,,,,,,,,,,,,,,,,,,,,,,,,,,,,,,,,,,,,,,,,,,,,,,,,,,,,,,,,,
RECAL 3 1 9999 2398 64 4 80,1239,-312189,-303851,-295950,-288433,-281320,-274693,-268549,-262891,-257758,-253157,-249076,-245592,-242589,-240140,-238242,-236928,-236183,-236024,-236458,-237478,-239075,-241266,-244050,-247435,-251411,-255995,-261205,-266935,-273341,-280349,-287979,-296127,-304907,,,,,,,,,,,,,,,,,,,,,,,,,,,,,,,,,,,,,,,,,,,,,,,,,,,,,,,,,,,,,,,,,,,,
RECAL 3 0 9999 9999 64 4 80,2364,-342883,-332601,-322660,-313227,-304280,-295856,-288017,-280672,-273907,-267734,-262210,-257272,-252945,-249223,-246122,-243631,-241773,-240582,-239995,-240073,-240819,-242230,-244317,-247080,-250517,-254643,-259566,-265210,-271576,-278702,-286566,-295157,-304529,,,,,,,,,,,,,,,,,,,,,,,,,,,,,,,,,,,,,,,,,,,,,,,,,,,,,,,,,,,,,,,,,,,,
RECAL 3 1 9999 2438 64 4 80,2188,-466565,-446900,-425619,-403961,-382896,-362791,-344223,-326931,-311052,-296593,-283725,-272354,-262559,-254499,-247989,-243134,-239920,-238393,-238563,-240440,-244012,-249296,-256394,-265228,-275761,-287965,-301746,-317106,-333915,-351810,-371094,-391554,-412662,,,,,,,,,,,,,,,,,,,,,,,,,,,,,,,,,,,,,,,,,,,,,,,,,,,,,,,,,,,,,,,,,,,,
RECAL 3 0 9999 9999 64 4 80,2439,-361587,-350647,-340114,-330111,-320653,-311755,-303416,-295557,-288306,-281621,-275551,-270085,-265294,-261091,-257541,-254705,-252472,-250902,-250011,-249780,-250251,-251408,-253257,-255772,-258984,-262907,-267539,-272871,-278940,-285722,-293221,-301363,-310409,,,,,,,,,,,,,,,,,,,,,,,,,,,,,,,,,,,,,,,,,,,,,,,,,,,,,,,,,,,,,,,,,,,,
RECAL 3 1 9999 2514 64 4 80,2838,-516386,-512845,-510186,-501092,-486766,-463868,-436468,-408016,-380527,-355257,-332244,-312091,-294230,-279030,-266528,-256729,-249726,-245536,-244160,-245619,-250003,-257288,-267453,-280447,-296134,-314533,-335392,-358144,-383204,-410039,-437314,-463902,-486389,,,,,,,,,,,,,,,,,,,,,,,,,,,,,,,,,,,,,,,,,,,,,,,,,,,,,,,,,,,,,,,,,,,,
RECAL 3 0 9999 9999 64 4 80,633,-256216,-255639,-255109,-254585,-254093,-253636,-253198,-252800,-252427,-252093,-251774,-251476,-251207,-250992,-250800,-250638,-250500,-250414,-250360,-250347,-250352,-250418,-250525,-250647,-250824,-251035,-251304,-251596,-251935,-252322,-252756,-253227,-253735,,,,,,,,,,,,,,,,,,,,,,,,,,,,,,,,,,,,,,,,,,,,,,,,,,,,,,,,,,,,,,,,,,,,
RECAL 3 1 9999 709 64 4 80,2873,-517754,-516012,-513543,-508370,-499719,-481033,-455051,-425594,-396436,-369196,-344307,-321771,-301899,-284798,-270475,-258957,-250329,-244620,-241834,-241925,-244944,-250879,-259707,-271398,-285870,-302920,-322520,-344150,-367819,-393388,-420403,-447584,-473171,,,,,,,,,,,,,,,,,,,,,,,,,,,,,,,,,,,,,,,,,,,,,,,,,,,,,,,,,,,,,,,,,,,,
RECAL 3 0 9999 9999 64 4 80,178,-240828,-240754,-240694,-240619,-240567,-240514,-240463,-240416,-240366,-240313,-240276,-240238,-240199,-240169,-240130,-240100,-240086,-240063,-240045,-240031,-240025,-240020,-240030,-240042,-240049,-240073,-240095,-240117,-240164,-240204,-240266,-240315,-240380,,,,,,,,,,,,,,,,,,,,,,,,,,,,,,,,,,,,,,,,,,,,,,,,,,,,,,,,,,,,,,,,,,,,
RECAL 3 1 9999 262 64 4 80,2238,-479042,-460178,-438926,-416905,-395093,-374026,-354437,-336047,-319136,-303496,-289422,-276930,-266113,-256960,-249569,-243925,-240038,-237943,-237603,-239071,-242351,-247412,-254259,-262881,-273272,-285259,-298695,-313734,-330205,-348077,-367141,-387560,-408762,,,,,,,,,,,,,,,,,,,,,,,,,,,,,,,,,,,,,,,,,,,,,,,,,,,,,,,,,,,,,,,,,,,,
RECAL 3 0 9999 9999 64 4 80,-440,-235644,-235394,-235146,-234929,-234724,-234531,-234357,-234196,-234055,-233925,-233809,-233695,-233615,-233538,-233479,-233429,-233391,-233361,-233347,-233346,-233347,-233365,-233400,-233429,-233480,-233531,-233590,-233670,-233743,-233828,-233922,-234012,-234122,,,,,,,,,,,,,,,,,,,,,,,,,,,,,,,,,,,,,,,,,,,,,,,,,,,,,,,,,,,,,,,,,,,,
RECAL 3 1 9999 -365 64 4 80,1324,-314421,-305308,-296672,-288595,-280948,-273920,-267332,-261300,-255813,-250902,-246588,-242850,-239713,-237169,-235250,-233970,-233343,-233371,-234060,-235426,-237459,-240141,-243528,-247599,-252353,-257798,-263927,-270738,-278229,-286390,-295029,-304319,-314257,,,,,,,,,,,,,,,,,,,,,,,,,,,,,,,,,,,,,,,,,,,,,,,,,,,,,,,,,,,,,,,,,,,,
RECAL 3 0 9999 9999 64 4 80,523,-250279,-249828,-249405,-248997,-248618,-248258,-247905,-247592,-247285,-247010,-246758,-246541,-246338,-246162,-246016,-245893,-245800,-245740,-245711,-245708,-245733,-245801,-245884,-246026,-246183,-246386,-246607,-246875,-247176,-247521,-247896,-248314,-248761,,,,,,,,,,,,,,,,,,,,,,,,,,,,,,,,,,,,,,,,,,,,,,,,,,,,,,,,,,,,,,,,,,,,
RECAL 3 1 9999 597 64 4 80,-1345,-300913,-293406,-286348,-279820,-273824,-268394,-263530,-259224,-255484,-252296,-249656,-247593,-246084,-245155,-244769,-244951,-245691,-246947,-248770,-251124,-254026,-257448,-261402,-265877,-270831,-276261,-282157,-288532,-295327,-302608,-310332,-318476,-327032,,,,,,,,,,,,,,,,,,,,,,,,,,,,,,,,,,,,,,,,,,,,,,,,,,,,,,,,,,,,,,,,,,,,
RECAL 3 0 9999 9999 64 4 80,459,-256861,-256529,-256197,-255898,-255595,-255312,-255070,-254830,-254610,-254402,-254218,-254047,-253893,-253776,-253648,-253555,-253487,-253423,-253402,-253388,-253400,-253444,-253507,-253588,-253708,-253842,-254008,-254202,-254424,-254683,-254956,-255270,-255603,,,,,,,,,,,,,,,,,,,,,,,,,,,,,,,,,,,,,,,,,,,,,,,,,,,,,,,,,,,,,,,,,,,,
RECAL 3 1 9999 534 64 4 80,-2305,-388052,-368713,-350387,-333244,-317471,-303185,-290478,-279316,-269758,-261897,-255685,-251139,-248253,-247024,-247466,-249569,-253327,-258666,-265757,-274486,-284852,-296773,-310334,-325391,-341957,-360019,-379482,-400129,-421566,-442985,-463926,-481851,-496103,,,,,,,,,,,,,,,,,,,,,,,,,,,,,,,,,,,,,,,,,,,,,,,,,,,,,,,,,,,,,,,,,,,,
RECAL 3 0 9999 9999 64 4 80,365,-265040,-264789,-264566,-264357,-264140,-263944,-263770,-263586,-263406,-263241,-263112,-262960,-262830,-262714,-262587,-262492,-262410,-262327,-262284,-262223,-262178,-262162,-262150,-262168,-262191,-262228,-262287,-262361,-262453,-262548,-262677,-262802,-262962,,,,,,,,,,,,,,,,,,,,,,,,,,,,,,,,,,,,,,,,,,,,,,,,,,,,,,,,,,,,,,,,,,,,
RECAL 3 1 9999 453 64 4 80,-2958,-458216,-431992,-404675,-378058,-353815,-331365,-311335,-293937,-279176,-267178,-257957,-251593,-248050,-247352,-249445,-254348,-262079,-272576,-285851,-301783,-320131,-341272,-364861,-390614,-418072,-445935,-471611,-492337,-505132,-511533,-514942,-517851,-518016,,,,,,,,,,,,,,,,,,,,,,,,,,,,,,,,,,,,,,,,,,,,,,,,,,,,,,,,,,,,,,,,,,,,
RECAL 3 0 9999 9999 64 4 80,-2450,-305420,-297692,-290560,-283955,-277912,-272475,-267518,-263106,-259256,-255958,-253230,-251080,-249502,-248495,-248067,-248188,-248871,-250101,-251907,-254259,-257178,-260597,-264621,-269185,-274291,-279956,-286169,-292902,-300160,-308069,-316590,-325645,-335307,,,,,,,,,,,,,,,,,,,,,,,,,,,,,,,,,,,,,,,,,,,,,,,,,,,,,,,,,,,,,,,,,,,,
RECAL 3 1 9999 -2393 64 4 80,-2990,-466877,-440591,-412669,-384867,-358883,-335085,-313723,-294888,-278686,-265102,-254243,-246147,-240895,-238381,-238721,-241922,-248014,-256982,-268836,-283494,-300872,-320840,-343346,-368236,-395454,-424202,-453219,-479245,-497713,-507823,-514053,-516591,-518015,,,,,,,,,,,,,,,,,,,,,,,,,,,,,,,,,,,,,,,,,,,,,,,,,,,,,,,,,,,,,,,,,,,,
RECAL 3 0 9999 9999 64 4 80,-2440,-307103,-299481,-292425,-285951,-279893,-274376,-269405,-265003,-261145,-257875,-255154,-253044,-251503,-250509,-250097,-250229,-250934,-252189,-254008,-256356,-259288,-262774,-266823,-271410,-276552,-282236,-288461,-295270,-302686,-310641,-319177,-328250,-337914,,,,,,,,,,,,,,,,,,,,,,,,,,,,,,,,,,,,,,,,,,,,,,,,,,,,,,,,,,,,,,,,,,,,
RECAL 3 1 9999 -2383 64 4 80,-2342,-389527,-369289,-350479,-332900,-316841,-302283,-289316,-277898,-268086,-259903,-253474,-248640,-245489,-244067,-244335,-246362,-250093,-255551,-262710,-271519,-281984,-294040,-307737,-322987,-339740,-357901,-377083,-397860,-419446,-441463,-462853,-481963,-495900,,,,,,,,,,,,,,,,,,,,,,,,,,,,,,,,,,,,,,,,,,,,,,,,,,,,,,,,,,,,,,,,,,,,
RECAL 3 0 9999 9999 64 4 80,-2427,-290796,-283276,-276229,-269699,-263693,-258217,-253285,-248933,-245157,-241927,-239251,-237118,-235544,-234529,-234071,-234158,-234794,-235987,-237739,-240032,-242886,-246268,-250200,-254681,-259769,-265407,-271585,-278300,-285546,-293336,-301638,-310387,-319800,,,,,,,,,,,,,,,,,,,,,,,,,,,,,,,,,,,,,,,,,,,,,,,,,,,,,,,,,,,,,,,,,,,,
RECAL 3 1 9999 -2370 64 4 80,-1412,-290288,-282256,-274917,-268069,-261821,-256171,-251147,-246717,-242901,-239687,-237091,-235106,-233713,-232909,-232698,-233075,-234044,-235585,-237678,-240374,-243632,-247447,-251818,-256736,-262199,-268202,-274790,-281880,-289489,-297563,-306141,-315192,-324671,,,,,,,,,,,,,,,,,,,,,,,,,,,,,,,,,,,,,,,,,,,,,,,,,,,,,,,,,,,,,,,,,,,,
RECAL 3 0 9999 9999 64 4 80,-2510,-298537,-290637,-283282,-276513,-270394,-264786,-259731,-255274,-251393,-248112,-245401,-243276,-241730,-240767,-240419,-240669,-241520,-242970,-245003,-247637,-250812,-254616,-259020,-264019,-269616,-275780,-282533,-289873,-297730,-306117,-315103,-324662,-334811,,,,,,,,,,,,,,,,,,,,,,,,,,,,,,,,,,,,,,,,,,,,,,,,,,,,,,,,,,,,,,,,,,,,
RECAL 3 1 9999 -2454 64 4 80,1256,-317117,-308777,-300866,-293405,-286408,-279822,-273794,-268149,-262983,-258302,-254155,-250516,-247401,-244823,-242786,-241326,-240398,-240036,-240227,-240988,-242323,-244227,-246678,-249736,-253381,-257615,-262448,-267870,-273866,-280440,-287622,-295429,-303838,,,,,,,,,,,,,,,,,,,,,,,,,,,,,,,,,,,,,,,,,,,,,,,,,,,,,,,,,,,,,,,,,,,,
RECAL 3 0 9999 9999 64 4 80,-2475,-300148,-292564,-285546,-279052,-273065,-267658,-262817,-258546,-254859,-251738,-249192,-247234,-245808,-244951,-244673,-244961,-245814,-247251,-249242,-251799,-254887,-258525,-262729,-267475,-272771,-278594,-284962,-291771,-299176,-307165,-315697,-324769,-334438,,,,,,,,,,,,,,,,,,,,,,,,,,,,,,,,,,,,,,,,,,,,,,,,,,,,,,,,,,,,,,,,,,,,
RECAL 3 1 9999 -2419 64 4 80,2200,-477422,-456502,-434440,-412360,-390927,-370790,-352129,-334793,-318866,-304366,-291498,-279871,-269714,-261087,-253976,-248468,-244543,-242228,-241527,-242496,-245149,-249469,-255471,-263122,-272416,-283331,-295534,-309474,-324887,-341681,-359823,-379218,-399895,,,,,,,,,,,,,,,,,,,,,,,,,,,,,,,,,,,,,,,,,,,,,,,,,,,,,,,,,,,,,,,,,,,,
RECAL 3 0 9999 9999 64 4 80,2281,-326936,-316518,-306610,-297291,-288627,-280472,-273046,-266125,-259805,-254159,-249168,-244844,-241161,-238179,-235870,-234296,-233373,-233152,-233610,-234749,-236609,-239163,-242388,-246362,-251029,-256438,-262581,-269492,-277128,-285515,-294694,-304781,-315683,,,,,,,,,,,,,,,,,,,,,,,,,,,,,,,,,,,,,,,,,,,,,,,,,,,,,,,,,,,,,,,,,,,,
RECAL 3 1 9999 2349 64 4 80,-2829,-470250,-445008,-417634,-389399,-362519,-336980,-313623,-292704,-274416,-258837,-246147,-236331,-229484,-225666,-224972,-227417,-233035,-241861,-253881,-269109,-287187,-308369,-332318,-358456,-386448,-415431,-443718,-469526,-490273,-503700,-510580,-515291,-517242,,,,,,,,,,,,,,,,,,,,,,,,,,,,,,,,,,,,,,,,,,,,,,,,,,,,,,,,,,,,,,,,,,,,
RECAL 3 0 9999 9999 64 4 80,2172,-310291,-300702,-291524,-282863,-274729,-267163,-260148,-253724,-247898,-242672,-238110,-234142,-230791,-228058,-225933,-224432,-223553,-223304,-223690,-224715,-226380,-228691,-231663,-235295,-239618,-244626,-250382,-256833,-264015,-271902,-280510,-289839,-299856,,,,,,,,,,,,,,,,,,,,,,,,,,,,,,,,,,,,,,,,,,,,,,,,,,,,,,,,,,,,,,,,,,,,
RECAL 3 1 9999 2240 64 4 80,-2209,-392452,-370765,-350100,-330403,-312071,-295187,-279868,-266102,-254048,-243939,-235434,-228794,-223977,-221025,-219919,-220676,-223311,-227854,-234342,-242774,-253117,-265355,-279452,-295314,-312888,-331713,-352210,-373623,-395865,-418264,-440309,-460848,-479186,,,,,,,,,,,,,,,,,,,,,,,,,,,,,,,,,,,,,,,,,,,,,,,,,,,,,,,,,,,,,,,,,,,,
RECAL 3 0 9999 9999 64 4 80,2265,-321817,-311206,-301065,-291449,-282397,-273943,-266127,-258937,-252386,-246520,-241382,-236817,-232942,-229783,-227302,-225538,-224475,-224136,-224508,-225598,-227388,-229892,-233119,-237066,-241763,-247173,-253246,-260125,-267754,-276121,-285253,-295110,-305730,,,,,,,,,,,,,,,,,,,,,,,,,,,,,,,,,,,,,,,,,,,,,,,,,,,,,,,,,,,,,,,,,,,,
RECAL 3 1 9999 2333 64 4 80,-1307,-291053,-281999,-273589,-265820,-258664,-252183,-246356,-241237,-236709,-232854,-229670,-227134,-225244,-224009,-223406,-223448,-224130,-225469,-227444,-230055,-233302,-237190,-241722,-246769,-252498,-258798,-265714,-273151,-281142,-289643,-298584,-308009,-317777,,,,,,,,,,,,,,,,,,,,,,,,,,,,,,,,,,,,,,,,,,,,,,,,,,,,,,,,,,,,,,,,,,,,
RECAL 3 0 9999 9999 64 4 80,2158,-311581,-302241,-293434,-285188,-277469,-270401,-263791,-257762,-252335,-247504,-243279,-239649,-236630,-234259,-232513,-231386,-230875,-230982,-231719,-233081,-235088,-237695,-240983,-244909,-249495,-254724,-260647,-267238,-274488,-282530,-291294,-300735,-310918,,,,,,,,,,,,,,,,,,,,,,,,,,,,,,,,,,,,,,,,,,,,,,,,,,,,,,,,,,,,,,,,,,,,
RECAL 3 1 9999 2223 64 4 80,1221,-306681,-297489,-288897,-280784,-273247,-266293,-259917,-254169,-249086,-244596,-240719,-237459,-234831,-232841,-231500,-230836,-230808,-231460,-232801,-234815,-237529,-240948,-245050,-249878,-255463,-261798,-268868,-276632,-285114,-294242,-304064,-314405,-325456,,,,,,,,,,,,,,,,,,,,,,,,,,,,,,,,,,,,,,,,,,,,,,,,,,,,,,,,,,,,,,,,,,,,
RECAL 3 0 9999 9999 64 4 80,2248,-325382,-315256,-305660,-296646,-288229,-280355,-273032,-266262,-260093,-254580,-249716,-245481,-241908,-238997,-236752,-235171,-234256,-234022,-234483,-235641,-237501,-240065,-243346,-247278,-251891,-257215,-263258,-270036,-277522,-285744,-294540,-304206,-314658,,,,,,,,,,,,,,,,,,,,,,,,,,,,,,,,,,,,,,,,,,,,,,,,,,,,,,,,,,,,,,,,,,,,
RECAL 3 1 9999 2315 64 4 80,2105,-477495,-456705,-433955,-410270,-387059,-364979,-344457,-325422,-308071,-292471,-278648,-266697,-256487,-248121,-241559,-236826,-233953,-232975,-233867,-236653,-241369,-247959,-256439,-266766,-278933,-292783,-308316,-325577,-344179,-363892,-384488,-405708,-426930,,,,,,,,,,,,,,,,,,,,,,,,,,,,,,,,,,,,,,,,,,,,,,,,,,,,,,,,,,,,,,,,,,,,
RECAL 3 0 9999 9999 64 4 80,2237,-329803,-319976,-310544,-301693,-293436,-285744,-278597,-272001,-266022,-260576,-255689,-251437,-247787,-244783,-242395,-240638,-239513,-239045,-239212,-240048,-241530,-243679,-246506,-250003,-254185,-259050,-264543,-270704,-277565,-285093,-293304,-302235,-311941,,,,,,,,,,,,,,,,,,,,,,,,,,,,,,,,,,,,,,,,,,,,,,,,,,,,,,,,,,,,,,,,,,,,
RECAL 3 1 9999 2306 64 4 80,2723,-517335,-514330,-510677,-503115,-487354,-462032,-431597,-400604,-371399,-344574,-320584,-299466,-281387,-266218,-254067,-244965,-238984,-236002,-236024,-239086,-245178,-254293,-266446,-281468,-298973,-319303,-341839,-366134,-391824,-418144,-443877,-467982,-487771,,,,,,,,,,,,,,,,,,,,,,,,,,,,,,,,,,,,,,,,,,,,,,,,,,,,,,,,,,,,,,,,,,,,
RECAL 3 0 9999 9999 64 4 80,-284,-237859,-237833,-237799,-237790,-237769,-237761,-237765,-237761,-237759,-237779,-237787,-237812,-237828,-237852,-237891,-237933,-237960,-238006,-238048,-238096,-238149,-238199,-238249,-238301,-238364,-238422,-238483,-238542,-238599,-238662,-238732,-238798,-238859,,,,,,,,,,,,,,,,,,,,,,,,,,,,,,,,,,,,,,,,,,,,,,,,,,,,,,,,,,,,,,,,,,,,
RECAL 3 1 9999 -256 64 4 80,2755,-517613,-515777,-513338,-508043,-495934,-473264,-443018,-410751,-380260,-352387,-327177,-304937,-285608,-269132,-255634,-245156,-237761,-233293,-231887,-233527,-238200,-245857,-256456,-269927,-286370,-305439,-326960,-350721,-376089,-402969,-430390,-456827,-480319,,,,,,,,,,,,,,,,,,,,,,,,,,,,,,,,,,,,,,,,,,,,,,,,,,,,,,,,,,,,,,,,,,,,
RECAL 3 0 9999 9999 64 4 80,-10,-258065,-258025,-258009,-258005,-257978,-257961,-257955,-257937,-257920,-257924,-257902,-257900,-257894,-257889,-257892,-257900,-257896,-257899,-257893,-257897,-257903,-257904,-257916,-257927,-257943,-257939,-257956,-257969,-258000,-258014,-258042,-258067,-258089,,,,,,,,,,,,,,,,,,,,,,,,,,,,,,,,,,,,,,,,,,,,,,,,,,,,,,,,,,,,,,,,,,,,
RECAL 3 0 9999 9999 128 4 80,-74,-257687,-257685,-257681,-257673,-257681,-257670,-257678,-257676,-257660,-257689,-257678,-257689,-257681,-257684,-257681,-257684,-257674,-257680,-257707,-257714,-257693,-257680,-257695,-257700,-257698,-257700,-257695,-257699,-257704,-257703,-257700,-257705,-257724,-257714,-257727,-257730,-257747,-257760,-257770,-257783,-257790,-257806,-257823,-257853,-257864,-257894,-257915,-257939,-257973,-257998,-258039,-258084,-258122,-258155,-258199,-258256,-258308,-258364,-258421,-258484,-258565,-258628,-258705,-258791,-258874,,,,,,,,,,,,,,,,,,,,,,,,,,,,,,,,,,,,
RECAL 3 1 9999 -42 128 4 80,2084,-519497,-519789,-519725,-519956,-518882,-519751,-518645,-518708,-518856,-519093,-517878,-518173,-517654,-514432,-511099,-506124,-496253,-480307,-459895,-437154,-414163,-391824,-370794,-351785,-334042,-318074,-303915,-291578,-281050,-272337,-265531,-260602,-257558,-256508,-257438,-260378,-265340,-272241,-281156,-291795,-304433,-318838,-334926,-352509,-371424,-391630,-412627,-433874,-454661,-473763,-489747,-501557,-509374,-513607,-516627,-517724,-518806,-518510,-519195,-518754,-519346,-519017,-520949,-518694,-519994,,,,,,,,,,,,,,,,,,,,,,,,,,,,,,,,,,,,
RECAL 3 0 9999 9999 64 4 80,-726,-249697,-249015,-248398,-247863,-247370,-246953,-246583,-246264,-246012,-245805,-245665,-245572,-245528,-245543,-245597,-245701,-245860,-246048,-246276,-246566,-246892,-247265,-247657,-248112,-248597,-249126,-249679,-250286,-250908,-251582,-252288,-253031,-253807,,,,,,,,,,,,,,,,,,,,,,,,,,,,,,,,,,,,,,,,,,,,,,,,,,,,,,,,,,,,,,,,,,,,
RECAL 3 1 9999 -677 64 4 80,1288,-338974,-328531,-318686,-309363,-300644,-292534,-285024,-278009,-271615,-265901,-260833,-256471,-252808,-249849,-247644,-246125,-245362,-245328,-246062,-247545,-249798,-252826,-256628,-261151,-266435,-272467,-279270,-286830,-295093,-304134,-313773,-324192,-335264,,,,,,,,,,,,,,,,,,,,,,,,,,,,,,,,,,,,,,,,,,,,,,,,,,,,,,,,,,,,,,,,,,,,
RECAL 3 0 9999 9999 64 4 80,264,-240441,-240357,-240291,-240227,-240177,-240132,-240106,-240077,-240059,-240053,-240054,-240071,-240088,-240120,-240162,-240215,-240282,-240363,-240455,-240556,-240670,-240796,-240930,-241087,-241259,-241461,-241663,-241881,-242113,-242384,-242647,-242942,-243257,,,,,,,,,,,,,,,,,,,,,,,,,,,,,,,,,,,,,,,,,,,,,,,,,,,,,,,,,,,,,,,,,,,,
RECAL 3 1 9999 301 64 4 80,-1228,-302759,-294522,-286876,-279746,-273280,-267322,-261933,-257138,-252939,-249316,-246272,-243795,-241921,-240595,-239830,-239608,-239941,-240837,-242252,-244210,-246675,-249670,-253182,-257206,-261743,-266766,-272256,-278233,-284725,-291679,-299042,-306863,-315086,,,,,,,,,,,,,,,,,,,,,,,,,,,,,,,,,,,,,,,,,,,,,,,,,,,,,,,,,,,,,,,,,,,,
RECAL 3 0 9999 9999 64 4 80,-668,-239219,-238720,-238270,-237869,-237515,-237209,-236935,-236725,-236542,-236411,-236308,-236259,-236238,-236267,-236328,-236429,-236572,-236739,-236942,-237196,-237479,-237792,-238144,-238510,-238916,-239359,-239820,-240317,-240841,-241389,-241961,-242572,-243187,,,,,,,,,,,,,,,,,,,,,,,,,,,,,,,,,,,,,,,,,,,,,,,,,,,,,,,,,,,,,,,,,,,,
RECAL 3 1 9999 -621 64 4 80,-2162,-402964,-381616,-361369,-342349,-324647,-308271,-293319,-279955,-268154,-258035,-249623,-242931,-237993,-234872,-233505,-233950,-236223,-240330,-246255,-253992,-263537,-274806,-287707,-302212,-318311,-335890,-354809,-374775,-395765,-416871,-437908,-457690,-475805,,,,,,,,,,,,,,,,,,,,,,,,,,,,,,,,,,,,,,,,,,,,,,,,,,,,,,,,,,,,,,,,,,,,
RECAL 3 0 9999 9999 64 4 80,370,-237368,-237215,-237096,-236984,-236889,-236795,-236734,-236674,-236630,-236590,-236575,-236562,-236581,-236606,-236649,-236715,-236789,-236890,-237004,-237134,-237286,-237458,-237650,-237857,-238087,-238334,-238604,-238911,-239236,-239577,-239972,-240360,-240787,,,,,,,,,,,,,,,,,,,,,,,,,,,,,,,,,,,,,,,,,,,,,,,,,,,,,,,,,,,,,,,,,,,,
RECAL 3 1 9999 413 64 4 80,-2794,-475263,-451563,-424591,-396921,-369851,-344472,-321113,-300051,-281564,-265676,-252561,-242470,-235150,-230884,-229675,-231541,-236514,-244627,-255837,-270096,-287224,-307196,-329900,-355147,-382542,-411425,-440404,-467181,-489507,-503646,-511141,-514797,-516535,,,,,,,,,,,,,,,,,,,,,,,,,,,,,,,,,,,,,,,,,,,,,,,,,,,,,,,,,,,,,,,,,,,,
RECAL 3 0 9999 9999 64 4 80,-2329,-292887,-285327,-278356,-271975,-266231,-261061,-256491,-252590,-249231,-246476,-244313,-242762,-241816,-241458,-241722,-242600,-244094,-246221,-248970,-252331,-256337,-260963,-266213,-271988,-278483,-285587,-293329,-301689,-310715,-320402,-330772,-341697,-353267,,,,,,,,,,,,,,,,,,,,,,,,,,,,,,,,,,,,,,,,,,,,,,,,,,,,,,,,,,,,,,,,,,,,
RECAL 3 1 9999 -2277 64 4 80,-2831,-462012,-434566,-405454,-376937,-350921,-326815,-305239,-286346,-270022,-256433,-245583,-237520,-232307,-230004,-230714,-234500,-241408,-251444,-264647,-280991,-299999,-322228,-347071,-374181,-403199,-432826,-461116,-485015,-500996,-509185,-515208,-517076,-517972,,,,,,,,,,,,,,,,,,,,,,,,,,,,,,,,,,,,,,,,,,,,,,,,,,,,,,,,,,,,,,,,,,,,
RECAL 3 0 9999 9999 64 4 80,-2431,-306515,-297996,-290228,-283084,-276606,-270816,-265696,-261220,-257406,-254224,-251730,-249936,-248819,-248388,-248640,-249590,-251191,-253508,-256510,-260211,-264609,-269678,-275445,-281867,-288993,-296607,-304961,-313993,-323680,-334077,-345248,-357117,-369523,,,,,,,,,,,,,,,,,,,,,,,,,,,,,,,,,,,,,,,,,,,,,,,,,,,,,,,,,,,,,,,,,,,,
RECAL 3 1 9999 -2379 64 4 80,-2216,-410987,-388852,-367899,-348784,-331113,-315022,-300510,-287672,-276394,-266776,-258852,-252728,-248295,-245614,-244718,-245618,-248338,-252869,-259232,-267544,-277736,-289734,-303521,-319041,-336247,-355049,-375143,-396273,-418573,-440786,-462045,-481164,-495961,,,,,,,,,,,,,,,,,,,,,,,,,,,,,,,,,,,,,,,,,,,,,,,,,,,,,,,,,,,,,,,,,,,,
RECAL 3 0 9999 9999 64 4 80,-2342,-292492,-284453,-277095,-270433,-264391,-258956,-254147,-249958,-246378,-243416,-241088,-239339,-238212,-237694,-237793,-238520,-239863,-241803,-244394,-247630,-251489,-255974,-261095,-266847,-273208,-280198,-287693,-295888,-304762,-314288,-324429,-335230,-346717,,,,,,,,,,,,,,,,,,,,,,,,,,,,,,,,,,,,,,,,,,,,,,,,,,,,,,,,,,,,,,,,,,,,
RECAL 3 1 9999 -2289 64 4 80,-1324,-301227,-292470,-284358,-276848,-270062,-263894,-258357,-253448,-249186,-245536,-242509,-240117,-238377,-237229,-236740,-236866,-237622,-239017,-241001,-243599,-246863,-250726,-255205,-260306,-266011,-272276,-279143,-286540,-294333,-302760,-311690,-321053,-330859,,,,,,,,,,,,,,,,,,,,,,,,,,,,,,,,,,,,,,,,,,,,,,,,,,,,,,,,,,,,,,,,,,,,
RECAL 3 0 9999 9999 64 4 80,-2447,-294076,-285451,-277525,-270258,-263757,-257837,-252587,-248008,-244115,-240865,-238296,-236384,-235131,-234557,-234662,-235463,-236947,-239128,-241984,-245528,-249692,-254583,-260193,-266490,-273446,-281097,-289435,-298418,-308112,-318361,-329310,-341012,-353446,,,,,,,,,,,,,,,,,,,,,,,,,,,,,,,,,,,,,,,,,,,,,,,,,,,,,,,,,,,,,,,,,,,,
RECAL 3 1 9999 -2394 64 4 80,1198,-306648,-298194,-290269,-282772,-275770,-269358,-263374,-257922,-253033,-248686,-244891,-241677,-239045,-237014,-235586,-234752,-234519,-234895,-235891,-237524,-239786,-242669,-246216,-250403,-255226,-260710,-266839,-273578,-280947,-289011,-297685,-307022,-316958,,,,,,,,,,,,,,,,,,,,,,,,,,,,,,,,,,,,,,,,,,,,,,,,,,,,,,,,,,,,,,,,,,,,
RECAL 3 0 9999 9999 64 4 80,-2360,-294240,-286149,-278669,-271832,-265672,-260110,-255191,-250985,-247390,-244385,-241989,-240175,-238989,-238398,-238422,-239029,-240257,-242080,-244502,-247531,-251141,-255349,-260181,-265687,-271805,-278545,-285886,-293832,-302425,-311655,-321510,-331898,-343110,,,,,,,,,,,,,,,,,,,,,,,,,,,,,,,,,,,,,,,,,,,,,,,,,,,,,,,,,,,,,,,,,,,,
RECAL 3 1 9999 -2306 64 4 80,2095,-466969,-443180,-418988,-395496,-373367,-353293,-334436,-317283,-301746,-287895,-275645,-265080,-256193,-249138,-243806,-240196,-238325,-238228,-239910,-243407,-248682,-255632,-264446,-274966,-287135,-300800,-315997,-332586,-350450,-369611,-389990,-411233,-432854,,,,,,,,,,,,,,,,,,,,,,,,,,,,,,,,,,,,,,,,,,,,,,,,,,,,,,,,,,,,,,,,,,,,
RECAL 3 0 9999 9999 64 4 80,2222,-362023,-351130,-340680,-330744,-321344,-312676,-304453,-296832,-289893,-283551,-277829,-272791,-268416,-264775,-261798,-259496,-257869,-256920,-256672,-257106,-258229,-260036,-262582,-265841,-269813,-274490,-279919,-286059,-292939,-300598,-309128,-318497,-328665,,,,,,,,,,,,,,,,,,,,,,,,,,,,,,,,,,,,,,,,,,,,,,,,,,,,,,,,,,,,,,,,,,,,
RECAL 3 1 9999 2294 64 4 80,-2856,-476747,-452509,-425703,-397434,-370046,-344774,-321738,-301332,-283839,-269264,-257807,-249621,-244489,-242600,-243975,-248618,-256550,-267769,-282243,-299582,-319865,-342936,-368513,-396372,-425257,-453782,-478832,-497241,-508186,-514063,-516794,-518038,-518406,,,,,,,,,,,,,,,,,,,,,,,,,,,,,,,,,,,,,,,,,,,,,,,,,,,,,,,,,,,,,,,,,,,,
RECAL 3 0 9999 9999 64 4 80,2212,-355849,-344702,-334013,-323846,-314275,-305259,-296848,-289234,-282092,-275622,-269807,-264663,-260205,-256454,-253406,-251062,-249464,-248533,-248318,-248796,-249980,-251888,-254496,-257792,-261863,-266673,-272205,-278501,-285518,-293284,-301797,-311094,-321354,,,,,,,,,,,,,,,,,,,,,,,,,,,,,,,,,,,,,,,,,,,,,,,,,,,,,,,,,,,,,,,,,,,,
RECAL 3 1 9999 2283 64 4 80,-2253,-430795,-408716,-386863,-365895,-346475,-328154,-311467,-296438,-283285,-271961,-262565,-255123,-249634,-246166,-244796,-245490,-248282,-253152,-260125,-269199,-280107,-293170,-308162,-325058,-343732,-363948,-385631,-408248,-431011,-452745,-472767,-489232,-500177,,,,,,,,,,,,,,,,,,,,,,,,,,,,,,,,,,,,,,,,,,,,,,,,,,,,,,,,,,,,,,,,,,,,
RECAL 3 0 9999 9999 64 4 80,2113,-342249,-331832,-321947,-312574,-303724,-295448,-287786,-280661,-274176,-268355,-263124,-258493,-254475,-251110,-248352,-246229,-244747,-243890,-243677,-244109,-245196,-246938,-249332,-252382,-256102,-260569,-265745,-271608,-278186,-285455,-293409,-302086,-311374,,,,,,,,,,,,,,,,,,,,,,,,,,,,,,,,,,,,,,,,,,,,,,,,,,,,,,,,,,,,,,,,,,,,
RECAL 3 1 9999 2184 64 4 80,-1400,-321453,-310771,-300811,-291631,-283201,-275532,-268666,-262641,-257427,-253006,-249344,-246465,-244353,-243020,-242453,-242646,-243607,-245317,-247792,-251003,-254974,-259675,-265129,-271391,-278396,-286110,-294484,-303549,-313299,-323671,-334625,-345978,-357917,,,,,,,,,,,,,,,,,,,,,,,,,,,,,,,,,,,,,,,,,,,,,,,,,,,,,,,,,,,,,,,,,,,,
RECAL 3 0 9999 9999 64 4 80,2197,-345351,-334167,-323498,-313294,-303535,-294360,-285813,-277846,-270526,-263847,-257845,-252577,-247935,-243971,-240701,-238133,-236255,-235098,-234651,-234926,-235902,-237562,-239952,-243036,-246839,-251354,-256610,-262517,-269255,-276735,-284953,-293903,-303631,,,,,,,,,,,,,,,,,,,,,,,,,,,,,,,,,,,,,,,,,,,,,,,,,,,,,,,,,,,,,,,,,,,,
RECAL 3 1 9999 2270 64 4 80,1099,-304281,-296383,-288930,-281865,-275249,-269090,-263335,-258047,-253296,-249060,-245346,-242169,-239540,-237454,-235963,-235011,-234653,-234868,-235684,-237098,-239127,-241764,-244976,-248783,-253187,-258216,-263870,-270135,-276978,-284470,-292408,-301026,-310263,,,,,,,,,,,,,,,,,,,,,,,,,,,,,,,,,,,,,,,,,,,,,,,,,,,,,,,,,,,,,,,,,,,,
RECAL 3 0 9999 9999 64 4 80,2098,-332079,-321946,-312325,-303217,-294783,-286802,-279345,-272439,-266146,-260426,-255310,-250827,-246992,-243775,-241159,-239154,-237755,-236987,-236835,-237310,-238411,-240146,-242522,-245540,-249194,-253489,-258446,-264069,-270384,-277460,-285229,-293676,-302851,,,,,,,,,,,,,,,,,,,,,,,,,,,,,,,,,,,,,,,,,,,,,,,,,,,,,,,,,,,,,,,,,,,,
RECAL 3 1 9999 2169 64 4 80,2023,-464022,-443377,-421254,-399197,-377673,-357252,-338142,-320654,-304443,-289921,-277008,-265810,-256357,-248722,-242906,-238947,-236801,-236475,-237981,-241306,-246455,-253423,-262215,-272635,-284917,-298837,-314426,-331446,-349926,-369397,-390078,-411489,-433035,,,,,,,,,,,,,,,,,,,,,,,,,,,,,,,,,,,,,,,,,,,,,,,,,,,,,,,,,,,,,,,,,,,,
RECAL 3 0 9999 9999 64 4 80,2184,-344151,-333433,-323267,-313621,-304529,-296007,-288102,-280608,-273723,-267454,-261811,-256804,-252447,-248744,-245722,-243322,-241565,-240482,-240064,-240320,-241267,-242878,-245164,-248091,-251676,-255948,-260895,-266534,-272855,-279891,-287545,-295965,-305164,,,,,,,,,,,,,,,,,,,,,,,,,,,,,,,,,,,,,,,,,,,,,,,,,,,,,,,,,,,,,,,,,,,,
RECAL 3 1 9999 2257 64 4 80,2647,-516798,-513216,-509535,-499829,-482838,-457305,-427677,-397856,-369406,-343411,-319928,-299493,-281649,-266714,-254746,-245850,-240026,-237296,-237686,-241141,-247617,-257075,-269541,-284868,-302887,-323483,-346420,-370782,-397129,-424104,-450595,-475125,-493813,,,,,,,,,,,,,,,,,,,,,,,,,,,,,,,,,,,,,,,,,,,,,,,,,,,,,,,,,,,,,,,,,,,,
RECAL 3 0 9999 9999 64 4 80,-417,-253932,-253716,-253492,-253311,-253141,-252989,-252835,-252719,-252606,-252503,-252419,-252363,-252303,-252269,-252224,-252219,-252207,-252214,-252221,-252256,-252286,-252328,-252382,-252440,-252507,-252580,-252668,-252770,-252871,-252977,-253081,-253199,-253326,,,,,,,,,,,,,,,,,,,,,,,,,,,,,,,,,,,,,,,,,,,,,,,,,,,,,,,,,,,,,,,,,,,,
RECAL 3 1 9999 -352 64 4 80,2664,-517494,-516619,-513676,-508925,-499999,-480553,-454067,-424196,-394612,-366974,-342018,-319705,-300226,-283717,-270095,-259643,-252142,-247662,-246180,-247708,-252234,-259734,-270034,-283263,-299204,-317757,-338736,-361909,-387060,-413722,-440936,-467089,-488565,,,,,,,,,,,,,,,,,,,,,,,,,,,,,,,,,,,,,,,,,,,,,,,,,,,,,,,,,,,,,,,,,,,,
RECAL 3 0 9999 9999 64 4 80,-796,-258783,-257684,-256668,-255724,-254863,-254091,-253382,-252756,-252222,-251719,-251307,-250975,-250685,-250472,-250327,-250238,-250221,-250247,-250352,-250502,-250722,-250983,-251299,-251673,-252101,-252573,-253101,-253673,-254287,-254956,-255676,-256426,-257250,,,,,,,,,,,,,,,,,,,,,,,,,,,,,,,,,,,,,,,,,,,,,,,,,,,,,,,,,,,,,,,,,,,,
RECAL 3 1 9999 -732 64 4 80,2048,-478533,-457948,-435965,-413257,-391282,-370434,-351192,-333393,-317195,-302856,-290166,-279135,-269811,-262226,-256405,-252400,-250200,-249783,-251184,-254405,-259492,-266391,-275103,-285583,-297811,-311949,-327762,-345111,-363888,-383984,-405269,-427122,-448396,,,,,,,,,,,,,,,,,,,,,,,,,,,,,,,,,,,,,,,,,,,,,,,,,,,,,,,,,,,,,,,,,,,,
RECAL 3 0 9999 9999 64 4 80,-254,-240555,-240462,-240363,-240279,-240202,-240143,-240079,-240030,-239989,-239949,-239914,-239886,-239859,-239848,-239822,-239819,-239816,-239811,-239811,-239818,-239822,-239834,-239851,-239869,-239885,-239907,-239924,-239950,-239982,-240006,-240038,-240070,-240108,,,,,,,,,,,,,,,,,,,,,,,,,,,,,,,,,,,,,,,,,,,,,,,,,,,,,,,,,,,,,,,,,,,,
RECAL 3 1 9999 -186 64 4 80,1145,-313885,-305356,-297418,-289846,-282721,-276104,-269988,-264418,-259365,-254870,-250966,-247672,-244929,-242764,-241182,-240206,-239817,-240040,-240876,-242329,-244423,-247144,-250493,-254495,-259142,-264450,-270403,-277094,-284428,-292400,-300974,-310216,-320070,,,,,,,,,,,,,,,,,,,,,,,,,,,,,,,,,,,,,,,,,,,,,,,,,,,,,,,,,,,,,,,,,,,,
RECAL 3 0 9999 9999 64 4 80,-727,-238921,-238088,-237330,-236639,-236018,-235452,-234962,-234523,-234145,-233832,-233568,-233370,-233220,-233133,-233095,-233110,-233178,-233309,-233478,-233707,-233977,-234293,-234660,-235073,-235527,-236035,-236568,-237164,-237792,-238462,-239169,-239897,-240665,,,,,,,,,,,,,,,,,,,,,,,,,,,,,,,,,,,,,,,,,,,,,,,,,,,,,,,,,,,,,,,,,,,,
RECAL 3 1 9999 -670 64 4 80,-1359,-305856,-296051,-287004,-278538,-270882,-263798,-257410,-251756,-246805,-242577,-239059,-236260,-234176,-232795,-232161,-232264,-233097,-234658,-236935,-239952,-243609,-248011,-253102,-258881,-265356,-272464,-280243,-288659,-297596,-307024,-317009,-327469,-338461,,,,,,,,,,,,,,,,,,,,,,,,,,,,,,,,,,,,,,,,,,,,,,,,,,,,,,,,,,,,,,,,,,,,
RECAL 3 0 9999 9999 64 4 80,72,-245786,-245768,-245740,-245719,-245707,-245683,-245674,-245649,-245629,-245616,-245596,-245592,-245578,-245578,-245567,-245552,-245548,-245545,-245544,-245539,-245542,-245553,-245548,-245562,-245575,-245597,-245622,-245645,-245670,-245701,-245736,-245781,-245827,,,,,,,,,,,,,,,,,,,,,,,,,,,,,,,,,,,,,,,,,,,,,,,,,,,,,,,,,,,,,,,,,,,,
RECAL 3 0 9999 9999 128 4 80,8,-245936,-245923,-245916,-245909,-245900,-245898,-245875,-245865,-245856,-245833,-245835,-245817,-245795,-245785,-245767,-245744,-245731,-245722,-245706,-245686,-245664,-245658,-245633,-245617,-245607,-245584,-245577,-245563,-245553,-245535,-245533,-245526,-245521,-245510,-245512,-245519,-245518,-245523,-245525,-245537,-245559,-245573,-245596,-245619,-245650,-245673,-245714,-245752,-245806,-245857,-245912,-245973,-246044,-246125,-246204,-246290,-246375,-246482,-246592,-246706,-246824,-246962,-247110,-247256,-247417,,,,,,,,,,,,,,,,,,,,,,,,,,,,,,,,,,,,
RECAL 3 1 9999 143 128 4 80,-2292,-519506,-518648,-519335,-519903,-518512,-518928,-517776,-517730,-516683,-515316,-511521,-506221,-498192,-485435,-467781,-447134,-425386,-403411,-381917,-361416,-342295,-324546,-308077,-293314,-280327,-269141,-259843,-252491,-247097,-243690,-242294,-242889,-245492,-250117,-256771,-265461,-276123,-288751,-303037,-319070,-336816,-356180,-376916,-398935,-421633,-444293,-465638,-484168,-497195,-506189,-512384,-514441,-516405,-517790,-518875,-518622,-518681,-519285,-518844,-518929,-520159,-518681,-519369,-517789,-518294,,,,,,,,,,,,,,,,,,,,,,,,,,,,,,,,,,,,
RECAL 3 0 9999 9999 64 4 80,185,-254098,-254007,-253918,-253845,-253760,-253696,-253626,-253547,-253495,-253437,-253392,-253338,-253297,-253247,-253229,-253193,-253164,-253141,-253121,-253119,-253117,-253124,-253126,-253147,-253169,-253209,-253250,-253304,-253360,-253434,-253515,-253599,-253702,,,,,,,,,,,,,,,,,,,,,,,,,,,,,,,,,,,,,,,,,,,,,,,,,,,,,,,,,,,,,,,,,,,,
RECAL 3 1 9999 265 64 4 80,-2835,-472517,-447408,-420013,-392150,-365328,-340897,-318271,-298268,-281075,-266730,-255363,-247119,-241986,-240032,-241239,-245582,-253039,-263683,-277444,-294241,-314092,-336499,-361932,-389806,-419404,-449035,-476466,-496212,-508060,-513613,-515761,-517866,-518693,,,,,,,,,,,,,,,,,,,,,,,,,,,,,,,,,,,,,,,,,,,,,,,,,,,,,,,,,,,,,,,,,,,,
RECAL 3 0 9999 9999 64 4 80,-2309,-325482,-316478,-308277,-300624,-293645,-287336,-281662,-276664,-272330,-268694,-265780,-263492,-261902,-260952,-260665,-261033,-262077,-263764,-266087,-269050,-272682,-276956,-281877,-287427,-293598,-300404,-308011,-316293,-325264,-334948,-345317,-356451,-368186,,,,,,,,,,,,,,,,,,,,,,,,,,,,,,,,,,,,,,,,,,,,,,,,,,,,,,,,,,,,,,,,,,,,
RECAL 3 1 9999 -2253 64 4 80,-2848,-487831,-465174,-438345,-410022,-382593,-357203,-334155,-313692,-295935,-281223,-269109,-259957,-253817,-250772,-250861,-254124,-260588,-270108,-282707,-298341,-317123,-338880,-363482,-390844,-420366,-450142,-477980,-497653,-508716,-514076,-517011,-518450,-518897,,,,,,,,,,,,,,,,,,,,,,,,,,,,,,,,,,,,,,,,,,,,,,,,,,,,,,,,,,,,,,,,,,,,
RECAL 3 0 9999 9999 64 4 80,-2318,-313610,-304386,-295854,-288058,-280984,-274510,-268700,-263593,-259160,-255428,-252385,-250056,-248421,-247458,-247194,-247582,-248653,-250364,-252757,-255794,-259453,-263822,-268838,-274506,-280814,-287790,-295369,-303616,-312629,-322389,-332863,-344096,-356013,,,,,,,,,,,,,,,,,,,,,,,,,,,,,,,,,,,,,,,,,,,,,,,,,,,,,,,,,,,,,,,,,,,,
RECAL 3 1 9999 -2262 64 4 80,-2244,-423359,-400880,-379402,-358962,-339999,-322540,-306708,-292600,-280164,-269514,-260480,-253357,-248192,-244958,-243694,-244416,-247159,-251905,-258544,-267290,-278017,-290691,-305237,-321693,-339938,-359787,-381012,-403451,-426816,-450106,-472080,-490262,-501871,,,,,,,,,,,,,,,,,,,,,,,,,,,,,,,,,,,,,,,,,,,,,,,,,,,,,,,,,,,,,,,,,,,,
RECAL 3 0 9999 9999 64 4 80,-2408,-321801,-311798,-302560,-294176,-286550,-279588,-273339,-267823,-263022,-258930,-255559,-252954,-251028,-249840,-249385,-249649,-250654,-252370,-254796,-258005,-261974,-266663,-272087,-278239,-285109,-292690,-300971,-309855,-319600,-330104,-341409,-353512,-366350,,,,,,,,,,,,,,,,,,,,,,,,,,,,,,,,,,,,,,,,,,,,,,,,,,,,,,,,,,,,,,,,,,,,
RECAL 3 1 9999 -2352 64 4 80,-1386,-316444,-306826,-297910,-289797,-282444,-275785,-269808,-264541,-259995,-256154,-253033,-250668,-248971,-248016,-247761,-248226,-249403,-251304,-253883,-257211,-261290,-266098,-271552,-277745,-284579,-292059,-300169,-308794,-318134,-328045,-338543,-349567,-361033,,,,,,,,,,,,,,,,,,,,,,,,,,,,,,,,,,,,,,,,,,,,,,,,,,,,,,,,,,,,,,,,,,,,
RECAL 3 0 9999 9999 64 4 80,-2332,-302319,-292909,-284193,-276149,-268790,-262138,-256171,-250907,-246412,-242534,-239317,-236803,-234988,-233861,-233429,-233689,-234613,-236209,-238459,-241376,-244938,-249143,-253998,-259519,-265601,-272395,-279858,-287950,-296641,-306049,-316111,-326809,-338436,,,,,,,,,,,,,,,,,,,,,,,,,,,,,,,,,,,,,,,,,,,,,,,,,,,,,,,,,,,,,,,,,,,,
RECAL 3 1 9999 -2275 64 4 80,1111,-294695,-287471,-280601,-274092,-268006,-262359,-257186,-252501,-248302,-244600,-241395,-238754,-236587,-234969,-233899,-233389,-233431,-234046,-235239,-236990,-239310,-242203,-245671,-249705,-254324,-259521,-265319,-271591,-278512,-286016,-294032,-302636,-311774,,,,,,,,,,,,,,,,,,,,,,,,,,,,,,,,,,,,,,,,,,,,,,,,,,,,,,,,,,,,,,,,,,,,
RECAL 3 0 9999 9999 64 4 80,-2421,-307394,-297812,-289025,-280896,-273526,-266864,-260991,-255852,-251425,-247706,-244680,-242366,-240747,-239833,-239633,-240133,-241338,-243248,-245860,-249176,-253167,-257846,-263311,-269499,-276411,-284013,-292325,-301336,-311091,-321557,-332603,-344559,-357322,,,,,,,,,,,,,,,,,,,,,,,,,,,,,,,,,,,,,,,,,,,,,,,,,,,,,,,,,,,,,,,,,,,,
RECAL 3 1 9999 -2366 64 4 80,2026,-471124,-449256,-426132,-403223,-381349,-360855,-342173,-324687,-308769,-294396,-281617,-270419,-260837,-252926,-246773,-242345,-239605,-238584,-239293,-241728,-245892,-251774,-259236,-268474,-279349,-291796,-305779,-321272,-338171,-356463,-376242,-397515,-419530,,,,,,,,,,,,,,,,,,,,,,,,,,,,,,,,,,,,,,,,,,,,,,,,,,,,,,,,,,,,,,,,,,,,
RECAL 3 0 9999 9999 64 4 80,2202,-326895,-317709,-309070,-301015,-293467,-286463,-279939,-273964,-268542,-263678,-259423,-255688,-252534,-249939,-247927,-246497,-245658,-245414,-245771,-246740,-248354,-250569,-253427,-256914,-261051,-265844,-271200,-277300,-284046,-291460,-299516,-308293,-317766,,,,,,,,,,,,,,,,,,,,,,,,,,,,,,,,,,,,,,,,,,,,,,,,,,,,,,,,,,,,,,,,,,,,
RECAL 3 1 9999 2270 64 4 80,-2862,-486436,-464802,-438713,-411337,-384031,-358267,-334374,-312662,-293517,-277111,-263525,-252916,-245374,-240767,-239217,-240731,-245303,-252920,-263575,-277193,-293841,-313500,-335954,-360823,-387915,-416366,-444807,-471337,-491590,-505057,-513475,-516244,-519057,,,,,,,,,,,,,,,,,,,,,,,,,,,,,,,,,,,,,,,,,,,,,,,,,,,,,,,,,,,,,,,,,,,,
RECAL 3 0 9999 9999 64 4 80,2230,-321899,-312437,-303453,-295124,-287238,-279832,-272961,-266659,-260911,-255742,-251158,-247139,-243711,-240905,-238717,-237148,-236208,-235920,-236261,-237233,-238870,-241155,-244097,-247693,-251948,-256869,-262487,-268750,-275637,-283190,-291398,-300253,-309840,,,,,,,,,,,,,,,,,,,,,,,,,,,,,,,,,,,,,,,,,,,,,,,,,,,,,,,,,,,,,,,,,,,,
RECAL 3 1 9999 2298 64 4 80,-2244,-425427,-403436,-381962,-361027,-341268,-322723,-305692,-290352,-276714,-264919,-255117,-247183,-241108,-236927,-234656,-234298,-235847,-239332,-244632,-251858,-260981,-271929,-284689,-299125,-315292,-332955,-352378,-372981,-394690,-416951,-439123,-459945,-479016,,,,,,,,,,,,,,,,,,,,,,,,,,,,,,,,,,,,,,,,,,,,,,,,,,,,,,,,,,,,,,,,,,,,
RECAL 3 0 9999 9999 64 4 80,2198,-304192,-294996,-286317,-278155,-270560,-263518,-256994,-251049,-245669,-240850,-236589,-232982,-229905,-227415,-225513,-224202,-223491,-223387,-223879,-225013,-226765,-229156,-232190,-235848,-240190,-245164,-250794,-256990,-263954,-271587,-279887,-288849,-298456,,,,,,,,,,,,,,,,,,,,,,,,,,,,,,,,,,,,,,,,,,,,,,,,,,,,,,,,,,,,,,,,,,,,
RECAL 3 1 9999 2265 64 4 80,-1360,-308268,-297651,-287754,-278468,-269877,-262110,-254943,-248524,-242819,-237838,-233593,-230084,-227309,-225281,-223950,-223306,-223362,-224098,-225518,-227612,-230382,-233768,-237850,-242581,-247936,-253904,-260508,-267691,-275444,-283877,-292843,-302360,-312396,,,,,,,,,,,,,,,,,,,,,,,,,,,,,,,,,,,,,,,,,,,,,,,,,,,,,,,,,,,,,,,,,,,,
RECAL 3 0 9999 9999 64 4 80,2209,-302626,-293481,-284823,-276667,-269021,-261915,-255349,-249368,-244000,-239140,-234837,-231124,-227997,-225464,-223517,-222163,-221419,-221283,-221775,-222888,-224642,-227032,-230052,-233724,-237988,-242982,-248605,-254905,-261879,-269522,-277828,-286823,-296425,,,,,,,,,,,,,,,,,,,,,,,,,,,,,,,,,,,,,,,,,,,,,,,,,,,,,,,,,,,,,,,,,,,,
RECAL 3 1 9999 2276 64 4 80,1154,-302795,-293851,-285372,-277327,-269762,-262694,-256149,-250156,-244659,-239664,-235246,-231417,-228178,-225532,-223494,-222058,-221253,-221060,-221490,-222560,-224273,-226631,-229638,-233294,-237570,-242475,-248016,-254190,-261037,-268519,-276600,-285312,-294461,,,,,,,,,,,,,,,,,,,,,,,,,,,,,,,,,,,,,,,,,,,,,,,,,,,,,,,,,,,,,,,,,,,,
RECAL 3 0 9999 9999 64 4 80,2314,-318785,-308549,-298838,-289748,-281174,-273169,-265811,-259066,-252966,-247485,-242597,-238323,-234691,-231704,-229386,-227680,-226614,-226193,-226425,-227317,-228871,-231088,-234017,-237646,-241969,-246994,-252714,-259160,-266355,-274256,-282770,-292116,-302215,,,,,,,,,,,,,,,,,,,,,,,,,,,,,,,,,,,,,,,,,,,,,,,,,,,,,,,,,,,,,,,,,,,,
RECAL 3 1 9999 2383 64 4 80,2064,-478567,-459338,-437994,-415744,-393314,-371213,-350314,-330553,-312229,-295456,-280321,-266836,-255251,-245272,-237066,-230699,-226166,-223450,-222591,-223575,-226408,-231003,-237396,-245608,-255551,-267255,-280621,-295478,-311659,-329418,-348345,-368165,-388953,,,,,,,,,,,,,,,,,,,,,,,,,,,,,,,,,,,,,,,,,,,,,,,,,,,,,,,,,,,,,,,,,,,,
RECAL 3 0 9999 9999 64 4 80,2323,-319155,-309122,-299653,-290776,-282499,-274814,-267689,-261149,-255190,-249845,-245096,-240930,-237415,-234463,-232124,-230404,-229308,-228833,-228993,-229767,-231210,-233308,-236073,-239511,-243621,-248393,-253843,-260004,-266770,-274323,-282589,-291574,-301273,,,,,,,,,,,,,,,,,,,,,,,,,,,,,,,,,,,,,,,,,,,,,,,,,,,,,,,,,,,,,,,,,,,,
RECAL 3 1 9999 2392 64 4 80,2696,-515526,-512108,-509366,-498811,-482028,-457056,-428411,-398085,-368888,-341966,-317384,-295483,-276373,-260031,-246813,-236289,-228769,-224238,-222697,-224160,-228625,-236077,-246471,-259564,-275387,-293799,-314668,-337733,-362573,-388987,-415862,-443028,-468586,,,,,,,,,,,,,,,,,,,,,,,,,,,,,,,,,,,,,,,,,,,,,,,,,,,,,,,,,,,,,,,,,,,,
RECAL 3 0 9999 9999 64 4 80,466,-244316,-244077,-243830,-243623,-243422,-243245,-243074,-242946,-242821,-242706,-242629,-242568,-242533,-242515,-242522,-242555,-242601,-242672,-242783,-242915,-243064,-243239,-243452,-243688,-243953,-244239,-244561,-244913,-245289,-245704,-246153,-246631,-247149,,,,,,,,,,,,,,,,,,,,,,,,,,,,,,,,,,,,,,,,,,,,,,,,,,,,,,,,,,,,,,,,,,,,
RECAL 3 1 9999 519 64 4 80,2732,-517441,-516227,-514329,-510460,-500691,-483944,-457517,-426976,-396217,-367220,-340862,-317139,-296245,-278329,-263466,-251495,-242448,-236333,-233215,-233068,-235901,-241613,-250309,-261847,-276213,-293216,-312736,-334566,-358330,-383805,-410937,-438259,-463965,,,,,,,,,,,,,,,,,,,,,,,,,,,,,,,,,,,,,,,,,,,,,,,,,,,,,,,,,,,,,,,,,,,,
RECAL 3 0 9999 9999 64 4 80,404,-237388,-237217,-237052,-236908,-236767,-236663,-236564,-236477,-236412,-236357,-236325,-236306,-236309,-236336,-236380,-236440,-236522,-236630,-236762,-236901,-237076,-237274,-237498,-237746,-238023,-238334,-238665,-239023,-239410,-239823,-240274,-240743,-241262,,,,,,,,,,,,,,,,,,,,,,,,,,,,,,,,,,,,,,,,,,,,,,,,,,,,,,,,,,,,,,,,,,,,
RECAL 3 1 9999 449 64 4 80,2115,-485999,-467062,-444795,-421547,-398200,-375627,-354562,-334889,-317060,-300840,-286324,-273475,-262368,-253097,-245645,-240034,-236303,-234380,-234363,-236211,-239954,-245543,-252950,-262178,-273310,-286258,-300821,-317079,-334787,-353871,-374011,-395359,-416927,,,,,,,,,,,,,,,,,,,,,,,,,,,,,,,,,,,,,,,,,,,,,,,,,,,,,,,,,,,,,,,,,,,,
RECAL 3 0 9999 9999 64 4 80,-617,-235693,-235349,-235036,-234772,-234542,-234361,-234207,-234086,-234007,-233973,-233971,-233998,-234053,-234152,-234279,-234434,-234624,-234844,-235089,-235357,-235647,-235975,-236321,-236692,-237085,-237505,-237944,-238410,-238888,-239392,-239912,-240460,-241025,,,,,,,,,,,,,,,,,,,,,,,,,,,,,,,,,,,,,,,,,,,,,,,,,,,,,,,,,,,,,,,,,,,,
RECAL 3 1 9999 -578 64 4 80,1237,-326802,-316597,-306883,-297756,-289282,-281319,-273902,-267072,-260825,-255200,-250205,-245915,-242193,-239120,-236721,-234986,-233942,-233568,-233891,-234916,-236638,-239120,-242302,-246211,-250841,-256195,-262290,-269004,-276526,-284723,-293593,-303150,-313388,,,,,,,,,,,,,,,,,,,,,,,,,,,,,,,,,,,,,,,,,,,,,,,,,,,,,,,,,,,,,,,,,,,,
RECAL 3 0 9999 9999 64 4 80,-661,-242080,-241642,-241244,-240911,-240618,-240361,-240168,-240013,-239896,-239814,-239781,-239787,-239820,-239905,-240021,-240185,-240380,-240600,-240881,-241174,-241510,-241879,-242267,-242689,-243139,-243632,-244151,-244699,-245271,-245865,-246476,-247119,-247782,,,,,,,,,,,,,,,,,,,,,,,,,,,,,,,,,,,,,,,,,,,,,,,,,,,,,,,,,,,,,,,,,,,,
RECAL 3 1 9999 -619 64 4 80,-1277,-313602,-304425,-295880,-287950,-280568,-273807,-267651,-262103,-257140,-252770,-249034,-245922,-243438,-241578,-240336,-239729,-239727,-240320,-241518,-243313,-245707,-248678,-252239,-256356,-260998,-266152,-271834,-278032,-284755,-291931,-299574,-307727,-316205,,,,,,,,,,,,,,,,,,,,,,,,,,,,,,,,,,,,,,,,,,,,,,,,,,,,,,,,,,,,,,,,,,,,
RECAL 3 0 9999 9999 64 4 80,-523,-247532,-247304,-247091,-246925,-246787,-246655,-246558,-246474,-246435,-246397,-246397,-246402,-246457,-246507,-246585,-246676,-246804,-246932,-247102,-247266,-247449,-247662,-247880,-248124,-248373,-248640,-248932,-249219,-249520,-249835,-250169,-250505,-250856,,,,,,,,,,,,,,,,,,,,,,,,,,,,,,,,,,,,,,,,,,,,,,,,,,,,,,,,,,,,,,,,,,,,
RECAL 3 1 9999 -484 64 4 80,-2191,-410210,-389335,-369168,-350298,-332752,-316423,-301534,-288302,-276635,-266659,-258371,-251874,-247142,-244149,-243019,-243740,-246309,-250743,-257019,-265167,-274961,-286685,-300124,-315310,-332113,-350506,-370197,-391192,-412907,-434718,-455856,-475448,-491537,,,,,,,,,,,,,,,,,,,,,,,,,,,,,,,,,,,,,,,,,,,,,,,,,,,,,,,,,,,,,,,,,,,,
RECAL 3 0 9999 9999 64 4 80,-671,-247705,-247295,-246938,-246603,-246322,-246084,-245868,-245710,-245598,-245498,-245445,-245426,-245443,-245487,-245588,-245694,-245837,-246014,-246236,-246480,-246746,-247057,-247382,-247740,-248126,-248535,-248969,-249438,-249931,-250439,-250987,-251533,-252116,,,,,,,,,,,,,,,,,,,,,,,,,,,,,,,,,,,,,,,,,,,,,,,,,,,,,,,,,,,,,,,,,,,,
RECAL 3 1 9999 -627 64 4 80,-2821,-482928,-460053,-434117,-406780,-379877,-354655,-331290,-310279,-291777,-275865,-262594,-252171,-244714,-240277,-238897,-240602,-245387,-253246,-264040,-278032,-294982,-314848,-337468,-362547,-389854,-418340,-446688,-472697,-492553,-504616,-512255,-515526,-517178,,,,,,,,,,,,,,,,,,,,,,,,,,,,,,,,,,,,,,,,,,,,,,,,,,,,,,,,,,,,,,,,,,,,
RECAL 3 0 9999 9999 64 4 80,-2453,-295015,-286728,-279071,-272049,-265710,-260004,-255053,-250678,-246951,-243889,-241470,-239723,-238634,-238212,-238469,-239400,-241022,-243331,-246306,-249951,-254295,-259308,-264947,-271311,-278395,-286139,-294560,-303693,-313548,-324145,-335339,-347239,-359801,,,,,,,,,,,,,,,,,,,,,,,,,,,,,,,,,,,,,,,,,,,,,,,,,,,,,,,,,,,,,,,,,,,,
RECAL 3 1 9999 -2401 64 4 80,-2818,-466020,-440560,-412913,-385367,-359060,-334723,-312603,-292894,-275723,-261017,-248986,-239792,-233497,-230161,-229817,-232477,-238191,-246784,-258531,-273316,-291042,-311642,-335040,-361049,-389373,-419265,-449065,-475821,-495661,-507186,-512953,-515503,-517055,,,,,,,,,,,,,,,,,,,,,,,,,,,,,,,,,,,,,,,,,,,,,,,,,,,,,,,,,,,,,,,,,,,,
RECAL 3 0 9999 9999 64 4 80,-2427,-292835,-284550,-276899,-269902,-263550,-257837,-252813,-248427,-244663,-241569,-239165,-237438,-236388,-236025,-236345,-237333,-239001,-241352,-244381,-248081,-252452,-257488,-263234,-269617,-276568,-284182,-292434,-301326,-310912,-321171,-332102,-343568,-355873,,,,,,,,,,,,,,,,,,,,,,,,,,,,,,,,,,,,,,,,,,,,,,,,,,,,,,,,,,,,,,,,,,,,
RECAL 3 1 9999 -2375 64 4 80,-2190,-407925,-386099,-365376,-345943,-328043,-311407,-296288,-282767,-270798,-260441,-251792,-244836,-239542,-235965,-234182,-234203,-236025,-239660,-245085,-252311,-261163,-271898,-284366,-298421,-314166,-331432,-350178,-370114,-391270,-413052,-435276,-457001,-476527,,,,,,,,,,,,,,,,,,,,,,,,,,,,,,,,,,,,,,,,,,,,,,,,,,,,,,,,,,,,,,,,,,,,
RECAL 3 0 9999 9999 64 4 80,-2454,-300129,-291682,-283852,-276714,-270216,-264402,-259327,-254834,-251033,-247887,-245423,-243616,-242503,-242041,-242263,-243199,-244813,-247123,-250111,-253798,-258160,-263226,-268880,-275322,-282456,-290264,-298717,-307916,-317849,-328493,-339831,-351752,-364377,,,,,,,,,,,,,,,,,,,,,,,,,,,,,,,,,,,,,,,,,,,,,,,,,,,,,,,,,,,,,,,,,,,,
RECAL 3 1 9999 -2401 64 4 80,-1273,-311461,-302745,-294601,-287061,-280060,-273655,-267839,-262558,-257850,-253761,-250280,-247393,-245122,-243450,-242377,-241900,-242010,-242703,-243983,-245847,-248280,-251271,-254824,-258875,-263444,-268525,-274129,-280230,-286807,-293816,-301310,-309138,-317517,,,,,,,,,,,,,,,,,,,,,,,,,,,,,,,,,,,,,,,,,,,,,,,,,,,,,,,,,,,,,,,,,,,,
RECAL 3 0 9999 9999 64 4 80,-2444,-304208,-296022,-288554,-281711,-275634,-270081,-265204,-260957,-257387,-254471,-252219,-250621,-249685,-249422,-249853,-250955,-252714,-255165,-258312,-262121,-266531,-271667,-277492,-283972,-291146,-298934,-307473,-316672,-326427,-336847,-347947,-359740,-372282,,,,,,,,,,,,,,,,,,,,,,,,,,,,,,,,,,,,,,,,,,,,,,,,,,,,,,,,,,,,,,,,,,,,
RECAL 3 1 9999 -2393 64 4 80,1239,-342283,-332159,-322532,-313589,-305144,-297247,-289928,-283122,-276906,-271270,-266251,-261874,-258075,-254900,-252376,-250516,-249283,-248730,-248833,-249635,-251128,-253326,-256212,-259814,-264146,-269152,-274873,-281194,-288278,-296003,-304462,-313567,-323327,,,,,,,,,,,,,,,,,,,,,,,,,,,,,,,,,,,,,,,,,,,,,,,,,,,,,,,,,,,,,,,,,,,,
RECAL 3 0 9999 9999 64 4 80,-2346,-297224,-289527,-282410,-275960,-270166,-264953,-260328,-256308,-252895,-250061,-247811,-246190,-245123,-244646,-244741,-245442,-246725,-248596,-251036,-254095,-257777,-262070,-266950,-272429,-278511,-285163,-292421,-300125,-308603,-317693,-327389,-337757,-348775,,,,,,,,,,,,,,,,,,,,,,,,,,,,,,,,,,,,,,,,,,,,,,,,,,,,,,,,,,,,,,,,,,,,
RECAL 3 1 9999 -2293 64 4 80,2116,-495445,-479730,-458606,-434908,-411236,-388307,-366800,-346998,-329008,-312566,-297729,-284565,-273048,-263272,-255233,-249066,-244595,-241952,-241122,-242145,-244995,-249660,-256114,-264366,-274506,-286382,-299899,-315100,-331817,-350020,-369538,-390094,-412004,,,,,,,,,,,,,,,,,,,,,,,,,,,,,,,,,,,,,,,,,,,,,,,,,,,,,,,,,,,,,,,,,,,,
RECAL 3 0 9999 9999 64 4 80,2125,-335185,-323689,-313000,-303062,-293909,-285538,-277934,-271033,-264840,-259314,-254487,-250355,-246914,-244187,-242111,-240727,-240034,-240040,-240753,-242160,-244292,-247131,-250751,-255111,-260225,-266107,-272740,-280154,-288341,-297131,-306845,-317336,-328613,,,,,,,,,,,,,,,,,,,,,,,,,,,,,,,,,,,,,,,,,,,,,,,,,,,,,,,,,,,,,,,,,,,,
RECAL 3 1 9999 2191 64 4 80,-2187,-436416,-414216,-391928,-370553,-349964,-330569,-312702,-296547,-282308,-269911,-259506,-251130,-244875,-240628,-238386,-238141,-239909,-243677,-249412,-256984,-266632,-278192,-291601,-306769,-323667,-342127,-361888,-382970,-404936,-426958,-448244,-467778,-484684,,,,,,,,,,,,,,,,,,,,,,,,,,,,,,,,,,,,,,,,,,,,,,,,,,,,,,,,,,,,,,,,,,,,
RECAL 3 0 9999 9999 64 4 80,2198,-340812,-328198,-316426,-305350,-295027,-285548,-276820,-268868,-261680,-255277,-249653,-244854,-240742,-237406,-234838,-233042,-232017,-231779,-232312,-233625,-235694,-238548,-242182,-246578,-251774,-257759,-264566,-272080,-280461,-289665,-299618,-310400,-321971,,,,,,,,,,,,,,,,,,,,,,,,,,,,,,,,,,,,,,,,,,,,,,,,,,,,,,,,,,,,,,,,,,,,
RECAL 3 1 9999 2265 64 4 80,-1319,-311668,-301424,-291825,-282765,-274424,-266795,-259875,-253714,-248300,-243625,-239751,-236557,-234121,-232426,-231479,-231259,-231762,-232977,-234925,-237543,-240858,-244830,-249476,-254774,-260748,-267373,-274511,-282356,-290780,-299741,-309281,-319343,-329866,,,,,,,,,,,,,,,,,,,,,,,,,,,,,,,,,,,,,,,,,,,,,,,,,,,,,,,,,,,,,,,,,,,,
RECAL 3 0 9999 9999 64 4 80,2096,-335860,-324651,-314214,-304474,-295566,-287323,-279745,-272832,-266649,-261143,-256332,-252219,-248805,-246104,-244074,-242731,-242066,-242075,-242782,-244180,-246243,-249009,-252497,-256685,-261591,-267213,-273565,-280635,-288449,-297064,-306481,-316653,-327546,,,,,,,,,,,,,,,,,,,,,,,,,,,,,,,,,,,,,,,,,,,,,,,,,,,,,,,,,,,,,,,,,,,,
RECAL 3 1 9999 2162 64 4 80,1152,-332052,-322481,-313316,-304612,-296365,-288664,-281451,-274784,-268679,-263222,-258340,-254059,-250392,-247336,-244906,-243110,-241973,-241462,-241617,-242440,-243949,-246135,-249027,-252603,-256912,-262010,-267852,-274430,-281760,-289832,-298594,-308137,-318237,,,,,,,,,,,,,,,,,,,,,,,,,,,,,,,,,,,,,,,,,,,,,,,,,,,,,,,,,,,,,,,,,,,,
RECAL 3 0 9999 9999 64 4 80,2162,-341002,-329476,-318667,-308612,-299406,-290858,-282986,-275818,-269372,-263604,-258533,-254163,-250470,-247455,-245177,-243614,-242778,-242664,-243295,-244665,-246731,-249575,-253179,-257546,-262687,-268609,-275321,-282823,-291026,-299952,-309686,-320226,-331555,,,,,,,,,,,,,,,,,,,,,,,,,,,,,,,,,,,,,,,,,,,,,,,,,,,,,,,,,,,,,,,,,,,,
RECAL 3 1 9999 2229 64 4 80,2035,-480618,-462656,-442857,-422165,-401705,-381380,-361678,-343025,-325458,-309261,-294526,-281413,-270067,-260474,-252659,-246689,-242575,-240341,-240038,-241701,-245268,-250851,-258453,-268090,-279789,-293461,-309162,-326784,-346503,-367861,-390694,-414309,-437632,,,,,,,,,,,,,,,,,,,,,,,,,,,,,,,,,,,,,,,,,,,,,,,,,,,,,,,,,,,,,,,,,,,,
RECAL 3 0 9999 9999 64 4 80,2147,-346517,-335549,-325320,-315835,-307042,-298937,-291563,-284847,-278848,-273432,-268701,-264608,-261184,-258403,-256273,-254824,-254017,-253881,-254438,-255686,-257634,-260299,-263670,-267738,-272476,-278022,-284277,-291281,-299010,-307553,-316885,-327026,-337861,,,,,,,,,,,,,,,,,,,,,,,,,,,,,,,,,,,,,,,,,,,,,,,,,,,,,,,,,,,,,,,,,,,,
RECAL 3 1 9999 2214 64 4 80,2645,-518814,-517118,-514706,-509478,-499041,-481550,-457737,-431245,-403933,-377317,-352480,-329857,-309231,-291205,-275841,-263327,-253790,-247304,-243899,-243679,-246590,-252699,-262050,-274696,-290643,-309948,-332609,-358208,-387233,-418547,-449670,-477135,-495611,,,,,,,,,,,,,,,,,,,,,,,,,,,,,,,,,,,,,,,,,,,,,,,,,,,,,,,,,,,,,,,,,,,,
RECAL 3 0 9999 9999 64 4 80,-261,-252457,-252474,-252509,-252534,-252564,-252614,-252660,-252699,-252759,-252812,-252871,-252935,-252998,-253066,-253143,-253210,-253275,-253357,-253444,-253520,-253600,-253683,-253771,-253856,-253946,-254028,-254127,-254207,-254288,-254383,-254469,-254558,-254635,,,,,,,,,,,,,,,,,,,,,,,,,,,,,,,,,,,,,,,,,,,,,,,,,,,,,,,,,,,,,,,,,,,,
RECAL 3 0 9999 -219 64 4 80,-283,-252498,-252472,-252451,-252456,-252462,-252457,-252463,-252496,-252512,-252549,-252585,-252630,-252670,-252727,-252782,-252840,-252893,-252964,-253026,-253088,-253162,-253233,-253312,-253388,-253473,-253544,-253629,-253714,-253796,-253881,-253974,-254069,-254157,,,,,,,,,,,,,,,,,,,,,,,,,,,,,,,,,,,,,,,,,,,,,,,,,,,,,,,,,,,,,,,,,,,,
RECAL 3 1 9999 -272 64 4 80,2655,-518120,-516896,-514527,-510378,-500931,-484065,-460145,-432902,-404926,-377880,-352333,-328864,-307961,-289763,-274381,-261886,-252435,-246098,-242778,-242537,-245399,-251389,-260582,-273015,-288725,-307385,-329621,-355122,-383755,-414944,-446592,-474551,-494046,,,,,,,,,,,,,,,,,,,,,,,,,,,,,,,,,,,,,,,,,,,,,,,,,,,,,,,,,,,,,,,,,,,,
RECAL 3 0 9999 9999 64 4 80,165,-238910,-238922,-238926,-238943,-238954,-238986,-239007,-239034,-239074,-239104,-239157,-239205,-239269,-239334,-239407,-239489,-239562,-239639,-239744,-239853,-239969,-240087,-240219,-240350,-240502,-240650,-240820,-240999,-241188,-241388,-241590,-241818,-242064,,,,,,,,,,,,,,,,,,,,,,,,,,,,,,,,,,,,,,,,,,,,,,,,,,,,,,,,,,,,,,,,,,,,
RECAL 3 0 9999 207 64 4 80,143,-238963,-238943,-238948,-238933,-238934,-238936,-238942,-238948,-238957,-238969,-238989,-239013,-239034,-239070,-239103,-239148,-239205,-239250,-239309,-239380,-239449,-239527,-239614,-239713,-239806,-239916,-240032,-240165,-240288,-240441,-240584,-240754,-240925,,,,,,,,,,,,,,,,,,,,,,,,,,,,,,,,,,,,,,,,,,,,,,,,,,,,,,,,,,,,,,,,,,,,
RECAL 3 1 9999 160 64 4 80,2049,-485476,-467767,-447274,-425760,-404177,-382721,-362319,-342923,-324801,-308288,-293260,-279822,-268062,-258005,-249786,-243392,-238932,-236299,-235611,-236885,-240141,-245380,-252641,-261936,-273326,-286883,-302437,-320053,-339570,-360788,-383487,-407299,-430643,,,,,,,,,,,,,,,,,,,,,,,,,,,,,,,,,,,,,,,,,,,,,,,,,,,,,,,,,,,,,,,,,,,,
RECAL 3 0 9999 9999 64 4 80,-597,-235403,-235046,-234737,-234474,-234246,-234070,-233930,-233836,-233770,-233748,-233773,-233824,-233908,-234046,-234204,-234408,-234640,-234909,-235198,-235524,-235889,-236271,-236685,-237135,-237599,-238099,-238614,-239167,-239735,-240323,-240935,-241566,-242211,,,,,,,,,,,,,,,,,,,,,,,,,,,,,,,,,,,,,,,,,,,,,,,,,,,,,,,,,,,,,,,,,,,,
RECAL 3 1 9999 -561 64 4 80,1177,-327643,-317643,-308079,-299072,-290620,-282619,-275164,-268269,-261927,-256188,-251138,-246636,-242767,-239530,-236934,-235003,-233754,-233171,-233285,-234117,-235664,-237950,-240971,-244755,-249280,-254560,-260526,-267347,-274949,-283302,-292428,-302275,-312910,,,,,,,,,,,,,,,,,,,,,,,,,,,,,,,,,,,,,,,,,,,,,,,,,,,,,,,,,,,,,,,,,,,,
RECAL 3 0 9999 9999 64 4 80,413,-245512,-245329,-245165,-245018,-244896,-244798,-244720,-244671,-244642,-244636,-244651,-244704,-244776,-244876,-245011,-245171,-245358,-245583,-245822,-246099,-246417,-246753,-247128,-247545,-247995,-248471,-248991,-249558,-250156,-250791,-251473,-252190,-252950,,,,,,,,,,,,,,,,,,,,,,,,,,,,,,,,,,,,,,,,,,,,,,,,,,,,,,,,,,,,,,,,,,,,
RECAL 3 1 9999 448 64 4 80,-1294,-323549,-313425,-303893,-295071,-287069,-279591,-272807,-266757,-261444,-256836,-252962,-249806,-247364,-245636,-244609,-244260,-244587,-245590,-247269,-249609,-252570,-256199,-260498,-265415,-270956,-277121,-283873,-291214,-299173,-307775,-316921,-326608,-336763,,,,,,,,,,,,,,,,,,,,,,,,,,,,,,,,,,,,,,,,,,,,,,,,,,,,,,,,,,,,,,,,,,,,
RECAL 3 0 9999 9999 64 4 80,-431,-250298,-250198,-250121,-250085,-250059,-250062,-250059,-250086,-250137,-250209,-250291,-250402,-250508,-250640,-250784,-250940,-251118,-251295,-251499,-251702,-251917,-252150,-252384,-252631,-252881,-253146,-253413,-253694,-253983,-254280,-254591,-254896,-255212,,,,,,,,,,,,,,,,,,,,,,,,,,,,,,,,,,,,,,,,,,,,,,,,,,,,,,,,,,,,,,,,,,,,
RECAL 3 1 9999 -413 64 4 80,-2168,-430358,-408094,-386225,-365235,-345552,-327295,-310645,-295950,-283135,-272158,-263109,-256004,-250870,-247708,-246495,-247232,-249922,-254546,-261134,-269636,-280017,-292254,-306282,-322395,-340114,-359406,-380119,-402003,-424432,-446013,-466664,-483865,-496950,,,,,,,,,,,,,,,,,,,,,,,,,,,,,,,,,,,,,,,,,,,,,,,,,,,,,,,,,,,,,,,,,,,,
RECAL 3 0 9999 9999 64 4 80,-421,-258349,-258281,-258214,-258173,-258157,-258166,-258173,-258206,-258249,-258312,-258391,-258474,-258577,-258700,-258821,-258958,-259113,-259259,-259442,-259609,-259795,-259999,-260190,-260390,-260616,-260841,-261062,-261307,-261554,-261803,-262058,-262325,-262586,,,,,,,,,,,,,,,,,,,,,,,,,,,,,,,,,,,,,,,,,,,,,,,,,,,,,,,,,,,,,,,,,,,,
RECAL 3 1 9999 -403 64 4 80,-2776,-486886,-465317,-439674,-412256,-384600,-358504,-334613,-313506,-294870,-279276,-266708,-257293,-251075,-248011,-248122,-251454,-258020,-267841,-280871,-297051,-316419,-338861,-364092,-391490,-420970,-450420,-476358,-495345,-506464,-512657,-516379,-517807,-518293,,,,,,,,,,,,,,,,,,,,,,,,,,,,,,,,,,,,,,,,,,,,,,,,,,,,,,,,,,,,,,,,,,,,
RECAL 3 0 9999 9999 64 4 80,-2296,-302092,-293487,-285683,-278636,-272334,-266795,-261975,-257929,-254577,-251955,-249991,-248714,-248130,-248221,-248980,-250393,-252495,-255280,-258733,-262873,-267703,-273193,-279392,-286384,-294047,-302443,-311633,-321543,-332260,-343731,-356011,-368822,-382740,,,,,,,,,,,,,,,,,,,,,,,,,,,,,,,,,,,,,,,,,,,,,,,,,,,,,,,,,,,,,,,,,,,,
RECAL 3 1 9999 -2247 64 4 80,-2767,-492710,-473578,-447762,-419284,-390774,-363442,-338442,-315989,-296345,-279649,-265929,-255178,-247515,-242920,-241492,-243217,-248079,-256071,-267231,-281497,-298543,-318938,-342341,-368585,-397555,-428131,-458284,-483017,-500276,-509306,-513457,-516363,-517876,,,,,,,,,,,,,,,,,,,,,,,,,,,,,,,,,,,,,,,,,,,,,,,,,,,,,,,,,,,,,,,,,,,,
RECAL 3 0 9999 9999 64 4 80,-2302,-301167,-292238,-284135,-276827,-270318,-264588,-259604,-255406,-251976,-249295,-247336,-246094,-245555,-245725,-246593,-248170,-250415,-253382,-257067,-261454,-266526,-272293,-278789,-285967,-293900,-302627,-312110,-322356,-333323,-345111,-357630,-370930,-384808,,,,,,,,,,,,,,,,,,,,,,,,,,,,,,,,,,,,,,,,,,,,,,,,,,,,,,,,,,,,,,,,,,,,
RECAL 3 1 9999 -2253 64 4 80,-2160,-436795,-414277,-391710,-370079,-349856,-331246,-314308,-299045,-285645,-273990,-264215,-256313,-250343,-246327,-244160,-243890,-245538,-249072,-254485,-261776,-270949,-282144,-295121,-309942,-326567,-344981,-364990,-386558,-409350,-432320,-454721,-475082,-490938,,,,,,,,,,,,,,,,,,,,,,,,,,,,,,,,,,,,,,,,,,,,,,,,,,,,,,,,,,,,,,,,,,,,
RECAL 3 0 9999 9999 64 4 80,-2227,-287744,-279267,-271542,-264594,-258335,-252801,-247932,-243792,-240356,-237614,-235578,-234252,-233615,-233662,-234398,-235812,-237920,-240711,-244173,-248309,-253114,-258596,-264677,-271415,-278813,-286868,-295540,-304922,-314984,-325581,-337020,-349172,-361889,,,,,,,,,,,,,,,,,,,,,,,,,,,,,,,,,,,,,,,,,,,,,,,,,,,,,,,,,,,,,,,,,,,,
RECAL 3 1 9999 -2177 64 4 80,-1282,-315109,-305037,-295448,-286563,-278326,-270783,-263941,-257776,-252336,-247602,-243581,-240241,-237568,-235568,-234234,-233564,-233552,-234176,-235439,-237336,-239873,-243040,-246809,-251180,-256160,-261780,-268046,-274875,-282285,-290265,-298766,-307860,-317465,,,,,,,,,,,,,,,,,,,,,,,,,,,,,,,,,,,,,,,,,,,,,,,,,,,,,,,,,,,,,,,,,,,,
RECAL 3 0 9999 9999 64 4 80,-2333,-301160,-291696,-283077,-275313,-268355,-262207,-256858,-252313,-248600,-245600,-243376,-241903,-241197,-241246,-242056,-243621,-245889,-248890,-252603,-257041,-262226,-268136,-274760,-282129,-290133,-298919,-308513,-318846,-329923,-341808,-354497,-367861,-382263,,,,,,,,,,,,,,,,,,,,,,,,,,,,,,,,,,,,,,,,,,,,,,,,,,,,,,,,,,,,,,,,,,,,
RECAL 3 1 9999 -2283 64 4 80,1187,-336077,-326011,-316422,-307307,-298702,-290667,-283145,-276178,-269876,-264081,-258885,-254315,-250380,-247092,-244441,-242442,-241098,-240453,-240511,-241279,-242777,-244996,-247944,-251646,-256019,-261223,-267196,-273929,-281415,-289681,-298664,-308459,-318896,,,,,,,,,,,,,,,,,,,,,,,,,,,,,,,,,,,,,,,,,,,,,,,,,,,,,,,,,,,,,,,,,,,,
RECAL 3 0 9999 9999 64 4 80,-2263,-294873,-286511,-278862,-271975,-265840,-260405,-255737,-251717,-248405,-245780,-243835,-242566,-241983,-242094,-242860,-244333,-246500,-249346,-252893,-257128,-262072,-267693,-273937,-280941,-288670,-297063,-306201,-316092,-326708,-338114,-350232,-362892,-376376,,,,,,,,,,,,,,,,,,,,,,,,,,,,,,,,,,,,,,,,,,,,,,,,,,,,,,,,,,,,,,,,,,,,
RECAL 3 1 9999 -2214 64 4 80,2053,-490610,-474752,-454272,-432721,-410441,-388378,-367260,-347452,-329144,-312315,-297034,-283450,-271519,-261338,-252966,-246517,-241819,-239012,-238093,-239117,-242067,-246969,-253847,-262767,-273807,-286885,-301960,-319083,-338209,-359226,-382097,-406107,-430987,,,,,,,,,,,,,,,,,,,,,,,,,,,,,,,,,,,,,,,,,,,,,,,,,,,,,,,,,,,,,,,,,,,,
