cmd_path,cmd_sweep_0,cmd_sweep_1,base_dac_y,base_dac_x,max_cross_x_index,max_cross_y_index,max_cross_x,max_cross_y,fit_x,fit_y,dac_y_at_max_cross,dac_x_at_max_cross
RECAL 1 3 1 1 1 33,RECAL 3 0 9999 64 4 80,RECAL 3 1 2185 64 4 80,2122,-2727,16,16,-236095,-236055,2185,-2659,2186,-2663
RECAL 1 3 1 2 2 33,RECAL 3 0 9999 64 4 80,RECAL 3 1 2143 64 4 80,2080,-2125,17,16,-237045,-237495,2143,-2058,2144,-2057
RECAL 1 3 1 3 3 33,RECAL 3 0 9999 64 4 80,RECAL 3 1 2185 64 4 80,2121,-1254,16,16,-238191,-238200,2185,-1188,2185,-1190
RECAL 1 3 1 4 4 33,RECAL 3 0 9999 64 4 80,RECAL 3 1 2117 64 4 80,2054,1172,16,16,-238128,-238127,2117,1237,2118,1236
RECAL 1 3 1 5 5 33,RECAL 3 0 9999 64 4 80,RECAL 3 1 2202 64 4 80,2137,2021,NULL,NULL,NULL,NULL,NULL,NULL,NULL,NULL
RECAL 1 3 1 6 6 33,RECAL 3 0 9999 64 4 80,RECAL 3 1 2194 64 4 80,2130,2614,16,16,-233400,-233377,2194,2678,2194,2678
RECAL 1 3 1 7 7 33,RECAL 3 0 9999 64 4 80,RECAL 3 1 -425 64 4 80,-476,2637,16,13,-234524,-234521,-424.5,2701,-424,2701
RECAL 1 3 1 8 8 33,RECAL 3 0 9999 64 4 80,RECAL 3 1 -330 64 4 80,-397,2050,16,17,-233254,-233251,-330,2113,-329,2114
RECAL 1 3 1 9 9 33,RECAL 3 0 9999 64 4 80,RECAL 3 1 -710 64 4 80,-774,1222,16,16,-236098,-236114,-710.2,1286,-710,1286
RECAL 1 3 1 10 10 33,RECAL 3 0 9999 64 4 80,RECAL 3 1 -434 64 4 80,-504,-1198,17,17,-238354,-238410,-433.6,-1132,-436,-1130
RECAL 1 3 1 11 11 33,RECAL 3 0 9999 64 4 80,RECAL 3 1 -633 64 4 80,-699,-2091,16,17,-236163,-236170,-633.3,-2025,-631,-2027
RECAL 1 3 1 12 12 33,RECAL 3 0 9999 64 4 80,RECAL 3 1 -473 64 4 80,-545,-2699,16,18,-234997,-234966,-472.6,-2633,-473,-2635
RECAL 1 3 1 13 13 33,RECAL 3 0 9999 64 4 80,RECAL 3 1 -2257 64 4 80,-2322,-2733,16,16,-238782,-238817,-2257,-2668,-2258,-2669
RECAL 1 3 1 14 14 33,RECAL 3 0 9999 64 4 80,RECAL 3 1 -2291 64 4 80,-2357,-2137,16,17,-234450,-234550,-2291,-2071,-2289,-2073
RECAL 1 3 1 15 15 33,RECAL 3 0 9999 64 4 80,RECAL 3 1 -2253 64 4 80,-2316,-1279,16,16,-234333,-234331,-2253,-1214,-2252,-1215
RECAL 1 3 1 16 16 33,RECAL 3 0 9999 64 4 80,RECAL 3 1 -2314 64 4 80,-2378,1145,16,16,-235267,-235253,-2314,1210,-2314,1209
RECAL 1 3 1 17 17 33,RECAL 3 0 9999 64 4 80,RECAL 3 1 -2236 64 4 80,-2301,2003,16,16,-231988,-232035,-2236,2066,-2237,2067
RECAL 1 3 1 18 18 33,RECAL 3 0 9999 64 4 80,RECAL 3 1 -2249 64 4 80,-2313,2599,16,16,-234783,-234758,-2249,2661,-2249,2663
RECAL 1 3 2 1 1 34,RECAL 3 0 9999 64 4 80,RECAL 3 1 2180 64 4 80,2118,-2797,16,15,-232888,-232912,2180,-2729,2178,-2733
RECAL 1 3 2 2 2 34,RECAL 3 0 9999 64 4 80,RECAL 3 1 2092 64 4 80,2029,-2203,16,16,-233080,-233101,2092,-2139,2093,-2139
RECAL 1 3 2 3 3 34,RECAL 3 0 9999 64 4 80,RECAL 3 1 2079 64 4 80,2015,-1361,16,16,-233739,-233720,2079,-1296,2079,-1297
RECAL 1 3 2 4 4 34,RECAL 3 0 9999 64 4 80,RECAL 3 1 2088 64 4 80,2025,1103,16,16,-234406,-234416,2088,1166,2089,1167
RECAL 1 3 2 5 5 34,RECAL 3 0 9999 64 4 80,RECAL 3 1 2148 64 4 80,2085,1998,15,16,-234085,-234692,2148,2059,2149,2058
RECAL 1 3 2 6 6 34,RECAL 3 0 9999 64 4 80,RECAL 3 1 2079 64 4 80,2018,2604,16,15,-233501,-233467,2079,2664,2078,2668
RECAL 1 3 2 7 7 34,RECAL 3 0 9999 64 4 80,RECAL 3 1 -800 64 4 80,-864,2590,15,16,-233037,-233159,-800.4,2656,-800,2650
RECAL 1 3 2 8 8 34,RECAL 3 0 9999 64 4 80,RECAL 3 1 -539 64 4 80,-610,1978,16,18,-231766,-231776,-538.9,2041,-538,2042
RECAL 1 3 2 9 9 34,RECAL 3 0 9999 64 4 80,RECAL 3 1 -737 64 4 80,-798,1072,16,15,-233030,-233013,-737.4,1135,-738,1136
RECAL 1 3 2 10 10 34,RECAL 3 0 9999 64 4 80,RECAL 3 1 -772 64 4 80,-831,-1386,16,15,-232410,-232404,-771.9,-1321,-771,-1322
RECAL 1 3 2 11 11 34,RECAL 3 0 9999 64 4 80,RECAL 3 1 -743 64 4 80,-803,-2218,16,15,-231898,-231883,-743.4,-2153,-743,-2154
RECAL 1 3 2 12 12 34,RECAL 3 0 9999 64 4 80,RECAL 3 1 -389 64 4 80,-448,-2808,17,15,-231085,-231317,-389.5,-2742,-388,-2740
RECAL 1 3 2 13 13 34,RECAL 3 0 9999 64 4 80,RECAL 3 1 -2227 64 4 80,-2292,-2830,16,16,-231969,-231955,-2227,-2764,-2228,-2766
RECAL 1 3 2 14 14 34,RECAL 3 0 9999 64 4 80,RECAL 3 1 -2303 64 4 80,-2370,-2248,16,17,-231047,-231094,-2303,-2183,-2302,-2184
RECAL 1 3 2 15 15 34,RECAL 3 0 9999 64 4 80,RECAL 3 1 -2315 64 4 80,-2379,-1436,16,16,-231262,-231291,-2315,-1371,-2315,-1372
RECAL 1 3 2 16 16 34,RECAL 3 0 9999 64 4 80,RECAL 3 1 -2305 64 4 80,-2372,1005,16,17,-230969,-231046,-2305,1071,-2304,1069
RECAL 1 3 2 17 17 34,RECAL 3 0 9999 64 4 80,RECAL 3 1 -2252 64 4 80,-2316,1942,16,16,-231713,-231704,-2252,2007,-2252,2006
RECAL 1 3 2 18 18 34,RECAL 3 0 9999 64 4 80,RECAL 3 1 -2318 64 4 80,-2381,2561,15,16,-232084,-232088,-2318,2623,-2317,2621
RECAL 1 3 3 1 1 35,RECAL 3 0 9999 64 4 80,RECAL 3 1 2170 64 4 80,2107,-2705,16,16,-235290,-235264,2170,-2638,2171,-2641
RECAL 1 3 3 2 2 35,RECAL 3 0 9999 64 4 80,RECAL 3 1 2200 64 4 80,2138,-2115,16,15,-235784,-235802,2200,-2049,2198,-2051
RECAL 1 3 3 3 3 35,RECAL 3 0 9999 64 4 80,RECAL 3 1 2107 64 4 80,2043,-1269,16,16,-237981,-237971,2107,-1205,2107,-1205
RECAL 1 3 3 4 4 35,RECAL 3 0 9999 64 4 80,NULL,-2.156e+04,NULL,NULL,NULL,NULL,NULL,NULL,NULL,NULL,NULL
RECAL 1 3 3 5 5 35,RECAL 3 0 9999 64 4 80,RECAL 3 1 2181 64 4 80,2120,1982,15,15,-234408,-235115,2181,2042,2180,2042
RECAL 1 3 3 6 6 35,RECAL 3 0 9999 64 4 80,RECAL 3 1 2177 64 4 80,2113,2570,16,16,-233500,-233507,2177,2632,2177,2634
RECAL 1 3 3 7 7 35,RECAL 3 0 9999 64 4 80,RECAL 3 1 -419 64 4 80,-484,2545,16,16,-233543,-233538,-419.2,2608,-420,2609
RECAL 1 3 3 8 8 35,RECAL 3 0 9999 64 4 80,RECAL 3 1 -351 64 4 80,-416,1950,16,16,-234952,-234933,-351.3,2012,-352,2014
RECAL 1 3 3 9 9 35,RECAL 3 0 9999 64 4 80,RECAL 3 1 -711 64 4 80,-777,1084,16,16,-235290,-235312,-711.2,1147,-713,1148
RECAL 1 3 3 10 10 35,RECAL 3 0 9999 64 4 80,RECAL 3 1 -687 64 4 80,-753,-1315,16,16,-236219,-236214,-687.4,-1249,-689,-1251
RECAL 1 3 3 11 11 35,RECAL 3 0 9999 64 4 80,RECAL 3 1 -199 64 4 80,-275,-2142,16,19,-235496,-235471,-199.4,-2076,-199,-2078
RECAL 1 3 3 12 12 35,RECAL 3 0 9999 64 4 80,RECAL 3 1 -449 64 4 80,-522,-2723,16,19,-235963,-235921,-449,-2657,-446,-2659
RECAL 1 3 3 13 13 35,RECAL 3 0 9999 64 4 80,RECAL 3 1 -2234 64 4 80,-2301,-2697,16,17,-233526,-233512,-2234,-2631,-2233,-2633
RECAL 1 3 3 14 14 35,RECAL 3 0 9999 64 4 80,RECAL 3 1 -2205 64 4 80,-2270,-2107,17,16,-235370,-235558,-2205,-2041,-2206,-2039
RECAL 1 3 3 15 15 35,RECAL 3 0 9999 64 4 80,RECAL 3 1 -2290 64 4 80,-2356,-1262,NULL,NULL,NULL,NULL,NULL,NULL,NULL,NULL
RECAL 1 3 3 16 16 35,RECAL 3 0 9999 64 4 80,RECAL 3 1 -2297 64 4 80,-2362,1140,16,16,-232268,-232300,-2297,1203,-2298,1204
RECAL 1 3 3 17 17 35,RECAL 3 0 9999 64 4 80,RECAL 3 1 -2219 64 4 80,-2284,NULL,NULL,NULL,NULL,NULL,NULL,NULL,NULL,NULL
RECAL 1 3 3 18 18 35,RECAL 3 0 9999 64 4 80,RECAL 3 1 -2230 64 4 80,-2296,2571,16,16,-233862,-233913,-2230,2631,-2232,2635
RECAL 1 3 4 1 1 36,RECAL 3 0 9999 64 4 80,RECAL 3 1 2182 64 4 80,2120,-2793,16,16,-234632,-234696,2182,-2729,2184,-2729
RECAL 1 3 4 2 2 36,RECAL 3 0 9999 64 4 80,RECAL 3 1 2192 64 4 80,2130,-2207,16,15,-236255,-236329,2192,-2144,2190,-2143
RECAL 1 3 4 3 3 36,RECAL 3 0 9999 64 4 80,RECAL 3 1 2144 64 4 80,2082,-1385,16,16,-236729,-236791,2144,-1321,2146,-1321
RECAL 1 3 4 4 4 36,RECAL 3 0 9999 64 4 80,RECAL 3 1 2225 64 4 80,2163,1056,16,15,-238317,-238430,2225,1119,2223,1120
RECAL 1 3 4 5 5 36,RECAL 3 0 9999 64 4 80,RECAL 3 1 2239 64 4 80,2175,1961,16,16,-237797,-237815,2239,2024,2239,2025
RECAL 1 3 4 6 6 36,RECAL 3 0 9999 64 4 80,RECAL 3 1 2252 64 4 80,2187,2575,16,16,-237842,-237855,2252,2636,2251,2639
RECAL 1 3 4 7 7 36,RECAL 3 0 9999 64 4 80,RECAL 3 1 741 64 4 80,683,2614,16,15,-236100,-236104,741.5,2676,743,2678
RECAL 1 3 4 8 8 36,RECAL 3 0 9999 64 4 80,RECAL 3 1 694 64 4 80,629,2011,16,16,-234908,-234917,694.4,2075,693,2075
RECAL 1 3 4 9 9 36,RECAL 3 0 9999 64 4 80,RECAL 3 1 639 64 4 80,572,1148,16,16,-234986,-235003,638.7,1210,636,1212
RECAL 1 3 4 10 10 36,RECAL 3 0 9999 64 4 80,NULL,-7,NULL,NULL,NULL,NULL,NULL,NULL,NULL,NULL,NULL
RECAL 1 3 4 11 11 36,RECAL 3 0 9999 64 4 80,RECAL 3 1 493 64 4 80,426,-2155,16,17,-234329,-234317,493.2,-2091,494,-2091
RECAL 1 3 4 12 12 36,RECAL 3 0 9999 64 4 80,RECAL 3 1 453 64 4 80,401,-2753,16,13,-234180,-234202,453.3,-2687,453,-2689
RECAL 1 3 4 13 13 36,RECAL 3 0 9999 64 4 80,RECAL 3 1 -2108 64 4 80,-2173,-2777,16,16,-233720,-233717,-2108,-2711,-2109,-2713
RECAL 1 3 4 14 14 36,RECAL 3 0 9999 64 4 80,RECAL 3 1 -2098 64 4 80,-2163,-2187,16,16,-233594,-233602,-2098,-2123,-2099,-2123
RECAL 1 3 4 15 15 36,RECAL 3 0 9999 64 4 80,RECAL 3 1 -2144 64 4 80,-2206,-1356,16,15,-233387,-233451,-2144,-1291,-2146,-1292
RECAL 1 3 4 16 16 36,RECAL 3 0 9999 64 4 80,RECAL 3 1 -2059 64 4 80,-2126,1084,16,17,-232996,-233018,-2059,1149,-2058,1148
RECAL 1 3 4 17 17 36,RECAL 3 0 9999 64 4 80,RECAL 3 1 -2045 64 4 80,-2110,1977,16,16,-234509,-234542,-2045,2039,-2046,2041
RECAL 1 3 4 18 18 36,RECAL 3 0 9999 64 4 80,RECAL 3 1 -2038 64 4 80,-2101,2585,16,16,-235347,-235349,-2038,2653,-2037,2649
RECAL 1 3 5 1 1 37,RECAL 3 0 9999 64 4 80,RECAL 3 1 2181 64 4 80,2118,-2863,16,16,-235271,-235274,2181,-2798,2182,-2799
RECAL 1 3 5 2 2 37,RECAL 3 0 9999 64 4 80,NULL,2.222e+04,NULL,NULL,NULL,NULL,NULL,NULL,NULL,NULL,NULL
RECAL 1 3 5 3 3 37,RECAL 3 0 9999 64 4 80,RECAL 3 1 2212 64 4 80,2147,-1489,16,16,-237336,-237351,2212,-1425,2211,-1425
RECAL 1 3 5 4 4 37,RECAL 3 0 9999 64 4 80,RECAL 3 1 2141 64 4 80,2078,934,16,16,-235608,-235622,2141,997,2142,998
RECAL 1 3 5 5 5 37,RECAL 3 0 9999 64 4 80,RECAL 3 1 2238 64 4 80,2173,1904,16,16,-234730,-234734,2238,1967,2237,1968
RECAL 1 3 5 6 6 37,RECAL 3 0 9999 64 4 80,RECAL 3 1 2254 64 4 80,2190,2537,16,16,-234637,-234622,2254,2599,2254,2601
RECAL 1 3 5 7 7 37,RECAL 3 0 9999 64 4 80,RECAL 3 1 599 64 4 80,532,2571,16,16,-236003,-236012,598.6,2635,596,2635
RECAL 1 3 5 8 8 37,RECAL 3 0 9999 64 4 80,RECAL 3 1 537 64 4 80,476,1952,16,15,-236559,-236591,537.2,2015,536,2016
RECAL 1 3 5 9 9 37,RECAL 3 0 9999 64 4 80,RECAL 3 1 -462 64 4 80,-528,1028,16,17,-235037,-235042,-461.6,1091,-460,1092
RECAL 1 3 5 10 10 37,RECAL 3 0 9999 64 4 80,RECAL 3 1 395 64 4 80,323,-1420,16,19,-234714,-234717,394.8,-1356,399,-1356
RECAL 1 3 5 11 11 37,RECAL 3 0 9999 64 4 80,RECAL 3 1 -197 64 4 80,-241,-2240,16,11,-234647,-234645,-197.4,-2175,-197,-2176
RECAL 1 3 5 12 12 37,RECAL 3 0 9999 64 4 80,RECAL 3 1 -151 64 4 80,-223,-2826,16,18,-236741,-236740,-150.6,-2760,-151,-2762
RECAL 1 3 5 13 13 37,RECAL 3 0 9999 64 4 80,RECAL 3 1 -2196 64 4 80,-2260,-2846,16,16,-235919,-235906,-2196,-2782,-2196,-2782
RECAL 1 3 5 14 14 37,RECAL 3 0 9999 64 4 80,RECAL 3 1 -2196 64 4 80,-2259,-2268,16,16,-233495,-233508,-2196,-2202,-2195,-2204
RECAL 1 3 5 15 15 37,RECAL 3 0 9999 64 4 80,RECAL 3 1 -2158 64 4 80,-2222,-1469,17,16,-234796,-234984,-2158,-1402,-2158,-1401
RECAL 1 3 5 16 16 37,RECAL 3 0 9999 64 4 80,RECAL 3 1 -2232 64 4 80,-2296,965,16,16,-235224,-235234,-2232,1028,-2232,1029
RECAL 1 3 5 17 17 37,RECAL 3 0 9999 64 4 80,NULL,-2197,NULL,NULL,NULL,NULL,NULL,NULL,NULL,NULL,NULL
RECAL 1 3 5 18 18 37,RECAL 3 0 9999 64 4 80,RECAL 3 1 -2123 64 4 80,-2186,2544,16,16,-235310,-235348,-2123,2607,-2122,2608
RECAL 1 3 6 1 1 38,RECAL 3 0 9999 64 4 80,RECAL 3 1 2270 64 4 80,2208,-2694,16,15,-241228,-241291,2270,-2629,2268,-2630
RECAL 1 3 6 2 2 38,RECAL 3 0 9999 64 4 80,RECAL 3 1 2184 64 4 80,2124,-2096,16,15,-245011,-245021,2184,-2030,2184,-2032
RECAL 1 3 6 3 3 38,RECAL 3 0 9999 64 4 80,RECAL 3 1 2175 64 4 80,2115,-1224,16,15,-246153,-246157,2175,-1161,2175,-1160
RECAL 1 3 6 4 4 38,RECAL 3 0 9999 64 4 80,RECAL 3 1 2264 64 4 80,2203,NULL,NULL,NULL,NULL,NULL,NULL,NULL,NULL,NULL
RECAL 1 3 6 5 5 38,RECAL 3 0 9999 64 4 80,RECAL 3 1 2258 64 4 80,2200,2022,16,14,-244946,-244980,2258,2086,2256,2086
RECAL 1 3 6 6 6 38,RECAL 3 0 9999 64 4 80,RECAL 3 1 2252 64 4 80,2191,2611,15,15,-246080,-246094,2252,2672,2251,2671
RECAL 1 3 6 7 7 38,RECAL 3 0 9999 64 4 80,RECAL 3 1 523 64 4 80,464,2572,16,15,-239218,-239232,523.3,2634,524,2636
RECAL 1 3 6 8 8 38,RECAL 3 0 9999 64 4 80,RECAL 3 1 522 64 4 80,462,1975,15,15,-238124,-238551,522.3,2036,522,2035
RECAL 1 3 6 9 9 38,RECAL 3 0 9999 64 4 80,RECAL 3 1 551 64 4 80,496,1108,16,14,-238798,-238795,550.5,1170,552,1172
RECAL 1 3 6 10 10 38,RECAL 3 0 9999 64 4 80,RECAL 3 1 -326 64 4 80,-365,-1300,16,10,-237875,-237849,-325.6,-1234,-325,-1236
RECAL 1 3 6 11 11 38,RECAL 3 0 9999 64 4 80,RECAL 3 1 -249 64 4 80,-304,-2141,16,13,-239178,-239177,-248.6,-2075,-252,-2077
RECAL 1 3 6 12 12 38,RECAL 3 0 9999 64 4 80,RECAL 3 1 605 64 4 80,547,-2728,16,14,-238169,-238201,604.9,-2662,603,-2664
RECAL 1 3 6 13 13 38,RECAL 3 0 9999 64 4 80,RECAL 3 1 -2123 64 4 80,-2188,-2726,16,16,-240970,-240949,-2123,-2660,-2124,-2662
RECAL 1 3 6 14 14 38,RECAL 3 0 9999 64 4 80,RECAL 3 1 -2203 64 4 80,-2266,-2139,16,16,-238670,-238726,-2203,-2073,-2202,-2075
RECAL 1 3 6 15 15 38,RECAL 3 0 9999 64 4 80,RECAL 3 1 -2210 64 4 80,-2275,-1299,16,16,-238424,-238435,-2210,-1233,-2211,-1235
RECAL 1 3 6 16 16 38,RECAL 3 0 9999 64 4 80,RECAL 3 1 -2127 64 4 80,-2191,1110,15,16,-239293,-239521,-2127,1171,-2127,1170
RECAL 1 3 6 17 17 38,RECAL 3 0 9999 64 4 80,RECAL 3 1 -2134 64 4 80,-2199,NULL,NULL,NULL,NULL,NULL,NULL,NULL,NULL,NULL
RECAL 1 3 6 18 18 38,RECAL 3 0 9999 64 4 80,RECAL 3 1 -2141 64 4 80,-2205,2570,15,16,-242839,-242938,-2141,2632,-2141,2630
RECAL 1 3 7 1 1 39,RECAL 3 0 9999 64 4 80,RECAL 3 1 2181 64 4 80,2117,-2859,16,16,-237108,-237072,2181,-2796,2181,-2795
RECAL 1 3 7 2 2 39,RECAL 3 0 9999 64 4 80,NULL,NULL,NULL,NULL,NULL,NULL,NULL,NULL,NULL,NULL,NULL
RECAL 1 3 7 4 4 39,RECAL 3 0 9999 64 4 80,RECAL 3 1 2191 64 4 80,2127,934,16,16,-235916,-235906,2191,996.6,2191,998
RECAL 1 3 7 5 5 39,RECAL 3 0 9999 64 4 80,RECAL 3 1 2196 64 4 80,2133,1907,16,16,-234980,-235014,2196,1971,2197,1971
RECAL 1 3 7 6 6 39,RECAL 3 0 9999 64 4 80,RECAL 3 1 2202 64 4 80,2138,2540,16,16,-238081,-238033,2202,2602,2202,2604
RECAL 1 3 7 7 7 39,RECAL 3 0 9999 64 4 80,RECAL 3 1 444 64 4 80,380,2515,16,16,-234841,-234802,443.8,2576,444,2579
RECAL 1 3 7 8 8 39,RECAL 3 0 9999 64 4 80,RECAL 3 1 425 64 4 80,353,1875,16,18,-237064,-237015,424.9,1938,425,1939
RECAL 1 3 7 9 9 39,RECAL 3 0 9999 64 4 80,RECAL 3 1 371 64 4 80,301,869,16,18,-236672,-236693,371.1,931.1,373,933
RECAL 1 3 7 10 10 39,RECAL 3 0 9999 64 4 80,RECAL 3 1 -536 64 4 80,-601,-1533,16,17,-236364,-236362,-536,-1468,-533,-1469
RECAL 1 3 7 11 11 39,RECAL 3 0 9999 64 4 80,RECAL 3 1 -554 64 4 80,-623,-2311,16,17,-234902,-234876,-554.5,-2245,-555,-2247
RECAL 1 3 7 12 12 39,RECAL 3 0 9999 64 4 80,RECAL 3 1 297 64 4 80,248,-2881,16,12,-235946,-235905,296.8,-2816,296,-2817
RECAL 1 3 7 13 13 39,RECAL 3 0 9999 64 4 80,RECAL 3 1 -2153 64 4 80,-2215,-2883,16,16,-236616,-236637,-2153,-2818,-2151,-2819
RECAL 1 3 7 14 14 39,RECAL 3 0 9999 64 4 80,RECAL 3 1 -2226 64 4 80,-2292,-2310,16,16,-237400,-237452,-2226,-2248,-2228,-2246
RECAL 1 3 7 15 15 39,RECAL 3 0 9999 64 4 80,NULL,-2287,NULL,NULL,NULL,NULL,NULL,NULL,NULL,NULL,NULL
RECAL 1 3 7 16 16 39,RECAL 3 0 9999 64 4 80,RECAL 3 1 -2139 64 4 80,-2204,855,17,16,-233581,-233607,-2139,921.3,-2140,923
RECAL 1 3 7 17 17 39,RECAL 3 0 9999 64 4 80,RECAL 3 1 -2131 64 4 80,-2196,1868,16,16,-235562,-235612,-2131,1933,-2132,1932
RECAL 1 3 7 18 18 39,RECAL 3 0 9999 64 4 80,RECAL 3 1 -2129 64 4 80,-2195,2510,16,16,-235092,-235090,-2129,2573,-2131,2574
RECAL 1 3 8 1 1 40,RECAL 3 0 9999 64 4 80,RECAL 3 1 2211 64 4 80,2147,-2737,16,16,-234725,-234788,2211,-2672,2211,-2673
RECAL 1 3 8 2 2 40,RECAL 3 0 9999 64 4 80,RECAL 3 1 2128 64 4 80,2068,-2139,16,15,-233178,-233184,2128,-2073,2128,-2075
RECAL 1 3 8 3 3 40,RECAL 3 0 9999 64 4 80,RECAL 3 1 2124 64 4 80,2060,-1270,16,16,-233539,-233518,2124,-1205,2124,-1206
RECAL 1 3 8 4 4 40,RECAL 3 0 9999 64 4 80,NULL,2155,NULL,NULL,NULL,NULL,NULL,NULL,NULL,NULL,NULL
RECAL 1 3 8 5 5 40,RECAL 3 0 9999 64 4 80,RECAL 3 1 2212 64 4 80,2148,2020,16,16,-233469,-233483,2212,2082,2212,2084
RECAL 1 3 8 6 6 40,RECAL 3 0 9999 64 4 80,RECAL 3 1 2213 64 4 80,2151,2616,16,15,-235081,-235095,2213,2678,2211,2680
RECAL 1 3 8 7 7 40,RECAL 3 0 9999 64 4 80,NULL,-269,NULL,NULL,NULL,NULL,NULL,NULL,NULL,NULL,NULL
RECAL 1 3 8 8 8 40,RECAL 3 0 9999 64 4 80,NULL,-287,NULL,NULL,NULL,NULL,NULL,NULL,NULL,NULL,NULL
RECAL 1 3 8 9 9 40,RECAL 3 0 9999 64 4 80,RECAL 3 1 -137 64 4 80,-217,1226,16,19,-235290,-235321,-137.3,1290,-141,1290
RECAL 1 3 8 10 10 40,RECAL 3 0 9999 64 4 80,RECAL 3 1 -679 64 4 80,-739,-1197,17,15,-233857,-233907,-679,-1130,-679,-1129
RECAL 1 3 8 11 11 40,RECAL 3 0 9999 64 4 80,RECAL 3 1 -676 64 4 80,-738,-2095,16,16,-233151,-233127,-676.1,-2029,-674,-2031
RECAL 1 3 8 12 12 40,RECAL 3 0 9999 64 4 80,RECAL 3 1 -152 64 4 80,-152,-2703,16,0,-237304,-237225,-152,-2638,-152,-2639
RECAL 1 3 8 13 13 40,RECAL 3 0 9999 64 4 80,NULL,-2286,NULL,NULL,NULL,NULL,NULL,NULL,NULL,NULL,NULL
RECAL 1 3 8 14 14 40,RECAL 3 0 9999 64 4 80,RECAL 3 1 -2292 64 4 80,-2356,-2135,16,16,-232462,-232444,-2292,-2070,-2292,-2071
RECAL 1 3 8 15 15 40,RECAL 3 0 9999 64 4 80,RECAL 3 1 -2296 64 4 80,-2361,-1272,17,16,-233313,-233462,-2296,-1205,-2297,-1204
RECAL 1 3 8 16 16 40,RECAL 3 0 9999 64 4 80,RECAL 3 1 -2211 64 4 80,-2275,1158,16,16,-233036,-233050,-2211,1221,-2211,1222
RECAL 1 3 8 17 17 40,RECAL 3 0 9999 64 4 80,RECAL 3 1 -2214 64 4 80,-2282,2015,16,17,-235529,-235510,-2214,2077,-2214,2079
RECAL 1 3 8 18 18 40,RECAL 3 0 9999 64 4 80,NULL,-2287,NULL,NULL,NULL,NULL,NULL,NULL,NULL,NULL,NULL
RECAL 1 3 9 1 1 41,RECAL 3 0 9999 64 4 80,RECAL 3 1 2202 64 4 80,2138,-2681,16,16,-239427,-239423,2202,-2615,2202,-2617
RECAL 1 3 9 2 2 41,RECAL 3 0 9999 64 4 80,RECAL 3 1 2103 64 4 80,2041,-2092,16,16,-237374,-237434,2103,-2026,2105,-2028
RECAL 1 3 9 3 3 41,RECAL 3 0 9999 64 4 80,RECAL 3 1 2105 64 4 80,2042,-1242,17,16,-239220,-239324,2105,-1175,2106,-1174
RECAL 1 3 9 4 4 41,RECAL 3 0 9999 64 4 80,RECAL 3 1 2192 64 4 80,2128,1136,16,16,-237890,-237890,2192,1198,2192,1200
RECAL 1 3 9 5 5 41,RECAL 3 0 9999 64 4 80,RECAL 3 1 2187 64 4 80,2126,1978,16,15,-234142,-234181,2187,2041,2186,2042
RECAL 1 3 9 6 6 41,RECAL 3 0 9999 64 4 80,RECAL 3 1 2181 64 4 80,2117,2563,16,16,-235130,-235116,2181,2626,2181,2627
RECAL 1 3 9 7 7 41,RECAL 3 0 9999 64 4 80,NULL,-182,NULL,NULL,NULL,NULL,NULL,NULL,NULL,NULL,NULL
RECAL 1 3 9 8 8 41,RECAL 3 0 9999 64 4 80,RECAL 3 1 -134 64 4 80,-134,2012,16,0,-237177,-237175,-134,2076,-134,2076
RECAL 1 3 9 9 9 41,RECAL 3 0 9999 64 4 80,RECAL 3 1 -156 64 4 80,-253,1201,16,25,-239032,-239026,-155.8,1263,-153,1265
RECAL 1 3 9 10 10 41,RECAL 3 0 9999 64 4 80,RECAL 3 1 -636 64 4 80,-709,-1177,NULL,NULL,NULL,NULL,NULL,NULL,NULL,NULL
RECAL 1 3 9 11 11 41,RECAL 3 0 9999 64 4 80,RECAL 3 1 -653 64 4 80,-723,-2052,16,17,-238020,-238029,-653,-1986,-655,-1988
RECAL 1 3 9 12 12 41,RECAL 3 0 9999 64 4 80,RECAL 3 1 213 64 4 80,153,-2648,16,15,-238366,-238336,212.8,-2583,213,-2584
RECAL 1 3 9 13 13 41,RECAL 3 0 9999 64 4 80,RECAL 3 1 -2173 64 4 80,-2239,-2680,16,16,-244151,-244186,-2173,-2619,-2175,-2616
RECAL 1 3 9 14 14 41,RECAL 3 0 9999 64 4 80,NULL,-2332,NULL,NULL,NULL,NULL,NULL,NULL,NULL,NULL,NULL
RECAL 1 3 9 15 15 41,RECAL 3 0 9999 64 4 80,RECAL 3 1 -2266 64 4 80,-2334,-1250,16,17,-235718,-235717,-2266,-1185,-2266,-1186
RECAL 1 3 9 16 16 41,RECAL 3 0 9999 64 4 80,NULL,-2.158e+04,NULL,NULL,NULL,NULL,NULL,NULL,NULL,NULL,NULL
RECAL 1 3 9 17 17 41,RECAL 3 0 9999 64 4 80,RECAL 3 1 -2190 64 4 80,-2255,1969,16,16,-235404,-235427,-2190,2032,-2191,2033
RECAL 1 3 9 18 18 41,RECAL 3 0 9999 64 4 80,RECAL 3 1 -2189 64 4 80,-2256,2557,16,17,-235334,-235362,-2189,2620,-2188,2621
RECAL 1 3 10 1 1 42,RECAL 3 0 9999 64 4 80,RECAL 3 1 2190 64 4 80,2128,-2726,16,16,-240580,-240629,2190,-2663,2192,-2662
RECAL 1 3 10 2 2 42,RECAL 3 0 9999 64 4 80,RECAL 3 1 2160 64 4 80,2096,-2130,16,16,-237510,-237493,2160,-2066,2160,-2066
RECAL 1 3 10 3 3 42,RECAL 3 0 9999 64 4 80,RECAL 3 1 2138 64 4 80,2074,-1267,16,16,-241838,-241835,2138,-1202,2138,-1203
RECAL 1 3 10 4 4 42,RECAL 3 0 9999 64 4 80,RECAL 3 1 2199 64 4 80,2136,1149,16,16,-240463,-240496,2199,1212,2200,1213
RECAL 1 3 10 5 5 42,RECAL 3 0 9999 64 4 80,RECAL 3 1 2267 64 4 80,2203,2008,15,16,-238375,-238442,2267,2070,2267,2068
RECAL 1 3 10 6 6 42,RECAL 3 0 9999 64 4 80,RECAL 3 1 2262 64 4 80,2198,2605,16,16,-239899,-239899,2262,2667,2262,2669
RECAL 1 3 10 7 7 42,RECAL 3 0 9999 64 4 80,NULL,261,NULL,NULL,NULL,NULL,NULL,NULL,NULL,NULL,NULL
RECAL 1 3 10 8 8 42,RECAL 3 0 9999 64 4 80,RECAL 3 1 361 64 4 80,287,2025,16,19,-235569,-235576,361.3,2087,363,2089
RECAL 1 3 10 9 9 42,RECAL 3 0 9999 64 4 80,RECAL 3 1 -438 64 4 80,-502,1179,15,16,-236981,-237139,-438,1240,-438,1239
RECAL 1 3 10 10 10 42,RECAL 3 0 9999 64 4 80,RECAL 3 1 -691 64 4 80,-755,-1238,16,16,-236545,-236551,-691.3,-1173,-691,-1174
RECAL 1 3 10 11 11 42,RECAL 3 0 9999 64 4 80,RECAL 3 1 -629 64 4 80,-689,-2112,16,15,-235420,-235429,-628.7,-2048,-629,-2048
RECAL 1 3 10 12 12 42,RECAL 3 0 9999 64 4 80,RECAL 3 1 -523 64 4 80,-594,-2712,16,17,-236291,-236266,-523.2,-2648,-526,-2648
RECAL 1 3 10 13 13 42,RECAL 3 0 9999 64 4 80,RECAL 3 1 -2275 64 4 80,-2338,-2730,16,16,-233957,-233985,-2275,-2665,-2274,-2666
RECAL 1 3 10 14 14 42,RECAL 3 0 9999 64 4 80,RECAL 3 1 -2298 64 4 80,-2361,-2135,16,16,-237251,-237277,-2298,-2070,-2297,-2071
RECAL 1 3 10 15 15 42,RECAL 3 0 9999 64 4 80,RECAL 3 1 -2317 64 4 80,-2380,-1277,16,16,-235997,-236000,-2317,-1213,-2316,-1213
RECAL 1 3 10 16 16 42,RECAL 3 0 9999 64 4 80,RECAL 3 1 -2262 64 4 80,-2324,1134,16,16,-234111,-234174,-2262,1198,-2260,1198
RECAL 1 3 10 17 17 42,RECAL 3 0 9999 64 4 80,RECAL 3 1 -2197 64 4 80,-2261,1997,16,16,-235038,-235031,-2197,2059,-2197,2061
RECAL 1 3 10 18 18 42,RECAL 3 0 9999 64 4 80,RECAL 3 1 -2206 64 4 80,-2271,2595,16,16,-236199,-236237,-2206,2657,-2207,2659
RECAL 1 3 11 1 1 43,RECAL 3 0 9999 64 4 80,RECAL 3 1 2179 64 4 80,2114,-2715,16,16,-236209,-236246,2179,-2650,2178,-2651
RECAL 1 3 11 2 2 43,RECAL 3 0 9999 64 4 80,RECAL 3 1 2144 64 4 80,2078,-2118,16,16,-234209,-234237,2144,-2053,2142,-2054
RECAL 1 3 11 3 3 43,RECAL 3 0 9999 64 4 80,RECAL 3 1 2227 64 4 80,2162,-1251,16,16,-234581,-234585,2227,-1186,2226,-1187
RECAL 1 3 11 4 4 43,RECAL 3 0 9999 64 4 80,RECAL 3 1 2122 64 4 80,2059,1159,16,16,-234324,-234325,2122,1222,2123,1223
RECAL 1 3 11 5 5 43,RECAL 3 0 9999 64 4 80,RECAL 3 1 2208 64 4 80,2144,2008,16,16,-233496,-233513,2208,2071,2208,2072
RECAL 1 3 11 6 6 43,RECAL 3 0 9999 64 4 80,RECAL 3 1 2201 64 4 80,2136,2603,16,16,-233682,-233722,2201,2664,2200,2667
RECAL 1 3 11 7 7 43,RECAL 3 0 9999 64 4 80,RECAL 3 1 -213 64 4 80,-288,2629,16,19,-232666,-232667,-213,2692,-212,2693
RECAL 1 3 11 8 8 43,RECAL 3 0 9999 64 4 80,RECAL 3 1 114 64 4 80,33,2045,16,20,-231882,-231850,114.3,2107,113,2109
RECAL 1 3 11 9 9 43,RECAL 3 0 9999 64 4 80,RECAL 3 1 -628 64 4 80,-697,1217,16,17,-233701,-233673,-628.3,1282,-629,1281
RECAL 1 3 11 10 10 43,RECAL 3 0 9999 64 4 80,RECAL 3 1 326 64 4 80,249,-1182,16,19,-239030,-239017,325.9,-1118,325,-1118
RECAL 1 3 11 11 11 43,RECAL 3 0 9999 64 4 80,NULL,-609,NULL,NULL,NULL,NULL,NULL,NULL,NULL,NULL,NULL
RECAL 1 3 11 12 12 43,RECAL 3 0 9999 64 4 80,RECAL 3 1 -392 64 4 80,-420,-2682,16,7,-237581,-237524,-392.1,-2617,-392,-2618
RECAL 1 3 11 13 13 43,RECAL 3 0 9999 64 4 80,RECAL 3 1 -2214 64 4 80,-2278,-2721,16,16,-237737,-237724,-2214,-2657,-2214,-2657
RECAL 1 3 11 14 14 43,RECAL 3 0 9999 64 4 80,RECAL 3 1 -2242 64 4 80,-2306,-2128,16,16,-236266,-236314,-2242,-2062,-2242,-2064
RECAL 1 3 1 1 1 33,RECAL 3 0 9999 64 4 80,RECAL 3 1 2186 64 4 80,2122,-2727,16,16,-236109,-236095,2186,-2660,2186,-2663
RECAL 1 3 1 2 2 33,RECAL 3 0 9999 64 4 80,RECAL 3 1 2143 64 4 80,2080,-2125,17,16,-236952,-237148,2143,-2058,2144,-2057
RECAL 1 3 1 3 3 33,RECAL 3 0 9999 64 4 80,RECAL 3 1 2185 64 4 80,2121,-1254,16,16,-238092,-238075,2185,-1189,2185,-1190
RECAL 1 3 1 4 4 33,RECAL 3 0 9999 64 4 80,RECAL 3 1 2118 64 4 80,2054,1172,16,16,-237994,-238000,2118,1236,2118,1236
RECAL 1 3 1 5 5 33,RECAL 3 0 9999 64 4 80,RECAL 3 1 2202 64 4 80,2137,2021,NULL,NULL,NULL,NULL,NULL,NULL,NULL,NULL
RECAL 1 3 1 6 6 33,RECAL 3 0 9999 64 4 80,RECAL 3 1 2194 64 4 80,2130,2614,16,16,-233440,-233454,2194,2678,2194,2678
RECAL 1 3 1 7 7 33,RECAL 3 0 9999 64 4 80,RECAL 3 1 -423 64 4 80,-476,2637,16,14,-234705,-234708,-423.3,2701,-420,2701
RECAL 1 3 1 8 8 33,RECAL 3 0 9999 64 4 80,RECAL 3 1 -330 64 4 80,-397,2050,16,17,-233285,-233292,-330.2,2113,-329,2114
RECAL 1 3 1 9 9 33,RECAL 3 0 9999 64 4 80,RECAL 3 1 -709 64 4 80,-774,1222,16,16,-236163,-236159,-709.1,1286,-710,1286
RECAL 1 3 1 10 10 33,RECAL 3 0 9999 64 4 80,RECAL 3 1 -433 64 4 80,-504,-1198,16,17,-238244,-238247,-432.9,-1132,-436,-1134
RECAL 1 3 1 11 11 33,RECAL 3 0 9999 64 4 80,RECAL 3 1 -633 64 4 80,-699,-2091,16,17,-236130,-236127,-632.8,-2025,-631,-2027
RECAL 1 3 1 12 12 33,RECAL 3 0 9999 64 4 80,RECAL 3 1 -472 64 4 80,-545,-2699,16,18,-234961,-234950,-472.2,-2633,-473,-2635
RECAL 1 3 1 13 13 33,RECAL 3 0 9999 64 4 80,RECAL 3 1 -2256 64 4 80,-2322,-2733,16,16,-238496,-238522,-2256,-2668,-2258,-2669
RECAL 1 3 1 14 14 33,RECAL 3 0 9999 64 4 80,RECAL 3 1 -2291 64 4 80,-2357,-2137,16,17,-234320,-234377,-2291,-2071,-2289,-2073
RECAL 1 3 1 15 15 33,RECAL 3 0 9999 64 4 80,RECAL 3 1 -2253 64 4 80,-2316,-1279,16,16,-234269,-234275,-2253,-1215,-2252,-1215
RECAL 1 3 1 16 16 33,RECAL 3 0 9999 64 4 80,RECAL 3 1 -2314 64 4 80,-2378,1145,16,16,-235226,-235219,-2314,1209,-2314,1209
RECAL 1 3 1 17 17 33,RECAL 3 0 9999 64 4 80,RECAL 3 1 -2235 64 4 80,-2301,2003,16,16,-232006,-232094,-2235,2066,-2237,2067
RECAL 1 3 1 18 18 33,RECAL 3 0 9999 64 4 80,RECAL 3 1 -2249 64 4 80,-2313,2599,16,16,-235000,-234961,-2249,2661,-2249,2663
RECAL 1 3 2 1 1 34,RECAL 3 0 9999 64 4 80,RECAL 3 1 2180 64 4 80,2118,-2797,16,15,-232888,-232925,2180,-2729,2178,-2733
RECAL 1 3 2 2 2 34,RECAL 3 0 9999 64 4 80,RECAL 3 1 2092 64 4 80,2029,-2203,16,16,-233060,-233092,2092,-2139,2093,-2139
RECAL 1 3 2 3 3 34,RECAL 3 0 9999 64 4 80,RECAL 3 1 2079 64 4 80,2015,-1361,16,16,-233734,-233720,2079,-1296,2079,-1297
RECAL 1 3 2 4 4 34,RECAL 3 0 9999 64 4 80,RECAL 3 1 2088 64 4 80,2025,1103,16,16,-234404,-234428,2088,1166,2089,1167
RECAL 1 3 2 5 5 34,RECAL 3 0 9999 64 4 80,RECAL 3 1 2148 64 4 80,2085,1998,15,16,-234115,-234697,2148,2059,2149,2058
RECAL 1 3 2 6 6 34,RECAL 3 0 9999 64 4 80,RECAL 3 1 2079 64 4 80,2018,2604,16,15,-233481,-233474,2079,2664,2078,2668
RECAL 1 3 2 7 7 34,RECAL 3 0 9999 64 4 80,RECAL 3 1 -800 64 4 80,-864,2590,15,16,-233007,-233155,-800.3,2656,-800,2650
RECAL 1 3 2 8 8 34,RECAL 3 0 9999 64 4 80,RECAL 3 1 -539 64 4 80,-610,1978,16,18,-231779,-231769,-538.7,2041,-538,2042
RECAL 1 3 2 9 9 34,RECAL 3 0 9999 64 4 80,RECAL 3 1 -737 64 4 80,-798,1072,16,15,-232999,-233005,-737.2,1135,-738,1136
RECAL 1 3 2 10 10 34,RECAL 3 0 9999 64 4 80,RECAL 3 1 -772 64 4 80,-831,-1386,16,15,-232407,-232412,-771.9,-1321,-771,-1322
RECAL 1 3 2 11 11 34,RECAL 3 0 9999 64 4 80,RECAL 3 1 -744 64 4 80,-803,-2218,16,15,-231888,-231866,-743.6,-2153,-743,-2154
RECAL 1 3 2 12 12 34,RECAL 3 0 9999 64 4 80,RECAL 3 1 -390 64 4 80,-448,-2808,17,16,-231094,-231376,-389.6,-2742,-384,-2740
RECAL 1 3 2 13 13 34,RECAL 3 0 9999 64 4 80,RECAL 3 1 -2227 64 4 80,-2292,-2830,16,16,-231914,-231919,-2227,-2764,-2228,-2766
RECAL 1 3 2 14 14 34,RECAL 3 0 9999 64 4 80,RECAL 3 1 -2303 64 4 80,-2370,-2248,16,17,-231044,-231094,-2303,-2183,-2302,-2184
RECAL 1 3 2 15 15 34,RECAL 3 0 9999 64 4 80,RECAL 3 1 -2314 64 4 80,-2379,-1436,16,16,-231278,-231262,-2314,-1371,-2315,-1372
RECAL 1 3 2 16 16 34,RECAL 3 0 9999 64 4 80,RECAL 3 1 -2305 64 4 80,-2372,1005,16,17,-230963,-231027,-2305,1071,-2304,1069
RECAL 1 3 2 17 17 34,RECAL 3 0 9999 64 4 80,RECAL 3 1 -2252 64 4 80,-2316,1942,16,16,-231668,-231660,-2252,2007,-2252,2006
RECAL 1 3 2 18 18 34,RECAL 3 0 9999 64 4 80,RECAL 3 1 -2318 64 4 80,-2381,2561,16,16,-232087,-232077,-2318,2623,-2317,2625
RECAL 1 3 3 1 1 35,RECAL 3 0 9999 64 4 80,RECAL 3 1 2170 64 4 80,2107,-2705,16,16,-235298,-235291,2170,-2638,2171,-2641
RECAL 1 3 3 2 2 35,RECAL 3 0 9999 64 4 80,RECAL 3 1 2200 64 4 80,2138,-2115,16,15,-235755,-235789,2200,-2049,2198,-2051
RECAL 1 3 3 3 3 35,RECAL 3 0 9999 64 4 80,RECAL 3 1 2107 64 4 80,2043,-1269,16,16,-237916,-237943,2107,-1205,2107,-1205
RECAL 1 3 3 4 4 35,RECAL 3 0 9999 64 4 80,NULL,-2.156e+04,NULL,NULL,NULL,NULL,NULL,NULL,NULL,NULL,NULL
RECAL 1 3 3 5 5 35,RECAL 3 0 9999 64 4 80,RECAL 3 1 2181 64 4 80,2120,1982,15,15,-234369,-235095,2181,2042,2180,2042
RECAL 1 3 3 6 6 35,RECAL 3 0 9999 64 4 80,RECAL 3 1 2177 64 4 80,2113,2570,16,16,-233454,-233457,2177,2632,2177,2634
RECAL 1 3 3 7 7 35,RECAL 3 0 9999 64 4 80,RECAL 3 1 -419 64 4 80,-484,2545,16,16,-233495,-233487,-418.9,2608,-420,2609
RECAL 1 3 3 8 8 35,RECAL 3 0 9999 64 4 80,RECAL 3 1 -353 64 4 80,-416,1950,16,15,-234894,-234901,-352.8,2012,-356,2014
RECAL 1 3 3 9 9 35,RECAL 3 0 9999 64 4 80,RECAL 3 1 -711 64 4 80,-777,1084,16,16,-235243,-235241,-711.3,1147,-713,1148
RECAL 1 3 3 10 10 35,RECAL 3 0 9999 64 4 80,RECAL 3 1 -688 64 4 80,-753,-1315,16,16,-236195,-236198,-687.6,-1249,-689,-1251
RECAL 1 3 3 11 11 35,RECAL 3 0 9999 64 4 80,RECAL 3 1 -194 64 4 80,-275,-2142,16,20,-235441,-235422,-194,-2076,-195,-2078
RECAL 1 3 3 12 12 35,RECAL 3 0 9999 64 4 80,RECAL 3 1 -450 64 4 80,-522,-2723,16,18,-235938,-235893,-449.6,-2657,-450,-2659
RECAL 1 3 3 13 13 35,RECAL 3 0 9999 64 4 80,RECAL 3 1 -2234 64 4 80,-2301,-2697,16,17,-233507,-233518,-2234,-2631,-2233,-2633
RECAL 1 3 3 14 14 35,RECAL 3 0 9999 64 4 80,RECAL 3 1 -2205 64 4 80,-2270,-2107,17,16,-235320,-235497,-2205,-2041,-2206,-2039
RECAL 1 3 3 15 15 35,RECAL 3 0 9999 64 4 80,RECAL 3 1 -2290 64 4 80,-2356,-1262,NULL,NULL,NULL,NULL,NULL,NULL,NULL,NULL
RECAL 1 3 3 16 16 35,RECAL 3 0 9999 64 4 80,RECAL 3 1 -2297 64 4 80,-2362,1140,16,16,-232261,-232240,-2297,1203,-2298,1204
RECAL 1 3 3 17 17 35,RECAL 3 0 9999 64 4 80,RECAL 3 1 -2219 64 4 80,-2284,NULL,NULL,NULL,NULL,NULL,NULL,NULL,NULL,NULL
RECAL 1 3 3 18 18 35,RECAL 3 0 9999 64 4 80,RECAL 3 1 -2230 64 4 80,-2296,2571,16,16,-233827,-233901,-2230,2631,-2232,2635
RECAL 1 3 4 1 1 36,RECAL 3 0 9999 64 4 80,RECAL 3 1 2182 64 4 80,2120,-2793,16,16,-234508,-234586,2182,-2729,2184,-2729
RECAL 1 3 4 2 2 36,RECAL 3 0 9999 64 4 80,RECAL 3 1 2192 64 4 80,2130,-2207,16,15,-236165,-236240,2192,-2144,2190,-2143
RECAL 1 3 4 3 3 36,RECAL 3 0 9999 64 4 80,RECAL 3 1 2145 64 4 80,2082,-1385,16,16,-236715,-236748,2145,-1321,2146,-1321
RECAL 1 3 4 4 4 36,RECAL 3 0 9999 64 4 80,RECAL 3 1 2225 64 4 80,2163,1056,16,15,-238322,-238406,2225,1119,2223,1120
RECAL 1 3 4 5 5 36,RECAL 3 0 9999 64 4 80,RECAL 3 1 2239 64 4 80,2175,1961,16,16,-237798,-237791,2239,2024,2239,2025
RECAL 1 3 4 6 6 36,RECAL 3 0 9999 64 4 80,RECAL 3 1 2252 64 4 80,2187,2575,16,16,-237896,-237908,2252,2636,2251,2639
RECAL 1 3 4 7 7 36,RECAL 3 0 9999 64 4 80,RECAL 3 1 742 64 4 80,683,2614,16,15,-236163,-236138,742,2676,743,2678
RECAL 1 3 4 8 8 36,RECAL 3 0 9999 64 4 80,RECAL 3 1 695 64 4 80,629,2011,16,16,-234941,-234938,694.6,2075,693,2075
RECAL 1 3 4 9 9 36,RECAL 3 0 9999 64 4 80,RECAL 3 1 639 64 4 80,572,1148,16,17,-235030,-235023,639.1,1210,640,1212
RECAL 1 3 4 10 10 36,RECAL 3 0 9999 64 4 80,RECAL 3 1 91 64 4 80,-7,-1304,17,25,-235124,-235104,91.24,-1236,93,-1236
RECAL 1 3 4 11 11 36,RECAL 3 0 9999 64 4 80,RECAL 3 1 494 64 4 80,426,-2155,16,17,-234369,-234358,493.6,-2091,494,-2091
RECAL 1 3 4 12 12 36,RECAL 3 0 9999 64 4 80,RECAL 3 1 454 64 4 80,401,-2753,16,14,-234183,-234183,454,-2687,457,-2689
RECAL 1 3 4 13 13 36,RECAL 3 0 9999 64 4 80,RECAL 3 1 -2108 64 4 80,-2173,-2777,16,16,-233707,-233705,-2108,-2711,-2109,-2713
RECAL 1 3 4 14 14 36,RECAL 3 0 9999 64 4 80,RECAL 3 1 -2098 64 4 80,-2163,-2187,16,16,-233596,-233641,-2098,-2123,-2099,-2123
RECAL 1 3 4 15 15 36,RECAL 3 0 9999 64 4 80,RECAL 3 1 -2144 64 4 80,-2206,-1356,16,15,-233438,-233497,-2144,-1291,-2146,-1292
RECAL 1 3 4 16 16 36,RECAL 3 0 9999 64 4 80,RECAL 3 1 -2059 64 4 80,-2126,1084,16,17,-233021,-233057,-2059,1149,-2058,1148
RECAL 1 3 4 17 17 36,RECAL 3 0 9999 64 4 80,RECAL 3 1 -2045 64 4 80,-2110,1977,16,16,-234599,-234634,-2045,2039,-2046,2041
RECAL 1 3 4 18 18 36,RECAL 3 0 9999 64 4 80,RECAL 3 1 -2038 64 4 80,-2101,2585,16,16,-235424,-235454,-2038,2653,-2037,2649
RECAL 1 3 5 1 1 37,RECAL 3 0 9999 64 4 80,RECAL 3 1 2181 64 4 80,2118,-2863,16,16,-235335,-235343,2181,-2798,2182,-2799
RECAL 1 3 5 2 2 37,RECAL 3 0 9999 64 4 80,NULL,2.222e+04,NULL,NULL,NULL,NULL,NULL,NULL,NULL,NULL,NULL
RECAL 1 3 5 3 3 37,RECAL 3 0 9999 64 4 80,RECAL 3 1 2212 64 4 80,2147,-1489,16,16,-237330,-237331,2212,-1425,2211,-1425
RECAL 1 3 5 4 4 37,RECAL 3 0 9999 64 4 80,RECAL 3 1 2141 64 4 80,2078,934,16,16,-235620,-235633,2141,997.1,2142,998
RECAL 1 3 5 5 5 37,RECAL 3 0 9999 64 4 80,RECAL 3 1 2238 64 4 80,2173,1904,16,16,-234742,-234711,2238,1967,2237,1968
RECAL 1 3 5 6 6 37,RECAL 3 0 9999 64 4 80,RECAL 3 1 2254 64 4 80,2190,2537,16,16,-234680,-234673,2254,2599,2254,2601
RECAL 1 3 5 7 7 37,RECAL 3 0 9999 64 4 80,RECAL 3 1 599 64 4 80,532,2571,16,17,-236094,-236111,598.7,2635,600,2635
RECAL 1 3 5 8 8 37,RECAL 3 0 9999 64 4 80,RECAL 3 1 537 64 4 80,476,1952,16,14,-236610,-236647,536.8,2015,532,2016
RECAL 1 3 5 9 9 37,RECAL 3 0 9999 64 4 80,RECAL 3 1 -462 64 4 80,-528,1028,16,17,-235046,-235076,-461.8,1091,-460,1092
RECAL 1 3 5 10 10 37,RECAL 3 0 9999 64 4 80,RECAL 3 1 394 64 4 80,323,-1420,16,18,-234766,-234766,393.6,-1356,395,-1356
RECAL 1 3 5 11 11 37,RECAL 3 0 9999 64 4 80,RECAL 3 1 -199 64 4 80,-241,-2240,16,10,-234683,-234691,-199,-2175,-201,-2176
RECAL 1 3 5 12 12 37,RECAL 3 0 9999 64 4 80,RECAL 3 1 -148 64 4 80,-223,-2826,16,19,-236902,-236898,-148.1,-2760,-147,-2762
RECAL 1 3 5 13 13 37,RECAL 3 0 9999 64 4 80,RECAL 3 1 -2196 64 4 80,-2260,-2846,16,16,-235951,-235969,-2196,-2782,-2196,-2782
RECAL 1 3 5 14 14 37,RECAL 3 0 9999 64 4 80,RECAL 3 1 -2196 64 4 80,-2259,-2268,16,16,-233574,-233598,-2196,-2202,-2195,-2204
RECAL 1 3 5 15 15 37,RECAL 3 0 9999 64 4 80,RECAL 3 1 -2158 64 4 80,-2222,-1469,17,16,-234877,-235052,-2158,-1402,-2158,-1401
RECAL 1 3 5 16 16 37,RECAL 3 0 9999 64 4 80,RECAL 3 1 -2232 64 4 80,-2296,965,16,16,-235331,-235304,-2232,1028,-2232,1029
RECAL 1 3 5 17 17 37,RECAL 3 0 9999 64 4 80,NULL,-2197,NULL,NULL,NULL,NULL,NULL,NULL,NULL,NULL,NULL
RECAL 1 3 5 18 18 37,RECAL 3 0 9999 64 4 80,RECAL 3 1 -2123 64 4 80,-2186,2544,16,16,-235385,-235413,-2123,2607,-2122,2608
RECAL 1 3 6 1 1 38,RECAL 3 0 9999 64 4 80,RECAL 3 1 2270 64 4 80,2208,-2694,16,16,-241200,-241277,2270,-2629,2272,-2630
RECAL 1 3 6 2 2 38,RECAL 3 0 9999 64 4 80,RECAL 3 1 2185 64 4 80,2124,-2096,16,15,-244997,-245014,2185,-2030,2184,-2032
RECAL 1 3 6 3 3 38,RECAL 3 0 9999 64 4 80,RECAL 3 1 2175 64 4 80,2115,-1224,16,15,-246136,-246122,2175,-1161,2175,-1160
RECAL 1 3 6 4 4 38,RECAL 3 0 9999 64 4 80,RECAL 3 1 2264 64 4 80,2203,NULL,NULL,NULL,NULL,NULL,NULL,NULL,NULL,NULL
RECAL 1 3 6 5 5 38,RECAL 3 0 9999 64 4 80,RECAL 3 1 2258 64 4 80,2200,2022,16,14,-244843,-244947,2258,2086,2256,2086
RECAL 1 3 6 6 6 38,RECAL 3 0 9999 64 4 80,RECAL 3 1 2252 64 4 80,2191,2611,15,15,-246110,-246190,2252,2672,2251,2671
RECAL 1 3 6 7 7 38,RECAL 3 0 9999 64 4 80,RECAL 3 1 524 64 4 80,464,2572,16,15,-239236,-239248,523.8,2634,524,2636
RECAL 1 3 6 8 8 38,RECAL 3 0 9999 64 4 80,RECAL 3 1 523 64 4 80,462,1975,15,15,-238093,-238484,523,2036,522,2035
RECAL 1 3 6 9 9 38,RECAL 3 0 9999 64 4 80,RECAL 3 1 551 64 4 80,496,1108,16,14,-238689,-238709,551.2,1170,552,1172
RECAL 1 3 6 10 10 38,RECAL 3 0 9999 64 4 80,RECAL 3 1 -322 64 4 80,-365,-1300,16,10,-237744,-237752,-322.5,-1234,-325,-1236
RECAL 1 3 6 11 11 38,RECAL 3 0 9999 64 4 80,RECAL 3 1 -248 64 4 80,-304,-2141,16,14,-239079,-239091,-248.2,-2075,-248,-2077
RECAL 1 3 6 12 12 38,RECAL 3 0 9999 64 4 80,RECAL 3 1 606 64 4 80,547,-2728,16,14,-238069,-238083,605.7,-2662,603,-2664
RECAL 1 3 6 13 13 38,RECAL 3 0 9999 64 4 80,RECAL 3 1 -2123 64 4 80,-2188,-2726,16,16,-240927,-240920,-2123,-2660,-2124,-2662
RECAL 1 3 6 14 14 38,RECAL 3 0 9999 64 4 80,RECAL 3 1 -2203 64 4 80,-2266,-2139,16,16,-238565,-238581,-2203,-2073,-2202,-2075
RECAL 1 3 6 15 15 38,RECAL 3 0 9999 64 4 80,RECAL 3 1 -2210 64 4 80,-2275,-1299,16,16,-238296,-238286,-2210,-1233,-2211,-1235
RECAL 1 3 6 16 16 38,RECAL 3 0 9999 64 4 80,RECAL 3 1 -2127 64 4 80,-2191,1110,15,16,-239185,-239373,-2127,1171,-2127,1170
RECAL 1 3 6 17 17 38,RECAL 3 0 9999 64 4 80,RECAL 3 1 -2134 64 4 80,-2199,NULL,NULL,NULL,NULL,NULL,NULL,NULL,NULL,NULL
RECAL 1 3 6 18 18 38,RECAL 3 0 9999 64 4 80,RECAL 3 1 -2140 64 4 80,-2205,2570,15,16,-242905,-243074,-2140,2632,-2141,2630
RECAL 1 3 7 1 1 39,RECAL 3 0 9999 64 4 80,RECAL 3 1 2181 64 4 80,2117,-2859,16,16,-237045,-237039,2181,-2796,2181,-2795
RECAL 1 3 7 2 2 39,RECAL 3 0 9999 64 4 80,NULL,NULL,NULL,NULL,NULL,NULL,NULL,NULL,NULL,NULL,NULL
RECAL 1 3 7 4 4 39,RECAL 3 0 9999 64 4 80,RECAL 3 1 2191 64 4 80,2127,934,16,16,-235894,-235890,2191,996.6,2191,998
RECAL 1 3 7 5 5 39,RECAL 3 0 9999 64 4 80,RECAL 3 1 2196 64 4 80,2133,1907,16,16,-234953,-235004,2196,1970,2197,1971
RECAL 1 3 7 6 6 39,RECAL 3 0 9999 64 4 80,RECAL 3 1 2202 64 4 80,2138,2540,16,16,-238042,-238018,2202,2602,2202,2604
RECAL 1 3 7 7 7 39,RECAL 3 0 9999 64 4 80,RECAL 3 1 443 64 4 80,380,2515,16,15,-234818,-234843,443.4,2576,440,2579
RECAL 1 3 7 8 8 39,RECAL 3 0 9999 64 4 80,RECAL 3 1 425 64 4 80,353,1875,16,19,-237044,-237034,424.6,1938,429,1939
RECAL 1 3 7 9 9 39,RECAL 3 0 9999 64 4 80,RECAL 3 1 372 64 4 80,301,869,16,17,-236681,-236675,371.7,931.1,369,933
RECAL 1 3 7 10 10 39,RECAL 3 0 9999 64 4 80,RECAL 3 1 -536 64 4 80,-601,-1533,16,17,-236379,-236368,-536.1,-1468,-533,-1469
RECAL 1 3 7 11 11 39,RECAL 3 0 9999 64 4 80,RECAL 3 1 -554 64 4 80,-623,-2311,16,17,-234933,-234916,-554.4,-2245,-555,-2247
RECAL 1 3 7 12 12 39,RECAL 3 0 9999 64 4 80,RECAL 3 1 300 64 4 80,248,-2881,16,14,-235921,-235872,300.4,-2816,304,-2817
RECAL 1 3 7 13 13 39,RECAL 3 0 9999 64 4 80,RECAL 3 1 -2153 64 4 80,-2215,-2883,16,16,-236535,-236553,-2153,-2818,-2151,-2819
RECAL 1 3 7 14 14 39,RECAL 3 0 9999 64 4 80,RECAL 3 1 -2226 64 4 80,-2292,-2310,16,16,-237322,-237415,-2226,-2248,-2228,-2246
RECAL 1 3 7 15 15 39,RECAL 3 0 9999 64 4 80,NULL,-2287,NULL,NULL,NULL,NULL,NULL,NULL,NULL,NULL,NULL
RECAL 1 3 7 16 16 39,RECAL 3 0 9999 64 4 80,RECAL 3 1 -2139 64 4 80,-2204,855,17,16,-233537,-233557,-2139,921.3,-2140,923
RECAL 1 3 7 17 17 39,RECAL 3 0 9999 64 4 80,RECAL 3 1 -2131 64 4 80,-2196,1868,16,16,-235571,-235608,-2131,1933,-2132,1932
RECAL 1 3 7 18 18 39,RECAL 3 0 9999 64 4 80,RECAL 3 1 -2129 64 4 80,-2195,2510,16,16,-235057,-235066,-2129,2573,-2131,2574
RECAL 1 3 8 1 1 40,RECAL 3 0 9999 64 4 80,RECAL 3 1 2211 64 4 80,2147,-2737,16,16,-234810,-234848,2211,-2672,2211,-2673
RECAL 1 3 8 2 2 40,RECAL 3 0 9999 64 4 80,RECAL 3 1 2128 64 4 80,2068,-2139,16,15,-233172,-233200,2128,-2073,2128,-2075
RECAL 1 3 8 3 3 40,RECAL 3 0 9999 64 4 80,RECAL 3 1 2124 64 4 80,2060,-1270,16,16,-233551,-233563,2124,-1205,2124,-1206
RECAL 1 3 8 4 4 40,RECAL 3 0 9999 64 4 80,NULL,2155,NULL,NULL,NULL,NULL,NULL,NULL,NULL,NULL,NULL
RECAL 1 3 8 5 5 40,RECAL 3 0 9999 64 4 80,RECAL 3 1 2212 64 4 80,2148,2020,16,16,-233582,-233546,2212,2082,2212,2084
RECAL 1 3 8 6 6 40,RECAL 3 0 9999 64 4 80,RECAL 3 1 2213 64 4 80,2151,2616,16,15,-235093,-235136,2213,2678,2211,2680
RECAL 1 3 8 7 7 40,RECAL 3 0 9999 64 4 80,RECAL 3 1 -243 64 4 80,-269,2647,16,7,-234260,-234261,-243,2710,-241,2711
RECAL 1 3 8 8 8 40,RECAL 3 0 9999 64 4 80,RECAL 3 1 -232 64 4 80,-287,2060,16,14,-232946,-232959,-232.5,2122,-231,2124
RECAL 1 3 8 9 9 40,RECAL 3 0 9999 64 4 80,RECAL 3 1 -132 64 4 80,-217,1226,16,20,-235403,-235375,-132.1,1290,-137,1290
RECAL 1 3 8 10 10 40,RECAL 3 0 9999 64 4 80,RECAL 3 1 -679 64 4 80,-739,-1197,17,15,-233921,-233965,-679,-1130,-679,-1129
RECAL 1 3 8 11 11 40,RECAL 3 0 9999 64 4 80,RECAL 3 1 -675 64 4 80,-738,-2095,16,15,-233166,-233186,-675.4,-2029,-678,-2031
RECAL 1 3 8 12 12 40,RECAL 3 0 9999 64 4 80,RECAL 3 1 -152 64 4 80,-152,-2703,16,0,-237372,-237275,-152,-2638,-152,-2639
RECAL 1 3 8 13 13 40,RECAL 3 0 9999 64 4 80,NULL,-2286,NULL,NULL,NULL,NULL,NULL,NULL,NULL,NULL,NULL
RECAL 1 3 8 14 14 40,RECAL 3 0 9999 64 4 80,RECAL 3 1 -2292 64 4 80,-2356,-2135,16,16,-232474,-232480,-2292,-2070,-2292,-2071
RECAL 1 3 8 15 15 40,RECAL 3 0 9999 64 4 80,RECAL 3 1 -2296 64 4 80,-2361,-1272,17,16,-233406,-233589,-2296,-1205,-2297,-1204
RECAL 1 3 8 16 16 40,RECAL 3 0 9999 64 4 80,RECAL 3 1 -2211 64 4 80,-2275,1158,16,16,-233115,-233116,-2211,1221,-2211,1222
RECAL 1 3 8 17 17 40,RECAL 3 0 9999 64 4 80,RECAL 3 1 -2214 64 4 80,-2282,2015,16,17,-235632,-235607,-2214,2077,-2214,2079
RECAL 1 3 8 18 18 40,RECAL 3 0 9999 64 4 80,NULL,-2287,NULL,NULL,NULL,NULL,NULL,NULL,NULL,NULL,NULL
RECAL 1 3 9 1 1 41,RECAL 3 0 9999 64 4 80,RECAL 3 1 2202 64 4 80,2138,-2681,16,16,-239474,-239444,2202,-2615,2202,-2617
RECAL 1 3 9 2 2 41,RECAL 3 0 9999 64 4 80,RECAL 3 1 2103 64 4 80,2041,-2092,16,16,-237430,-237464,2103,-2026,2105,-2028
RECAL 1 3 9 3 3 41,RECAL 3 0 9999 64 4 80,RECAL 3 1 2105 64 4 80,2042,-1242,17,16,-239330,-239401,2105,-1175,2106,-1174
RECAL 1 3 9 4 4 41,RECAL 3 0 9999 64 4 80,RECAL 3 1 2192 64 4 80,2128,1136,16,16,-237974,-237974,2192,1198,2192,1200
RECAL 1 3 9 5 5 41,RECAL 3 0 9999 64 4 80,RECAL 3 1 2187 64 4 80,2126,1978,16,15,-234148,-234208,2187,2041,2186,2042
RECAL 1 3 9 6 6 41,RECAL 3 0 9999 64 4 80,RECAL 3 1 2181 64 4 80,2117,2563,16,16,-235135,-235129,2181,2626,2181,2627
RECAL 1 3 9 7 7 41,RECAL 3 0 9999 64 4 80,NULL,-182,NULL,NULL,NULL,NULL,NULL,NULL,NULL,NULL,NULL
RECAL 1 3 9 8 8 41,RECAL 3 0 9999 64 4 80,RECAL 3 1 -134 64 4 80,-134,2012,16,0,-237204,-237191,-134,2076,-134,2076
RECAL 1 3 9 9 9 41,RECAL 3 0 9999 64 4 80,RECAL 3 1 -153 64 4 80,-253,1201,16,24,-239085,-239095,-153,1263,-157,1265
RECAL 1 3 9 10 10 41,RECAL 3 0 9999 64 4 80,RECAL 3 1 -636 64 4 80,-709,-1177,NULL,NULL,NULL,NULL,NULL,NULL,NULL,NULL
RECAL 1 3 9 11 11 41,RECAL 3 0 9999 64 4 80,RECAL 3 1 -653 64 4 80,-723,-2052,16,18,-238070,-238062,-653,-1986,-651,-1988
RECAL 1 3 9 12 12 41,RECAL 3 0 9999 64 4 80,RECAL 3 1 220 64 4 80,153,-2648,16,17,-238449,-238422,220.2,-2583,221,-2584
RECAL 1 3 9 13 13 41,RECAL 3 0 9999 64 4 80,RECAL 3 1 -2173 64 4 80,-2239,-2680,16,16,-244059,-244121,-2173,-2619,-2175,-2616
RECAL 1 3 9 14 14 41,RECAL 3 0 9999 64 4 80,NULL,-2332,NULL,NULL,NULL,NULL,NULL,NULL,NULL,NULL,NULL
RECAL 1 3 9 15 15 41,RECAL 3 0 9999 64 4 80,RECAL 3 1 -2266 64 4 80,-2334,-1250,16,17,-235781,-235790,-2266,-1185,-2266,-1186
RECAL 1 3 9 16 16 41,RECAL 3 0 9999 64 4 80,NULL,-2.158e+04,NULL,NULL,NULL,NULL,NULL,NULL,NULL,NULL,NULL
RECAL 1 3 9 17 17 41,RECAL 3 0 9999 64 4 80,RECAL 3 1 -2190 64 4 80,-2255,1969,16,16,-235430,-235458,-2190,2032,-2191,2033
RECAL 1 3 9 18 18 41,RECAL 3 0 9999 64 4 80,RECAL 3 1 -2189 64 4 80,-2256,2557,16,17,-235373,-235402,-2189,2620,-2188,2621
RECAL 1 3 10 1 1 42,RECAL 3 0 9999 64 4 80,RECAL 3 1 2190 64 4 80,2128,-2726,16,16,-240607,-240651,2190,-2662,2192,-2662
RECAL 1 3 10 2 2 42,RECAL 3 0 9999 64 4 80,RECAL 3 1 2160 64 4 80,2096,-2130,16,16,-237556,-237552,2160,-2066,2160,-2066
RECAL 1 3 10 3 3 42,RECAL 3 0 9999 64 4 80,RECAL 3 1 2138 64 4 80,2074,-1267,16,16,-241878,-241887,2138,-1202,2138,-1203
RECAL 1 3 10 4 4 42,RECAL 3 0 9999 64 4 80,RECAL 3 1 2199 64 4 80,2136,1149,16,16,-240529,-240550,2199,1212,2200,1213
RECAL 1 3 10 5 5 42,RECAL 3 0 9999 64 4 80,RECAL 3 1 2267 64 4 80,2203,2008,15,16,-238485,-238498,2267,2070,2267,2068
RECAL 1 3 10 6 6 42,RECAL 3 0 9999 64 4 80,RECAL 3 1 2262 64 4 80,2198,2605,16,16,-239995,-240001,2262,2667,2262,2669
RECAL 1 3 10 7 7 42,RECAL 3 0 9999 64 4 80,NULL,261,NULL,NULL,NULL,NULL,NULL,NULL,NULL,NULL,NULL
RECAL 1 3 10 8 8 42,RECAL 3 0 9999 64 4 80,RECAL 3 1 361 64 4 80,287,2025,16,19,-235636,-235648,361,2087,363,2089
RECAL 1 3 10 9 9 42,RECAL 3 0 9999 64 4 80,RECAL 3 1 -440 64 4 80,-502,1179,15,15,-237005,-237176,-440.4,1240,-442,1239
RECAL 1 3 10 10 10 42,RECAL 3 0 9999 64 4 80,RECAL 3 1 -691 64 4 80,-755,-1238,16,16,-236598,-236581,-691.4,-1173,-691,-1174
RECAL 1 3 10 11 11 42,RECAL 3 0 9999 64 4 80,RECAL 3 1 -629 64 4 80,-689,-2112,16,15,-235451,-235456,-629,-2048,-629,-2048
RECAL 1 3 10 12 12 42,RECAL 3 0 9999 64 4 80,RECAL 3 1 -523 64 4 80,-594,-2712,16,17,-236317,-236297,-522.6,-2648,-526,-2648
RECAL 1 3 10 13 13 42,RECAL 3 0 9999 64 4 80,RECAL 3 1 -2275 64 4 80,-2338,-2730,16,16,-234023,-234024,-2275,-2665,-2274,-2666
RECAL 1 3 10 14 14 42,RECAL 3 0 9999 64 4 80,RECAL 3 1 -2298 64 4 80,-2361,-2135,16,16,-237291,-237293,-2298,-2070,-2297,-2071
RECAL 1 3 10 15 15 42,RECAL 3 0 9999 64 4 80,RECAL 3 1 -2317 64 4 80,-2380,-1277,16,16,-236031,-236035,-2317,-1213,-2316,-1213
RECAL 1 3 10 16 16 42,RECAL 3 0 9999 64 4 80,RECAL 3 1 -2262 64 4 80,-2324,1134,16,16,-234172,-234221,-2262,1198,-2260,1198
RECAL 1 3 10 17 17 42,RECAL 3 0 9999 64 4 80,RECAL 3 1 -2197 64 4 80,-2261,1997,16,16,-235076,-235074,-2197,2059,-2197,2061
RECAL 1 3 10 18 18 42,RECAL 3 0 9999 64 4 80,RECAL 3 1 -2206 64 4 80,-2271,2595,16,16,-236233,-236281,-2206,2657,-2207,2659
RECAL 1 3 11 1 1 43,RECAL 3 0 9999 64 4 80,RECAL 3 1 2179 64 4 80,2114,-2715,16,16,-236322,-236354,2179,-2650,2178,-2651
RECAL 1 3 11 2 2 43,RECAL 3 0 9999 64 4 80,RECAL 3 1 2144 64 4 80,2078,-2118,16,16,-234395,-234437,2144,-2052,2142,-2054
RECAL 1 3 11 3 3 43,RECAL 3 0 9999 64 4 80,RECAL 3 1 2227 64 4 80,2162,-1251,16,16,-234815,-234818,2227,-1185,2226,-1187
RECAL 1 3 11 4 4 43,RECAL 3 0 9999 64 4 80,RECAL 3 1 2122 64 4 80,2059,1159,16,16,-234304,-234266,2122,1222,2123,1223
RECAL 1 3 11 5 5 43,RECAL 3 0 9999 64 4 80,RECAL 3 1 2208 64 4 80,2144,2008,16,16,-233442,-233431,2208,2072,2208,2072
RECAL 1 3 11 6 6 43,RECAL 3 0 9999 64 4 80,RECAL 3 1 2201 64 4 80,2136,2603,16,16,-233641,-233657,2201,2665,2200,2667
RECAL 1 3 11 7 7 43,RECAL 3 0 9999 64 4 80,RECAL 3 1 -212 64 4 80,-288,2629,16,19,-232821,-232835,-212.3,2692,-212,2693
RECAL 1 3 11 8 8 43,RECAL 3 0 9999 64 4 80,RECAL 3 1 123 64 4 80,33,2045,16,23,-231953,-231937,122.5,2108,125,2109
RECAL 1 3 11 9 9 43,RECAL 3 0 9999 64 4 80,RECAL 3 1 -628 64 4 80,-697,1217,16,17,-233703,-233687,-628.4,1282,-629,1281
RECAL 1 3 11 10 10 43,RECAL 3 0 9999 64 4 80,RECAL 3 1 328 64 4 80,249,-1182,16,20,-239207,-239202,327.8,-1117,329,-1118
RECAL 1 3 11 11 11 43,RECAL 3 0 9999 64 4 80,NULL,-609,NULL,NULL,NULL,NULL,NULL,NULL,NULL,NULL,NULL
RECAL 1 3 11 12 12 43,RECAL 3 0 9999 64 4 80,RECAL 3 1 -392 64 4 80,-420,-2682,16,8,-237712,-237659,-392.1,-2616,-388,-2618
RECAL 1 3 11 13 13 43,RECAL 3 0 9999 64 4 80,RECAL 3 1 -2214 64 4 80,-2278,-2721,16,16,-237815,-237815,-2214,-2657,-2214,-2657
RECAL 1 3 11 14 14 43,RECAL 3 0 9999 64 4 80,RECAL 3 1 -2242 64 4 80,-2306,-2128,16,16,-236328,-236338,-2242,-2062,-2242,-2064
RECAL 1 3 11 15 15 43,RECAL 3 0 9999 64 4 80,RECAL 3 1 -2163 64 4 80,-2228,-1273,16,16,-233963,-233957,-2163,-1209,-2164,-1209
RECAL 1 3 11 16 16 43,RECAL 3 0 9999 64 4 80,RECAL 3 1 -2262 64 4 80,-2328,NULL,NULL,NULL,NULL,NULL,NULL,NULL,NULL,NULL
RECAL 1 3 11 17 17 43,RECAL 3 0 9999 64 4 80,RECAL 3 1 -2183 64 4 80,-2248,1992,16,16,-231826,-231849,-2183,2055,-2184,2056
RECAL 1 3 11 18 18 43,RECAL 3 0 9999 64 4 80,RECAL 3 1 -2194 64 4 80,-2259,2588,16,16,-232685,-232755,-2194,2649,-2195,2652
RECAL 1 3 12 1 1 44,RECAL 3 0 9999 64 4 80,RECAL 3 1 2269 64 4 80,2205,-2732,17,16,-235895,-236165,2269,-2666,2269,-2664
RECAL 1 3 12 2 2 44,RECAL 3 0 9999 64 4 80,RECAL 3 1 2184 64 4 80,2120,-2125,16,16,-235736,-235742,2184,-2060,2184,-2061
RECAL 1 3 12 3 3 44,RECAL 3 0 9999 64 4 80,RECAL 3 1 2175 64 4 80,2112,-1249,16,16,-238083,-238103,2175,-1183,2176,-1185
RECAL 1 3 12 4 4 44,RECAL 3 0 9999 64 4 80,RECAL 3 1 2263 64 4 80,2201,1191,16,15,-239938,-240003,2263,1255,2261,1255
RECAL 1 3 12 5 5 44,RECAL 3 0 9999 64 4 80,RECAL 3 1 2250 64 4 80,2187,2038,16,16,-235088,-235127,2250,2100,2251,2102
RECAL 1 3 12 6 6 44,RECAL 3 0 9999 64 4 80,RECAL 3 1 2245 64 4 80,2183,2632,16,15,-238051,-238090,2245,2692,2243,2696
RECAL 1 3 12 7 7 44,RECAL 3 0 9999 64 4 80,RECAL 3 1 94 64 4 80,6,2596,16,22,-240059,-240043,94.37,2656,94,2660
RECAL 1 3 12 8 8 44,RECAL 3 0 9999 64 4 80,RECAL 3 1 202 64 4 80,154,1990,16,12,-233570,-233593,202.1,2054,202,2054
RECAL 1 3 12 9 9 44,RECAL 3 0 9999 64 4 80,NULL,278,NULL,NULL,NULL,NULL,NULL,NULL,NULL,NULL,NULL
RECAL 1 3 12 10 10 44,RECAL 3 0 9999 64 4 80,RECAL 3 1 -571 64 4 80,-637,-1324,17,17,-235796,-235796,-570.8,-1258,-569,-1256
RECAL 1 3 12 11 11 44,RECAL 3 0 9999 64 4 80,RECAL 3 1 -505 64 4 80,-564,-2173,16,15,-237049,-237080,-504.9,-2107,-504,-2109
RECAL 1 3 12 12 12 44,RECAL 3 0 9999 64 4 80,RECAL 3 1 395 64 4 80,328,-2769,17,17,-238516,-238752,395.4,-2703,396,-2701
RECAL 1 3 12 13 13 44,RECAL 3 0 9999 64 4 80,RECAL 3 1 -2199 64 4 80,-2264,-2748,16,16,-234293,-234297,-2199,-2681,-2200,-2684
RECAL 1 3 12 14 14 44,RECAL 3 0 9999 64 4 80,RECAL 3 1 -2278 64 4 80,-2342,-2147,17,16,-236315,-236588,-2278,-2081,-2278,-2079
RECAL 1 3 12 15 15 44,RECAL 3 0 9999 64 4 80,RECAL 3 1 -2287 64 4 80,-2349,-1288,17,16,-236474,-236601,-2287,-1222,-2285,-1220
RECAL 1 3 12 16 16 44,RECAL 3 0 9999 64 4 80,RECAL 3 1 -2208 64 4 80,-2274,1149,16,16,-237331,-237384,-2208,1212,-2210,1213
RECAL 1 3 12 17 17 44,RECAL 3 0 9999 64 4 80,RECAL 3 1 -2222 64 4 80,-2288,2012,16,17,-240506,-240525,-2222,2075,-2220,2076
RECAL 1 3 12 18 18 44,RECAL 3 0 9999 64 4 80,RECAL 3 1 -2224 64 4 80,-2290,2611,16,16,-241614,-241686,-2224,2675,-2226,2675
RECAL 1 3 13 1 1 45,RECAL 3 0 9999 64 4 80,RECAL 3 1 2180 64 4 80,2116,-2864,16,16,-239199,-239147,2180,-2798,2180,-2800
RECAL 1 3 13 2 2 45,RECAL 3 0 9999 64 4 80,RECAL 3 1 2064 64 4 80,2000,-2297,16,16,-240735,-240748,2064,-2232,2064,-2233
RECAL 1 3 13 3 3 45,RECAL 3 0 9999 64 4 80,RECAL 3 1 2139 64 4 80,2073,-1524,16,16,-241600,-241638,2139,-1458,2137,-1460
RECAL 1 3 13 4 4 45,RECAL 3 0 9999 64 4 80,RECAL 3 1 2115 64 4 80,2052,872,16,16,-241343,-241343,2115,937.7,2116,936
RECAL 1 3 13 5 5 45,RECAL 3 0 9999 64 4 80,RECAL 3 1 2071 64 4 80,2006,1868,16,16,-239041,-239046,2071,1932,2070,1932
RECAL 1 3 13 6 6 45,RECAL 3 0 9999 64 4 80,RECAL 3 1 2073 64 4 80,2008,2503,16,16,-240907,-240917,2073,2566,2072,2567
RECAL 1 3 13 7 7 45,RECAL 3 0 9999 64 4 80,RECAL 3 1 -720 64 4 80,-788,2453,16,17,-237407,-237415,-719.9,2513,-720,2517
RECAL 1 3 13 8 8 45,RECAL 3 0 9999 64 4 80,RECAL 3 1 -708 64 4 80,-785,1796,17,20,-238476,-239291,-708,1864,-705,1864
RECAL 1 3 13 9 9 45,RECAL 3 0 9999 64 4 80,RECAL 3 1 -532 64 4 80,-601,718,16,17,-239086,-239086,-531.8,783.5,-533,782
RECAL 1 3 13 10 10 45,RECAL 3 0 9999 64 4 80,RECAL 3 1 -422 64 4 80,-490,-1607,16,17,-243033,-243062,-422,-1542,-422,-1543
RECAL 1 3 13 11 11 45,RECAL 3 0 9999 64 4 80,RECAL 3 1 -734 64 4 80,-805,-2353,16,18,-242550,-242512,-733.7,-2287,-733,-2289
RECAL 1 3 13 12 12 45,RECAL 3 0 9999 64 4 80,RECAL 3 1 127 64 4 80,63,-2909,16,17,-240589,-240560,126.8,-2844,131,-2845
RECAL 1 3 13 13 13 45,RECAL 3 0 9999 64 4 80,RECAL 3 1 -2180 64 4 80,-2244,-2885,16,16,-236284,-236300,-2180,-2820,-2180,-2821
RECAL 1 3 13 14 14 45,RECAL 3 0 9999 64 4 80,RECAL 3 1 -2286 64 4 80,-2352,-2325,16,17,-235911,-235986,-2286,-2260,-2284,-2261
RECAL 1 3 13 15 15 45,RECAL 3 0 9999 64 4 80,RECAL 3 1 -2214 64 4 80,-2277,-1567,16,16,-235417,-235438,-2214,-1502,-2213,-1503
RECAL 1 3 13 16 16 45,RECAL 3 0 9999 64 4 80,RECAL 3 1 -2238 64 4 80,-2302,795,16,16,-234135,-234162,-2238,859.2,-2238,859
RECAL 1 3 13 17 17 45,RECAL 3 0 9999 64 4 80,RECAL 3 1 -2280 64 4 80,-2346,1831,16,17,-234655,-234739,-2280,1893,-2278,1895
RECAL 1 3 13 18 18 45,RECAL 3 0 9999 64 4 80,RECAL 3 1 -2281 64 4 80,-2348,2474,15,17,-235848,-236076,-2281,2535,-2280,2534
RECAL 1 3 14 1 1 46,RECAL 3 0 9999 64 4 80,RECAL 3 1 2188 64 4 80,2124,-2739,16,16,-239922,-239939,2188,-2674,2188,-2675
RECAL 1 3 14 2 2 46,RECAL 3 0 9999 64 4 80,RECAL 3 1 2200 64 4 80,2139,-2139,16,15,-241915,-241973,2200,-2075,2199,-2075
RECAL 1 3 14 3 3 46,RECAL 3 0 9999 64 4 80,RECAL 3 1 2223 64 4 80,2155,-1273,16,17,-243159,-243164,2223,-1208,2223,-1209
RECAL 1 3 14 4 4 46,RECAL 3 0 9999 64 4 80,RECAL 3 1 2238 64 4 80,2174,1156,16,16,-243980,-243984,2238,1220,2238,1220
RECAL 1 3 14 5 5 46,RECAL 3 0 9999 64 4 80,NULL,2188,NULL,NULL,NULL,NULL,NULL,NULL,NULL,NULL,NULL
RECAL 1 3 14 6 6 46,RECAL 3 0 9999 64 4 80,RECAL 3 1 2228 64 4 80,2164,2610,16,16,-245154,-245117,2228,2673,2228,2674
RECAL 1 3 14 7 7 46,RECAL 3 0 9999 64 4 80,RECAL 3 1 98 64 4 80,48,2587,16,13,-244440,-244417,97.71,2648,100,2651
RECAL 1 3 14 8 8 46,RECAL 3 0 9999 64 4 80,RECAL 3 1 382 64 4 80,319,1986,16,15,-243074,-243112,381.7,2049,379,2050
RECAL 1 3 14 9 9 46,RECAL 3 0 9999 64 4 80,RECAL 3 1 260 64 4 80,181,1107,16,20,-242712,-242708,260,1171,261,1171
RECAL 1 3 14 10 10 46,RECAL 3 0 9999 64 4 80,RECAL 3 1 -145 64 4 80,-230,-1318,16,21,-241605,-241598,-144.7,-1255,-146,-1254
RECAL 1 3 14 11 11 46,RECAL 3 0 9999 64 4 80,NULL,-349,NULL,NULL,NULL,NULL,NULL,NULL,NULL,NULL,NULL
RECAL 1 3 14 12 12 46,RECAL 3 0 9999 64 4 80,RECAL 3 1 -455 64 4 80,-506,-2758,16,13,-243510,-243481,-454.8,-2694,-454,-2694
RECAL 1 3 14 13 13 46,RECAL 3 0 9999 64 4 80,RECAL 3 1 -2243 64 4 80,-2308,-2737,16,16,-240996,-241032,-2243,-2672,-2244,-2673
RECAL 1 3 14 14 14 46,RECAL 3 0 9999 64 4 80,RECAL 3 1 -2229 64 4 80,-2292,-2138,16,16,-243605,-243664,-2229,-2073,-2228,-2074
RECAL 1 3 14 15 15 46,RECAL 3 0 9999 64 4 80,RECAL 3 1 -2208 64 4 80,-2273,-1277,17,16,-243115,-243201,-2208,-1211,-2209,-1209
RECAL 1 3 14 16 16 46,RECAL 3 0 9999 64 4 80,RECAL 3 1 -2191 64 4 80,-2257,1152,16,17,-246882,-246910,-2191,1214,-2189,1216
RECAL 1 3 14 17 17 46,RECAL 3 0 9999 64 4 80,RECAL 3 1 -2177 64 4 80,-2242,2009,16,16,-247671,-247675,-2177,2072,-2178,2073
RECAL 1 3 14 18 18 46,RECAL 3 0 9999 64 4 80,RECAL 3 1 -2203 64 4 80,-2268,2605,16,16,-244273,-244304,-2203,2668,-2204,2669
RECAL 1 3 15 1 1 47,RECAL 3 0 9999 64 4 80,RECAL 3 1 2243 64 4 80,2179,-2668,16,16,-242067,-242091,2243,-2602,2243,-2604
RECAL 1 3 15 2 2 47,RECAL 3 0 9999 64 4 80,RECAL 3 1 2204 64 4 80,2140,-2041,16,16,-243250,-243239,2204,-1978,2204,-1977
RECAL 1 3 15 3 3 47,RECAL 3 0 9999 64 4 80,RECAL 3 1 2182 64 4 80,2119,-1086,16,16,-242410,-242457,2182,-1022,2183,-1022
RECAL 1 3 15 4 4 47,RECAL 3 0 9999 64 4 80,RECAL 3 1 2241 64 4 80,2179,1339,16,16,-240537,-240586,2241,1403,2243,1403
RECAL 1 3 15 5 5 47,RECAL 3 0 9999 64 4 80,RECAL 3 1 2213 64 4 80,2149,2133,16,16,-240692,-240712,2213,2195,2213,2197
RECAL 1 3 15 6 6 47,RECAL 3 0 9999 64 4 80,RECAL 3 1 2184 64 4 80,2121,2710,16,16,-241294,-241140,2184,2777,2185,2774
RECAL 1 3 15 7 7 47,RECAL 3 0 9999 64 4 80,RECAL 3 1 122 64 4 80,51,2725,16,18,-239038,-239043,122.4,2785,123,2789
RECAL 1 3 15 8 8 47,RECAL 3 0 9999 64 4 80,NULL,NULL,NULL,NULL,NULL,NULL,NULL,NULL,NULL,NULL,NULL
RECAL 1 3 15 10 10 47,RECAL 3 0 9999 64 4 80,RECAL 3 1 177 64 4 80,85,-1037,16,23,-244901,-244898,177,-971.7,177,-973
RECAL 1 3 15 11 11 47,RECAL 3 0 9999 64 4 80,RECAL 3 1 385 64 4 80,323,-2014,16,16,-244586,-244578,384.7,-1951,387,-1950
RECAL 1 3 15 12 12 47,RECAL 3 0 9999 64 4 80,RECAL 3 1 575 64 4 80,501,-2646,16,18,-244138,-244131,575,-2580,573,-2582
RECAL 1 3 15 13 13 47,RECAL 3 0 9999 64 4 80,RECAL 3 1 -2115 64 4 80,-2180,-2684,16,16,-242035,-242046,-2115,-2617,-2116,-2620
RECAL 1 3 15 14 14 47,RECAL 3 0 9999 64 4 80,RECAL 3 1 -2150 64 4 80,-2217,-2066,16,17,-241546,-241589,-2150,-2003,-2149,-2002
RECAL 1 3 15 15 15 47,RECAL 3 0 9999 64 4 80,RECAL 3 1 -2174 64 4 80,-2240,-1140,16,17,-240752,-240813,-2174,-1076,-2172,-1076
RECAL 1 3 15 16 16 47,RECAL 3 0 9999 64 4 80,RECAL 3 1 -2112 64 4 80,-2178,1300,15,16,-238842,-239125,-2112,1361,-2114,1360
RECAL 1 3 15 17 17 47,RECAL 3 0 9999 64 4 80,RECAL 3 1 -2145 64 4 80,-2211,2105,16,16,-240128,-240204,-2145,2168,-2147,2169
RECAL 1 3 15 18 18 47,RECAL 3 0 9999 64 4 80,RECAL 3 1 -2178 64 4 80,-2245,2686,15,17,-241460,-241916,-2178,2747,-2177,2746
RECAL 1 3 16 1 1 48,RECAL 3 0 9999 64 4 80,RECAL 3 1 2176 64 4 80,2117,-2713,NULL,NULL,NULL,NULL,NULL,NULL,NULL,NULL
RECAL 1 3 16 2 2 48,RECAL 3 0 9999 64 4 80,RECAL 3 1 2112 64 4 80,2048,-2114,16,16,-241918,-241921,2112,-2048,2112,-2050
RECAL 1 3 16 3 3 48,RECAL 3 0 9999 64 4 80,RECAL 3 1 2172 64 4 80,2110,-1246,17,16,-242900,-242986,2172,-1180,2174,-1178
RECAL 1 3 16 4 4 48,RECAL 3 0 9999 64 4 80,RECAL 3 1 2138 64 4 80,2073,1159,16,16,-245405,-245380,2138,1224,2137,1223
RECAL 1 3 16 5 5 48,RECAL 3 0 9999 64 4 80,RECAL 3 1 2240 64 4 80,2177,2011,16,16,-243891,-243880,2240,2073,2241,2075
RECAL 1 3 16 6 6 48,RECAL 3 0 9999 64 4 80,RECAL 3 1 2252 64 4 80,2188,2605,16,16,-242247,-242234,2252,2669,2252,2669
RECAL 1 3 16 7 7 48,RECAL 3 0 9999 64 4 80,RECAL 3 1 385 64 4 80,317,2577,NULL,NULL,NULL,NULL,NULL,NULL,NULL,NULL
RECAL 1 3 16 8 8 48,RECAL 3 0 9999 64 4 80,RECAL 3 1 299 64 4 80,245,1973,16,15,-240098,-240098,298.7,2036,305,2037
RECAL 1 3 16 9 9 48,RECAL 3 0 9999 64 4 80,RECAL 3 1 -627 64 4 80,-695,1099,16,17,-242067,-242071,-627.1,1164,-627,1163
RECAL 1 3 16 10 10 48,RECAL 3 0 9999 64 4 80,RECAL 3 1 -477 64 4 80,-545,-1304,17,17,-240068,-240099,-477.3,-1238,-477,-1236
RECAL 1 3 16 11 11 48,RECAL 3 0 9999 64 4 80,RECAL 3 1 -721 64 4 80,-784,-2147,16,16,-237058,-237049,-721.1,-2081,-720,-2083
RECAL 1 3 16 12 12 48,RECAL 3 0 9999 64 4 80,RECAL 3 1 -495 64 4 80,-549,-2739,16,14,-235970,-235955,-495,-2673,-493,-2675
RECAL 1 3 16 13 13 48,RECAL 3 0 9999 64 4 80,RECAL 3 1 -2250 64 4 80,-2313,-2728,16,16,-237595,-237627,-2250,-2662,-2249,-2664
RECAL 1 3 16 14 14 48,RECAL 3 0 9999 64 4 80,RECAL 3 1 -2306 64 4 80,-2370,-2133,16,16,-239761,-239770,-2306,-2068,-2306,-2069
RECAL 1 3 16 15 15 48,RECAL 3 0 9999 64 4 80,RECAL 3 1 -2252 64 4 80,-2313,-1282,16,15,-241059,-241128,-2252,-1216,-2253,-1218
RECAL 1 3 16 16 16 48,RECAL 3 0 9999 64 4 80,RECAL 3 1 -2283 64 4 80,-2348,1120,16,16,-240976,-240981,-2283,1184,-2284,1184
RECAL 1 3 16 17 17 48,RECAL 3 0 9999 64 4 80,RECAL 3 1 -2189 64 4 80,-2253,1984,16,16,-239798,-239818,-2189,2048,-2189,2048
RECAL 1 3 16 18 18 48,RECAL 3 0 9999 64 4 80,RECAL 3 1 -2178 64 4 80,-2239,2583,16,15,-239601,-239645,-2178,2645,-2179,2647
RECAL 1 3 17 1 1 49,RECAL 3 0 9999 64 4 80,RECAL 3 1 2180 64 4 80,2119,-2740,16,15,-243890,-243856,2180,-2673,2179,-2676
RECAL 1 3 17 2 2 49,RECAL 3 0 9999 64 4 80,RECAL 3 1 2167 64 4 80,2104,-2139,16,16,-243990,-243975,2167,-2074,2168,-2075
RECAL 1 3 17 3 3 49,RECAL 3 0 9999 64 4 80,RECAL 3 1 2170 64 4 80,2108,-1267,16,16,-245875,-245946,2170,-1204,2172,-1203
RECAL 1 3 17 4 4 49,RECAL 3 0 9999 64 4 80,RECAL 3 1 2075 64 4 80,2014,1180,15,15,-242511,-242737,2075,1241,2074,1240
RECAL 1 3 17 5 5 49,RECAL 3 0 9999 64 4 80,RECAL 3 1 2073 64 4 80,2010,2033,15,16,-243237,-243468,2073,2095,2074,2093
RECAL 1 3 17 6 6 49,RECAL 3 0 9999 64 4 80,RECAL 3 1 2159 64 4 80,2099,2624,15,15,-241040,-241418,2159,2685,2159,2684
RECAL 1 3 17 7 7 49,RECAL 3 0 9999 64 4 80,RECAL 3 1 -332 64 4 80,-390,2649,16,15,-241821,-241805,-332.2,2708,-330,2713
RECAL 1 3 17 8 8 49,RECAL 3 0 9999 64 4 80,RECAL 3 1 -711 64 4 80,-774,2067,15,16,-243360,-244198,-710.9,2127,-710,2127
RECAL 1 3 17 9 9 49,RECAL 3 0 9999 64 4 80,RECAL 3 1 -696 64 4 80,-757,1236,15,15,-244598,-244791,-695.7,1297,-697,1296
RECAL 1 3 17 10 10 49,RECAL 3 0 9999 64 4 80,RECAL 3 1 -208 64 4 80,-297,-1206,16,23,-246794,-246788,-208.3,-1141,-205,-1142
RECAL 1 3 17 11 11 49,RECAL 3 0 9999 64 4 80,RECAL 3 1 -233 64 4 80,-302,-2102,16,16,-246882,-246859,-233.1,-2038,-238,-2038
RECAL 1 3 17 12 12 49,RECAL 3 0 9999 64 4 80,NULL,-2.131e+04,NULL,NULL,NULL,NULL,NULL,NULL,NULL,NULL,NULL
RECAL 1 3 17 13 13 49,RECAL 3 0 9999 64 4 80,RECAL 3 1 -2177 64 4 80,-2242,-2744,16,16,-240677,-240651,-2177,-2677,-2178,-2680
RECAL 1 3 17 14 14 49,RECAL 3 0 9999 64 4 80,RECAL 3 1 -2188 64 4 80,-2253,-2148,16,16,-239373,-239393,-2188,-2084,-2189,-2084
RECAL 1 3 17 15 15 49,RECAL 3 0 9999 64 4 80,RECAL 3 1 -2185 64 4 80,-2251,-1288,16,16,-240086,-240126,-2185,-1223,-2187,-1224
RECAL 1 3 17 16 16 49,RECAL 3 0 9999 64 4 80,RECAL 3 1 -2274 64 4 80,-2340,1155,16,17,-236523,-236610,-2274,1218,-2272,1219
RECAL 1 3 17 17 17 49,RECAL 3 0 9999 64 4 80,RECAL 3 1 -2274 64 4 80,-2339,2019,15,16,-239611,-240044,-2274,2080,-2275,2079
RECAL 1 3 17 18 18 49,RECAL 3 0 9999 64 4 80,RECAL 3 1 -2199 64 4 80,-2262,2612,15,16,-238776,-239672,-2199,2672,-2198,2672
RECAL 1 3 18 1 1 50,RECAL 3 0 9999 64 4 80,RECAL 3 1 2160 64 4 80,2096,-2767,16,16,-240486,-240419,2160,-2703,2160,-2703
RECAL 1 3 18 2 2 50,RECAL 3 0 9999 64 4 80,RECAL 3 1 2091 64 4 80,2029,-2169,16,16,-243091,-243135,2091,-2104,2093,-2105
RECAL 1 3 18 3 3 50,RECAL 3 0 9999 64 4 80,RECAL 3 1 2093 64 4 80,2029,-1305,16,16,-245529,-245512,2093,-1241,2093,-1241
RECAL 1 3 18 4 4 50,RECAL 3 0 9999 64 4 80,RECAL 3 1 2106 64 4 80,2044,1161,15,16,-246068,-246350,2106,1221,2108,1221
RECAL 1 3 18 5 5 50,RECAL 3 0 9999 64 4 80,RECAL 3 1 2209 64 4 80,2147,2028,15,16,-246504,-246811,2209,2089,2211,2088
RECAL 1 3 18 6 6 50,RECAL 3 0 9999 64 4 80,NULL,2155,NULL,NULL,NULL,NULL,NULL,NULL,NULL,NULL,NULL
RECAL 1 3 18 7 7 50,RECAL 3 0 9999 64 4 80,RECAL 3 1 345 64 4 80,285,2668,16,15,-243535,-243538,345,2727,345,2732
RECAL 1 3 18 8 8 50,RECAL 3 0 9999 64 4 80,RECAL 3 1 297 64 4 80,224,2078,15,19,-241059,-241836,297.1,2141,300,2138
RECAL 1 3 18 9 9 50,RECAL 3 0 9999 64 4 80,RECAL 3 1 -645 64 4 80,-715,1244,15,17,-242392,-242514,-645,1305,-647,1304
RECAL 1 3 18 10 10 50,RECAL 3 0 9999 64 4 80,RECAL 3 1 -689 64 4 80,-758,-1213,16,17,-241926,-241934,-689.1,-1149,-690,-1149
RECAL 1 3 18 11 11 50,RECAL 3 0 9999 64 4 80,RECAL 3 1 -709 64 4 80,-773,-2114,16,16,-240985,-241005,-708.9,-2050,-709,-2050
RECAL 1 3 18 12 12 50,RECAL 3 0 9999 64 4 80,RECAL 3 1 -436 64 4 80,-490,-2726,16,13,-238913,-238912,-436.1,-2660,-438,-2662
RECAL 1 3 18 13 13 50,RECAL 3 0 9999 64 4 80,RECAL 3 1 -2224 64 4 80,-2288,-2754,16,16,-238834,-238824,-2224,-2689,-2224,-2690
RECAL 1 3 18 14 14 50,RECAL 3 0 9999 64 4 80,RECAL 3 1 -2285 64 4 80,-2350,NULL,NULL,NULL,NULL,NULL,NULL,NULL,NULL,NULL
RECAL 1 3 18 15 15 50,RECAL 3 0 9999 64 4 80,RECAL 3 1 -2282 64 4 80,-2348,-1281,16,16,-240623,-240712,-2282,-1216,-2284,-1217
RECAL 1 3 18 16 16 50,RECAL 3 0 9999 64 4 80,RECAL 3 1 -2269 64 4 80,-2334,1183,15,16,-242872,-243132,-2269,1244,-2270,1243
RECAL 1 3 18 17 17 50,RECAL 3 0 9999 64 4 80,RECAL 3 1 -2171 64 4 80,-2237,2040,15,16,-239734,-240527,-2171,2100,-2173,2100
RECAL 1 3 18 18 18 50,RECAL 3 0 9999 64 4 80,RECAL 3 1 -2166 64 4 80,-2230,2637,15,16,-243496,-243886,-2166,2698,-2166,2697
RECAL 1 3 19 1 1 51,RECAL 3 0 9999 64 4 80,RECAL 3 1 2183 64 4 80,2120,-2864,17,16,-244367,-244610,2183,-2797,2184,-2796
RECAL 1 3 19 2 2 51,RECAL 3 0 9999 64 4 80,RECAL 3 1 2223 64 4 80,2162,-2272,16,15,-242563,-242602,2223,-2205,2222,-2208
RECAL 1 3 19 3 3 51,RECAL 3 0 9999 64 4 80,RECAL 3 1 2215 64 4 80,2152,-1448,17,16,-243615,-243657,2215,-1382,2216,-1380
RECAL 1 3 19 4 4 51,RECAL 3 0 9999 64 4 80,RECAL 3 1 2208 64 4 80,2147,1031,15,15,-241207,-241247,2208,1093,2207,1091
RECAL 1 3 19 5 5 51,RECAL 3 0 9999 64 4 80,RECAL 3 1 2198 64 4 80,2135,1975,15,16,-240054,-240817,2198,2035,2199,2035
RECAL 1 3 19 6 6 51,RECAL 3 0 9999 64 4 80,RECAL 3 1 2192 64 4 80,2129,2602,15,16,-240100,-240284,2192,2664,2193,2662
RECAL 1 3 19 7 7 51,RECAL 3 0 9999 64 4 80,RECAL 3 1 263 64 4 80,210,2617,15,14,-243149,-244062,263.5,2678,266,2677
RECAL 1 3 19 8 8 51,RECAL 3 0 9999 64 4 80,RECAL 3 1 335 64 4 80,258,1993,15,19,-240914,-241345,335.3,2054,334,2053
RECAL 1 3 19 9 9 51,RECAL 3 0 9999 64 4 80,RECAL 3 1 397 64 4 80,339,1067,15,15,-243858,-243904,396.8,1129,399,1127
RECAL 1 3 19 10 10 51,RECAL 3 0 9999 64 4 80,RECAL 3 1 458 64 4 80,393,-1421,17,16,-242668,-242799,458.5,-1354,457,-1353
RECAL 1 3 19 11 11 51,RECAL 3 0 9999 64 4 80,RECAL 3 1 498 64 4 80,432,-2254,17,17,-243147,-243372,498.5,-2188,500,-2186
RECAL 1 3 19 12 12 51,RECAL 3 0 9999 64 4 80,NULL,139,NULL,NULL,NULL,NULL,NULL,NULL,NULL,NULL,NULL
RECAL 1 3 19 13 13 51,RECAL 3 0 9999 64 4 80,RECAL 3 1 -2171 64 4 80,-2236,-2876,17,16,-242394,-243229,-2171,-2808,-2172,-2808
RECAL 1 3 19 14 14 51,RECAL 3 0 9999 64 4 80,RECAL 3 1 -2125 64 4 80,-2191,-2288,16,16,-240770,-240833,-2125,-2222,-2127,-2224
RECAL 1 3 19 15 15 51,RECAL 3 0 9999 64 4 80,NULL,-2201,NULL,NULL,NULL,NULL,NULL,NULL,NULL,NULL,NULL
RECAL 1 3 19 16 16 51,RECAL 3 0 9999 64 4 80,RECAL 3 1 -2143 64 4 80,-2209,1029,15,16,-239471,-239690,-2143,1090,-2145,1089
RECAL 1 3 19 17 17 51,RECAL 3 0 9999 64 4 80,RECAL 3 1 -2153 64 4 80,-2217,1971,15,16,-241948,-242568,-2153,2031,-2153,2031
RECAL 1 3 19 18 18 51,RECAL 3 0 9999 64 4 80,RECAL 3 1 -2163 64 4 80,-2230,2599,15,17,-244192,-245379,-2163,2659,-2162,2659
RECAL 1 3 20 1 1 52,RECAL 3 0 9999 64 4 80,RECAL 3 1 2159 64 4 80,2095,-2765,16,16,-240220,-240187,2159,-2699,2159,-2701
RECAL 1 3 20 2 2 52,RECAL 3 0 9999 64 4 80,RECAL 3 1 2078 64 4 80,2014,-2164,16,16,-244113,-244116,2078,-2099,2078,-2100
RECAL 1 3 20 3 3 52,RECAL 3 0 9999 64 4 80,RECAL 3 1 2077 64 4 80,2015,-1294,16,15,-243309,-243384,2077,-1230,2075,-1230
RECAL 1 3 20 4 4 52,RECAL 3 0 9999 64 4 80,RECAL 3 1 2179 64 4 80,2115,1167,15,16,-246204,-246208,2179,1229,2179,1227
RECAL 1 3 20 5 5 52,RECAL 3 0 9999 64 4 80,RECAL 3 1 2180 64 4 80,2117,2035,15,16,-246231,-246365,2180,2097,2181,2095
RECAL 1 3 20 6 6 52,RECAL 3 0 9999 64 4 80,RECAL 3 1 2181 64 4 80,2117,2638,15,16,-249205,-250659,2181,2698,2181,2698
RECAL 1 3 20 7 7 52,RECAL 3 0 9999 64 4 80,NULL,-2.157e+04,NULL,NULL,NULL,NULL,NULL,NULL,NULL,NULL,NULL
RECAL 1 3 20 8 8 52,RECAL 3 0 9999 64 4 80,RECAL 3 1 -332 64 4 80,-408,2075,15,19,-241878,-242731,-332.3,2135,-332,2135
RECAL 1 3 20 9 9 52,RECAL 3 0 9999 64 4 80,RECAL 3 1 -337 64 4 80,-401,1233,16,16,-243452,-243464,-337,1296,-337,1297
RECAL 1 3 20 10 10 52,RECAL 3 0 9999 64 4 80,RECAL 3 1 -770 64 4 80,-835,-1220,16,16,-239808,-239801,-769.5,-1156,-771,-1156
RECAL 1 3 20 11 11 52,RECAL 3 0 9999 64 4 80,RECAL 3 1 -773 64 4 80,-842,-2122,17,17,-241556,-241691,-772.9,-2056,-774,-2054
RECAL 1 3 20 12 12 52,RECAL 3 0 9999 64 4 80,RECAL 3 1 -496 64 4 80,-569,-2731,16,18,-239825,-239770,-495.8,-2664,-497,-2667
RECAL 1 3 20 13 13 52,RECAL 3 0 9999 64 4 80,RECAL 3 1 -2240 64 4 80,-2306,-2761,16,16,-237876,-237975,-2240,-2696,-2242,-2697
RECAL 1 3 20 14 14 52,RECAL 3 0 9999 64 4 80,RECAL 3 1 -2313 64 4 80,-2378,-2161,16,16,-240978,-240996,-2313,-2095,-2314,-2097
RECAL 1 3 20 15 15 52,RECAL 3 0 9999 64 4 80,RECAL 3 1 -2313 64 4 80,-2380,-1290,16,17,-240100,-240109,-2313,-1226,-2312,-1226
RECAL 1 3 20 16 16 52,RECAL 3 0 9999 64 4 80,NULL,-2286,NULL,NULL,NULL,NULL,NULL,NULL,NULL,NULL,NULL
RECAL 1 3 20 17 17 52,RECAL 3 0 9999 64 4 80,RECAL 3 1 -2218 64 4 80,-2281,NULL,NULL,NULL,NULL,NULL,NULL,NULL,NULL,NULL
RECAL 1 3 20 18 18 52,RECAL 3 0 9999 64 4 80,RECAL 3 1 -2217 64 4 80,-2284,2632,16,17,-243996,-244056,-2217,2692,-2216,2696
RECAL 1 3 21 1 1 53,RECAL 3 0 9999 64 4 80,RECAL 3 1 2223 64 4 80,2159,-2704,17,16,-237235,-237539,2223,-2638,2223,-2636
RECAL 1 3 21 2 2 53,RECAL 3 0 9999 64 4 80,RECAL 3 1 2139 64 4 80,2076,-2110,16,16,-238404,-238408,2139,-2045,2140,-2046
RECAL 1 3 21 3 3 53,RECAL 3 0 9999 64 4 80,RECAL 3 1 2217 64 4 80,2153,-1257,16,16,-237836,-237857,2217,-1191,2217,-1193
RECAL 1 3 21 4 4 53,RECAL 3 0 9999 64 4 80,RECAL 3 1 2170 64 4 80,2143,1154,NULL,NULL,NULL,NULL,NULL,NULL,NULL,NULL
RECAL 1 3 21 5 5 53,RECAL 3 0 9999 64 4 80,RECAL 3 1 2256 64 4 80,2138,2001,26,30,-519436,-519062,2256,2106,2258,2105
RECAL 1 3 21 6 6 53,RECAL 3 0 9999 64 4 80,RECAL 3 1 2171 64 4 80,2135,2588,29,9,-518945,-519499,2171,2704,2171,2704
RECAL 1 3 21 7 7 53,RECAL 3 0 9999 64 4 80,NULL,-290,NULL,NULL,NULL,NULL,NULL,NULL,NULL,NULL,NULL
RECAL 1 3 21 8 8 53,RECAL 3 0 9999 64 4 80,RECAL 3 1 195 64 4 80,112,2026,NULL,NULL,NULL,NULL,NULL,NULL,NULL,NULL
RECAL 1 3 21 9 9 53,RECAL 3 0 9999 64 4 80,RECAL 3 1 -20 64 4 80,-132,1206,9,28,-518755,-519219,-19.53,1320,-20,1242
RECAL 1 3 21 10 10 53,RECAL 3 0 9999 64 4 80,NULL,265,NULL,NULL,NULL,NULL,NULL,NULL,NULL,NULL,NULL
RECAL 1 3 21 11 11 53,RECAL 3 0 9999 64 4 80,RECAL 3 1 -542 64 4 80,-601,-2078,NULL,NULL,NULL,NULL,NULL,NULL,NULL,NULL
RECAL 1 3 21 12 12 53,RECAL 3 0 9999 64 4 80,NULL,290,NULL,NULL,NULL,NULL,NULL,NULL,NULL,NULL,NULL
RECAL 1 3 21 13 13 53,RECAL 3 0 9999 64 4 80,NULL,-2.132e+04,NULL,NULL,NULL,NULL,NULL,NULL,NULL,NULL,NULL
RECAL 1 3 21 14 14 53,RECAL 3 0 9999 64 4 80,RECAL 3 1 -2243 64 4 80,-2307,-2118,8,16,-518824,-519107,-2243,-2084,-2243,-2086
RECAL 1 3 21 15 15 53,RECAL 3 0 9999 64 4 80,NULL,-2235,NULL,NULL,NULL,NULL,NULL,NULL,NULL,NULL,NULL
RECAL 1 3 21 16 16 53,RECAL 3 0 9999 64 4 80,NULL,-2.132e+04,NULL,NULL,NULL,NULL,NULL,NULL,NULL,NULL,NULL
RECAL 1 3 21 17 17 53,RECAL 3 0 9999 64 4 80,NULL,-2251,NULL,NULL,NULL,NULL,NULL,NULL,NULL,NULL,NULL
RECAL 1 3 21 18 18 53,RECAL 3 0 9999 64 4 80,RECAL 3 1 -2183 64 4 80,-2261,2578,5,19,-519425,-519282,-2183,2597,-2185,2598
RECAL 1 3 22 1 1 54,RECAL 3 0 9999 64 4 80,NULL,2117,NULL,NULL,NULL,NULL,NULL,NULL,NULL,NULL,NULL
RECAL 1 3 22 2 2 54,RECAL 3 0 9999 64 4 80,RECAL 3 1 2205 64 4 80,2138,-2276,26,17,-518743,-519171,2205,-2172,2206,-2172
RECAL 1 3 22 3 3 54,RECAL 3 0 9999 64 4 80,RECAL 3 1 2268 64 4 80,2167,-1469,9,25,-519234,-518973,2268,-1417,2267,-1433
RECAL 1 3 22 4 4 54,RECAL 3 0 9999 64 4 80,RECAL 3 1 2194 64 4 80,2110,986,18,21,-518216,-519043,2194,1071,2194,1058
RECAL 1 3 22 5 5 54,RECAL 3 0 9999 64 4 80,RECAL 3 1 2272 64 4 80,2158,1942,NULL,NULL,NULL,NULL,NULL,NULL,NULL,NULL
RECAL 1 3 22 6 6 54,RECAL 3 0 9999 64 4 80,RECAL 3 1 2271 64 4 80,2235,2570,30,9,-518576,-517163,2271,2688,2271,2690
RECAL 1 3 22 7 7 54,RECAL 3 0 9999 64 4 80,NULL,711,NULL,NULL,NULL,NULL,NULL,NULL,NULL,NULL,NULL
RECAL 1 3 22 8 8 54,RECAL 3 0 9999 64 4 80,RECAL 3 1 491 64 4 80,395,2001,13,24,-518654,-518847,490.6,2051,491,2053
RECAL 1 3 22 9 9 54,RECAL 3 0 9999 64 4 80,RECAL 3 1 -248 64 4 80,-299,1094,19,13,-518136,-518201,-247.6,1213,-247,1170
RECAL 1 3 22 10 10 54,RECAL 3 0 9999 64 4 80,RECAL 3 1 543 64 4 80,423,-1378,NULL,NULL,NULL,NULL,NULL,NULL,NULL,NULL
RECAL 1 3 22 11 11 54,RECAL 3 0 9999 64 4 80,RECAL 3 1 278 64 4 80,251,-2219,14,7,-519247,-518941,277.9,-2163,279,-2163
RECAL 1 3 22 12 12 54,RECAL 3 0 9999 64 4 80,RECAL 3 1 -189 64 4 80,-216,-2813,NULL,NULL,NULL,NULL,NULL,NULL,NULL,NULL
RECAL 1 3 22 13 13 54,RECAL 3 0 9999 64 4 80,RECAL 3 1 -2176 64 4 80,-2256,-2829,10,20,-519144,-519396,-2176,-2788,-2176,-2789
RECAL 1 3 22 14 14 54,RECAL 3 0 9999 64 4 80,RECAL 3 1 -2220 64 4 80,-2229,-2240,22,16,-518222,-518536,-2220,-2224,-2165,-2152
RECAL 1 3 22 15 15 54,RECAL 3 0 9999 64 4 80,RECAL 3 1 -2121 64 4 80,-2201,-1415,NULL,NULL,NULL,NULL,NULL,NULL,NULL,NULL
RECAL 1 3 22 16 16 54,RECAL 3 0 9999 64 4 80,RECAL 3 1 -2251 64 4 80,-2257,1049,32,1,-518794,-519309,-2251,1165,-2253,1177
RECAL 1 3 22 17 17 54,RECAL 3 0 9999 64 4 80,RECAL 3 1 -2151 64 4 80,-2208,1974,NULL,NULL,NULL,NULL,NULL,NULL,NULL,NULL
RECAL 1 3 22 18 18 54,RECAL 3 0 9999 64 4 80,RECAL 3 1 -2008 64 4 80,-2126,2592,9,29,-518727,-518555,-2008,2628,-2010,2628
RECAL 1 3 23 1 1 55,RECAL 3 0 9999 64 4 80,RECAL 3 1 2132 64 4 80,2116,-2861,12,8,-517559,-518622,2132,-2803,2148,-2813
RECAL 1 3 23 2 2 55,RECAL 3 0 9999 64 4 80,NULL,NULL,NULL,NULL,NULL,NULL,NULL,NULL,NULL,NULL,NULL
RECAL 1 3 23 4 4 55,RECAL 3 0 9999 64 4 80,NULL,2029,NULL,NULL,NULL,NULL,NULL,NULL,NULL,NULL,NULL
RECAL 1 3 23 5 5 55,RECAL 3 0 9999 64 4 80,NULL,2092,NULL,NULL,NULL,NULL,NULL,NULL,NULL,NULL,NULL
RECAL 1 3 23 6 6 55,RECAL 3 0 9999 64 4 80,RECAL 3 1 2092 64 4 80,2089,2543,4,27,-518854,-518178,2092,2559,2197,2559
RECAL 1 3 23 7 7 55,RECAL 3 0 9999 64 4 80,RECAL 3 1 -435 64 4 80,-497,2500,NULL,NULL,NULL,NULL,NULL,NULL,NULL,NULL
RECAL 1 3 23 8 8 55,RECAL 3 0 9999 64 4 80,RECAL 3 1 -400 64 4 80,-466,1854,13,8,-518875,-518453,-400.2,1908,-434,1906
RECAL 1 3 23 9 9 55,RECAL 3 0 9999 64 4 80,NULL,-722,NULL,NULL,NULL,NULL,NULL,NULL,NULL,NULL,NULL
RECAL 1 3 23 10 10 55,RECAL 3 0 9999 64 4 80,RECAL 3 1 -296 64 4 80,-357,-1560,3,15,-518999,-518219,-296.5,-1549,-297,-1548
RECAL 1 3 23 11 11 55,RECAL 3 0 9999 64 4 80,RECAL 3 1 -766 64 4 80,-774,-2329,17,2,-519069,-518652,-765.6,-2260,-766,-2261
RECAL 1 3 23 12 12 55,RECAL 3 0 9999 64 4 80,RECAL 3 1 -182 64 4 80,-221,-2898,9,9,-518955,-518959,-182,-2862,-185,-2862
RECAL 1 3 23 13 13 55,RECAL 3 0 9999 64 4 80,NULL,-2261,NULL,NULL,NULL,NULL,NULL,NULL,NULL,NULL,NULL
RECAL 1 3 23 14 14 55,RECAL 3 0 9999 64 4 80,RECAL 3 1 -2329 64 4 80,-2349,-2317,5,5,-519146,-518795,-2329,-2299,-2329,-2297
RECAL 1 3 23 15 15 55,RECAL 3 0 9999 64 4 80,RECAL 3 1 -2258 64 4 80,-2266,-1545,0,2,-519155,-519447,-2258,-1545,-2258,-1545
RECAL 1 3 23 16 16 55,RECAL 3 0 9999 64 4 80,RECAL 3 1 -2253 64 4 80,-2337,849,NULL,NULL,NULL,NULL,NULL,NULL,NULL,NULL
RECAL 1 3 23 17 17 55,RECAL 3 0 9999 64 4 80,NULL,-2280,NULL,NULL,NULL,NULL,NULL,NULL,NULL,NULL,NULL
RECAL 1 3 23 18 18 55,RECAL 3 0 9999 64 4 80,RECAL 3 1 -2170 64 4 80,-2286,2507,0,29,-518632,-518890,-2170,2546,-2170,2507
RECAL 1 3 24 1 1 56,RECAL 3 0 9999 64 4 80,NULL,2168,NULL,NULL,NULL,NULL,NULL,NULL,NULL,NULL,NULL
RECAL 1 3 24 2 2 56,RECAL 3 0 9999 64 4 80,RECAL 3 1 2195 64 4 80,2081,-2081,9,28,-518960,-519189,2195,-2047,2193,-2045
RECAL 1 3 24 3 3 56,RECAL 3 0 9999 64 4 80,NULL,2160,NULL,NULL,NULL,NULL,NULL,NULL,NULL,NULL,NULL
RECAL 1 3 24 4 4 56,RECAL 3 0 9999 64 4 80,NULL,2156,NULL,NULL,NULL,NULL,NULL,NULL,NULL,NULL,NULL
RECAL 1 3 24 5 5 56,RECAL 3 0 9999 64 4 80,RECAL 3 1 2205 64 4 80,2150,1982,NULL,NULL,NULL,NULL,NULL,NULL,NULL,NULL
RECAL 1 3 24 6 6 56,RECAL 3 0 9999 64 4 80,NULL,2138,NULL,NULL,NULL,NULL,NULL,NULL,NULL,NULL,NULL
RECAL 1 3 24 7 7 56,RECAL 3 0 9999 64 4 80,RECAL 3 1 332 64 4 80,220,2592,6,28,-518962,-519118,331.6,2616,332,2616
RECAL 1 3 24 8 8 56,RECAL 3 0 9999 64 4 80,RECAL 3 1 364 64 4 80,330,2016,29,9,-518954,-519140,364.2,2069,366,2132
RECAL 1 3 24 9 9 56,RECAL 3 0 9999 64 4 80,RECAL 3 1 391 64 4 80,354,1207,5,4,-518640,-518703,390.7,1294,370,1227
RECAL 1 3 24 10 10 56,RECAL 3 0 9999 64 4 80,RECAL 3 1 385 64 4 80,376,-1162,24,2,-519382,-519361,385.1,-1065,384,-1066
RECAL 1 3 24 11 11 56,RECAL 3 0 9999 64 4 80,RECAL 3 1 -403 64 4 80,-488,-2042,NULL,NULL,NULL,NULL,NULL,NULL,NULL,NULL
RECAL 1 3 24 12 12 56,RECAL 3 0 9999 64 4 80,RECAL 3 1 476 64 4 80,419,-2639,NULL,NULL,NULL,NULL,NULL,NULL,NULL,NULL
RECAL 1 3 24 13 13 56,RECAL 3 0 9999 64 4 80,RECAL 3 1 -2168 64 4 80,-2197,-2672,NULL,NULL,NULL,NULL,NULL,NULL,NULL,NULL
RECAL 1 3 24 14 14 56,RECAL 3 0 9999 64 4 80,RECAL 3 1 -2280 64 4 80,-2280,-2085,0,23,-519285,-518686,-2280,-2055,-2188,-2085
RECAL 1 3 24 15 15 56,RECAL 3 0 9999 64 4 80,NULL,-2201,NULL,NULL,NULL,NULL,NULL,NULL,NULL,NULL,NULL
RECAL 1 3 24 16 16 56,RECAL 3 0 9999 64 4 80,RECAL 3 1 -2086 64 4 80,-2203,1132,NULL,NULL,NULL,NULL,NULL,NULL,NULL,NULL
RECAL 1 3 24 17 17 56,RECAL 3 0 9999 64 4 80,RECAL 3 1 -2121 64 4 80,-2212,1969,24,31,-518911,-519316,-2121,2066,-2088,2065
RECAL 1 3 24 18 18 56,RECAL 3 0 9999 64 4 80,RECAL 3 1 -2199 64 4 80,-2229,2555,4,7,-519101,-518540,-2199,2570,-2201,2571
RECAL 1 3 25 1 1 57,RECAL 3 0 9999 64 4 80,RECAL 3 1 2184 64 4 80,2144,-2695,NULL,NULL,NULL,NULL,NULL,NULL,NULL,NULL
RECAL 1 3 25 2 2 57,RECAL 3 0 9999 64 4 80,NULL,2080,NULL,NULL,NULL,NULL,NULL,NULL,NULL,NULL,NULL
RECAL 1 3 25 3 3 57,RECAL 3 0 9999 64 4 80,RECAL 3 1 2163 64 4 80,2057,-1252,12,27,-518741,-519337,2163,-1205,2165,-1204
RECAL 1 3 25 4 4 57,RECAL 3 0 9999 64 4 80,RECAL 3 1 2065 64 4 80,2061,1149,NULL,NULL,NULL,NULL,NULL,NULL,NULL,NULL
RECAL 1 3 25 5 5 57,RECAL 3 0 9999 64 4 80,RECAL 3 1 2172 64 4 80,2063,1990,21,27,-518180,-519028,2172,2071,2171,2074
RECAL 1 3 25 6 6 57,RECAL 3 0 9999 64 4 80,NULL,2126,NULL,NULL,NULL,NULL,NULL,NULL,NULL,NULL,NULL
RECAL 1 3 25 7 7 57,RECAL 3 0 9999 64 4 80,NULL,-283,NULL,NULL,NULL,NULL,NULL,NULL,NULL,NULL,NULL
RECAL 1 3 25 8 8 57,RECAL 3 0 9999 64 4 80,RECAL 3 1 -634 64 4 80,-654,1950,17,5,-518334,-518970,-634.1,2019,-634,2018
RECAL 1 3 25 9 9 57,RECAL 3 0 9999 64 4 80,RECAL 3 1 -621 64 4 80,-661,1080,13,10,-518684,-518824,-620.8,1133,-621,1132
RECAL 1 3 25 10 10 57,RECAL 3 0 9999 64 4 80,RECAL 3 1 -632 64 4 80,-687,-1316,24,13,-518442,-518464,-632.2,-1221,-635,-1220
RECAL 1 3 25 11 11 57,RECAL 3 0 9999 64 4 80,RECAL 3 1 -473 64 4 80,-585,-2142,18,28,-518545,-518571,-472.9,-2072,-473,-2070
RECAL 1 3 25 12 12 57,RECAL 3 0 9999 64 4 80,RECAL 3 1 216 64 4 80,103,-2725,28,29,-518120,-518317,216.1,-2616,219,-2613
RECAL 1 3 25 13 13 57,RECAL 3 0 9999 64 4 80,NULL,-2255,NULL,NULL,NULL,NULL,NULL,NULL,NULL,NULL,NULL
RECAL 1 3 25 14 14 57,RECAL 3 0 9999 64 4 80,RECAL 3 1 -2280 64 4 80,-2309,NULL,NULL,NULL,NULL,NULL,NULL,NULL,NULL,NULL
RECAL 1 3 25 15 15 57,RECAL 3 0 9999 64 4 80,NULL,-2328,NULL,NULL,NULL,NULL,NULL,NULL,NULL,NULL,NULL
RECAL 1 3 25 16 16 57,RECAL 3 0 9999 64 4 80,RECAL 3 1 -2236 64 4 80,-2328,1136,25,23,-518924,-518883,-2236,1238,-2236,1236
RECAL 1 3 25 17 17 57,RECAL 3 0 9999 64 4 80,RECAL 3 1 -2242 64 4 80,-2325,1981,2,21,-518880,-518596,-2242,1989,-2241,1989
RECAL 1 3 25 18 18 57,RECAL 3 0 9999 64 4 80,RECAL 3 1 -2194 64 4 80,-2270,2568,10,6,-518274,-518696,-2194,2606,-2246,2608
RECAL 1 3 26 1 1 58,RECAL 3 0 9999 64 4 80,NULL,2086,NULL,NULL,NULL,NULL,NULL,NULL,NULL,NULL,NULL
RECAL 1 3 26 2 2 58,RECAL 3 0 9999 64 4 80,RECAL 3 1 2127 64 4 80,2063,-2119,28,7,-518783,-518134,2127,-2008,2091,-2007
RECAL 1 3 26 3 3 58,RECAL 3 0 9999 64 4 80,RECAL 3 1 2205 64 4 80,2093,-1249,20,28,-518583,-519073,2205,-1208,2205,-1169
RECAL 1 3 26 4 4 58,RECAL 3 0 9999 64 4 80,NULL,2022,NULL,NULL,NULL,NULL,NULL,NULL,NULL,NULL,NULL
RECAL 1 3 26 5 5 58,RECAL 3 0 9999 64 4 80,RECAL 3 1 2135 64 4 80,2080,2022,NULL,NULL,NULL,NULL,NULL,NULL,NULL,NULL
RECAL 1 3 26 6 6 58,RECAL 3 0 9999 64 4 80,RECAL 3 1 2137 64 4 80,2063,2618,14,19,-519370,-518825,2137,2676,2139,2674
RECAL 1 3 26 7 7 58,RECAL 3 0 9999 64 4 80,RECAL 3 1 -46 64 4 80,-119,2636,NULL,NULL,NULL,NULL,NULL,NULL,NULL,NULL
RECAL 1 3 26 8 8 58,RECAL 3 0 9999 64 4 80,RECAL 3 1 314 64 4 80,256,2045,9,14,-519206,-519215,314,2083,312,2081
RECAL 1 3 26 9 9 58,RECAL 3 0 9999 64 4 80,RECAL 3 1 -406 64 4 80,-485,1216,12,20,-517869,-518791,-405.6,1313,-405,1264
RECAL 1 3 26 10 10 58,RECAL 3 0 9999 64 4 80,RECAL 3 1 362 64 4 80,321,-1205,22,11,-518967,-518669,362.5,-1177,365,-1117
RECAL 1 3 26 11 11 58,RECAL 3 0 9999 64 4 80,RECAL 3 1 69 64 4 80,35,-2095,NULL,NULL,NULL,NULL,NULL,NULL,NULL,NULL
RECAL 1 3 26 12 12 58,RECAL 3 0 9999 64 4 80,RECAL 3 1 297 64 4 80,285,-2701,6,3,-518824,-518841,296.8,-2598,297,-2677
RECAL 1 3 26 13 13 58,RECAL 3 0 9999 64 4 80,RECAL 3 1 -2066 64 4 80,-2169,-2724,4,26,-519325,-518919,-2066,-2707,-2065,-2708
RECAL 1 3 26 14 14 58,RECAL 3 0 9999 64 4 80,RECAL 3 1 -2119 64 4 80,-2158,-1264,15,10,-519336,-518901,-2119,-1206,-2118,-1204
RECAL 1 3 26 15 15 58,RECAL 3 0 9999 64 4 80,NULL,-2187,NULL,NULL,NULL,NULL,NULL,NULL,NULL,NULL,NULL
RECAL 1 3 26 16 16 58,RECAL 3 0 9999 64 4 80,RECAL 3 1 -2117 64 4 80,-2229,1158,7,28,-519183,-519245,-2117,1186,-2117,1186
RECAL 1 3 26 17 17 58,RECAL 3 0 9999 64 4 80,RECAL 3 1 -2099 64 4 80,-2170,2012,10,18,-519174,-518754,-2099,2082,-2098,2052
RECAL 1 3 26 18 18 58,RECAL 3 0 9999 64 4 80,NULL,-2191,NULL,NULL,NULL,NULL,NULL,NULL,NULL,NULL,NULL
RECAL 1 3 27 1 1 59,RECAL 3 0 9999 64 4 80,RECAL 3 1 2380 64 4 80,2352,-2792,3,7,-518755,-518957,2380,-2780,2380,-2780
RECAL 1 3 27 2 2 59,RECAL 3 0 9999 64 4 80,RECAL 3 1 2438 64 4 80,2319,-2173,6,30,-518904,-519423,2438,-2120,2439,-2149
RECAL 1 3 27 3 3 59,RECAL 3 0 9999 64 4 80,RECAL 3 1 2282 64 4 80,2282,-1271,14,0,-518847,-518870,2282,-1218,2282,-1215
RECAL 1 3 27 4 4 59,RECAL 3 0 9999 64 4 80,RECAL 3 1 2298 64 4 80,2255,1224,11,11,-519145,-519229,2298,1269,2299,1268
RECAL 1 3 27 5 5 59,RECAL 3 0 9999 64 4 80,RECAL 3 1 2367 64 4 80,2304,2089,22,16,-519165,-519118,2367,2177,2368,2177
RECAL 1 3 27 6 6 59,RECAL 3 0 9999 64 4 80,RECAL 3 1 2395 64 4 80,2280,2696,11,12,-518680,-518956,2395,2740,2328,2740
RECAL 1 3 27 7 7 59,RECAL 3 0 9999 64 4 80,RECAL 3 1 791 64 4 80,778,2674,11,3,-518474,-518658,790.5,2718,790,2718
RECAL 1 3 27 8 8 59,RECAL 3 0 9999 64 4 80,RECAL 3 1 924 64 4 80,823,2061,NULL,NULL,NULL,NULL,NULL,NULL,NULL,NULL
RECAL 1 3 27 9 9 59,RECAL 3 0 9999 64 4 80,RECAL 3 1 692 64 4 80,669,1179,NULL,NULL,NULL,NULL,NULL,NULL,NULL,NULL
RECAL 1 3 27 10 10 59,RECAL 3 0 9999 64 4 80,RECAL 3 1 771 64 4 80,758,-1318,NULL,NULL,NULL,NULL,NULL,NULL,NULL,NULL
RECAL 1 3 27 11 11 59,RECAL 3 0 9999 64 4 80,RECAL 3 1 947 64 4 80,864,-2201,NULL,NULL,NULL,NULL,NULL,NULL,NULL,NULL
RECAL 1 3 27 12 12 59,RECAL 3 0 9999 64 4 80,RECAL 3 1 1045 64 4 80,960,-2811,NULL,NULL,NULL,NULL,NULL,NULL,NULL,NULL
RECAL 1 3 27 13 13 59,RECAL 3 0 9999 64 4 80,RECAL 3 1 -2039 64 4 80,-2047,-2793,15,8,-518250,-518868,-2039,-2749,-2015,-2733
RECAL 1 3 27 14 14 59,RECAL 3 0 9999 64 4 80,RECAL 3 1 -2073 64 4 80,-2081,-2175,23,2,-519020,-518782,-2073,-2084,-2073,-2083
RECAL 1 3 27 15 15 59,RECAL 3 0 9999 64 4 80,RECAL 3 1 -2117 64 4 80,-2121,-1279,NULL,NULL,NULL,NULL,NULL,NULL,NULL,NULL
RECAL 1 3 27 16 16 59,RECAL 3 0 9999 64 4 80,RECAL 3 1 -2039 64 4 80,-2152,1213,13,28,-518300,-519040,-2039,1264,-2040,1265
RECAL 1 3 27 17 17 59,RECAL 3 0 9999 64 4 80,RECAL 3 1 -2007 64 4 80,-2099,2084,NULL,NULL,NULL,NULL,NULL,NULL,NULL,NULL
RECAL 1 3 27 18 18 59,RECAL 3 0 9999 64 4 80,RECAL 3 1 -2062 64 4 80,-2125,2689,NULL,NULL,NULL,NULL,NULL,NULL,NULL,NULL
RECAL 1 3 28 1 1 60,RECAL 3 0 9999 64 4 80,RECAL 3 1 2186 64 4 80,2168,-2779,11,5,-519011,-518097,2186,-2678,2188,-2735
RECAL 1 3 28 2 2 60,RECAL 3 0 9999 64 4 80,RECAL 3 1 2155 64 4 80,2079,-2169,NULL,NULL,NULL,NULL,NULL,NULL,NULL,NULL
RECAL 1 3 28 3 3 60,RECAL 3 0 9999 64 4 80,NULL,2159,NULL,NULL,NULL,NULL,NULL,NULL,NULL,NULL,NULL
RECAL 1 3 28 4 4 60,RECAL 3 0 9999 64 4 80,RECAL 3 1 2276 64 4 80,2152,1212,24,31,-518567,-518679,2276,1309,2276,1308
RECAL 1 3 28 5 5 60,RECAL 3 0 9999 64 4 80,NULL,2121,NULL,NULL,NULL,NULL,NULL,NULL,NULL,NULL,NULL
RECAL 1 3 28 6 6 60,RECAL 3 0 9999 64 4 80,RECAL 3 1 2203 64 4 80,2136,2682,NULL,NULL,NULL,NULL,NULL,NULL,NULL,NULL
RECAL 1 3 28 7 7 60,RECAL 3 0 9999 64 4 80,RECAL 3 1 -174 64 4 80,-265,2643,29,32,-518821,-518655,-174,2758,-137,2759
RECAL 1 3 28 8 8 60,RECAL 3 0 9999 64 4 80,RECAL 3 1 -335 64 4 80,-375,2029,NULL,NULL,NULL,NULL,NULL,NULL,NULL,NULL
RECAL 1 3 28 9 9 60,RECAL 3 0 9999 64 4 80,NULL,-2.157e+04,NULL,NULL,NULL,NULL,NULL,NULL,NULL,NULL,NULL
RECAL 1 3 28 10 10 60,RECAL 3 0 9999 64 4 80,RECAL 3 1 360 64 4 80,281,-1360,19,20,-518956,-518672,359.8,-1284,361,-1284
RECAL 1 3 28 11 11 60,RECAL 3 0 9999 64 4 80,NULL,-623,NULL,NULL,NULL,NULL,NULL,NULL,NULL,NULL,NULL
RECAL 1 3 28 12 12 60,RECAL 3 0 9999 64 4 80,RECAL 3 1 414 64 4 80,318,-2813,NULL,NULL,NULL,NULL,NULL,NULL,NULL,NULL
RECAL 1 3 28 13 13 60,RECAL 3 0 9999 64 4 80,RECAL 3 1 -2194 64 4 80,-2239,-2781,17,11,-519321,-519101,-2194,-2712,-2195,-2713
RECAL 1 3 28 14 14 60,RECAL 3 0 9999 64 4 80,RECAL 3 1 -2237 64 4 80,-2322,-2176,11,21,-518757,-518844,-2237,-2135,-2238,-2132
RECAL 1 3 28 15 15 60,RECAL 3 0 9999 64 4 80,RECAL 3 1 -2175 64 4 80,-2244,-1296,25,17,-518881,-518926,-2175,-1193,-2176,-1196
RECAL 1 3 28 16 16 60,RECAL 3 0 9999 64 4 80,NULL,-2251,NULL,NULL,NULL,NULL,NULL,NULL,NULL,NULL,NULL
RECAL 1 3 28 17 17 60,RECAL 3 0 9999 64 4 80,RECAL 3 1 -2169 64 4 80,-2282,2066,22,28,-519049,-518172,-2169,2152,-2170,2154
RECAL 1 3 28 18 18 60,RECAL 3 0 9999 64 4 80,NULL,-2275,NULL,NULL,NULL,NULL,NULL,NULL,NULL,NULL,NULL
RECAL 1 3 29 1 1 61,RECAL 3 0 9999 64 4 80,NULL,2088,NULL,NULL,NULL,NULL,NULL,NULL,NULL,NULL,NULL
RECAL 1 3 29 2 2 61,RECAL 3 0 9999 64 4 80,RECAL 3 1 2087 64 4 80,2061,-2199,22,6,-519645,-519526,2087,-2109,2085,-2111
RECAL 1 3 29 3 3 61,RECAL 3 0 9999 64 4 80,RECAL 3 1 2085 64 4 80,2033,-1324,5,13,-519147,-518979,2085,-1304,2085,-1304
RECAL 1 3 29 4 4 61,RECAL 3 0 9999 64 4 80,NULL,2145,NULL,NULL,NULL,NULL,NULL,NULL,NULL,NULL,NULL
RECAL 1 3 29 5 5 61,RECAL 3 0 9999 64 4 80,RECAL 3 1 2190 64 4 80,2099,2054,21,23,-518609,-519529,2190,2122,2191,2138
RECAL 1 3 29 6 6 61,RECAL 3 0 9999 64 4 80,RECAL 3 1 2229 64 4 80,2173,2662,4,14,-519030,-519535,2229,2751,2229,2678
RECAL 1 3 29 7 7 61,RECAL 3 0 9999 64 4 80,RECAL 3 1 437 64 4 80,329,2707,NULL,NULL,NULL,NULL,NULL,NULL,NULL,NULL
RECAL 1 3 29 8 8 61,RECAL 3 0 9999 64 4 80,NULL,-530,NULL,NULL,NULL,NULL,NULL,NULL,NULL,NULL,NULL
RECAL 1 3 29 9 9 61,RECAL 3 0 9999 64 4 80,NULL,116,NULL,NULL,NULL,NULL,NULL,NULL,NULL,NULL,NULL
RECAL 1 3 29 10 10 61,RECAL 3 0 9999 64 4 80,RECAL 3 1 -725 64 4 80,-781,-1227,NULL,NULL,NULL,NULL,NULL,NULL,NULL,NULL
RECAL 1 3 29 11 11 61,RECAL 3 0 9999 64 4 80,NULL,-694,NULL,NULL,NULL,NULL,NULL,NULL,NULL,NULL,NULL
RECAL 1 3 29 12 12 61,RECAL 3 0 9999 64 4 80,RECAL 3 1 -509 64 4 80,-597,-2760,NULL,NULL,NULL,NULL,NULL,NULL,NULL,NULL
RECAL 1 3 29 13 13 61,RECAL 3 0 9999 64 4 80,RECAL 3 1 -2209 64 4 80,-2318,-2783,17,7,-519226,-518464,-2209,-2715,-2290,-2715
RECAL 1 3 29 14 14 61,RECAL 3 0 9999 64 4 80,RECAL 3 1 -2303 64 4 80,-2342,-2172,NULL,NULL,NULL,NULL,NULL,NULL,NULL,NULL
RECAL 1 3 29 15 15 61,RECAL 3 0 9999 64 4 80,RECAL 3 1 -2320 64 4 80,-2367,-1284,23,12,-518681,-518914,-2320,-1192,-2319,-1192
RECAL 1 3 29 16 16 61,RECAL 3 0 9999 64 4 80,RECAL 3 1 -2198 64 4 80,-2263,1207,19,8,-518955,-518795,-2198,1283,-2231,1283
RECAL 1 3 29 17 17 61,RECAL 3 0 9999 64 4 80,RECAL 3 1 -2246 64 4 80,-2307,2075,18,15,-518358,-519045,-2246,2111,-2247,2147
RECAL 1 3 29 18 18 61,RECAL 3 0 9999 64 4 80,RECAL 3 1 -2227 64 4 80,-2236,2681,27,2,-518398,-519192,-2227,2691,-2228,2789
RECAL 1 3 30 1 1 62,RECAL 3 0 9999 64 4 80,RECAL 3 1 2200 64 4 80,2168,-2736,6,8,-519266,-519215,2200,-2710,2200,-2712
RECAL 1 3 30 2 2 62,RECAL 3 0 9999 64 4 80,RECAL 3 1 2169 64 4 80,2080,-2138,21,22,-518509,-519086,2169,-2106,2168,-2054
RECAL 1 3 30 3 3 62,RECAL 3 0 9999 64 4 80,RECAL 3 1 2084 64 4 80,2062,-1276,17,5,-519297,-519661,2084,-1205,2082,-1208
RECAL 1 3 30 4 4 62,RECAL 3 0 9999 64 4 80,NULL,2142,NULL,NULL,NULL,NULL,NULL,NULL,NULL,NULL,NULL
RECAL 1 3 30 5 5 62,RECAL 3 0 9999 64 4 80,RECAL 3 1 2237 64 4 80,2125,2002,NULL,NULL,NULL,NULL,NULL,NULL,NULL,NULL
RECAL 1 3 30 6 6 62,RECAL 3 0 9999 64 4 80,RECAL 3 1 2151 64 4 80,2114,2604,NULL,NULL,NULL,NULL,NULL,NULL,NULL,NULL
RECAL 1 3 30 7 7 62,RECAL 3 0 9999 64 4 80,NULL,-535,NULL,NULL,NULL,NULL,NULL,NULL,NULL,NULL,NULL
RECAL 1 3 30 8 8 62,RECAL 3 0 9999 64 4 80,RECAL 3 1 -413 64 4 80,-484,2035,NULL,NULL,NULL,NULL,NULL,NULL,NULL,NULL
RECAL 1 3 30 9 9 62,RECAL 3 0 9999 64 4 80,RECAL 3 1 -310 64 4 80,-353,1194,12,11,-519047,-517446,-310.3,1242,-309,1242
RECAL 1 3 30 10 10 62,RECAL 3 0 9999 64 4 80,NULL,-743,NULL,NULL,NULL,NULL,NULL,NULL,NULL,NULL,NULL
RECAL 1 3 30 11 11 62,RECAL 3 0 9999 64 4 80,NULL,-690,NULL,NULL,NULL,NULL,NULL,NULL,NULL,NULL,NULL
RECAL 1 3 30 12 12 62,RECAL 3 0 9999 64 4 80,RECAL 3 1 252 64 4 80,169,-2707,23,21,-519424,-518736,252,-2619,253,-2615
RECAL 1 3 30 13 13 62,RECAL 3 0 9999 64 4 80,NULL,-2258,NULL,NULL,NULL,NULL,NULL,NULL,NULL,NULL,NULL
RECAL 1 3 30 14 14 62,RECAL 3 0 9999 64 4 80,NULL,-2335,NULL,NULL,NULL,NULL,NULL,NULL,NULL,NULL,NULL
RECAL 1 3 30 15 15 62,RECAL 3 0 9999 64 4 80,NULL,-2354,NULL,NULL,NULL,NULL,NULL,NULL,NULL,NULL,NULL
RECAL 1 3 30 16 16 62,RECAL 3 0 9999 64 4 80,RECAL 3 1 -2213 64 4 80,-2281,1172,NULL,NULL,NULL,NULL,NULL,NULL,NULL,NULL
RECAL 1 3 30 17 17 62,RECAL 3 0 9999 64 4 80,NULL,-2297,NULL,NULL,NULL,NULL,NULL,NULL,NULL,NULL,NULL
RECAL 1 3 30 18 18 62,RECAL 3 0 9999 64 4 80,RECAL 3 1 -2235 64 4 80,-2306,2616,30,17,-518827,-519159,-2235,2737,-2238,2736
RECAL 1 3 31 1 1 63,RECAL 3 0 9999 64 4 80,RECAL 3 1 2163 64 4 80,2118,-2862,NULL,NULL,NULL,NULL,NULL,NULL,NULL,NULL
RECAL 1 3 31 2 2 63,RECAL 3 0 9999 64 4 80,RECAL 3 1 2136 64 4 80,2032,-2280,NULL,NULL,NULL,NULL,NULL,NULL,NULL,NULL
RECAL 1 3 31 3 3 63,RECAL 3 0 9999 64 4 80,RECAL 3 1 2050 64 4 80,2015,-1477,NULL,NULL,NULL,NULL,NULL,NULL,NULL,NULL
RECAL 1 3 31 4 4 63,RECAL 3 0 9999 64 4 80,RECAL 3 1 2117 64 4 80,1999,979,28,29,-518816,-519011,2117,1090,2115,1091
RECAL 1 3 31 5 5 63,RECAL 3 0 9999 64 4 80,RECAL 3 1 2113 64 4 80,2075,1937,3,10,-518667,-518485,2113,1949,2115,1949
RECAL 1 3 31 6 6 63,RECAL 3 0 9999 64 4 80,NULL,2062,NULL,NULL,NULL,NULL,NULL,NULL,NULL,NULL,NULL
RECAL 1 3 31 7 7 63,RECAL 3 0 9999 64 4 80,NULL,-605,NULL,NULL,NULL,NULL,NULL,NULL,NULL,NULL,NULL
RECAL 1 3 31 8 8 63,RECAL 3 0 9999 64 4 80,RECAL 3 1 -472 64 4 80,-503,1904,20,8,-518306,-519193,-472.2,1908,-471,1984
RECAL 1 3 31 9 9 63,RECAL 3 0 9999 64 4 80,RECAL 3 1 -742 64 4 80,-806,918,15,16,-518842,-518406,-741.9,977.8,-742,978
RECAL 1 3 31 10 10 63,RECAL 3 0 9999 64 4 80,NULL,2.221e+04,NULL,NULL,NULL,NULL,NULL,NULL,NULL,NULL,NULL
RECAL 1 3 31 11 11 63,RECAL 3 0 9999 64 4 80,NULL,-706,NULL,NULL,NULL,NULL,NULL,NULL,NULL,NULL,NULL
RECAL 1 3 31 12 12 63,RECAL 3 0 9999 64 4 80,RECAL 3 1 -183 64 4 80,-186,-2882,29,1,-518894,-517879,-182.9,-2766,-182,-2766
RECAL 1 3 31 13 13 63,RECAL 3 0 9999 64 4 80,RECAL 3 1 -2158 64 4 80,-2240,-2860,12,21,-519304,-519051,-2158,-2812,-2156,-2812
RECAL 1 3 31 14 14 63,RECAL 3 0 9999 64 4 80,NULL,-2322,NULL,NULL,NULL,NULL,NULL,NULL,NULL,NULL,NULL
RECAL 1 3 31 15 15 63,RECAL 3 0 9999 64 4 80,RECAL 3 1 -2258 64 4 80,-2339,-1478,22,20,-518618,-519595,-2258,-1377,-2259,-1390
RECAL 1 3 31 16 16 63,RECAL 3 0 9999 64 4 80,NULL,-2354,NULL,NULL,NULL,NULL,NULL,NULL,NULL,NULL,NULL
RECAL 1 3 31 17 17 63,RECAL 3 0 9999 64 4 80,NULL,-2282,NULL,NULL,NULL,NULL,NULL,NULL,NULL,NULL,NULL
RECAL 1 3 31 18 18 63,RECAL 3 0 9999 64 4 80,RECAL 3 1 -2197 64 4 80,-2299,2560,11,25,-518756,-519116,-2197,2673,-2199,2604
RECAL 1 3 32 1 1 64,RECAL 3 0 9999 64 4 80,RECAL 3 1 2370 64 4 80,2337,-2714,NULL,NULL,NULL,NULL,NULL,NULL,NULL,NULL
RECAL 1 3 32 2 2 64,RECAL 3 0 9999 64 4 80,RECAL 3 1 2309 64 4 80,2253,-2110,NULL,NULL,NULL,NULL,NULL,NULL,NULL,NULL
RECAL 1 3 32 3 3 64,RECAL 3 0 9999 64 4 80,RECAL 3 1 2378 64 4 80,2253,-1227,25,31,-518406,-518902,2378,-1127,2377,-1127
RECAL 1 3 32 4 4 64,RECAL 3 0 9999 64 4 80,RECAL 3 1 2441 64 4 80,2322,1193,4,30,-518821,-519292,2441,1234,2442,1209
RECAL 1 3 32 5 5 64,RECAL 3 0 9999 64 4 80,NULL,2320,NULL,NULL,NULL,NULL,NULL,NULL,NULL,NULL,NULL
RECAL 1 3 32 6 6 64,RECAL 3 0 9999 64 4 80,RECAL 3 1 2331 64 4 80,2314,2625,NULL,NULL,NULL,NULL,NULL,NULL,NULL,NULL
RECAL 1 3 32 7 7 64,RECAL 3 0 9999 64 4 80,RECAL 3 1 829 64 4 80,816,2594,24,3,-518513,-519701,829.3,2691,828,2690
RECAL 1 3 32 8 8 64,RECAL 3 0 9999 64 4 80,RECAL 3 1 917 64 4 80,803,1995,13,29,-518331,-519523,917.4,2105,919,2047
RECAL 1 3 32 9 9 64,RECAL 3 0 9999 64 4 80,NULL,-2.157e+04,NULL,NULL,NULL,NULL,NULL,NULL,NULL,NULL,NULL
RECAL 1 3 32 10 10 64,RECAL 3 0 9999 64 4 80,NULL,615,NULL,NULL,NULL,NULL,NULL,NULL,NULL,NULL,NULL
RECAL 1 3 32 11 11 64,RECAL 3 0 9999 64 4 80,RECAL 3 1 642 64 4 80,613,-2142,11,0,-518627,-519017,642,-2036,613,-2098
RECAL 1 3 32 12 12 64,RECAL 3 0 9999 64 4 80,RECAL 3 1 994 64 4 80,878,-2740,10,29,-518886,-519277,993.7,-2700,994,-2700
RECAL 1 3 32 13 13 64,RECAL 3 0 9999 64 4 80,NULL,-2100,NULL,NULL,NULL,NULL,NULL,NULL,NULL,NULL,NULL
RECAL 1 3 32 14 14 64,RECAL 3 0 9999 64 4 80,NULL,-2187,NULL,NULL,NULL,NULL,NULL,NULL,NULL,NULL,NULL
RECAL 1 3 32 15 15 64,RECAL 3 0 9999 64 4 80,RECAL 3 1 -2166 64 4 80,-2186,-1285,NULL,NULL,NULL,NULL,NULL,NULL,NULL,NULL
RECAL 1 3 32 16 16 64,RECAL 3 0 9999 64 4 80,NULL,-2112,NULL,NULL,NULL,NULL,NULL,NULL,NULL,NULL,NULL
RECAL 1 3 32 17 17 64,RECAL 3 0 9999 64 4 80,RECAL 3 1 -2016 64 4 80,-2121,1998,13,21,-519061,-518116,-2016,2053,-2037,2050
RECAL 1 3 32 18 18 64,RECAL 3 0 9999 64 4 80,RECAL 3 1 -2068 64 4 80,-2128,2596,31,15,-518715,-519143,-2068,2721,-2068,2720
RECAL 1 4 1 1 1 33,RECAL 3 0 9999 64 4 80,RECAL 3 1 2285 64 4 80,2251,-2683,12,9,-518688,-518942,2285,-2636,2287,-2635
RECAL 1 4 1 2 2 33,RECAL 3 0 9999 64 4 80,RECAL 3 1 2312 64 4 80,2244,-2097,27,16,-518608,-518962,2312,-1988,2308,-1989
RECAL 1 4 1 3 3 33,RECAL 3 0 9999 64 4 80,NULL,2249,NULL,NULL,NULL,NULL,NULL,NULL,NULL,NULL,NULL
RECAL 1 4 1 4 4 33,RECAL 3 0 9999 64 4 80,NULL,2162,NULL,NULL,NULL,NULL,NULL,NULL,NULL,NULL,NULL
RECAL 1 4 1 5 5 33,RECAL 3 0 9999 64 4 80,NULL,2249,NULL,NULL,NULL,NULL,NULL,NULL,NULL,NULL,NULL
RECAL 1 4 1 6 6 33,RECAL 3 0 9999 64 4 80,RECAL 3 1 2351 64 4 80,2255,2572,27,24,-518941,-519208,2351,2681,2351,2680
RECAL 1 4 1 7 7 33,RECAL 3 0 9999 64 4 80,RECAL 3 1 929 64 4 80,823,2540,31,26,-519444,-519365,928.7,2663,927,2664
RECAL 1 4 1 8 8 33,RECAL 3 0 9999 64 4 80,RECAL 3 1 833 64 4 80,794,1942,NULL,NULL,NULL,NULL,NULL,NULL,NULL,NULL
RECAL 1 4 1 9 9 33,RECAL 3 0 9999 64 4 80,NULL,497,NULL,NULL,NULL,NULL,NULL,NULL,NULL,NULL,NULL
RECAL 1 4 1 10 10 33,RECAL 3 0 9999 64 4 80,RECAL 3 1 887 64 4 80,791,-1317,5,24,-519106,-518271,886.9,-1299,887,-1297
RECAL 1 4 1 11 11 33,RECAL 3 0 9999 64 4 80,RECAL 3 1 798 64 4 80,780,-2134,28,5,-519110,-518344,798.1,-2024,800,-2022
RECAL 1 4 1 12 12 33,RECAL 3 0 9999 64 4 80,RECAL 3 1 897 64 4 80,793,-2714,4,26,-518284,-519325,896.9,-2698,897,-2698
RECAL 1 4 1 13 13 33,RECAL 3 0 9999 64 4 80,NULL,-2077,NULL,NULL,NULL,NULL,NULL,NULL,NULL,NULL,NULL
RECAL 1 4 1 14 14 33,RECAL 3 0 9999 64 4 80,RECAL 3 1 -2054 64 4 80,-2074,-2097,4,27,-518822,-518696,-2054,-2081,-1966,-2081
RECAL 1 4 1 15 15 33,RECAL 3 0 9999 64 4 80,RECAL 3 1 -2014 64 4 80,-2065,-1246,2,13,-519051,-518878,-2014,-1241,-2013,-1238
RECAL 1 4 1 16 16 33,RECAL 3 0 9999 64 4 80,RECAL 3 1 -2107 64 4 80,-2162,1140,7,14,-518738,-519352,-2107,1169,-2106,1168
RECAL 1 4 1 17 17 33,RECAL 3 0 9999 64 4 80,RECAL 3 1 -2032 64 4 80,-2066,1980,NULL,NULL,NULL,NULL,NULL,NULL,NULL,NULL
RECAL 1 4 1 18 18 33,RECAL 3 0 9999 64 4 80,RECAL 3 1 -2018 64 4 80,-2067,2569,NULL,NULL,NULL,NULL,NULL,NULL,NULL,NULL
RECAL 1 4 2 1 1 34,RECAL 3 0 9999 64 4 80,NULL,2295,NULL,NULL,NULL,NULL,NULL,NULL,NULL,NULL,NULL
RECAL 1 4 2 2 2 34,RECAL 3 0 9999 64 4 80,RECAL 3 1 2255 64 4 80,2222,-2120,NULL,NULL,NULL,NULL,NULL,NULL,NULL,NULL
RECAL 1 4 2 3 3 34,RECAL 3 0 9999 64 4 80,RECAL 3 1 2261 64 4 80,2222,-1263,NULL,NULL,NULL,NULL,NULL,NULL,NULL,NULL
RECAL 1 4 2 4 4 34,RECAL 3 0 9999 64 4 80,RECAL 3 1 2293 64 4 80,2249,1147,10,11,-518305,-518679,2293,1253,2293,1187
RECAL 1 4 2 5 5 34,RECAL 3 0 9999 64 4 80,RECAL 3 1 2328 64 4 80,2309,1997,16,12,-518425,-518609,2328,2064,2357,2061
RECAL 1 4 2 6 6 34,RECAL 3 0 9999 64 4 80,RECAL 3 1 2327 64 4 80,2312,2588,13,4,-518552,-518348,2327,2639,2328,2640
RECAL 1 4 2 7 7 34,RECAL 3 0 9999 64 4 80,NULL,920,NULL,NULL,NULL,NULL,NULL,NULL,NULL,NULL,NULL
RECAL 1 4 2 8 8 34,RECAL 3 0 9999 64 4 80,RECAL 3 1 978 64 4 80,902,1959,NULL,NULL,NULL,NULL,NULL,NULL,NULL,NULL
RECAL 1 4 2 9 9 34,RECAL 3 0 9999 64 4 80,NULL,740,NULL,NULL,NULL,NULL,NULL,NULL,NULL,NULL,NULL
RECAL 1 4 2 10 10 34,RECAL 3 0 9999 64 4 80,NULL,658,NULL,NULL,NULL,NULL,NULL,NULL,NULL,NULL,NULL
RECAL 1 4 2 11 11 34,RECAL 3 0 9999 64 4 80,NULL,667,NULL,NULL,NULL,NULL,NULL,NULL,NULL,NULL,NULL
RECAL 1 4 2 12 12 34,RECAL 3 0 9999 64 4 80,NULL,879,NULL,NULL,NULL,NULL,NULL,NULL,NULL,NULL,NULL
RECAL 1 4 2 13 13 34,RECAL 3 0 9999 64 4 80,NULL,-2063,NULL,NULL,NULL,NULL,NULL,NULL,NULL,NULL,NULL
RECAL 1 4 2 14 14 34,RECAL 3 0 9999 64 4 80,RECAL 3 1 -2074 64 4 80,-2137,-2143,7,15,-518701,-519015,-2074,-2114,-2077,-2115
RECAL 1 4 2 15 15 34,RECAL 3 0 9999 64 4 80,NULL,-2136,NULL,NULL,NULL,NULL,NULL,NULL,NULL,NULL,NULL
RECAL 1 4 2 16 16 34,RECAL 3 0 9999 64 4 80,RECAL 3 1 -2098 64 4 80,-2108,1105,25,2,-518970,-518573,-2098,1205,-2100,1205
RECAL 1 4 2 17 17 34,RECAL 3 0 9999 64 4 80,NULL,-2042,NULL,NULL,NULL,NULL,NULL,NULL,NULL,NULL,NULL
RECAL 1 4 2 18 18 34,RECAL 3 0 9999 64 4 80,RECAL 3 1 -1987 64 4 80,-2042,2564,NULL,NULL,NULL,NULL,NULL,NULL,NULL,NULL
RECAL 1 4 3 1 1 35,RECAL 3 0 9999 64 4 80,RECAL 3 1 2170 64 4 80,2132,-2726,31,10,-519461,-519045,2170,-2628,2172,-2602
RECAL 1 4 3 2 2 35,RECAL 3 0 9999 64 4 80,RECAL 3 1 2191 64 4 80,2135,-2146,10,14,-519070,-518866,2191,-2106,2191,-2106
RECAL 1 4 3 3 3 35,RECAL 3 0 9999 64 4 80,RECAL 3 1 2148 64 4 80,2144,-1312,6,1,-518898,-518877,2148,-1287,2148,-1288
RECAL 1 4 3 4 4 35,RECAL 3 0 9999 64 4 80,RECAL 3 1 2149 64 4 80,2147,1087,3,0,-518724,-518757,2149,1100,2147,1099
RECAL 1 4 3 5 5 35,RECAL 3 0 9999 64 4 80,RECAL 3 1 2141 64 4 80,2068,1959,21,18,-517781,-518847,2141,2041,2140,2043
RECAL 1 4 3 6 6 35,RECAL 3 0 9999 64 4 80,NULL,2157,NULL,NULL,NULL,NULL,NULL,NULL,NULL,NULL,NULL
RECAL 1 4 3 7 7 35,RECAL 3 0 9999 64 4 80,NULL,-256,NULL,NULL,NULL,NULL,NULL,NULL,NULL,NULL,NULL
RECAL 1 4 3 8 8 35,RECAL 3 0 9999 64 4 80,NULL,-744,NULL,NULL,NULL,NULL,NULL,NULL,NULL,NULL,NULL
RECAL 1 4 3 9 9 35,RECAL 3 0 9999 64 4 80,NULL,-339,NULL,NULL,NULL,NULL,NULL,NULL,NULL,NULL,NULL
RECAL 1 4 3 10 10 35,RECAL 3 0 9999 64 4 80,RECAL 3 1 -368 64 4 80,-375,-1245,26,2,-518824,-518664,-368.3,-1144,-367,-1141
RECAL 1 4 3 11 11 35,RECAL 3 0 9999 64 4 80,NULL,-452,NULL,NULL,NULL,NULL,NULL,NULL,NULL,NULL,NULL
RECAL 1 4 3 12 12 35,RECAL 3 0 9999 64 4 80,RECAL 3 1 -453 64 4 80,-480,-2698,0,7,-518961,-518663,-452.9,-2698,-452,-2698
RECAL 1 4 3 13 13 35,RECAL 3 0 9999 64 4 80,RECAL 3 1 -2241 64 4 80,-2322,-2696,7,20,-518292,-518541,-2241,-2607,-2242,-2668
RECAL 1 4 3 14 14 35,RECAL 3 0 9999 64 4 80,RECAL 3 1 -2205 64 4 80,-2318,-2111,13,28,-518958,-518492,-2205,-2060,-2206,-2059
RECAL 1 4 3 15 15 35,RECAL 3 0 9999 64 4 80,RECAL 3 1 -2194 64 4 80,-2308,-1249,21,28,-519030,-518586,-2194,-1164,-2196,-1165
RECAL 1 4 3 16 16 35,RECAL 3 0 9999 64 4 80,RECAL 3 1 -2187 64 4 80,-2305,1153,23,30,-519381,-517928,-2187,1243,-2185,1245
RECAL 1 4 3 17 17 35,RECAL 3 0 9999 64 4 80,RECAL 3 1 -2282 64 4 80,-2377,1997,18,24,-519013,-518777,-2282,2072,-2281,2069
RECAL 1 4 3 18 18 35,RECAL 3 0 9999 64 4 80,NULL,2.22e+04,NULL,NULL,NULL,NULL,NULL,NULL,NULL,NULL,NULL
RECAL 1 4 4 1 1 36,RECAL 3 0 9999 64 4 80,NULL,2144,NULL,NULL,NULL,NULL,NULL,NULL,NULL,NULL,NULL
RECAL 1 4 4 2 2 36,RECAL 3 0 9999 64 4 80,NULL,2174,NULL,NULL,NULL,NULL,NULL,NULL,NULL,NULL,NULL
RECAL 1 4 4 3 3 36,RECAL 3 0 9999 64 4 80,RECAL 3 1 2146 64 4 80,2088,-1247,NULL,NULL,NULL,NULL,NULL,NULL,NULL,NULL
RECAL 1 4 4 4 4 36,RECAL 3 0 9999 64 4 80,NULL,2169,NULL,NULL,NULL,NULL,NULL,NULL,NULL,NULL,NULL
RECAL 1 4 4 5 5 36,RECAL 3 0 9999 64 4 80,NULL,2161,NULL,NULL,NULL,NULL,NULL,NULL,NULL,NULL,NULL
RECAL 1 4 4 6 6 36,RECAL 3 0 9999 64 4 80,NULL,2155,NULL,NULL,NULL,NULL,NULL,NULL,NULL,NULL,NULL
RECAL 1 4 4 7 7 36,RECAL 3 0 9999 64 4 80,RECAL 3 1 -427 64 4 80,-504,NULL,NULL,NULL,NULL,NULL,NULL,NULL,NULL,NULL
RECAL 1 4 4 8 8 36,RECAL 3 0 9999 64 4 80,RECAL 3 1 545 64 4 80,431,1947,14,28,-519006,-518780,544.6,2000,543,2003
RECAL 1 4 4 9 9 36,RECAL 3 0 9999 64 4 80,NULL,474,NULL,NULL,NULL,NULL,NULL,NULL,NULL,NULL,NULL
RECAL 1 4 4 10 10 36,RECAL 3 0 9999 64 4 80,RECAL 3 1 -275 64 4 80,-400,-1244,17,31,-518929,-518724,-274.8,-1177,-276,-1176
RECAL 1 4 4 11 11 36,RECAL 3 0 9999 64 4 80,NULL,489,NULL,NULL,NULL,NULL,NULL,NULL,NULL,NULL,NULL
RECAL 1 4 4 12 12 36,RECAL 3 0 9999 64 4 80,RECAL 3 1 434 64 4 80,339,-2658,11,24,-518825,-518174,434.3,-2615,435,-2614
RECAL 1 4 4 13 13 36,RECAL 3 0 9999 64 4 80,RECAL 3 1 -2097 64 4 80,-2209,-2673,25,28,-518714,-518927,-2097,-2574,-2097,-2573
RECAL 1 4 4 14 14 36,RECAL 3 0 9999 64 4 80,RECAL 3 1 -2061 64 4 80,-2176,-2095,24,4,-518926,-518609,-2061,-1998,-2160,-1999
RECAL 1 4 4 15 15 36,RECAL 3 0 9999 64 4 80,RECAL 3 1 -2230 64 4 80,-2262,-1269,28,8,-518400,-518986,-2230,-1159,-2230,-1157
RECAL 1 4 4 16 16 36,RECAL 3 0 9999 64 4 80,NULL,-2179,NULL,NULL,NULL,NULL,NULL,NULL,NULL,NULL,NULL
RECAL 1 4 4 17 17 36,RECAL 3 0 9999 64 4 80,RECAL 3 1 -2172 64 4 80,-2189,1929,15,4,-518622,-519052,-2172,2041,-2173,1989
RECAL 1 4 4 18 18 36,RECAL 3 0 9999 64 4 80,RECAL 3 1 -2204 64 4 80,-2274,2514,NULL,NULL,NULL,NULL,NULL,NULL,NULL,NULL
RECAL 1 4 5 1 1 37,RECAL 3 0 9999 64 4 80,NULL,2289,NULL,NULL,NULL,NULL,NULL,NULL,NULL,NULL,NULL
RECAL 1 4 5 2 2 37,RECAL 3 0 9999 64 4 80,RECAL 3 1 2354 64 4 80,2288,-2182,1,16,-519108,-519041,2354,-2069,2352,-2178
RECAL 1 4 5 3 3 37,RECAL 3 0 9999 64 4 80,RECAL 3 1 2236 64 4 80,2199,-1293,NULL,NULL,NULL,NULL,NULL,NULL,NULL,NULL
RECAL 1 4 5 4 4 37,RECAL 3 0 9999 64 4 80,RECAL 3 1 2310 64 4 80,2295,1209,23,3,-519139,-518607,2310,1301,2307,1301
RECAL 1 4 5 5 5 37,RECAL 3 0 9999 64 4 80,RECAL 3 1 2236 64 4 80,2224,2084,14,3,-519530,-518986,2236,2140,2236,2140
RECAL 1 4 5 6 6 37,RECAL 3 0 9999 64 4 80,RECAL 3 1 2297 64 4 80,2252,2698,5,6,-518941,-517993,2297,2719,2276,2718
RECAL 1 4 5 7 7 37,RECAL 3 0 9999 64 4 80,RECAL 3 1 395 64 4 80,270,2663,NULL,NULL,NULL,NULL,NULL,NULL,NULL,NULL
RECAL 1 4 5 8 8 37,RECAL 3 0 9999 64 4 80,NULL,-299,NULL,NULL,NULL,NULL,NULL,NULL,NULL,NULL,NULL
RECAL 1 4 5 9 9 37,RECAL 3 0 9999 64 4 80,RECAL 3 1 552 64 4 80,516,1141,NULL,NULL,NULL,NULL,NULL,NULL,NULL,NULL
RECAL 1 4 5 10 10 37,RECAL 3 0 9999 64 4 80,RECAL 3 1 -441 64 4 80,-464,-1362,9,6,-518454,-519035,-441.2,-1261,-440,-1326
RECAL 1 4 5 11 11 37,RECAL 3 0 9999 64 4 80,RECAL 3 1 540 64 4 80,487,-2227,NULL,NULL,NULL,NULL,NULL,NULL,NULL,NULL
RECAL 1 4 5 12 12 37,RECAL 3 0 9999 64 4 80,NULL,491,NULL,NULL,NULL,NULL,NULL,NULL,NULL,NULL,NULL
RECAL 1 4 5 13 13 37,RECAL 3 0 9999 64 4 80,RECAL 3 1 -2235 64 4 80,-2293,-2800,NULL,NULL,NULL,NULL,NULL,NULL,NULL,NULL
RECAL 1 4 5 14 14 37,RECAL 3 0 9999 64 4 80,NULL,-2291,NULL,NULL,NULL,NULL,NULL,NULL,NULL,NULL,NULL
RECAL 1 4 5 15 15 37,RECAL 3 0 9999 64 4 80,RECAL 3 1 -2337 64 4 80,-2379,-1289,3,11,-519548,-519072,-2337,-1276,-2335,-1277
RECAL 1 4 5 16 16 37,RECAL 3 0 9999 64 4 80,NULL,-2281,NULL,NULL,NULL,NULL,NULL,NULL,NULL,NULL,NULL
RECAL 1 4 5 17 17 37,RECAL 3 0 9999 64 4 80,RECAL 3 1 -2282 64 4 80,-2358,2077,11,15,-518554,-518972,-2282,2120,-2298,2121
RECAL 1 4 5 18 18 37,RECAL 3 0 9999 64 4 80,RECAL 3 1 -2294 64 4 80,-2327,2686,19,8,-519550,-518956,-2294,2761,-2295,2762
RECAL 1 4 6 1 1 38,RECAL 3 0 9999 64 4 80,RECAL 3 1 2419 64 4 80,2379,-2740,12,9,-519043,-519190,2419,-2693,2415,-2692
RECAL 1 4 6 2 2 38,RECAL 3 0 9999 64 4 80,RECAL 3 1 2354 64 4 80,2350,-2134,NULL,NULL,NULL,NULL,NULL,NULL,NULL,NULL
RECAL 1 4 6 3 3 38,RECAL 3 0 9999 64 4 80,NULL,2312,NULL,NULL,NULL,NULL,NULL,NULL,NULL,NULL,NULL
RECAL 1 4 6 4 4 38,RECAL 3 0 9999 64 4 80,RECAL 3 1 2441 64 4 80,2316,1172,19,31,-518672,-518622,2441,1247,2440,1248
RECAL 1 4 6 5 5 38,RECAL 3 0 9999 64 4 80,RECAL 3 1 2436 64 4 80,2402,2028,15,9,-518680,-519129,2436,2087,2438,2088
RECAL 1 4 6 6 6 38,RECAL 3 0 9999 64 4 80,NULL,2418,NULL,NULL,NULL,NULL,NULL,NULL,NULL,NULL,NULL
RECAL 1 4 6 7 7 38,RECAL 3 0 9999 64 4 80,NULL,1043,NULL,NULL,NULL,NULL,NULL,NULL,NULL,NULL,NULL
RECAL 1 4 6 8 8 38,RECAL 3 0 9999 64 4 80,RECAL 3 1 1128 64 4 80,1011,2034,5,29,-519101,-518995,1128,2053,1127,2054
RECAL 1 4 6 9 9 38,RECAL 3 0 9999 64 4 80,NULL,784,NULL,NULL,NULL,NULL,NULL,NULL,NULL,NULL,NULL
RECAL 1 4 6 10 10 38,RECAL 3 0 9999 64 4 80,RECAL 3 1 784 64 4 80,770,-1263,NULL,NULL,NULL,NULL,NULL,NULL,NULL,NULL
RECAL 1 4 6 11 11 38,RECAL 3 0 9999 64 4 80,NULL,860,NULL,NULL,NULL,NULL,NULL,NULL,NULL,NULL,NULL
RECAL 1 4 6 12 12 38,RECAL 3 0 9999 64 4 80,RECAL 3 1 1048 64 4 80,955,-2736,7,23,-518595,-518797,1048,-2709,1047,-2708
RECAL 1 4 6 13 13 38,RECAL 3 0 9999 64 4 80,RECAL 3 1 -2044 64 4 80,-2072,-2762,21,7,-519174,-519236,-2044,-2679,-2044,-2678
RECAL 1 4 6 14 14 38,RECAL 3 0 9999 64 4 80,RECAL 3 1 -2070 64 4 80,-2097,-2161,19,7,-518957,-518865,-2070,-2086,-2069,-2085
RECAL 1 4 6 15 15 38,RECAL 3 0 9999 64 4 80,RECAL 3 1 -2063 64 4 80,-2136,-1317,32,18,-519016,-519072,-2063,-1288,-2064,-1189
RECAL 1 4 6 16 16 38,RECAL 3 0 9999 64 4 80,RECAL 3 1 -2094 64 4 80,-2135,1126,9,10,-519149,-519220,-2094,1166,-2095,1162
RECAL 1 4 6 17 17 38,RECAL 3 0 9999 64 4 80,RECAL 3 1 -1920 64 4 80,-2034,2001,NULL,NULL,NULL,NULL,NULL,NULL,NULL,NULL
RECAL 1 4 6 18 18 38,RECAL 3 0 9999 64 4 80,RECAL 3 1 -2009 64 4 80,-2029,2611,31,24,-518995,-518746,-2009,2630,-1933,2735
RECAL 1 4 7 1 1 39,RECAL 3 0 9999 64 4 80,RECAL 3 1 2349 64 4 80,2307,-2982,13,2,-518435,-517864,2349,-2932,2315,-2930
RECAL 1 4 7 2 2 39,RECAL 3 0 9999 64 4 80,NULL,2260,NULL,NULL,NULL,NULL,NULL,NULL,NULL,NULL,NULL
RECAL 1 4 7 3 3 39,RECAL 3 0 9999 64 4 80,RECAL 3 1 2356 64 4 80,2254,-1404,NULL,NULL,NULL,NULL,NULL,NULL,NULL,NULL
RECAL 1 4 7 4 4 39,RECAL 3 0 9999 64 4 80,RECAL 3 1 2402 64 4 80,2365,1242,NULL,NULL,NULL,NULL,NULL,NULL,NULL,NULL
RECAL 1 4 7 5 5 39,RECAL 3 0 9999 64 4 80,RECAL 3 1 2441 64 4 80,2365,2188,1,19,-518668,-518542,2441,2194,2441,2192
RECAL 1 4 7 6 6 39,RECAL 3 0 9999 64 4 80,RECAL 3 1 2420 64 4 80,2371,2836,NULL,NULL,NULL,NULL,NULL,NULL,NULL,NULL
RECAL 1 4 7 7 7 39,RECAL 3 0 9999 64 4 80,RECAL 3 1 -473 64 4 80,-534,2862,32,15,-518770,-519127,-473.5,2959,-474,2990
RECAL 1 4 7 8 8 39,RECAL 3 0 9999 64 4 80,RECAL 3 1 -508 64 4 80,-518,2225,2,12,-518736,-518882,-508.3,2233,-470,2233
RECAL 1 4 7 9 9 39,RECAL 3 0 9999 64 4 80,RECAL 3 1 -436 64 4 80,-536,1323,NULL,NULL,NULL,NULL,NULL,NULL,NULL,NULL
RECAL 1 4 7 10 10 39,RECAL 3 0 9999 64 4 80,RECAL 3 1 -889 64 4 80,-943,-1325,14,5,-518932,-518297,-888.7,-1267,-923,-1269
RECAL 1 4 7 11 11 39,RECAL 3 0 9999 64 4 80,RECAL 3 1 -909 64 4 80,-930,-2286,10,31,-518725,-519175,-909.1,-2244,-806,-2246
RECAL 1 4 7 12 12 39,RECAL 3 0 9999 64 4 80,RECAL 3 1 -758 64 4 80,-814,-2945,14,14,-518778,-518208,-758.4,-2889,-758,-2889
RECAL 1 4 7 13 13 39,RECAL 3 0 9999 64 4 80,RECAL 3 1 -2511 64 4 80,-2626,-2970,NULL,NULL,NULL,NULL,NULL,NULL,NULL,NULL
RECAL 1 4 7 14 14 39,RECAL 3 0 9999 64 4 80,NULL,-2661,NULL,NULL,NULL,NULL,NULL,NULL,NULL,NULL,NULL
RECAL 1 4 7 15 15 39,RECAL 3 0 9999 64 4 80,RECAL 3 1 -2647 64 4 80,-2672,-1386,12,7,-519053,-518825,-2647,-1338,-2644,-1338
RECAL 1 4 7 16 16 39,RECAL 3 0 9999 64 4 80,RECAL 3 1 -2527 64 4 80,-2568,1258,24,2,-519007,-519092,-2527,1278,-2560,1354
RECAL 1 4 7 17 17 39,RECAL 3 0 9999 64 4 80,RECAL 3 1 -2511 64 4 80,-2567,2199,18,14,-518813,-518920,-2511,2272,-2511,2271
RECAL 1 4 7 18 18 39,RECAL 3 0 9999 64 4 80,RECAL 3 1 -2552 64 4 80,-2566,2839,NULL,NULL,NULL,NULL,NULL,NULL,NULL,NULL
RECAL 1 4 8 1 1 40,RECAL 3 0 9999 64 4 80,RECAL 3 1 2276 64 4 80,2218,-2774,9,15,-518694,-518446,2276,-2662,2278,-2738
RECAL 1 4 8 2 2 40,RECAL 3 0 9999 64 4 80,NULL,2163,NULL,NULL,NULL,NULL,NULL,NULL,NULL,NULL,NULL
RECAL 1 4 8 3 3 40,RECAL 3 0 9999 64 4 80,RECAL 3 1 2312 64 4 80,2216,-1301,26,24,-519042,-518489,2312,-1195,2312,-1197
RECAL 1 4 8 4 4 40,RECAL 3 0 9999 64 4 80,NULL,2193,NULL,NULL,NULL,NULL,NULL,NULL,NULL,NULL,NULL
RECAL 1 4 8 5 5 40,RECAL 3 0 9999 64 4 80,NULL,2170,NULL,NULL,NULL,NULL,NULL,NULL,NULL,NULL,NULL
RECAL 1 4 8 6 6 40,RECAL 3 0 9999 64 4 80,RECAL 3 1 2254 64 4 80,2162,2662,9,3,-518047,-518562,2254,2697,2174,2698
RECAL 1 4 8 7 7 40,RECAL 3 0 9999 64 4 80,RECAL 3 1 192 64 4 80,104,2644,9,22,-518718,-519115,192.5,2680,192,2680
RECAL 1 4 8 8 8 40,RECAL 3 0 9999 64 4 80,NULL,230,NULL,NULL,NULL,NULL,NULL,NULL,NULL,NULL,NULL
RECAL 1 4 8 9 9 40,RECAL 3 0 9999 64 4 80,RECAL 3 1 478 64 4 80,358,1156,13,30,-518508,-518565,478.4,1208,478,1208
RECAL 1 4 8 10 10 40,RECAL 3 0 9999 64 4 80,RECAL 3 1 567 64 4 80,508,-1328,12,14,-518899,-518811,567.1,-1279,564,-1280
RECAL 1 4 8 11 11 40,RECAL 3 0 9999 64 4 80,RECAL 3 1 323 64 4 80,202,-2194,12,30,-518900,-518623,322.5,-2145,322,-2146
RECAL 1 4 8 12 12 40,RECAL 3 0 9999 64 4 80,NULL,537,NULL,NULL,NULL,NULL,NULL,NULL,NULL,NULL,NULL
RECAL 1 4 8 13 13 40,RECAL 3 0 9999 64 4 80,RECAL 3 1 -2178 64 4 80,-2218,-2774,16,28,-518899,-519014,-2178,-2739,-2106,-2710
RECAL 1 4 8 14 14 40,RECAL 3 0 9999 64 4 80,NULL,-2271,NULL,NULL,NULL,NULL,NULL,NULL,NULL,NULL,NULL
RECAL 1 4 8 15 15 40,RECAL 3 0 9999 64 4 80,RECAL 3 1 -2155 64 4 80,-2213,-1276,NULL,NULL,NULL,NULL,NULL,NULL,NULL,NULL
RECAL 1 4 8 16 16 40,RECAL 3 0 9999 64 4 80,RECAL 3 1 -2149 64 4 80,-2244,1201,NULL,NULL,NULL,NULL,NULL,NULL,NULL,NULL
RECAL 1 4 8 17 17 40,RECAL 3 0 9999 64 4 80,NULL,-2267,NULL,NULL,NULL,NULL,NULL,NULL,NULL,NULL,NULL
RECAL 1 4 8 18 18 40,RECAL 3 0 9999 64 4 80,NULL,-2280,NULL,NULL,NULL,NULL,NULL,NULL,NULL,NULL,NULL
RECAL 1 4 9 1 1 41,RECAL 3 0 9999 64 4 80,NULL,2101,NULL,NULL,NULL,NULL,NULL,NULL,NULL,NULL,NULL
RECAL 1 4 9 2 2 41,RECAL 3 0 9999 64 4 80,NULL,2009,NULL,NULL,NULL,NULL,NULL,NULL,NULL,NULL,NULL
RECAL 1 4 9 3 3 41,RECAL 3 0 9999 64 4 80,RECAL 3 1 2144 64 4 80,2112,-1319,27,8,-518619,-518305,2144,-1210,2144,-1211
RECAL 1 4 9 4 4 41,RECAL 3 0 9999 64 4 80,NULL,2098,NULL,NULL,NULL,NULL,NULL,NULL,NULL,NULL,NULL
RECAL 1 4 9 5 5 41,RECAL 3 0 9999 64 4 80,NULL,2105,NULL,NULL,NULL,NULL,NULL,NULL,NULL,NULL,NULL
RECAL 1 4 9 6 6 41,RECAL 3 0 9999 64 4 80,RECAL 3 1 2248 64 4 80,2136,2650,2,28,-519159,-518724,2248,2657,2248,2658
RECAL 1 4 9 7 7 41,RECAL 3 0 9999 64 4 80,RECAL 3 1 -432 64 4 80,-490,2684,14,14,-519330,-519127,-432.5,2740,-434,2740
RECAL 1 4 9 8 8 41,RECAL 3 0 9999 64 4 80,RECAL 3 1 -634 64 4 80,-661,2089,NULL,NULL,NULL,NULL,NULL,NULL,NULL,NULL
RECAL 1 4 9 9 9 41,RECAL 3 0 9999 64 4 80,NULL,-670,NULL,NULL,NULL,NULL,NULL,NULL,NULL,NULL,NULL
RECAL 1 4 9 10 10 41,RECAL 3 0 9999 64 4 80,RECAL 3 1 -547 64 4 80,-603,-1240,20,14,-519077,-519303,-547,-1163,-547,-1160
RECAL 1 4 9 11 11 41,RECAL 3 0 9999 64 4 80,NULL,-957,NULL,NULL,NULL,NULL,NULL,NULL,NULL,NULL,NULL
RECAL 1 4 9 12 12 41,RECAL 3 0 9999 64 4 80,RECAL 3 1 -666 64 4 80,-723,-2754,11,14,-518941,-519241,-666,-2709,-667,-2710
RECAL 1 4 9 13 13 41,RECAL 3 0 9999 64 4 80,RECAL 3 1 -2375 64 4 80,-2378,-2793,20,1,-519131,-519324,-2375,-2710,-2374,-2713
RECAL 1 4 9 14 14 41,RECAL 3 0 9999 64 4 80,NULL,-2453,NULL,NULL,NULL,NULL,NULL,NULL,NULL,NULL,NULL
RECAL 1 4 9 15 15 41,RECAL 3 0 9999 64 4 80,RECAL 3 1 -2308 64 4 80,-2355,-1309,17,12,-519262,-518951,-2308,-1273,-2307,-1241
RECAL 1 4 9 16 16 41,RECAL 3 0 9999 64 4 80,RECAL 3 1 -2271 64 4 80,-2370,1175,25,24,-519001,-519131,-2271,1271,-2274,1275
RECAL 1 4 9 17 17 41,RECAL 3 0 9999 64 4 80,RECAL 3 1 -2334 64 4 80,-2360,2044,31,7,-518636,-518927,-2334,2123,-2332,2168
RECAL 1 4 9 18 18 41,RECAL 3 0 9999 64 4 80,NULL,-2333,NULL,NULL,NULL,NULL,NULL,NULL,NULL,NULL,NULL
RECAL 1 4 10 1 1 42,RECAL 3 0 9999 64 4 80,RECAL 3 1 2240 64 4 80,2218,-2771,22,15,-519038,-518863,2240,-2682,2278,-2683
RECAL 1 4 10 2 2 42,RECAL 3 0 9999 64 4 80,RECAL 3 1 2145 64 4 80,2130,-2161,NULL,NULL,NULL,NULL,NULL,NULL,NULL,NULL
RECAL 1 4 10 3 3 42,RECAL 3 0 9999 64 4 80,RECAL 3 1 2231 64 4 80,2219,-1271,NULL,NULL,NULL,NULL,NULL,NULL,NULL,NULL
RECAL 1 4 10 4 4 42,RECAL 3 0 9999 64 4 80,RECAL 3 1 2135 64 4 80,2112,1184,NULL,NULL,NULL,NULL,NULL,NULL,NULL,NULL
RECAL 1 4 10 5 5 42,RECAL 3 0 9999 64 4 80,RECAL 3 1 2284 64 4 80,2198,2050,NULL,NULL,NULL,NULL,NULL,NULL,NULL,NULL
RECAL 1 4 10 6 6 42,RECAL 3 0 9999 64 4 80,RECAL 3 1 2227 64 4 80,2193,2650,NULL,NULL,NULL,NULL,NULL,NULL,NULL,NULL
RECAL 1 4 10 7 7 42,RECAL 3 0 9999 64 4 80,NULL,-263,NULL,NULL,NULL,NULL,NULL,NULL,NULL,NULL,NULL
RECAL 1 4 10 8 8 42,RECAL 3 0 9999 64 4 80,NULL,-169,NULL,NULL,NULL,NULL,NULL,NULL,NULL,NULL,NULL
RECAL 1 4 10 9 9 42,RECAL 3 0 9999 64 4 80,RECAL 3 1 -692 64 4 80,-732,1096,3,10,-519039,-518872,-692.3,1107,-692,1108
RECAL 1 4 10 10 10 42,RECAL 3 0 9999 64 4 80,NULL,261,NULL,NULL,NULL,NULL,NULL,NULL,NULL,NULL,NULL
RECAL 1 4 10 11 11 42,RECAL 3 0 9999 64 4 80,RECAL 3 1 -595 64 4 80,-659,-2205,19,16,-518637,-518421,-594.8,-2129,-595,-2129
RECAL 1 4 10 12 12 42,RECAL 3 0 9999 64 4 80,NULL,204,NULL,NULL,NULL,NULL,NULL,NULL,NULL,NULL,NULL
RECAL 1 4 10 13 13 42,RECAL 3 0 9999 64 4 80,NULL,-2307,NULL,NULL,NULL,NULL,NULL,NULL,NULL,NULL,NULL
RECAL 1 4 10 14 14 42,RECAL 3 0 9999 64 4 80,NULL,-2381,NULL,NULL,NULL,NULL,NULL,NULL,NULL,NULL,NULL
RECAL 1 4 10 15 15 42,RECAL 3 0 9999 64 4 80,RECAL 3 1 -2198 64 4 80,-2304,-1277,25,27,-518307,-518721,-2198,-1206,-2196,-1177
RECAL 1 4 10 16 16 42,RECAL 3 0 9999 64 4 80,NULL,-2402,NULL,NULL,NULL,NULL,NULL,NULL,NULL,NULL,NULL
RECAL 1 4 10 17 17 42,RECAL 3 0 9999 64 4 80,NULL,-2326,NULL,NULL,NULL,NULL,NULL,NULL,NULL,NULL,NULL
RECAL 1 4 10 18 18 42,RECAL 3 0 9999 64 4 80,RECAL 3 1 -2308 64 4 80,-2327,2645,17,5,-519041,-519214,-2308,2715,-2307,2713
RECAL 1 4 11 1 1 43,RECAL 3 0 9999 64 4 80,RECAL 3 1 2360 64 4 80,2344,-2733,NULL,NULL,NULL,NULL,NULL,NULL,NULL,NULL
RECAL 1 4 11 2 2 43,RECAL 3 0 9999 64 4 80,NULL,2269,NULL,NULL,NULL,NULL,NULL,NULL,NULL,NULL,NULL
RECAL 1 4 11 3 3 43,RECAL 3 0 9999 64 4 80,NULL,2338,NULL,NULL,NULL,NULL,NULL,NULL,NULL,NULL,NULL
RECAL 1 4 11 4 4 43,RECAL 3 0 9999 64 4 80,RECAL 3 1 2321 64 4 80,2249,1182,10,18,-519191,-518766,2321,1224,2321,1222
RECAL 1 4 11 5 5 43,RECAL 3 0 9999 64 4 80,RECAL 3 1 2422 64 4 80,2326,2037,3,25,-519484,-518582,2422,2050,2426,2049
RECAL 1 4 11 6 6 43,RECAL 3 0 9999 64 4 80,RECAL 3 1 2350 64 4 80,2310,2633,12,10,-518953,-518987,2350,2681,2350,2681
RECAL 1 4 11 7 7 43,RECAL 3 0 9999 64 4 80,RECAL 3 1 897 64 4 80,830,2591,NULL,NULL,NULL,NULL,NULL,NULL,NULL,NULL
RECAL 1 4 11 8 8 43,RECAL 3 0 9999 64 4 80,RECAL 3 1 951 64 4 80,876,1983,15,19,-519229,-518436,951.4,2041,952,2043
RECAL 1 4 11 9 9 43,RECAL 3 0 9999 64 4 80,NULL,614,NULL,NULL,NULL,NULL,NULL,NULL,NULL,NULL,NULL
RECAL 1 4 11 10 10 43,RECAL 3 0 9999 64 4 80,NULL,886,NULL,NULL,NULL,NULL,NULL,NULL,NULL,NULL,NULL
RECAL 1 4 11 11 11 43,RECAL 3 0 9999 64 4 80,RECAL 3 1 737 64 4 80,650,-2175,28,22,-518520,-518217,737.1,-2061,738,-2063
RECAL 1 4 11 12 12 43,RECAL 3 0 9999 64 4 80,RECAL 3 1 950 64 4 80,917,-2767,18,16,-518433,-518041,950.2,-2679,981,-2695
RECAL 1 4 11 13 13 43,RECAL 3 0 9999 64 4 80,RECAL 3 1 -2038 64 4 80,-2094,-2736,NULL,NULL,NULL,NULL,NULL,NULL,NULL,NULL
RECAL 1 4 11 14 14 43,RECAL 3 0 9999 64 4 80,NULL,-2185,NULL,NULL,NULL,NULL,NULL,NULL,NULL,NULL,NULL
RECAL 1 4 11 15 15 43,RECAL 3 0 9999 64 4 80,RECAL 3 1 -1973 64 4 80,-2086,-1245,7,20,-519259,-518605,-1973,-1217,-2006,-1217
RECAL 1 4 11 16 16 43,RECAL 3 0 9999 64 4 80,RECAL 3 1 -2152 64 4 80,-2192,1185,1,10,-519140,-519006,-2152,1229,-2152,1189
RECAL 1 4 11 17 17 43,RECAL 3 0 9999 64 4 80,RECAL 3 1 -2035 64 4 80,-2098,2028,NULL,NULL,NULL,NULL,NULL,NULL,NULL,NULL
RECAL 1 4 11 18 18 43,RECAL 3 0 9999 64 4 80,RECAL 3 1 -2109 64 4 80,-2124,2628,NULL,NULL,NULL,NULL,NULL,NULL,NULL,NULL
RECAL 1 4 12 1 1 44,RECAL 3 0 9999 64 4 80,RECAL 3 1 2341 64 4 80,2242,-2773,18,25,-518938,-519354,2341,-2700,2342,-2701
RECAL 1 4 12 2 2 44,RECAL 3 0 9999 64 4 80,RECAL 3 1 2159 64 4 80,2152,-2163,NULL,NULL,NULL,NULL,NULL,NULL,NULL,NULL
RECAL 1 4 12 3 3 44,RECAL 3 0 9999 64 4 80,RECAL 3 1 2229 64 4 80,2152,-1298,NULL,NULL,NULL,NULL,NULL,NULL,NULL,NULL
RECAL 1 4 12 4 4 44,RECAL 3 0 9999 64 4 80,RECAL 3 1 2206 64 4 80,2177,1151,NULL,NULL,NULL,NULL,NULL,NULL,NULL,NULL
RECAL 1 4 12 5 5 44,RECAL 3 0 9999 64 4 80,NULL,2235,NULL,NULL,NULL,NULL,NULL,NULL,NULL,NULL,NULL
RECAL 1 4 12 6 6 44,RECAL 3 0 9999 64 4 80,NULL,2264,NULL,NULL,NULL,NULL,NULL,NULL,NULL,NULL,NULL
RECAL 1 4 12 7 7 44,RECAL 3 0 9999 64 4 80,RECAL 3 1 751 64 4 80,722,2672,15,19,-519086,-518568,750.8,2730,798,2732
RECAL 1 4 12 8 8 44,RECAL 3 0 9999 64 4 80,RECAL 3 1 704 64 4 80,619,2068,17,22,-518874,-518199,703.9,2136,707,2136
RECAL 1 4 12 9 9 44,RECAL 3 0 9999 64 4 80,RECAL 3 1 366 64 4 80,321,1234,3,28,-519089,-518888,366.1,1346,433,1246
RECAL 1 4 12 10 10 44,RECAL 3 0 9999 64 4 80,RECAL 3 1 238 64 4 80,200,-1214,NULL,NULL,NULL,NULL,NULL,NULL,NULL,NULL
RECAL 1 4 12 11 11 44,RECAL 3 0 9999 64 4 80,RECAL 3 1 221 64 4 80,140,-2110,12,21,-518517,-519445,220.8,-2039,224,-2062
RECAL 1 4 12 12 12 44,RECAL 3 0 9999 64 4 80,RECAL 3 1 662 64 4 80,642,-2735,NULL,NULL,NULL,NULL,NULL,NULL,NULL,NULL
RECAL 1 4 12 13 13 44,RECAL 3 0 9999 64 4 80,RECAL 3 1 -2085 64 4 80,-2173,-2759,30,22,-518800,-518849,-2085,-2697,-2085,-2639
RECAL 1 4 12 14 14 44,RECAL 3 0 9999 64 4 80,NULL,-2261,NULL,NULL,NULL,NULL,NULL,NULL,NULL,NULL,NULL
RECAL 1 4 12 15 15 44,RECAL 3 0 9999 64 4 80,RECAL 3 1 -2224 64 4 80,-2260,-1274,14,9,-518923,-519073,-2224,-1217,-2224,-1218
RECAL 1 4 12 16 16 44,RECAL 3 0 9999 64 4 80,NULL,-2239,NULL,NULL,NULL,NULL,NULL,NULL,NULL,NULL,NULL
RECAL 1 4 12 17 17 44,RECAL 3 0 9999 64 4 80,RECAL 3 1 -2121 64 4 80,-2172,2023,NULL,NULL,NULL,NULL,NULL,NULL,NULL,NULL
RECAL 1 4 12 18 18 44,RECAL 3 0 9999 64 4 80,NULL,-2151,NULL,NULL,NULL,NULL,NULL,NULL,NULL,NULL,NULL
RECAL 1 4 13 1 1 45,RECAL 3 0 9999 64 4 80,RECAL 3 1 2446 64 4 80,2345,-2718,4,25,-518855,-518767,2446,-2670,2445,-2702
RECAL 1 4 13 2 2 45,RECAL 3 0 9999 64 4 80,NULL,2265,NULL,NULL,NULL,NULL,NULL,NULL,NULL,NULL,NULL
RECAL 1 4 13 3 3 45,RECAL 3 0 9999 64 4 80,NULL,2266,NULL,NULL,NULL,NULL,NULL,NULL,NULL,NULL,NULL
RECAL 1 4 13 4 4 45,RECAL 3 0 9999 64 4 80,NULL,2269,NULL,NULL,NULL,NULL,NULL,NULL,NULL,NULL,NULL
RECAL 1 4 13 5 5 45,RECAL 3 0 9999 64 4 80,RECAL 3 1 2367 64 4 80,2346,2000,27,5,-519247,-519074,2367,2110,2366,2108
RECAL 1 4 13 6 6 45,RECAL 3 0 9999 64 4 80,NULL,2341,NULL,NULL,NULL,NULL,NULL,NULL,NULL,NULL,NULL
RECAL 1 4 13 7 7 45,RECAL 3 0 9999 64 4 80,NULL,949,NULL,NULL,NULL,NULL,NULL,NULL,NULL,NULL,NULL
RECAL 1 4 13 8 8 45,RECAL 3 0 9999 64 4 80,RECAL 3 1 1061 64 4 80,953,2032,NULL,NULL,NULL,NULL,NULL,NULL,NULL,NULL
RECAL 1 4 13 9 9 45,RECAL 3 0 9999 64 4 80,RECAL 3 1 850 64 4 80,728,1211,22,26,-518914,-519168,849.7,1298,832,1299
RECAL 1 4 13 10 10 45,RECAL 3 0 9999 64 4 80,RECAL 3 1 758 64 4 80,721,-1198,17,9,-518935,-518867,758.1,-1133,757,-1130
RECAL 1 4 13 11 11 45,RECAL 3 0 9999 64 4 80,RECAL 3 1 814 64 4 80,738,-2088,5,19,-519568,-518723,814.4,-2070,814,-2068
RECAL 1 4 13 12 12 45,RECAL 3 0 9999 64 4 80,RECAL 3 1 950 64 4 80,941,-2682,NULL,NULL,NULL,NULL,NULL,NULL,NULL,NULL
RECAL 1 4 13 13 13 45,RECAL 3 0 9999 64 4 80,RECAL 3 1 -1987 64 4 80,-2052,-2706,26,16,-519005,-519075,-1987,-2603,-1988,-2602
RECAL 1 4 13 14 14 45,RECAL 3 0 9999 64 4 80,NULL,-2132,NULL,NULL,NULL,NULL,NULL,NULL,NULL,NULL,NULL
RECAL 1 4 13 15 15 45,RECAL 3 0 9999 64 4 80,RECAL 3 1 -2020 64 4 80,-2132,-1275,18,28,-518859,-518958,-2020,-1257,-2020,-1203
RECAL 1 4 13 16 16 45,RECAL 3 0 9999 64 4 80,NULL,-2131,NULL,NULL,NULL,NULL,NULL,NULL,NULL,NULL,NULL
RECAL 1 4 13 17 17 45,RECAL 3 0 9999 64 4 80,NULL,-2037,NULL,NULL,NULL,NULL,NULL,NULL,NULL,NULL,NULL
RECAL 1 4 13 18 18 45,RECAL 3 0 9999 64 4 80,RECAL 3 1 -1942 64 4 80,-2050,2585,5,27,-519029,-519072,-1942,2693,-1942,2605
RECAL 1 4 14 1 1 46,RECAL 3 0 9999 64 4 80,RECAL 3 1 2326 64 4 80,2258,-2751,22,17,-518917,-518840,2326,-2665,2326,-2663
RECAL 1 4 14 2 2 46,RECAL 3 0 9999 64 4 80,NULL,2258,NULL,NULL,NULL,NULL,NULL,NULL,NULL,NULL,NULL
RECAL 1 4 14 3 3 46,RECAL 3 0 9999 64 4 80,RECAL 3 1 2285 64 4 80,2264,-1282,2,5,-518849,-518410,2285,-1274,2284,-1274
RECAL 1 4 14 4 4 46,RECAL 3 0 9999 64 4 80,RECAL 3 1 2231 64 4 80,2210,1175,31,6,-518615,-519190,2231,1225,2234,1299
RECAL 1 4 14 5 5 46,RECAL 3 0 9999 64 4 80,RECAL 3 1 2339 64 4 80,2255,2036,NULL,NULL,NULL,NULL,NULL,NULL,NULL,NULL
RECAL 1 4 14 6 6 46,RECAL 3 0 9999 64 4 80,NULL,2267,NULL,NULL,NULL,NULL,NULL,NULL,NULL,NULL,NULL
RECAL 1 4 14 7 7 46,RECAL 3 0 9999 64 4 80,NULL,-2.157e+04,NULL,NULL,NULL,NULL,NULL,NULL,NULL,NULL,NULL
RECAL 1 4 14 8 8 46,RECAL 3 0 9999 64 4 80,RECAL 3 1 732 64 4 80,660,2077,27,1,-519057,-519186,731.9,2185,664,2185
RECAL 1 4 14 9 9 46,RECAL 3 0 9999 64 4 80,RECAL 3 1 541 64 4 80,479,1233,NULL,NULL,NULL,NULL,NULL,NULL,NULL,NULL
RECAL 1 4 14 10 10 46,RECAL 3 0 9999 64 4 80,RECAL 3 1 769 64 4 80,680,-1199,21,23,-518637,-518525,769.2,-1115,772,-1115
RECAL 1 4 14 11 11 46,RECAL 3 0 9999 64 4 80,RECAL 3 1 674 64 4 80,665,-2100,7,9,-518767,-518613,673.9,-2089,701,-2072
RECAL 1 4 14 12 12 46,RECAL 3 0 9999 64 4 80,RECAL 3 1 802 64 4 80,677,-2721,4,31,-519102,-519271,801.5,-2704,801,-2705
RECAL 1 4 14 13 13 46,RECAL 3 0 9999 64 4 80,NULL,-2164,NULL,NULL,NULL,NULL,NULL,NULL,NULL,NULL,NULL
RECAL 1 4 14 14 14 46,RECAL 3 0 9999 64 4 80,RECAL 3 1 -2119 64 4 80,-2157,-2157,NULL,NULL,NULL,NULL,NULL,NULL,NULL,NULL
RECAL 1 4 14 15 15 46,RECAL 3 0 9999 64 4 80,NULL,-2151,NULL,NULL,NULL,NULL,NULL,NULL,NULL,NULL,NULL
RECAL 1 4 14 16 16 46,RECAL 3 0 9999 64 4 80,RECAL 3 1 -2090 64 4 80,-2207,1164,4,29,-518669,-518985,-2090,1180,-2091,1180
RECAL 1 4 14 17 17 46,RECAL 3 0 9999 64 4 80,NULL,-2160,NULL,NULL,NULL,NULL,NULL,NULL,NULL,NULL,NULL
RECAL 1 4 14 18 18 46,RECAL 3 0 9999 64 4 80,RECAL 3 1 -2113 64 4 80,-2155,2625,9,10,-519162,-518752,-2113,2660,-2115,2661
RECAL 1 4 15 1 1 47,RECAL 3 0 9999 64 4 80,RECAL 3 1 2234 64 4 80,2137,-2649,21,24,-519150,-518941,2234,-2566,2233,-2565
RECAL 1 4 15 2 2 47,RECAL 3 0 9999 64 4 80,NULL,2138,NULL,NULL,NULL,NULL,NULL,NULL,NULL,NULL,NULL
RECAL 1 4 15 3 3 47,RECAL 3 0 9999 64 4 80,RECAL 3 1 2193 64 4 80,2145,-1206,NULL,NULL,NULL,NULL,NULL,NULL,NULL,NULL
RECAL 1 4 15 4 4 47,RECAL 3 0 9999 64 4 80,RECAL 3 1 2077 64 4 80,2057,1153,NULL,NULL,NULL,NULL,NULL,NULL,NULL,NULL
RECAL 1 4 15 5 5 47,RECAL 3 0 9999 64 4 80,NULL,2121,NULL,NULL,NULL,NULL,NULL,NULL,NULL,NULL,NULL
RECAL 1 4 15 6 6 47,RECAL 3 0 9999 64 4 80,NULL,2115,NULL,NULL,NULL,NULL,NULL,NULL,NULL,NULL,NULL
RECAL 1 4 15 7 7 47,RECAL 3 0 9999 64 4 80,RECAL 3 1 -118 64 4 80,-210,2521,9,23,-519232,-518920,-118.3,2528,-118,2557
RECAL 1 4 15 8 8 47,RECAL 3 0 9999 64 4 80,RECAL 3 1 13 64 4 80,-39,1936,16,13,-519322,-519667,13.1,2002,13,2000
RECAL 1 4 15 9 9 47,RECAL 3 0 9999 64 4 80,RECAL 3 1 -571 64 4 80,-617,1085,NULL,NULL,NULL,NULL,NULL,NULL,NULL,NULL
RECAL 1 4 15 10 10 47,RECAL 3 0 9999 64 4 80,NULL,281,NULL,NULL,NULL,NULL,NULL,NULL,NULL,NULL,NULL
RECAL 1 4 15 11 11 47,RECAL 3 0 9999 64 4 80,RECAL 3 1 250 64 4 80,242,-2103,NULL,NULL,NULL,NULL,NULL,NULL,NULL,NULL
RECAL 1 4 15 12 12 47,RECAL 3 0 9999 64 4 80,RECAL 3 1 231 64 4 80,209,-2681,3,11,-519015,-518571,231.1,-2667,253,-2669
RECAL 1 4 15 13 13 47,RECAL 3 0 9999 64 4 80,NULL,-2239,NULL,NULL,NULL,NULL,NULL,NULL,NULL,NULL,NULL
RECAL 1 4 15 14 14 47,RECAL 3 0 9999 64 4 80,NULL,-2235,NULL,NULL,NULL,NULL,NULL,NULL,NULL,NULL,NULL
RECAL 1 4 15 15 15 47,RECAL 3 0 9999 64 4 80,RECAL 3 1 -2140 64 4 80,-2228,-1257,4,22,-519445,-519322,-2140,-1224,-2140,-1241
RECAL 1 4 15 16 16 47,RECAL 3 0 9999 64 4 80,NULL,-2311,NULL,NULL,NULL,NULL,NULL,NULL,NULL,NULL,NULL
RECAL 1 4 15 17 17 47,RECAL 3 0 9999 64 4 80,RECAL 3 1 -2144 64 4 80,-2251,1942,NULL,NULL,NULL,NULL,NULL,NULL,NULL,NULL
RECAL 1 4 15 18 18 47,RECAL 3 0 9999 64 4 80,RECAL 3 1 -2146 64 4 80,-2257,2532,18,28,-519570,-519264,-2146,2604,-2145,2604
RECAL 1 4 16 1 1 48,RECAL 3 0 9999 64 4 80,RECAL 3 1 2200 64 4 80,2096,-2694,1,26,-518985,-519364,2200,-2691,2200,-2690
RECAL 1 4 16 2 2 48,RECAL 3 0 9999 64 4 80,NULL,2018,NULL,NULL,NULL,NULL,NULL,NULL,NULL,NULL,NULL
RECAL 1 4 16 3 3 48,RECAL 3 0 9999 64 4 80,NULL,2011,NULL,NULL,NULL,NULL,NULL,NULL,NULL,NULL,NULL
RECAL 1 4 16 4 4 48,RECAL 3 0 9999 64 4 80,RECAL 3 1 2187 64 4 80,2108,1148,23,30,-519015,-519071,2187,1240,2228,1240
RECAL 1 4 16 5 5 48,RECAL 3 0 9999 64 4 80,NULL,2110,NULL,NULL,NULL,NULL,NULL,NULL,NULL,NULL,NULL
RECAL 1 4 16 6 6 48,RECAL 3 0 9999 64 4 80,NULL,2110,NULL,NULL,NULL,NULL,NULL,NULL,NULL,NULL,NULL
RECAL 1 4 16 7 7 48,RECAL 3 0 9999 64 4 80,RECAL 3 1 -358 64 4 80,-380,2600,17,6,-518357,-517958,-357.7,2668,-356,2668
RECAL 1 4 16 8 8 48,RECAL 3 0 9999 64 4 80,NULL,-421,NULL,NULL,NULL,NULL,NULL,NULL,NULL,NULL,NULL
RECAL 1 4 16 9 9 48,RECAL 3 0 9999 64 4 80,RECAL 3 1 -373 64 4 80,-388,1204,NULL,NULL,NULL,NULL,NULL,NULL,NULL,NULL
RECAL 1 4 16 10 10 48,RECAL 3 0 9999 64 4 80,RECAL 3 1 -775 64 4 80,-792,-1194,13,4,-519014,-519034,-775.4,-1142,-776,-1142
RECAL 1 4 16 11 11 48,RECAL 3 0 9999 64 4 80,NULL,-805,NULL,NULL,NULL,NULL,NULL,NULL,NULL,NULL,NULL
RECAL 1 4 16 12 12 48,RECAL 3 0 9999 64 4 80,RECAL 3 1 -439 64 4 80,-507,-2668,22,18,-518897,-518593,-438.7,-2580,-435,-2580
RECAL 1 4 16 13 13 48,RECAL 3 0 9999 64 4 80,NULL,-2286,NULL,NULL,NULL,NULL,NULL,NULL,NULL,NULL,NULL
RECAL 1 4 16 14 14 48,RECAL 3 0 9999 64 4 80,NULL,-2353,NULL,NULL,NULL,NULL,NULL,NULL,NULL,NULL,NULL
RECAL 1 4 16 15 15 48,RECAL 3 0 9999 64 4 80,NULL,-2355,NULL,NULL,NULL,NULL,NULL,NULL,NULL,NULL,NULL
RECAL 1 4 16 16 16 48,RECAL 3 0 9999 64 4 80,NULL,-2271,NULL,NULL,NULL,NULL,NULL,NULL,NULL,NULL,NULL
RECAL 1 4 16 17 17 48,RECAL 3 0 9999 64 4 80,NULL,-2271,NULL,NULL,NULL,NULL,NULL,NULL,NULL,NULL,NULL
RECAL 1 4 16 18 18 48,RECAL 3 0 9999 64 4 80,RECAL 3 1 -2194 64 4 80,-2268,2561,16,18,-518043,-518191,-2194,2625,-2196,2625
RECAL 1 4 17 1 1 49,RECAL 3 0 9999 64 4 80,RECAL 3 1 2246 64 4 80,2135,-2818,24,28,-518658,-518913,2246,-2721,2247,-2722
RECAL 1 4 17 2 2 49,RECAL 3 0 9999 64 4 80,RECAL 3 1 2176 64 4 80,2065,-2212,4,28,-517793,-518723,2176,-2196,2177,-2196
RECAL 1 4 17 3 3 49,RECAL 3 0 9999 64 4 80,RECAL 3 1 2190 64 4 80,2156,-1343,31,8,-518402,-518603,2190,-1221,2188,-1219
RECAL 1 4 17 4 4 49,RECAL 3 0 9999 64 4 80,RECAL 3 1 2182 64 4 80,2164,1153,5,24,-518964,-518380,2182,1172,2260,1173
RECAL 1 4 17 5 5 49,RECAL 3 0 9999 64 4 80,RECAL 3 1 2200 64 4 80,2168,2046,NULL,NULL,NULL,NULL,NULL,NULL,NULL,NULL
RECAL 1 4 17 6 6 49,RECAL 3 0 9999 64 4 80,RECAL 3 1 2293 64 4 80,2180,2660,20,28,-518692,-519379,2293,2739,2292,2740
RECAL 1 4 17 7 7 49,RECAL 3 0 9999 64 4 80,NULL,-279,NULL,NULL,NULL,NULL,NULL,NULL,NULL,NULL,NULL
RECAL 1 4 17 8 8 49,RECAL 3 0 9999 64 4 80,RECAL 3 1 -386 64 4 80,-407,2084,11,6,-518166,-518821,-386,2127,-383,2128
RECAL 1 4 17 9 9 49,RECAL 3 0 9999 64 4 80,RECAL 3 1 -336 64 4 80,-419,1222,2,21,-518665,-518791,-335.8,1231,-335,1230
RECAL 1 4 17 10 10 49,RECAL 3 0 9999 64 4 80,RECAL 3 1 -413 64 4 80,-452,-1277,18,10,-518613,-518552,-413,-1205,-412,-1205
RECAL 1 4 17 11 11 49,RECAL 3 0 9999 64 4 80,NULL,-849,NULL,NULL,NULL,NULL,NULL,NULL,NULL,NULL,NULL
RECAL 1 4 17 12 12 49,RECAL 3 0 9999 64 4 80,RECAL 3 1 -548 64 4 80,-620,-2787,31,18,-519014,-518346,-547.6,-2663,-548,-2663
RECAL 1 4 17 13 13 49,RECAL 3 0 9999 64 4 80,RECAL 3 1 -2354 64 4 80,-2378,-2812,31,6,-518930,-518999,-2354,-2731,-2354,-2688
RECAL 1 4 17 14 14 49,RECAL 3 0 9999 64 4 80,NULL,-2.158e+04,NULL,NULL,NULL,NULL,NULL,NULL,NULL,NULL,NULL
RECAL 1 4 17 15 15 49,RECAL 3 0 9999 64 4 80,RECAL 3 1 -2269 64 4 80,-2354,-1335,NULL,NULL,NULL,NULL,NULL,NULL,NULL,NULL
RECAL 1 4 17 16 16 49,RECAL 3 0 9999 64 4 80,NULL,-2349,NULL,NULL,NULL,NULL,NULL,NULL,NULL,NULL,NULL
RECAL 1 4 17 17 17 49,RECAL 3 0 9999 64 4 80,RECAL 3 1 -2292 64 4 80,-2346,2047,25,13,-518860,-518913,-2292,2147,-2294,2147
RECAL 1 4 17 18 18 49,RECAL 3 0 9999 64 4 80,RECAL 3 1 -2250 64 4 80,-2336,2659,NULL,NULL,NULL,NULL,NULL,NULL,NULL,NULL
RECAL 1 4 18 1 1 50,RECAL 3 0 9999 64 4 80,RECAL 3 1 2359 64 4 80,2274,-2763,2,22,-519028,-519109,2359,-2753,2362,-2755
RECAL 1 4 18 2 2 50,RECAL 3 0 9999 64 4 80,RECAL 3 1 2314 64 4 80,2290,-2157,16,7,-518929,-519064,2314,-2093,2318,-2093
RECAL 1 4 18 3 3 50,RECAL 3 0 9999 64 4 80,RECAL 3 1 2274 64 4 80,2198,-1278,29,12,-518597,-519062,2274,-1176,2246,-1162
RECAL 1 4 18 4 4 50,RECAL 3 0 9999 64 4 80,RECAL 3 1 2327 64 4 80,2273,1184,NULL,NULL,NULL,NULL,NULL,NULL,NULL,NULL
RECAL 1 4 18 5 5 50,RECAL 3 0 9999 64 4 80,RECAL 3 1 2269 64 4 80,2261,2052,23,2,-519261,-518564,2269,2146,2269,2144
RECAL 1 4 18 6 6 50,RECAL 3 0 9999 64 4 80,NULL,2248,NULL,NULL,NULL,NULL,NULL,NULL,NULL,NULL,NULL
RECAL 1 4 18 7 7 50,RECAL 3 0 9999 64 4 80,NULL,607,NULL,NULL,NULL,NULL,NULL,NULL,NULL,NULL,NULL
RECAL 1 4 18 8 8 50,RECAL 3 0 9999 64 4 80,RECAL 3 1 707 64 4 80,645,2081,17,20,-518743,-518536,706.7,2147,725,2149
RECAL 1 4 18 9 9 50,RECAL 3 0 9999 64 4 80,RECAL 3 1 808 64 4 80,684,1240,27,31,-519251,-519188,808,1349,808,1348
RECAL 1 4 18 10 10 50,RECAL 3 0 9999 64 4 80,RECAL 3 1 449 64 4 80,380,-1223,NULL,NULL,NULL,NULL,NULL,NULL,NULL,NULL
RECAL 1 4 18 11 11 50,RECAL 3 0 9999 64 4 80,RECAL 3 1 844 64 4 80,740,-2123,5,15,-518436,-518207,844.5,-2103,800,-2103
RECAL 1 4 18 12 12 50,RECAL 3 0 9999 64 4 80,RECAL 3 1 795 64 4 80,702,-2734,23,23,-519146,-519022,794.5,-2709,794,-2642
RECAL 1 4 18 13 13 50,RECAL 3 0 9999 64 4 80,RECAL 3 1 -2102 64 4 80,-2187,-2764,27,21,-518781,-518410,-2102,-2742,-2103,-2656
RECAL 1 4 18 14 14 50,RECAL 3 0 9999 64 4 80,RECAL 3 1 -2051 64 4 80,-2167,-2157,19,29,-518876,-518825,-2051,-2080,-2051,-2081
RECAL 1 4 18 15 15 50,RECAL 3 0 9999 64 4 80,RECAL 3 1 -2156 64 4 80,-2264,-1285,2,27,-519074,-518647,-2156,-1276,-2156,-1277
RECAL 1 4 18 16 16 50,RECAL 3 0 9999 64 4 80,NULL,-2182,NULL,NULL,NULL,NULL,NULL,NULL,NULL,NULL,NULL
RECAL 1 4 18 17 17 50,RECAL 3 0 9999 64 4 80,NULL,-2197,NULL,NULL,NULL,NULL,NULL,NULL,NULL,NULL,NULL
RECAL 1 4 18 18 18 50,RECAL 3 0 9999 64 4 80,NULL,-2219,NULL,NULL,NULL,NULL,NULL,NULL,NULL,NULL,NULL
RECAL 1 4 19 1 1 51,RECAL 3 0 9999 64 4 80,RECAL 3 1 2233 64 4 80,2114,-2791,1,30,-518784,-518423,2233,-2786,2234,-2787
RECAL 1 4 19 2 2 51,RECAL 3 0 9999 64 4 80,RECAL 3 1 2169 64 4 80,2106,-2196,18,16,-517550,-518506,2169,-2111,2170,-2124
RECAL 1 4 19 3 3 51,RECAL 3 0 9999 64 4 80,NULL,2003,NULL,NULL,NULL,NULL,NULL,NULL,NULL,NULL,NULL
RECAL 1 4 19 4 4 51,RECAL 3 0 9999 64 4 80,RECAL 3 1 2110 64 4 80,1997,1119,3,28,-518309,-518909,2110,1155,2109,1131
RECAL 1 4 19 5 5 51,RECAL 3 0 9999 64 4 80,RECAL 3 1 2059 64 4 80,2007,2007,10,13,-518790,-519028,2059,2050,2059,2047
RECAL 1 4 19 6 6 51,RECAL 3 0 9999 64 4 80,RECAL 3 1 2150 64 4 80,2074,2610,NULL,NULL,NULL,NULL,NULL,NULL,NULL,NULL
RECAL 1 4 19 7 7 51,RECAL 3 0 9999 64 4 80,NULL,-560,NULL,NULL,NULL,NULL,NULL,NULL,NULL,NULL,NULL
RECAL 1 4 19 8 8 51,RECAL 3 0 9999 64 4 80,RECAL 3 1 -763 64 4 80,-827,2047,16,16,-241444,-182017,-763.2,2111,-763,2111
RECAL 1 4 19 9 9 51,RECAL 3 0 9999 64 4 80,RECAL 3 1 -751 64 4 80,-815,1183,18,16,-243296,-244072,-751.4,1254,-751,1255
RECAL 1 4 19 10 10 51,RECAL 3 0 9999 64 4 80,RECAL 3 1 -727 64 4 80,-790,-1281,17,16,-242927,-242951,-727.1,-1215,-726,-1213
RECAL 1 4 19 11 11 51,RECAL 3 0 9999 64 4 80,RECAL 3 1 -226 64 4 80,-306,-2154,17,20,-243230,-243576,-226,-2087,-226,-2086
RECAL 1 4 19 12 12 51,RECAL 3 0 9999 64 4 80,RECAL 3 1 -180 64 4 80,-260,-2759,17,18,-243373,-245512,-180.4,-2690,-188,-2691
RECAL 1 4 19 13 13 51,RECAL 3 0 9999 64 4 80,RECAL 3 1 -2185 64 4 80,-2249,-2785,15,16,-242129,-243270,-2185,-2723,-2185,-2725
RECAL 1 4 19 14 14 51,RECAL 3 0 9999 64 4 80,RECAL 3 1 -2188 64 4 80,-2251,-2191,15,16,-240168,-240838,-2188,-2130,-2187,-2131
RECAL 1 4 19 15 15 51,RECAL 3 0 9999 64 4 80,RECAL 3 1 -2284 64 4 80,-2348,-1358,17,16,-242059,-242495,-2284,-1289,-2284,-1290
RECAL 1 4 19 16 16 51,RECAL 3 0 9999 64 4 80,RECAL 3 1 -2291 64 4 80,-2356,1107,17,16,-239707,-239777,-2291,1173,-2292,1175
RECAL 1 4 19 17 17 51,RECAL 3 0 9999 64 4 80,NULL,-2354,NULL,NULL,NULL,NULL,NULL,NULL,NULL,NULL,NULL
RECAL 1 4 19 18 18 51,RECAL 3 0 9999 64 4 80,RECAL 3 1 -2226 64 4 80,-2290,2610,14,16,-240876,-245390,-2226,2667,-2226,2666
RECAL 1 4 20 1 1 52,RECAL 3 0 9999 64 4 80,RECAL 3 1 2040 64 4 80,1978,-2658,17,15,-239874,-240135,2040,-2592,2038,-2590
RECAL 1 4 20 2 2 52,RECAL 3 0 9999 64 4 80,RECAL 3 1 2004 64 4 80,1942,-2037,16,16,-243926,-243976,2004,-1971,2006,-1973
RECAL 1 4 20 3 3 52,RECAL 3 0 9999 64 4 80,RECAL 3 1 2047 64 4 80,1985,-1090,16,15,-243309,-243342,2047,-1025,2045,-1026
RECAL 1 4 20 4 4 52,RECAL 3 0 9999 64 4 80,RECAL 3 1 1913 64 4 80,1850,1321,15,16,-245816,-246233,1913,1381,1914,1381
RECAL 1 4 20 5 5 52,RECAL 3 0 9999 64 4 80,NULL,1899,NULL,NULL,NULL,NULL,NULL,NULL,NULL,NULL,NULL
RECAL 1 4 20 6 6 52,RECAL 3 0 9999 64 4 80,RECAL 3 1 1928 64 4 80,1865,2688,16,16,-250783,-250761,1928,2746,1929,2752
RECAL 1 4 20 7 7 52,RECAL 3 0 9999 64 4 80,NULL,-2.132e+04,NULL,NULL,NULL,NULL,NULL,NULL,NULL,NULL,NULL
RECAL 1 4 20 8 8 52,RECAL 3 0 9999 64 4 80,RECAL 3 1 -949 64 4 80,-1012,2089,14,16,-240549,-242810,-949,2147,-948,2145
RECAL 1 4 20 9 9 52,RECAL 3 0 9999 64 4 80,RECAL 3 1 -1030 64 4 80,-1093,1281,14,16,-241829,-243530,-1030,1337,-1029,1337
RECAL 1 4 20 10 10 52,RECAL 3 0 9999 64 4 80,RECAL 3 1 -720 64 4 80,-780,-1147,16,15,-239770,-239744,-720.1,-1081,-720,-1083
RECAL 1 4 20 11 11 52,RECAL 3 0 9999 64 4 80,RECAL 3 1 -842 64 4 80,-904,-2061,15,15,-241595,-241809,-842.4,-2000,-844,-2001
RECAL 1 4 20 12 12 52,RECAL 3 0 9999 64 4 80,RECAL 3 1 -770 64 4 80,-831,-2680,17,15,-238109,-239881,-769.6,-2612,-771,-2612
RECAL 1 4 20 13 13 52,RECAL 3 0 9999 64 4 80,RECAL 3 1 -2275 64 4 80,-2339,-2654,15,16,-237120,-238014,-2275,-2593,-2275,-2594
RECAL 1 4 20 14 14 52,RECAL 3 0 9999 64 4 80,RECAL 3 1 -2306 64 4 80,-2369,-2037,15,16,-240692,-241055,-2306,-1976,-2305,-1977
RECAL 1 4 20 15 15 52,RECAL 3 0 9999 64 4 80,RECAL 3 1 -2268 64 4 80,-2332,-1112,18,16,-239905,-240384,-2268,-1042,-2268,-1040
RECAL 1 4 20 16 16 52,RECAL 3 0 9999 64 4 80,RECAL 3 1 -2382 64 4 80,-2445,1310,15,16,-244333,-245206,-2382,1370,-2381,1370
RECAL 1 4 20 17 17 52,RECAL 3 0 9999 64 4 80,RECAL 3 1 -2345 64 4 80,-2408,2100,16,16,-245242,-245269,-2345,2163,-2344,2164
RECAL 1 4 20 18 18 52,RECAL 3 0 9999 64 4 80,RECAL 3 1 -2377 64 4 80,-2441,2673,17,16,-243528,-244221,-2377,2740,-2377,2741
RECAL 1 4 21 1 1 53,RECAL 3 0 9999 64 4 80,RECAL 3 1 2039 64 4 80,1976,-2718,16,16,-237722,-237741,2039,-2658,2040,-2654
RECAL 1 4 21 2 2 53,RECAL 3 0 9999 64 4 80,RECAL 3 1 2042 64 4 80,1979,-2095,15,16,-236884,-238427,2042,-2037,2043,-2035
RECAL 1 4 21 3 3 53,RECAL 3 0 9999 64 4 80,RECAL 3 1 1966 64 4 80,1901,-1179,16,16,-237895,-237900,1966,-1115,1965,-1115
RECAL 1 4 21 4 4 53,RECAL 3 0 9999 64 4 80,RECAL 3 1 2057 64 4 80,1994,1278,16,16,-237070,-237113,2057,1342,2058,1342
RECAL 1 4 21 5 5 53,RECAL 3 0 9999 64 4 80,RECAL 3 1 1979 64 4 80,1916,2099,17,16,-236635,-237542,1979,2167,1980,2167
RECAL 1 4 21 6 6 53,RECAL 3 0 9999 64 4 80,RECAL 3 1 2014 64 4 80,1951,2694,15,16,-238664,-239415,2014,2755,2015,2754
RECAL 1 4 21 7 7 53,RECAL 3 0 9999 64 4 80,RECAL 3 1 -910 64 4 80,-975,2708,17,16,-238178,-239437,-909.8,2776,-911,2776
RECAL 1 4 21 8 8 53,RECAL 3 0 9999 64 4 80,RECAL 3 1 -962 64 4 80,-1025,2127,17,16,-237229,-238172,-962,2195,-961,2195
RECAL 1 4 21 9 9 53,RECAL 3 0 9999 64 4 80,RECAL 3 1 -761 64 4 80,-828,1331,14,17,-237294,-238654,-761.1,1387,-760,1387
RECAL 1 4 21 10 10 53,RECAL 3 0 9999 64 4 80,RECAL 3 1 -987 64 4 80,-1051,-1125,18,16,-237986,-238547,-986.6,-1054,-987,-1053
RECAL 1 4 21 11 11 53,RECAL 3 0 9999 64 4 80,RECAL 3 1 -805 64 4 80,-871,-2061,15,16,-237488,-238861,-805,-2003,-807,-2001
RECAL 1 4 21 12 12 53,RECAL 3 0 9999 64 4 80,NULL,-917,NULL,NULL,NULL,NULL,NULL,NULL,NULL,NULL,NULL
RECAL 1 4 21 13 13 53,RECAL 3 0 9999 64 4 80,RECAL 3 1 -2318 64 4 80,-2386,-2721,17,17,-242171,-244318,-2318,-2656,-2318,-2653
RECAL 1 4 21 14 14 53,RECAL 3 0 9999 64 4 80,RECAL 3 1 -2308 64 4 80,-2373,-2098,15,16,-240373,-240524,-2308,-2036,-2309,-2038
RECAL 1 4 21 15 15 53,RECAL 3 0 9999 64 4 80,RECAL 3 1 -2378 64 4 80,-2441,-1178,15,16,-240179,-240628,-2378,-1120,-2377,-1118
RECAL 1 4 21 16 16 53,RECAL 3 0 9999 64 4 80,RECAL 3 1 -2295 64 4 80,-2359,1278,14,16,-239646,-240862,-2295,1335,-2295,1334
RECAL 1 4 21 17 17 53,RECAL 3 0 9999 64 4 80,RECAL 3 1 -2363 64 4 80,-2427,2095,16,16,-241140,-241137,-2363,2160,-2363,2159
RECAL 1 4 21 18 18 53,RECAL 3 0 9999 64 4 80,RECAL 3 1 -2338 64 4 80,-2402,2681,17,16,-239645,-240434,-2338,2747,-2338,2749
RECAL 1 4 22 1 1 54,RECAL 3 0 9999 64 4 80,RECAL 3 1 2106 64 4 80,2047,-2788,16,15,-239400,-239401,2106,-2727,2107,-2724
RECAL 1 4 22 2 2 54,RECAL 3 0 9999 64 4 80,RECAL 3 1 2143 64 4 80,2081,-2210,16,15,-241167,-241238,2143,-2147,2141,-2146
RECAL 1 4 22 3 3 54,RECAL 3 0 9999 64 4 80,RECAL 3 1 2091 64 4 80,2030,-1396,15,15,-241076,-241264,2091,-1335,2090,-1336
RECAL 1 4 22 4 4 54,RECAL 3 0 9999 64 4 80,RECAL 3 1 2115 64 4 80,2054,1025,16,15,-243919,-243930,2115,1089,2114,1089
RECAL 1 4 22 5 5 54,RECAL 3 0 9999 64 4 80,NULL,2155,NULL,NULL,NULL,NULL,NULL,NULL,NULL,NULL,NULL
RECAL 1 4 22 6 6 54,RECAL 3 0 9999 64 4 80,RECAL 3 1 2201 64 4 80,2140,2548,16,15,-241381,-241369,2201,2610,2200,2612
RECAL 1 4 22 7 7 54,RECAL 3 0 9999 64 4 80,RECAL 3 1 512 64 4 80,466,2574,14,12,-239332,-244174,512.3,2631,514,2630
RECAL 1 4 22 8 8 54,RECAL 3 0 9999 64 4 80,RECAL 3 1 594 64 4 80,540,1966,15,14,-239066,-240047,594.4,2026,596,2026
RECAL 1 4 22 9 9 54,RECAL 3 0 9999 64 4 80,RECAL 3 1 -403 64 4 80,-462,1087,13,14,-240408,-242614,-402.6,1139,-406,1139
RECAL 1 4 22 10 10 54,RECAL 3 0 9999 64 4 80,RECAL 3 1 -520 64 4 80,-575,-1353,16,14,-237967,-237991,-519.7,-1290,-519,-1289
RECAL 1 4 22 11 11 54,RECAL 3 0 9999 64 4 80,NULL,-228,NULL,NULL,NULL,NULL,NULL,NULL,NULL,NULL,NULL
RECAL 1 4 22 12 12 54,RECAL 3 0 9999 64 4 80,RECAL 3 1 -477 64 4 80,-525,-2759,14,12,-238521,-242378,-476.8,-2701,-477,-2703
RECAL 1 4 22 13 13 54,RECAL 3 0 9999 64 4 80,RECAL 3 1 -2195 64 4 80,-2258,-2778,16,16,-237240,-237246,-2195,-2714,-2194,-2714
RECAL 1 4 22 14 14 54,RECAL 3 0 9999 64 4 80,RECAL 3 1 -2160 64 4 80,-2222,-2202,NULL,NULL,NULL,NULL,NULL,NULL,NULL,NULL
RECAL 1 4 22 15 15 54,RECAL 3 0 9999 64 4 80,RECAL 3 1 -2207 64 4 80,-2269,-1381,14,15,-239075,-239961,-2207,-1323,-2209,-1325
RECAL 1 4 22 16 16 54,RECAL 3 0 9999 64 4 80,RECAL 3 1 -2185 64 4 80,-2247,1041,15,15,-242444,-242792,-2185,1101,-2187,1101
RECAL 1 4 22 17 17 54,RECAL 3 0 9999 64 4 80,RECAL 3 1 -2081 64 4 80,-2143,1940,16,15,-240395,-240443,-2081,2004,-2083,2004
RECAL 1 4 22 18 18 54,RECAL 3 0 9999 64 4 80,RECAL 3 1 -2103 64 4 80,-2164,2553,15,15,-241881,-243913,-2103,2612,-2104,2613
RECAL 1 4 23 1 1 55,RECAL 3 0 9999 64 4 80,RECAL 3 1 2422 64 4 80,2363,-2672,16,15,-235843,-235831,2422,-2606,2423,-2608
RECAL 1 4 23 2 2 55,RECAL 3 0 9999 64 4 80,RECAL 3 1 2343 64 4 80,2281,-2087,16,15,-236449,-236516,2343,-2021,2341,-2023
RECAL 1 4 23 3 3 55,RECAL 3 0 9999 64 4 80,RECAL 3 1 2425 64 4 80,2363,-1244,16,16,-237934,-238037,2425,-1179,2427,-1180
RECAL 1 4 23 4 4 55,RECAL 3 0 9999 64 4 80,RECAL 3 1 2341 64 4 80,2280,1122,16,15,-236308,-236320,2341,1185,2340,1186
RECAL 1 4 23 5 5 55,RECAL 3 0 9999 64 4 80,RECAL 3 1 2425 64 4 80,2363,1960,16,15,-237131,-237154,2425,2022,2423,2024
RECAL 1 4 23 6 6 55,RECAL 3 0 9999 64 4 80,RECAL 3 1 2428 64 4 80,2367,2546,16,15,-236520,-236526,2428,2610,2427,2610
RECAL 1 4 23 7 7 55,RECAL 3 0 9999 64 4 80,RECAL 3 1 1093 64 4 80,1035,2574,16,15,-235670,-235675,1093,2637,1095,2638
RECAL 1 4 23 8 8 55,RECAL 3 0 9999 64 4 80,RECAL 3 1 1061 64 4 80,1001,1999,15,15,-237625,-237964,1061,2060,1061,2059
RECAL 1 4 23 9 9 55,RECAL 3 0 9999 64 4 80,RECAL 3 1 861 64 4 80,803,1185,16,15,-237656,-237678,861.5,1247,863,1249
RECAL 1 4 23 10 10 55,RECAL 3 0 9999 64 4 80,NULL,994,NULL,NULL,NULL,NULL,NULL,NULL,NULL,NULL,NULL
RECAL 1 4 23 11 11 55,RECAL 3 0 9999 64 4 80,RECAL 3 1 861 64 4 80,800,-2043,16,15,-239518,-239500,860.6,-1977,860,-1979
RECAL 1 4 23 12 12 55,RECAL 3 0 9999 64 4 80,RECAL 3 1 1061 64 4 80,1003,-2637,16,14,-245204,-245182,1061,-2570,1059,-2573
RECAL 1 4 23 13 13 55,RECAL 3 0 9999 64 4 80,RECAL 3 1 -1938 64 4 80,-2001,-2676,17,16,-237055,-239160,-1938,-2606,-1937,-2608
RECAL 1 4 23 14 14 55,RECAL 3 0 9999 64 4 80,RECAL 3 1 -2019 64 4 80,-2083,-2083,16,16,-234653,-234665,-2019,-2020,-2019,-2019
RECAL 1 4 23 15 15 55,RECAL 3 0 9999 64 4 80,RECAL 3 1 -1923 64 4 80,-1985,-1253,17,16,-234792,-235066,-1923,-1186,-1921,-1185
RECAL 1 4 23 16 16 55,RECAL 3 0 9999 64 4 80,RECAL 3 1 -2018 64 4 80,-2081,1106,17,16,-235410,-235994,-2018,1176,-2017,1174
RECAL 1 4 23 17 17 55,RECAL 3 0 9999 64 4 80,RECAL 3 1 -1925 64 4 80,-1989,1956,15,16,-235013,-236197,-1925,2015,-1925,2016
RECAL 1 4 23 18 18 55,RECAL 3 0 9999 64 4 80,RECAL 3 1 -1928 64 4 80,-1991,2541,16,16,-234866,-234905,-1928,2605,-1927,2605
RECAL 1 4 24 1 1 56,RECAL 3 0 9999 64 4 80,RECAL 3 1 2042 64 4 80,1981,-2723,16,15,-234851,-234872,2042,-2657,2041,-2659
RECAL 1 4 24 2 2 56,RECAL 3 0 9999 64 4 80,RECAL 3 1 2091 64 4 80,2029,-2131,15,15,-236263,-236344,2091,-2068,2089,-2071
RECAL 1 4 24 3 3 56,RECAL 3 0 9999 64 4 80,RECAL 3 1 1982 64 4 80,1922,-1281,16,15,-236133,-236120,1982,-1218,1982,-1217
RECAL 1 4 24 4 4 56,RECAL 3 0 9999 64 4 80,RECAL 3 1 2055 64 4 80,1995,1154,15,15,-238451,-238671,2055,1214,2055,1214
RECAL 1 4 24 5 5 56,RECAL 3 0 9999 64 4 80,RECAL 3 1 2029 64 4 80,1969,2005,16,15,-237210,-237201,2029,2068,2029,2069
RECAL 1 4 24 6 6 56,RECAL 3 0 9999 64 4 80,RECAL 3 1 2009 64 4 80,1949,2596,15,15,-238656,-238803,2009,2659,2009,2656
RECAL 1 4 24 7 7 56,RECAL 3 0 9999 64 4 80,RECAL 3 1 -853 64 4 80,-908,NULL,NULL,NULL,NULL,NULL,NULL,NULL,NULL,NULL
RECAL 1 4 24 8 8 56,RECAL 3 0 9999 64 4 80,RECAL 3 1 -770 64 4 80,-827,2039,15,14,-235559,-236378,-769.8,2100,-771,2099
RECAL 1 4 24 9 9 56,RECAL 3 0 9999 64 4 80,NULL,-743,NULL,NULL,NULL,NULL,NULL,NULL,NULL,NULL,NULL
RECAL 1 4 24 10 10 56,RECAL 3 0 9999 64 4 80,RECAL 3 1 -879 64 4 80,-937,-1225,16,14,-234555,-234583,-879.4,-1160,-881,-1161
RECAL 1 4 24 11 11 56,RECAL 3 0 9999 64 4 80,RECAL 3 1 -562 64 4 80,-612,-2094,15,12,-234216,-235814,-561.8,-2036,-564,-2034
RECAL 1 4 24 12 12 56,RECAL 3 0 9999 64 4 80,NULL,-809,NULL,NULL,NULL,NULL,NULL,NULL,NULL,NULL,NULL
RECAL 1 4 24 13 13 56,RECAL 3 0 9999 64 4 80,RECAL 3 1 -2271 64 4 80,-2332,-2730,16,15,-235003,-235018,-2271,-2666,-2272,-2666
RECAL 1 4 24 14 14 56,RECAL 3 0 9999 64 4 80,RECAL 3 1 -2223 64 4 80,-2284,-2145,NULL,NULL,NULL,NULL,NULL,NULL,NULL,NULL
RECAL 1 4 24 15 15 56,RECAL 3 0 9999 64 4 80,RECAL 3 1 -2321 64 4 80,-2382,-1300,15,15,-235279,-235709,-2321,-1241,-2322,-1240
RECAL 1 4 24 16 16 56,RECAL 3 0 9999 64 4 80,RECAL 3 1 -2259 64 4 80,-2320,1123,16,15,-235304,-235329,-2259,1188,-2260,1187
RECAL 1 4 24 17 17 56,RECAL 3 0 9999 64 4 80,NULL,-2343,NULL,NULL,NULL,NULL,NULL,NULL,NULL,NULL,NULL
RECAL 1 4 24 18 18 56,RECAL 3 0 9999 64 4 80,NULL,2.246e+04,NULL,NULL,NULL,NULL,NULL,NULL,NULL,NULL,NULL
RECAL 1 4 25 1 1 57,RECAL 3 0 9999 64 4 80,RECAL 3 1 2403 64 4 80,2342,-2714,NULL,NULL,NULL,NULL,NULL,NULL,NULL,NULL
RECAL 1 4 25 2 2 57,RECAL 3 0 9999 64 4 80,RECAL 3 1 2339 64 4 80,2278,-2107,16,15,-238476,-238474,2339,-2043,2338,-2043
RECAL 1 4 25 3 3 57,RECAL 3 0 9999 64 4 80,RECAL 3 1 2344 64 4 80,2284,-1224,16,15,-239070,-239050,2344,-1159,2344,-1160
RECAL 1 4 25 4 4 57,RECAL 3 0 9999 64 4 80,RECAL 3 1 2352 64 4 80,2291,1203,16,15,-238529,-238552,2352,1267,2351,1267
RECAL 1 4 25 5 5 57,RECAL 3 0 9999 64 4 80,RECAL 3 1 2443 64 4 80,2381,2042,16,16,-236024,-236095,2443,2105,2445,2106
RECAL 1 4 25 6 6 57,RECAL 3 0 9999 64 4 80,RECAL 3 1 2375 64 4 80,2314,2629,16,15,-235428,-235466,2375,2694,2374,2693
RECAL 1 4 25 7 7 57,RECAL 3 0 9999 64 4 80,RECAL 3 1 901 64 4 80,845,2600,16,14,-237473,-237478,900.7,2665,901,2664
RECAL 1 4 25 8 8 57,RECAL 3 0 9999 64 4 80,RECAL 3 1 1046 64 4 80,986,2003,16,15,-237234,-237225,1046,2067,1046,2067
RECAL 1 4 25 9 9 57,RECAL 3 0 9999 64 4 80,RECAL 3 1 808 64 4 80,753,1143,17,14,-236882,-236892,808,1209,809,1211
RECAL 1 4 25 10 10 57,RECAL 3 0 9999 64 4 80,RECAL 3 1 782 64 4 80,725,-1286,16,14,-239935,-239912,781.8,-1222,781,-1222
RECAL 1 4 25 11 11 57,RECAL 3 0 9999 64 4 80,RECAL 3 1 789 64 4 80,732,-2141,16,14,-237518,-237510,789.1,-2078,788,-2077
RECAL 1 4 25 12 12 57,RECAL 3 0 9999 64 4 80,RECAL 3 1 970 64 4 80,911,-2736,15,15,-236762,-237569,970.2,-2674,971,-2676
RECAL 1 4 25 13 13 57,RECAL 3 0 9999 64 4 80,RECAL 3 1 -2021 64 4 80,-2085,-2733,17,16,-240665,-242053,-2021,-2665,-2021,-2665
RECAL 1 4 25 14 14 57,RECAL 3 0 9999 64 4 80,RECAL 3 1 -2086 64 4 80,-2148,-2127,15,16,-238441,-239274,-2086,-2067,-2084,-2067
RECAL 1 4 25 15 15 57,RECAL 3 0 9999 64 4 80,RECAL 3 1 -2084 64 4 80,-2147,-1262,15,16,-237936,-238123,-2084,-1201,-2083,-1202
RECAL 1 4 25 16 16 57,RECAL 3 0 9999 64 4 80,RECAL 3 1 -2073 64 4 80,-2135,1170,14,15,-235682,-236461,-2073,1228,-2075,1226
RECAL 1 4 25 17 17 57,RECAL 3 0 9999 64 4 80,RECAL 3 1 -1969 64 4 80,-2032,2020,14,16,-236410,-238500,-1969,2077,-1968,2076
RECAL 1 4 25 18 18 57,RECAL 3 0 9999 64 4 80,RECAL 3 1 -2050 64 4 80,-2112,2613,15,16,-237184,-238774,-2050,2673,-2048,2673
RECAL 1 4 26 1 1 58,RECAL 3 0 9999 64 4 80,RECAL 3 1 2037 64 4 80,1975,-2788,16,16,-238851,-238901,2037,-2721,2039,-2724
RECAL 1 4 26 2 2 58,RECAL 3 0 9999 64 4 80,RECAL 3 1 2033 64 4 80,1971,-2195,16,15,-240873,-240954,2033,-2129,2031,-2131
RECAL 1 4 26 3 3 58,RECAL 3 0 9999 64 4 80,RECAL 3 1 1940 64 4 80,1879,-1355,17,15,-240129,-240286,1940,-1288,1939,-1287
RECAL 1 4 26 4 4 58,RECAL 3 0 9999 64 4 80,RECAL 3 1 2016 64 4 80,1954,1107,16,15,-241900,-241947,2016,1171,2014,1171
RECAL 1 4 26 5 5 58,RECAL 3 0 9999 64 4 80,RECAL 3 1 1995 64 4 80,1934,1998,16,15,-242383,-242411,1995,2063,1994,2062
RECAL 1 4 26 6 6 58,RECAL 3 0 9999 64 4 80,RECAL 3 1 1980 64 4 80,1919,2603,17,15,-240337,-242310,1980,2671,1979,2671
RECAL 1 4 26 7 7 58,RECAL 3 0 9999 64 4 80,RECAL 3 1 -959 64 4 80,-1018,2612,17,15,-244103,-245313,-958.9,2678,-958,2680
RECAL 1 4 26 8 8 58,RECAL 3 0 9999 64 4 80,RECAL 3 1 -900 64 4 80,-961,2010,NULL,NULL,NULL,NULL,NULL,NULL,NULL,NULL
RECAL 1 4 26 9 9 58,RECAL 3 0 9999 64 4 80,RECAL 3 1 -843 64 4 80,-902,1126,18,15,-242659,-243416,-842.9,1198,-842,1198
RECAL 1 4 26 10 10 58,RECAL 3 0 9999 64 4 80,RECAL 3 1 -1006 64 4 80,-1067,-1327,16,15,-241468,-241463,-1006,-1265,-1007,-1263
RECAL 1 4 26 11 11 58,RECAL 3 0 9999 64 4 80,RECAL 3 1 -810 64 4 80,-869,-2181,17,15,-240760,-241481,-810.1,-2113,-809,-2113
RECAL 1 4 26 12 12 58,RECAL 3 0 9999 64 4 80,RECAL 3 1 -824 64 4 80,-884,-2809,18,15,-238955,-243247,-823.7,-2738,-824,-2737
RECAL 1 4 26 13 13 58,RECAL 3 0 9999 64 4 80,RECAL 3 1 -2301 64 4 80,-2365,-2805,17,16,-240796,-241296,-2301,-2738,-2301,-2737
RECAL 1 4 26 14 14 58,RECAL 3 0 9999 64 4 80,RECAL 3 1 -2305 64 4 80,-2367,-2219,16,16,-242042,-242102,-2305,-2154,-2303,-2155
RECAL 1 4 26 15 15 58,RECAL 3 0 9999 64 4 80,RECAL 3 1 -2379 64 4 80,-2441,-1392,15,16,-243305,-243665,-2379,-1332,-2377,-1332
RECAL 1 4 26 16 16 58,RECAL 3 0 9999 64 4 80,RECAL 3 1 -2316 64 4 80,-2379,1054,16,16,-246407,-246432,-2316,1120,-2315,1118
RECAL 1 4 26 17 17 58,RECAL 3 0 9999 64 4 80,RECAL 3 1 -2331 64 4 80,-2395,1960,18,16,-244556,-247025,-2331,2031,-2331,2032
RECAL 1 4 26 18 18 58,RECAL 3 0 9999 64 4 80,RECAL 3 1 -2351 64 4 80,-2413,2579,16,16,-246229,-246309,-2351,2643,-2349,2643
RECAL 1 4 27 1 1 59,RECAL 3 0 9999 64 4 80,RECAL 3 1 2144 64 4 80,2083,-2693,16,15,-242413,-242406,2144,-2628,2143,-2629
RECAL 1 4 27 2 2 59,RECAL 3 0 9999 64 4 80,RECAL 3 1 2202 64 4 80,2141,-2105,16,15,-241910,-241905,2202,-2039,2201,-2041
RECAL 1 4 27 3 3 59,RECAL 3 0 9999 64 4 80,RECAL 3 1 2191 64 4 80,2131,-1264,16,15,-239783,-239750,2191,-1200,2191,-1200
RECAL 1 4 27 4 4 59,RECAL 3 0 9999 64 4 80,RECAL 3 1 2091 64 4 80,2030,1110,15,15,-238288,-238378,2091,1172,2090,1170
RECAL 1 4 27 5 5 59,RECAL 3 0 9999 64 4 80,RECAL 3 1 2165 64 4 80,2104,1958,15,15,-239240,-239272,2165,2020,2164,2018
RECAL 1 4 27 6 6 59,RECAL 3 0 9999 64 4 80,RECAL 3 1 2159 64 4 80,2098,2546,16,15,-236927,-236939,2159,2609,2158,2610
RECAL 1 4 27 7 7 59,RECAL 3 0 9999 64 4 80,RECAL 3 1 -390 64 4 80,-445,2528,15,14,-238217,-238663,-389.6,2590,-389,2588
RECAL 1 4 27 8 8 59,RECAL 3 0 9999 64 4 80,RECAL 3 1 -320 64 4 80,-376,1934,16,14,-239163,-239167,-320,1996,-320,1998
RECAL 1 4 27 9 9 59,RECAL 3 0 9999 64 4 80,RECAL 3 1 -681 64 4 80,-736,1068,17,14,-239566,-239621,-680.5,1134,-680,1136
RECAL 1 4 27 10 10 59,RECAL 3 0 9999 64 4 80,RECAL 3 1 127 64 4 80,110,-1303,17,5,-242044,-242081,127.2,-1237,130,-1235
RECAL 1 4 27 11 11 59,RECAL 3 0 9999 64 4 80,RECAL 3 1 250 64 4 80,215,-2125,16,9,-241571,-241558,249.8,-2061,251,-2061
RECAL 1 4 27 12 12 59,RECAL 3 0 9999 64 4 80,NULL,-557,NULL,NULL,NULL,NULL,NULL,NULL,NULL,NULL,NULL
RECAL 1 4 27 13 13 59,RECAL 3 0 9999 64 4 80,RECAL 3 1 -2232 64 4 80,-2295,-2678,16,16,-239333,-239329,-2232,-2613,-2231,-2614
RECAL 1 4 27 14 14 59,RECAL 3 0 9999 64 4 80,RECAL 3 1 -2173 64 4 80,-2236,-2096,18,16,-238502,-239807,-2173,-2024,-2172,-2024
RECAL 1 4 27 15 15 59,RECAL 3 0 9999 64 4 80,RECAL 3 1 -2183 64 4 80,-2247,-1248,17,16,-238384,-238564,-2183,-1181,-2183,-1180
RECAL 1 4 27 16 16 59,RECAL 3 0 9999 64 4 80,RECAL 3 1 -2277 64 4 80,-2340,1127,NULL,NULL,NULL,NULL,NULL,NULL,NULL,NULL
RECAL 1 4 27 17 17 59,RECAL 3 0 9999 64 4 80,RECAL 3 1 -2208 64 4 80,-2271,1960,17,16,-238697,-239799,-2208,2028,-2207,2028
RECAL 1 4 27 18 18 59,RECAL 3 0 9999 64 4 80,RECAL 3 1 -2215 64 4 80,-2279,2552,15,16,-240585,-240812,-2215,2614,-2215,2612
RECAL 1 4 28 1 1 60,RECAL 3 0 9999 64 4 80,RECAL 3 1 2211 64 4 80,2155,-2741,17,14,-240294,-241143,2211,-2674,2211,-2673
RECAL 1 4 28 2 2 60,RECAL 3 0 9999 64 4 80,NULL,2155,NULL,NULL,NULL,NULL,NULL,NULL,NULL,NULL,NULL
RECAL 1 4 28 3 3 60,RECAL 3 0 9999 64 4 80,NULL,2159,NULL,NULL,NULL,NULL,NULL,NULL,NULL,NULL,NULL
RECAL 1 4 28 4 4 60,RECAL 3 0 9999 64 4 80,RECAL 3 1 2130 64 4 80,2072,1152,16,14,-242271,-242358,2130,1216,2128,1216
RECAL 1 4 28 5 5 60,RECAL 3 0 9999 64 4 80,RECAL 3 1 2134 64 4 80,2076,NULL,NULL,NULL,NULL,NULL,NULL,NULL,NULL,NULL
RECAL 1 4 28 6 6 60,RECAL 3 0 9999 64 4 80,RECAL 3 1 2199 64 4 80,2140,2607,16,15,-243650,-243662,2199,2671,2200,2671
RECAL 1 4 28 7 7 60,RECAL 3 0 9999 64 4 80,RECAL 3 1 631 64 4 80,587,2579,16,11,-239839,-239848,631,2643,631,2643
RECAL 1 4 28 8 8 60,RECAL 3 0 9999 64 4 80,RECAL 3 1 284 64 4 80,263,1976,16,5,-238463,-238504,283.8,2038,283,2040
RECAL 1 4 28 9 9 60,RECAL 3 0 9999 64 4 80,RECAL 3 1 250 64 4 80,238,1094,16,4,-239114,-239104,250,1158,254,1158
RECAL 1 4 28 10 10 60,RECAL 3 0 9999 64 4 80,RECAL 3 1 695 64 4 80,647,-1334,17,12,-238103,-238233,694.6,-1267,695,-1266
RECAL 1 4 28 11 11 60,RECAL 3 0 9999 64 4 80,RECAL 3 1 691 64 4 80,646,-2169,16,11,-240126,-240116,691.2,-2106,690,-2105
RECAL 1 4 28 12 12 60,RECAL 3 0 9999 64 4 80,RECAL 3 1 693 64 4 80,646,-2763,16,12,-237818,-237821,693,-2699,694,-2699
RECAL 1 4 28 13 13 60,RECAL 3 0 9999 64 4 80,RECAL 3 1 -2031 64 4 80,-2091,-2730,16,15,-238894,-238857,-2031,-2664,-2031,-2666
RECAL 1 4 28 14 14 60,RECAL 3 0 9999 64 4 80,RECAL 3 1 -2022 64 4 80,-2082,-2134,17,15,-238986,-240733,-2022,-2064,-2022,-2066
RECAL 1 4 28 15 15 60,RECAL 3 0 9999 64 4 80,RECAL 3 1 -2020 64 4 80,-2080,-1266,NULL,NULL,NULL,NULL,NULL,NULL,NULL,NULL
RECAL 1 4 28 16 16 60,RECAL 3 0 9999 64 4 80,RECAL 3 1 -2115 64 4 80,-2175,1163,17,15,-239828,-239989,-2115,1230,-2115,1231
RECAL 1 4 28 17 17 60,RECAL 3 0 9999 64 4 80,RECAL 3 1 -2111 64 4 80,-2169,2015,16,15,-241919,-241956,-2111,2081,-2109,2079
RECAL 1 4 28 18 18 60,RECAL 3 0 9999 64 4 80,RECAL 3 1 -2042 64 4 80,-2102,2609,16,15,-243009,-242976,-2042,2674,-2042,2673
RECAL 1 4 29 1 1 61,RECAL 3 0 9999 64 4 80,RECAL 3 1 2177 64 4 80,2115,-2790,16,16,-240875,-240894,2177,-2723,2179,-2726
RECAL 1 4 29 2 2 61,RECAL 3 0 9999 64 4 80,RECAL 3 1 2137 64 4 80,2075,-2217,16,16,-241972,-242033,2137,-2151,2139,-2153
RECAL 1 4 29 3 3 61,RECAL 3 0 9999 64 4 80,RECAL 3 1 2206 64 4 80,2142,-1407,17,16,-241459,-241663,2206,-1340,2206,-1339
RECAL 1 4 29 4 4 61,RECAL 3 0 9999 64 4 80,RECAL 3 1 2143 64 4 80,2080,1019,16,16,-241626,-241667,2143,1082,2144,1083
RECAL 1 4 29 5 5 61,RECAL 3 0 9999 64 4 80,RECAL 3 1 2235 64 4 80,2172,1934,16,16,-240510,-240530,2235,1998,2236,1998
RECAL 1 4 29 6 6 61,RECAL 3 0 9999 64 4 80,RECAL 3 1 2252 64 4 80,2189,2545,16,16,-240458,-240484,2252,2608,2253,2609
RECAL 1 4 29 7 7 61,RECAL 3 0 9999 64 4 80,RECAL 3 1 529 64 4 80,471,2523,NULL,NULL,NULL,NULL,NULL,NULL,NULL,NULL
RECAL 1 4 29 8 8 61,RECAL 3 0 9999 64 4 80,RECAL 3 1 499 64 4 80,443,1894,NULL,NULL,NULL,NULL,NULL,NULL,NULL,NULL
RECAL 1 4 29 9 9 61,RECAL 3 0 9999 64 4 80,RECAL 3 1 -479 64 4 80,-534,944,18,14,-240187,-241181,-479.1,1017,-478,1016
RECAL 1 4 29 10 10 61,RECAL 3 0 9999 64 4 80,RECAL 3 1 336 64 4 80,284,-1458,17,13,-240481,-240799,336,-1390,336,-1390
RECAL 1 4 29 11 11 61,RECAL 3 0 9999 64 4 80,RECAL 3 1 -520 64 4 80,-577,-2238,14,14,-239906,-242140,-520.3,-2180,-521,-2182
RECAL 1 4 29 12 12 61,RECAL 3 0 9999 64 4 80,RECAL 3 1 -231 64 4 80,-293,-2817,17,16,-239309,-239795,-230.7,-2750,-229,-2749
RECAL 1 4 29 13 13 61,RECAL 3 0 9999 64 4 80,RECAL 3 1 -2201 64 4 80,-2264,-2771,15,16,-239087,-240734,-2201,-2711,-2200,-2711
RECAL 1 4 29 14 14 61,RECAL 3 0 9999 64 4 80,RECAL 3 1 -2242 64 4 80,-2304,-2192,15,16,-238736,-240001,-2242,-2133,-2240,-2132
RECAL 1 4 29 15 15 61,RECAL 3 0 9999 64 4 80,RECAL 3 1 -2168 64 4 80,-2231,-1383,16,16,-239400,-239399,-2168,-1317,-2167,-1319
RECAL 1 4 29 16 16 61,RECAL 3 0 9999 64 4 80,RECAL 3 1 -2236 64 4 80,-2298,1043,16,15,-237444,-237564,-2236,1105,-2238,1107
RECAL 1 4 29 17 17 61,RECAL 3 0 9999 64 4 80,NULL,-2202,NULL,NULL,NULL,NULL,NULL,NULL,NULL,NULL,NULL
RECAL 1 4 29 18 18 61,RECAL 3 0 9999 64 4 80,RECAL 3 1 -2140 64 4 80,-2201,2547,17,15,-238064,-238551,-2140,2614,-2141,2615
RECAL 1 4 30 1 1 62,RECAL 3 0 9999 64 4 80,RECAL 3 1 2185 64 4 80,2123,-2869,17,16,-237665,-240478,2185,-2797,2187,-2801
RECAL 1 4 30 2 2 62,RECAL 3 0 9999 64 4 80,RECAL 3 1 2251 64 4 80,2189,-2277,16,16,-240004,-240077,2251,-2210,2253,-2213
RECAL 1 4 30 3 3 62,RECAL 3 0 9999 64 4 80,RECAL 3 1 2223 64 4 80,2160,-1460,17,16,-240288,-240440,2223,-1393,2224,-1392
RECAL 1 4 30 4 4 62,RECAL 3 0 9999 64 4 80,RECAL 3 1 2214 64 4 80,2152,1007,17,16,-240758,-240930,2214,1074,2216,1075
RECAL 1 4 30 5 5 62,RECAL 3 0 9999 64 4 80,RECAL 3 1 2189 64 4 80,2126,1958,15,16,-239944,-239966,2189,2020,2190,2018
RECAL 1 4 30 6 6 62,RECAL 3 0 9999 64 4 80,RECAL 3 1 2174 64 4 80,2112,2580,17,15,-242984,-243873,2174,2646,2172,2648
RECAL 1 4 30 7 7 62,RECAL 3 0 9999 64 4 80,RECAL 3 1 -353 64 4 80,-404,2564,17,13,-241687,-242317,-353.2,2631,-352,2632
RECAL 1 4 30 8 8 62,RECAL 3 0 9999 64 4 80,RECAL 3 1 -206 64 4 80,-253,1934,16,12,-239632,-239600,-206.3,1999,-205,1998
RECAL 1 4 30 9 9 62,RECAL 3 0 9999 64 4 80,RECAL 3 1 295 64 4 80,249,964,17,12,-239573,-239940,294.9,1034,297,1032
RECAL 1 4 30 10 10 62,RECAL 3 0 9999 64 4 80,RECAL 3 1 355 64 4 80,305,-1482,15,13,-240033,-240205,354.8,-1421,357,-1422
RECAL 1 4 30 11 11 62,RECAL 3 0 9999 64 4 80,RECAL 3 1 526 64 4 80,470,-2291,16,14,-239053,-239020,525.9,-2229,526,-2227
RECAL 1 4 30 12 12 62,RECAL 3 0 9999 64 4 80,RECAL 3 1 -274 64 4 80,-325,-2871,15,12,-238688,-239534,-274.4,-2809,-277,-2811
RECAL 1 4 30 13 13 62,RECAL 3 0 9999 64 4 80,RECAL 3 1 -2212 64 4 80,-2276,-2850,16,16,-238148,-238135,-2212,-2787,-2212,-2786
RECAL 1 4 30 14 14 62,RECAL 3 0 9999 64 4 80,RECAL 3 1 -2143 64 4 80,-2204,-2257,15,15,-238918,-240466,-2143,-2198,-2144,-2197
RECAL 1 4 30 15 15 62,RECAL 3 0 9999 64 4 80,RECAL 3 1 -2174 64 4 80,-2236,-1442,16,16,-241061,-241110,-2174,-1379,-2172,-1378
RECAL 1 4 30 16 16 62,RECAL 3 0 9999 64 4 80,RECAL 3 1 -2181 64 4 80,-2244,1021,17,16,-241936,-242017,-2181,1087,-2180,1089
RECAL 1 4 30 17 17 62,RECAL 3 0 9999 64 4 80,RECAL 3 1 -2206 64 4 80,-2268,1960,16,16,-241021,-241077,-2206,2025,-2204,2024
RECAL 1 4 30 18 18 62,RECAL 3 0 9999 64 4 80,NULL,-2286,NULL,NULL,NULL,NULL,NULL,NULL,NULL,NULL,NULL
RECAL 1 4 31 1 1 63,RECAL 3 0 9999 64 4 80,RECAL 3 1 2182 64 4 80,2119,-2864,17,16,-237779,-238499,2182,-2796,2183,-2796
RECAL 1 4 31 2 2 63,RECAL 3 0 9999 64 4 80,RECAL 3 1 2096 64 4 80,2034,-2276,17,16,-236839,-237456,2096,-2209,2098,-2208
RECAL 1 4 31 3 3 63,RECAL 3 0 9999 64 4 80,RECAL 3 1 2191 64 4 80,2128,-1461,16,16,-238149,-238161,2191,-1396,2192,-1397
RECAL 1 4 31 4 4 63,RECAL 3 0 9999 64 4 80,RECAL 3 1 2191 64 4 80,2128,1004,16,16,-237325,-237359,2191,1066,2192,1068
RECAL 1 4 31 5 5 63,RECAL 3 0 9999 64 4 80,RECAL 3 1 2188 64 4 80,2125,1957,15,16,-236858,-237275,2188,2018,2189,2017
RECAL 1 4 31 6 6 63,RECAL 3 0 9999 64 4 80,NULL,NULL,NULL,NULL,NULL,NULL,NULL,NULL,NULL,NULL,NULL
RECAL 1 4 31 8 8 63,RECAL 3 0 9999 64 4 80,NULL,-3,NULL,NULL,NULL,NULL,NULL,NULL,NULL,NULL,NULL
RECAL 1 4 31 9 9 63,RECAL 3 0 9999 64 4 80,RECAL 3 1 122 64 4 80,80,912,16,12,-235899,-235885,121.7,974.4,128,976
RECAL 1 4 31 10 10 63,RECAL 3 0 9999 64 4 80,NULL,32,NULL,NULL,NULL,NULL,NULL,NULL,NULL,NULL,NULL
RECAL 1 4 31 11 11 63,RECAL 3 0 9999 64 4 80,RECAL 3 1 -679 64 4 80,-741,-2315,16,16,-235653,-235665,-678.8,-2250,-677,-2251
RECAL 1 4 31 12 12 63,RECAL 3 0 9999 64 4 80,RECAL 3 1 -242 64 4 80,-291,-2892,16,13,-235744,-235733,-242.3,-2827,-239,-2828
RECAL 1 4 31 13 13 63,RECAL 3 0 9999 64 4 80,RECAL 3 1 -2204 64 4 80,-2268,-2851,NULL,NULL,NULL,NULL,NULL,NULL,NULL,NULL
RECAL 1 4 31 14 14 63,RECAL 3 0 9999 64 4 80,RECAL 3 1 -2280 64 4 80,-2343,-2266,16,16,-238466,-238510,-2280,-2203,-2279,-2202
RECAL 1 4 31 15 15 63,RECAL 3 0 9999 64 4 80,RECAL 3 1 -2190 64 4 80,-2253,-1453,15,16,-238226,-238294,-2190,-1391,-2189,-1393
RECAL 1 4 31 16 16 63,RECAL 3 0 9999 64 4 80,RECAL 3 1 -2190 64 4 80,-2253,1003,16,16,-236394,-236448,-2190,1068,-2189,1067
RECAL 1 4 31 17 17 63,RECAL 3 0 9999 64 4 80,RECAL 3 1 -2193 64 4 80,-2256,1950,17,16,-237408,-237635,-2193,2016,-2192,2018
RECAL 1 4 31 18 18 63,RECAL 3 0 9999 64 4 80,RECAL 3 1 -2191 64 4 80,-2254,2576,17,16,-237712,-239115,-2191,2643,-2190,2644
RECAL 1 4 32 1 1 64,RECAL 3 0 9999 64 4 80,RECAL 3 1 2175 64 4 80,2114,-2676,17,15,-242329,-243920,2175,-2608,2174,-2608
RECAL 1 4 32 2 2 64,RECAL 3 0 9999 64 4 80,RECAL 3 1 2139 64 4 80,2079,-2089,16,15,-243633,-243675,2139,-2023,2139,-2025
RECAL 1 4 32 3 3 64,RECAL 3 0 9999 64 4 80,RECAL 3 1 2139 64 4 80,2079,-1243,16,15,-242253,-242264,2139,-1178,2139,-1179
RECAL 1 4 32 4 4 64,RECAL 3 0 9999 64 4 80,RECAL 3 1 2230 64 4 80,2170,1122,15,15,-244351,-244779,2230,1181,2230,1182
RECAL 1 4 32 5 5 64,RECAL 3 0 9999 64 4 80,RECAL 3 1 2230 64 4 80,2168,1959,15,16,-247383,-247523,2230,2021,2232,2019
RECAL 1 4 32 6 6 64,RECAL 3 0 9999 64 4 80,RECAL 3 1 2186 64 4 80,2126,2542,16,15,-245174,-245176,2186,2605,2186,2606
RECAL 1 4 32 7 7 64,RECAL 3 0 9999 64 4 80,RECAL 3 1 -350 64 4 80,-397,2574,15,11,-245611,-247654,-350.2,2633,-353,2634
RECAL 1 4 32 8 8 64,RECAL 3 0 9999 64 4 80,RECAL 3 1 342 64 4 80,299,NULL,NULL,NULL,NULL,NULL,NULL,NULL,NULL,NULL
RECAL 1 4 32 9 9 64,RECAL 3 0 9999 64 4 80,RECAL 3 1 349 64 4 80,294,1183,16,15,-245007,-245031,349.3,1246,354,1247
RECAL 1 4 32 10 10 64,RECAL 3 0 9999 64 4 80,NULL,-2.132e+04,NULL,NULL,NULL,NULL,NULL,NULL,NULL,NULL,NULL
RECAL 1 4 32 11 11 64,RECAL 3 0 9999 64 4 80,RECAL 3 1 -583 64 4 80,-636,-2048,16,13,-244872,-244849,-582.6,-1982,-584,-1984
RECAL 1 4 32 12 12 64,RECAL 3 0 9999 64 4 80,RECAL 3 1 -421 64 4 80,-481,-2641,16,15,-242452,-242429,-420.6,-2576,-421,-2577
RECAL 1 4 32 13 13 64,RECAL 3 0 9999 64 4 80,RECAL 3 1 -2232 64 4 80,-2296,-2677,17,16,-243117,-244984,-2232,-2608,-2232,-2609
RECAL 1 4 32 14 14 64,RECAL 3 0 9999 64 4 80,RECAL 3 1 -2264 64 4 80,-2327,-2092,17,16,-245728,-245899,-2264,-2026,-2263,-2024
RECAL 1 4 32 15 15 64,RECAL 3 0 9999 64 4 80,RECAL 3 1 -2264 64 4 80,-2328,-1246,15,16,-244252,-244744,-2264,-1187,-2264,-1186
RECAL 1 4 32 16 16 64,RECAL 3 0 9999 64 4 80,RECAL 3 1 -2173 64 4 80,-2236,1105,16,16,-246445,-246478,-2173,1170,-2172,1169
RECAL 1 4 32 17 17 64,RECAL 3 0 9999 64 4 80,RECAL 3 1 -2174 64 4 80,-2237,1951,15,16,-247970,-248509,-2174,2012,-2173,2011
RECAL 1 4 32 18 18 64,RECAL 3 0 9999 64 4 80,NULL,-2282,NULL,NULL,NULL,NULL,NULL,NULL,NULL,NULL,NULL
RECAL 1 1 1 1 1 33,RECAL 3 0 9999 64 4 80,RECAL 3 1 2534 64 4 80,2467,-2992,15,17,-235532,-236134,2534,-2931,2535,-2932
RECAL 1 1 2 1 1 34,RECAL 3 0 9999 64 4 80,RECAL 3 1 2533 64 4 80,2467,-2329,15,16,-232997,-233072,2533,-2267,2531,-2269
RECAL 1 1 3 1 1 35,RECAL 3 0 9999 64 4 80,RECAL 3 1 2435 64 4 80,2368,-1360,15,17,-235208,-235346,2435,-1299,2436,-1300
RECAL 1 1 4 1 1 36,RECAL 3 0 9999 64 4 80,RECAL 3 1 2525 64 4 80,2458,1336,17,17,-234599,-234631,2525,1402,2526,1404
RECAL 1 1 5 1 1 37,RECAL 3 0 9999 64 4 80,RECAL 3 1 2429 64 4 80,2363,2260,17,16,-235067,-235382,2429,2327,2427,2328
RECAL 1 1 6 1 1 38,RECAL 3 0 9999 64 4 80,RECAL 3 1 2422 64 4 80,2355,2909,17,17,-240135,-241435,2422,2978,2423,2977
RECAL 1 1 7 1 1 39,RECAL 3 0 9999 64 4 80,RECAL 3 1 -578 64 4 80,-637,2944,17,14,-237026,-237246,-577.5,3010,-581,3012
RECAL 1 1 15 1 1 47,RECAL 3 0 9999 64 4 80,RECAL 3 1 -492 64 4 80,-553,2303,17,16,-242090,-242476,-492.4,2370,-489,2371
RECAL 1 1 32 1 1 64,RECAL 3 0 9999 64 4 80,RECAL 3 1 572 64 4 80,510,1409,16,15,-244174,-244168,572.1,1474,570,1473
RECAL 1 1 49 1 1 17,RECAL 3 0 9999 64 4 80,RECAL 3 1 -448 64 4 80,-504,-1276,16,13,-243556,-243540,-448.1,-1212,-452,-1212
RECAL 1 1 8 1 1 40,RECAL 3 0 9999 64 4 80,RECAL 3 1 603 64 4 80,537,-2284,15,17,-234714,-234961,602.7,-2223,605,-2224
RECAL 1 1 9 1 1 41,RECAL 3 0 9999 64 4 80,RECAL 3 1 617 64 4 80,552,-2955,15,16,-238693,-239671,617.2,-2895,616,-2895
RECAL 1 1 10 1 1 42,RECAL 3 0 9999 64 4 80,RECAL 3 1 -2408 64 4 80,-2468,-2959,15,15,-239297,-240847,-2408,-2900,-2408,-2899
RECAL 1 1 11 1 1 43,RECAL 3 0 9999 64 4 80,RECAL 3 1 -2406 64 4 80,-2466,-2292,15,15,-236438,-236449,-2406,-2230,-2406,-2232
RECAL 1 1 12 1 1 44,RECAL 3 0 9999 64 4 80,RECAL 3 1 -2508 64 4 80,-2569,-1292,16,15,-236212,-236161,-2508,-1230,-2509,-1228
RECAL 1 1 13 1 1 45,RECAL 3 0 9999 64 4 80,RECAL 3 1 -2420 64 4 80,-2480,1389,17,15,-239006,-239049,-2420,1456,-2420,1457
RECAL 1 1 14 1 1 46,RECAL 3 0 9999 64 4 80,RECAL 3 1 -2514 64 4 80,-2575,2296,17,15,-239457,-240034,-2514,2363,-2515,2364
RECAL 1 2 15 1 1 47,RECAL 3 0 9999 64 4 80,RECAL 3 1 2462 64 4 80,2396,-2999,15,17,-241877,-242466,2462,-2937,2464,-2939
RECAL 1 2 16 1 1 48,RECAL 3 0 9999 64 4 80,RECAL 3 1 2471 64 4 80,2405,-2350,16,16,-239679,-239711,2471,-2288,2469,-2286
RECAL 1 2 17 1 1 49,RECAL 3 0 9999 64 4 80,RECAL 3 1 2379 64 4 80,2314,-1406,15,16,-244178,-244276,2379,-1345,2378,-1346
RECAL 1 2 18 1 1 50,RECAL 3 0 9999 64 4 80,RECAL 3 1 2370 64 4 80,2304,1284,17,16,-240204,-240345,2370,1351,2368,1352
RECAL 1 2 19 1 1 51,RECAL 3 0 9999 64 4 80,RECAL 3 1 2449 64 4 80,2384,2222,17,16,-244133,-244726,2449,2290,2448,2290
RECAL 1 2 20 1 1 52,RECAL 3 0 9999 64 4 80,RECAL 3 1 2453 64 4 80,2387,2873,17,16,-239806,-240190,2453,2939,2451,2941
RECAL 1 2 21 1 1 53,RECAL 3 0 9999 64 4 80,RECAL 3 1 212 64 4 80,168,2835,16,11,-237782,-237763,212.3,2901,212,2899
RECAL 1 2 22 1 1 54,RECAL 3 0 9999 64 4 80,RECAL 3 1 153 64 4 80,123,2174,16,7,-239897,-239880,152.9,2240,151,2238
RECAL 1 2 23 1 1 55,RECAL 3 0 9999 64 4 80,RECAL 3 1 -664 64 4 80,-716,1197,17,13,-236262,-236249,-663.8,1263,-664,1265
RECAL 1 2 24 1 1 56,RECAL 3 0 9999 64 4 80,RECAL 3 1 -625 64 4 80,-677,-1490,15,13,-234620,-234849,-625.2,-1430,-625,-1430
RECAL 1 2 25 1 1 57,RECAL 3 0 9999 64 4 80,RECAL 3 1 390 64 4 80,343,-2398,15,13,-240464,-240691,390.3,-2337,395,-2338
RECAL 1 2 26 1 1 58,RECAL 3 0 9999 64 4 80,RECAL 3 1 374 64 4 80,313,-3032,15,14,-237112,-238904,374.2,-2973,369,-2972
RECAL 1 2 27 1 1 59,RECAL 3 0 9999 64 4 80,RECAL 3 1 -2419 64 4 80,-2480,-2998,15,15,-241131,-242411,-2419,-2938,-2420,-2938
RECAL 1 2 28 1 1 60,RECAL 3 0 9999 64 4 80,RECAL 3 1 -2421 64 4 80,-2480,-2352,15,15,-241041,-241940,-2421,-2293,-2420,-2292
RECAL 1 2 29 1 1 61,RECAL 3 0 9999 64 4 80,RECAL 3 1 -2506 64 4 80,-2565,-1413,15,15,-240472,-240536,-2506,-1352,-2505,-1353
RECAL 1 2 30 1 1 62,RECAL 3 0 9999 64 4 80,RECAL 3 1 -2520 64 4 80,-2579,1274,17,15,-239956,-240073,-2520,1341,-2519,1342
RECAL 1 2 31 1 1 63,RECAL 3 0 9999 64 4 80,RECAL 3 1 -2440 64 4 80,-2501,2219,17,15,-237686,-238451,-2440,2287,-2441,2287
RECAL 1 2 32 1 1 64,RECAL 3 0 9999 64 4 80,RECAL 3 1 2393 64 4 80,2326,-2999,15,17,-244051,-244392,2393,-2937,2394,-2939
RECAL 1 2 33 1 1 1,RECAL 3 0 9999 64 4 80,RECAL 3 1 2436 64 4 80,2370,-2357,15,17,-233474,-234180,2436,-2297,2438,-2297
RECAL 1 2 34 1 1 2,RECAL 3 0 9999 64 4 80,RECAL 3 1 2474 64 4 80,2408,-1437,15,17,-232516,-232637,2474,-1375,2476,-1377
RECAL 1 2 35 1 1 3,RECAL 3 0 9999 64 4 80,RECAL 3 1 2430 64 4 80,2363,1240,17,17,-233711,-233943,2430,1308,2431,1308
RECAL 1 2 36 1 1 4,RECAL 3 0 9999 64 4 80,RECAL 3 1 2473 64 4 80,2406,2183,17,17,-232033,-233007,2473,2252,2474,2251
RECAL 1 2 37 1 1 5,RECAL 3 0 9999 64 4 80,RECAL 3 1 2589 64 4 80,2521,2831,17,17,-232070,-232573,2589,2898,2589,2899
RECAL 1 2 38 1 1 6,RECAL 3 0 9999 64 4 80,RECAL 3 1 943 64 4 80,870,2815,17,18,-235377,-236184,943.5,2882,942,2883
RECAL 1 2 39 1 1 7,RECAL 3 0 9999 64 4 80,RECAL 3 1 441 64 4 80,378,2168,17,16,-232861,-233427,440.7,2236,442,2236
RECAL 1 2 40 1 1 8,RECAL 3 0 9999 64 4 80,NULL,-295,NULL,NULL,NULL,NULL,NULL,NULL,NULL,NULL,NULL
RECAL 1 2 41 1 1 9,RECAL 3 0 9999 64 4 80,RECAL 3 1 450 64 4 80,386,-1469,15,15,-238329,-238379,450,-1407,446,-1409
RECAL 1 2 42 1 1 10,RECAL 3 0 9999 64 4 80,RECAL 3 1 -142 64 4 80,-191,-2379,16,12,-237341,-237346,-142.2,-2317,-143,-2315
RECAL 1 2 43 1 1 11,RECAL 3 0 9999 64 4 80,RECAL 3 1 -526 64 4 80,-583,-3011,15,14,-237088,-238907,-526,-2952,-527,-2951
RECAL 1 2 44 1 1 12,RECAL 3 0 9999 64 4 80,RECAL 3 1 -2476 64 4 80,-2537,-2985,15,15,-235426,-237160,-2476,-2926,-2477,-2925
RECAL 1 2 45 1 1 13,RECAL 3 0 9999 64 4 80,RECAL 3 1 -2431 64 4 80,-2491,-2351,16,15,-235763,-235776,-2431,-2289,-2431,-2287
RECAL 1 2 46 1 1 14,RECAL 3 0 9999 64 4 80,RECAL 3 1 -2394 64 4 80,-2455,-1422,15,15,-235297,-235491,-2394,-1361,-2395,-1362
RECAL 1 2 47 1 1 15,RECAL 3 0 9999 64 4 80,RECAL 3 1 -2437 64 4 80,-2497,1246,17,15,-242865,-243291,-2437,1315,-2437,1314
RECAL 1 2 48 1 1 16,RECAL 3 0 9999 64 4 80,RECAL 3 1 -2398 64 4 80,-2458,2193,17,15,-240456,-241318,-2398,2261,-2398,2261
RECAL 1 2 49 1 1 17,RECAL 3 0 9999 64 4 80,RECAL 3 1 2470 64 4 80,2402,-2357,15,17,-243109,-243457,2470,-2296,2470,-2297
RECAL 1 2 50 1 1 18,RECAL 3 0 9999 64 4 80,RECAL 3 1 2480 64 4 80,2411,-1431,16,17,-240811,-240839,2480,-1368,2479,-1367
RECAL 1 2 51 1 1 19,RECAL 3 0 9999 64 4 80,RECAL 3 1 2393 64 4 80,2325,1239,17,17,-243163,-243261,2393,1306,2393,1307
RECAL 1 2 52 1 1 20,RECAL 3 0 9999 64 4 80,RECAL 3 1 2432 64 4 80,2364,2188,17,17,-241989,-242003,2432,2254,2432,2256
RECAL 1 2 53 1 1 21,RECAL 3 0 9999 64 4 80,RECAL 3 1 2509 64 4 80,2439,2838,17,17,-236570,-237027,2509,2904,2507,2906
RECAL 1 2 54 1 1 22,RECAL 3 0 9999 64 4 80,RECAL 3 1 705 64 4 80,633,2873,17,18,-238496,-239962,705.3,2942,705,2941
RECAL 1 2 55 1 1 23,RECAL 3 0 9999 64 4 80,RECAL 3 1 256 64 4 80,178,2238,17,19,-237880,-238225,256.2,2305,254,2306
RECAL 1 2 56 1 1 24,RECAL 3 0 9999 64 4 80,RECAL 3 1 -366 64 4 80,-440,1324,16,19,-233872,-233868,-366.2,1389,-364,1388
RECAL 1 2 57 1 1 25,RECAL 3 0 9999 64 4 80,RECAL 3 1 594 64 4 80,523,-1345,16,19,-240112,-240121,593.8,-1283,599,-1281
RECAL 1 2 58 1 1 26,RECAL 3 0 9999 64 4 80,RECAL 3 1 530 64 4 80,459,-2305,15,18,-238811,-239652,530,-2245,531,-2245
RECAL 1 2 59 1 1 27,RECAL 3 0 9999 64 4 80,RECAL 3 1 444 64 4 80,365,-2958,15,19,-240122,-242206,444,-2900,441,-2898
RECAL 1 2 60 1 1 28,RECAL 3 0 9999 64 4 80,RECAL 3 1 -2388 64 4 80,-2450,-2990,15,15,-240771,-241355,-2388,-2928,-2390,-2930
RECAL 1 2 61 1 1 29,RECAL 3 0 9999 64 4 80,RECAL 3 1 -2378 64 4 80,-2440,-2342,15,15,-238923,-239696,-2378,-2282,-2380,-2282
RECAL 1 2 62 1 1 30,RECAL 3 0 9999 64 4 80,RECAL 3 1 -2365 64 4 80,-2427,-1412,15,16,-238707,-238818,-2365,-1351,-2363,-1352
RECAL 1 2 63 1 1 31,RECAL 3 0 9999 64 4 80,RECAL 3 1 -2448 64 4 80,-2510,1256,17,15,-236575,-236915,-2448,1325,-2450,1324
RECAL 1 2 64 1 1 32,RECAL 3 0 9999 64 4 80,RECAL 3 1 -2414 64 4 80,-2475,2200,17,15,-242545,-243288,-2414,2268,-2415,2268
RECAL 1 5 33 1 1 1,RECAL 3 0 9999 64 4 80,RECAL 3 1 2346 64 4 80,2281,-2829,16,16,-234280,-234299,2346,-2767,2345,-2765
RECAL 1 5 34 1 1 2,RECAL 3 0 9999 64 4 80,RECAL 3 1 2237 64 4 80,2172,-2209,16,16,-232737,-232734,2237,-2147,2236,-2145
RECAL 1 5 35 1 1 3,RECAL 3 0 9999 64 4 80,RECAL 3 1 2329 64 4 80,2265,-1307,15,16,-234039,-234052,2329,-1245,2329,-1247
RECAL 1 5 36 1 1 4,RECAL 3 0 9999 64 4 80,RECAL 3 1 2221 64 4 80,2158,1221,15,16,-232837,-233113,2221,1281,2222,1281
RECAL 1 5 37 1 1 5,RECAL 3 0 9999 64 4 80,RECAL 3 1 2312 64 4 80,2248,2105,16,16,-232897,-232887,2312,2168,2312,2169
RECAL 1 5 38 1 1 6,RECAL 3 0 9999 64 4 80,RECAL 3 1 2302 64 4 80,2237,2723,16,16,-236342,-236377,2302,2787,2301,2787
RECAL 1 5 39 1 1 7,RECAL 3 0 9999 64 4 80,RECAL 3 1 -224 64 4 80,-284,2755,16,15,-233484,-233464,-224,2821,-224,2819
RECAL 1 5 47 1 1 15,RECAL 3 0 9999 64 4 80,RECAL 3 1 77 64 4 80,-10,2148,16,22,-243457,-243471,77.02,2211,78,2212
RECAL 1 5 64 1 1 32,RECAL 3 0 9999 64 4 80,RECAL 3 1 -665 64 4 80,-726,1288,16,15,-243367,-243386,-665,1352,-666,1352
RECAL 1 5 17 1 1 49,RECAL 3 0 9999 64 4 80,RECAL 3 1 322 64 4 80,264,-1228,16,14,-244424,-244440,322.4,-1165,320,-1164
RECAL 1 5 40 1 1 8,RECAL 3 0 9999 64 4 80,RECAL 3 1 -607 64 4 80,-668,-2162,16,15,-233566,-233567,-606.7,-2099,-608,-2098
RECAL 1 5 41 1 1 9,RECAL 3 0 9999 64 4 80,RECAL 3 1 425 64 4 80,370,-2794,16,13,-238400,-238391,424.9,-2731,422,-2730
RECAL 1 5 42 1 1 10,RECAL 3 0 9999 64 4 80,RECAL 3 1 -2268 64 4 80,-2329,-2831,15,15,-236290,-237260,-2268,-2771,-2269,-2771
RECAL 1 5 43 1 1 11,RECAL 3 0 9999 64 4 80,RECAL 3 1 -2370 64 4 80,-2431,-2216,16,15,-238778,-238831,-2370,-2154,-2371,-2152
RECAL 1 5 44 1 1 12,RECAL 3 0 9999 64 4 80,RECAL 3 1 -2281 64 4 80,-2342,-1324,15,15,-237192,-237283,-2281,-1262,-2282,-1264
RECAL 1 5 45 1 1 13,RECAL 3 0 9999 64 4 80,RECAL 3 1 -2385 64 4 80,-2447,1198,15,16,-235944,-236035,-2385,1260,-2383,1258
RECAL 1 5 46 1 1 14,RECAL 3 0 9999 64 4 80,RECAL 3 1 -2298 64 4 80,-2360,2095,15,16,-235403,-235598,-2298,2157,-2296,2155
RECAL 1 6 47 1 1 15,RECAL 3 0 9999 64 4 80,RECAL 3 1 2289 64 4 80,2222,-2856,15,17,-242017,-243437,2289,-2796,2290,-2796
RECAL 1 6 48 1 1 16,RECAL 3 0 9999 64 4 80,RECAL 3 1 2279 64 4 80,2212,-2253,16,17,-241477,-241520,2279,-2190,2280,-2189
RECAL 1 6 49 1 1 17,RECAL 3 0 9999 64 4 80,RECAL 3 1 2180 64 4 80,2113,-1400,16,17,-243663,-243717,2180,-1338,2181,-1336
RECAL 1 6 50 1 1 18,RECAL 3 0 9999 64 4 80,RECAL 3 1 2266 64 4 80,2197,1099,16,17,-241031,-241033,2266,1163,2265,1163
RECAL 1 6 51 1 1 19,RECAL 3 0 9999 64 4 80,RECAL 3 1 2165 64 4 80,2098,2023,16,17,-243443,-243445,2165,2086,2166,2087
RECAL 1 6 52 1 1 20,RECAL 3 0 9999 64 4 80,RECAL 3 1 2252 64 4 80,2184,2647,16,17,-241997,-242018,2252,2712,2252,2711
RECAL 1 6 53 1 1 21,RECAL 3 0 9999 64 4 80,RECAL 3 1 -343 64 4 80,-417,2664,17,19,-237207,-237537,-342.7,2730,-341,2732
RECAL 1 6 54 1 1 22,RECAL 3 0 9999 64 4 80,RECAL 3 1 -727 64 4 80,-796,2048,16,17,-240016,-240007,-726.9,2111,-728,2112
RECAL 1 6 55 1 1 23,RECAL 3 0 9999 64 4 80,RECAL 3 1 -169 64 4 80,-254,1145,16,21,-238312,-238264,-168.7,1209,-170,1209
RECAL 1 6 56 1 1 24,RECAL 3 0 9999 64 4 80,RECAL 3 1 -663 64 4 80,-727,-1359,16,16,-233985,-233969,-663.2,-1296,-663,-1295
RECAL 1 6 57 1 1 25,RECAL 3 0 9999 64 4 80,RECAL 3 1 149 64 4 80,72,-2228,16,19,-240170,-240155,149.4,-2165,148,-2164
RECAL 1 6 58 1 1 26,RECAL 3 0 9999 64 4 80,RECAL 3 1 265 64 4 80,185,-2835,15,21,-238625,-239698,265,-2774,269,-2775
RECAL 1 6 59 1 1 27,RECAL 3 0 9999 64 4 80,RECAL 3 1 -2247 64 4 80,-2309,-2848,15,15,-242090,-242323,-2247,-2786,-2249,-2788
RECAL 1 6 60 1 1 28,RECAL 3 0 9999 64 4 80,RECAL 3 1 -2256 64 4 80,-2318,-2244,16,16,-241454,-241507,-2256,-2181,-2254,-2180
RECAL 1 6 61 1 1 29,RECAL 3 0 9999 64 4 80,RECAL 3 1 -2345 64 4 80,-2408,-1386,15,16,-239584,-239764,-2345,-1325,-2344,-1326
RECAL 1 6 62 1 1 30,RECAL 3 0 9999 64 4 80,RECAL 3 1 -2269 64 4 80,-2332,1111,15,16,-238874,-238985,-2269,1172,-2268,1171
RECAL 1 6 63 1 1 31,RECAL 3 0 9999 64 4 80,RECAL 3 1 -2359 64 4 80,-2421,2026,16,15,-236953,-237002,-2359,2091,-2361,2090
RECAL 1 6 64 1 1 32,RECAL 3 0 9999 64 4 80,RECAL 3 1 2267 64 4 80,2202,-2862,16,16,-243413,-243422,2267,-2799,2266,-2798
RECAL 1 6 1 1 1 33,RECAL 3 0 9999 64 4 80,RECAL 3 1 2295 64 4 80,2230,-2244,16,16,-236325,-236333,2295,-2179,2294,-2180
RECAL 1 6 2 1 1 34,RECAL 3 0 9999 64 4 80,RECAL 3 1 2262 64 4 80,2198,-1360,16,16,-233371,-233358,2262,-1294,2262,-1296
RECAL 1 6 3 1 1 35,RECAL 3 0 9999 64 4 80,RECAL 3 1 2273 64 4 80,2209,1154,16,16,-235575,-235576,2273,1219,2273,1218
RECAL 1 6 4 1 1 36,RECAL 3 0 9999 64 4 80,RECAL 3 1 2379 64 4 80,2314,2064,17,16,-234546,-234886,2379,2131,2378,2132
RECAL 1 6 5 1 1 37,RECAL 3 0 9999 64 4 80,RECAL 3 1 2389 64 4 80,2323,2696,16,17,-235394,-235462,2389,2762,2391,2760
RECAL 1 6 6 1 1 38,RECAL 3 0 9999 64 4 80,RECAL 3 1 531 64 4 80,466,2732,17,16,-240960,-241943,530.9,2800,530,2800
RECAL 1 6 7 1 1 39,RECAL 3 0 9999 64 4 80,RECAL 3 1 463 64 4 80,404,2115,16,14,-237584,-237596,462.8,2180,460,2179
RECAL 1 6 8 1 1 40,RECAL 3 0 9999 64 4 80,RECAL 3 1 -562 64 4 80,-617,1237,16,14,-234586,-234599,-562.3,1302,-561,1301
RECAL 1 6 9 1 1 41,RECAL 3 0 9999 64 4 80,RECAL 3 1 -607 64 4 80,-661,-1277,16,14,-239869,-239885,-607,-1211,-605,-1213
RECAL 1 6 10 1 1 42,RECAL 3 0 9999 64 4 80,RECAL 3 1 -469 64 4 80,-523,-2191,16,14,-241353,-241388,-468.8,-2129,-467,-2127
RECAL 1 6 11 1 1 43,RECAL 3 0 9999 64 4 80,RECAL 3 1 -609 64 4 80,-671,-2821,16,15,-236748,-236754,-609.4,-2759,-611,-2757
RECAL 1 6 12 1 1 44,RECAL 3 0 9999 64 4 80,RECAL 3 1 -2392 64 4 80,-2453,-2818,15,15,-236313,-236556,-2392,-2756,-2393,-2758
RECAL 1 6 13 1 1 45,RECAL 3 0 9999 64 4 80,RECAL 3 1 -2367 64 4 80,-2427,-2190,16,15,-239270,-239261,-2367,-2127,-2367,-2126
RECAL 1 6 14 1 1 46,RECAL 3 0 9999 64 4 80,RECAL 3 1 -2393 64 4 80,-2454,-1273,16,15,-240082,-240144,-2393,-1208,-2394,-1209
RECAL 1 6 15 1 1 47,RECAL 3 0 9999 64 4 80,RECAL 3 1 -2384 64 4 80,-2444,1239,17,15,-242250,-242311,-2384,1305,-2384,1307
RECAL 1 6 16 1 1 48,RECAL 3 0 9999 64 4 80,RECAL 3 1 -2284 64 4 80,-2346,2116,17,15,-239644,-239977,-2284,2182,-2286,2184
RECAL 1 6 17 1 1 49,RECAL 3 0 9999 64 4 80,RECAL 3 1 2190 64 4 80,2125,-2187,16,16,-244451,-244475,2190,-2124,2189,-2123
RECAL 1 6 18 1 1 50,RECAL 3 0 9999 64 4 80,RECAL 3 1 2264 64 4 80,2198,-1319,15,16,-240367,-240640,2264,-1258,2262,-1259
RECAL 1 6 19 1 1 51,RECAL 3 0 9999 64 4 80,RECAL 3 1 2161 64 4 80,2096,1152,16,16,-245149,-245146,2161,1217,2160,1216
RECAL 1 6 20 1 1 52,RECAL 3 0 9999 64 4 80,RECAL 3 1 2227 64 4 80,2162,2035,16,16,-240491,-240528,2227,2100,2226,2099
RECAL 1 6 21 1 1 53,RECAL 3 0 9999 64 4 80,RECAL 3 1 2212 64 4 80,2147,2645,17,16,-236959,-237999,2212,2712,2211,2713
RECAL 1 6 22 1 1 54,RECAL 3 0 9999 64 4 80,RECAL 3 1 -233 64 4 80,-261,2655,17,7,-239061,-239989,-232.8,2721,-233,2723
RECAL 1 6 23 1 1 55,RECAL 3 0 9999 64 4 80,RECAL 3 1 211 64 4 80,165,2049,16,12,-236580,-236554,210.6,2115,213,2113
RECAL 1 6 24 1 1 56,RECAL 3 0 9999 64 4 80,RECAL 3 1 -542 64 4 80,-597,1177,16,14,-235170,-235175,-541.9,1242,-541,1241
RECAL 1 6 25 1 1 57,RECAL 3 0 9999 64 4 80,RECAL 3 1 466 64 4 80,413,-1294,15,14,-240754,-240856,466.4,-1232,469,-1234
RECAL 1 6 26 1 1 58,RECAL 3 0 9999 64 4 80,RECAL 3 1 -389 64 4 80,-431,-2168,15,11,-238510,-239086,-388.8,-2107,-387,-2108
RECAL 1 6 27 1 1 59,RECAL 3 0 9999 64 4 80,RECAL 3 1 -375 64 4 80,-421,-2776,15,12,-241352,-242945,-374.8,-2717,-373,-2716
RECAL 1 6 28 1 1 60,RECAL 3 0 9999 64 4 80,RECAL 3 1 -2238 64 4 80,-2296,-2767,15,15,-242041,-242374,-2238,-2705,-2236,-2707
RECAL 1 6 29 1 1 61,RECAL 3 0 9999 64 4 80,RECAL 3 1 -2244 64 4 80,-2302,-2160,16,14,-240334,-240371,-2244,-2098,-2246,-2096
RECAL 1 6 30 1 1 62,RECAL 3 0 9999 64 4 80,RECAL 3 1 -2169 64 4 80,-2227,-1282,16,15,-240656,-240716,-2169,-1218,-2167,-1218
RECAL 1 6 31 1 1 63,RECAL 3 0 9999 64 4 80,RECAL 3 1 -2275 64 4 80,-2333,1187,17,15,-238289,-238402,-2275,1253,-2273,1255
RECAL 1 6 32 1 1 64,RECAL 3 0 9999 64 4 80,RECAL 3 1 -2206 64 4 80,-2263,2053,17,14,-243817,-244040,-2206,2119,-2207,2121
